Timestamp,User Count,Type,Name,Requests/s,Failures/s,50%,66%,75%,80%,90%,95%,98%,99%,99.9%,99.99%,100%,Total Request Count,Total Failure Count,Total Median Response Time,Total Average Response Time,Total Min Response Time,Total Max Response Time,Total Average Content Size
1788786886,0,,Aggregated,0.000000,0.000000,N/A,N/A,N/A,N/A,N/A,N/A,N/A,N/A,N/A,N/A,N/A,0,0,0,0.0,0,0,0
1788786887,10,POST,POST /auth/login,0.000000,0.000000,0,0,0,0,0,0,0,0,0,0,0,10,0,560,552.2954299991397,521.5442999979132,579.3287999986205,178.0
1788786887,10,,Aggregated,0.000000,0.000000,0,0,0,0,0,0,0,0,0,0,0,10,0,560,552.2954299991397,521.5442999979132,579.3287999986205,178.0
1788786888,10,POST,POST /auth/login,0.000000,0.000000,560,570,570,570,580,580,580,580,580,580,580,10,0,560,552.2954299991397,521.5442999979132,579.3287999986205,178.0
1788786888,10,,Aggregated,0.000000,0.000000,560,570,570,570,580,580,580,580,580,580,580,10,0,560,552.2954299991397,521.5442999979132,579.3287999986205,178.0
1788786889,10,POST,POST /auth/login,10.000000,0.000000,530,560,570,570,570,580,580,580,580,580,580,16,0,530,531.5171124991593,481.5952999997535,579.3287999986205,178.0
1788786889,10,,Aggregated,10.000000,0.000000,530,560,570,570,570,580,580,580,580,580,580,16,0,530,531.5171124991593,481.5952999997535,579.3287999986205,178.0
1788786890,10,POST,POST /auth/login,5.000000,0.000000,520,530,560,570,570,580,580,580,580,580,580,20,0,510,523.2267799992769,481.5952999997535,579.3287999986205,178.0
1788786890,10,,Aggregated,5.000000,0.000000,520,530,560,570,570,580,580,580,580,580,580,20,0,510,523.2267799992769,481.5952999997535,579.3287999986205,178.0
1788786891,10,POST,POST /auth/login,5.000000,0.000000,500,530,530,560,570,570,580,580,580,580,580,25,0,500,511.4138599994476,432.8773999986879,579.3287999986205,178.0
1788786891,10,,Aggregated,5.000000,0.000000,500,530,530,560,570,570,580,580,580,580,580,25,0,500,511.4138599994476,432.8773999986879,579.3287999986205,178.0
1788786892,10,POST,POST /auth/login,5.000000,0.000000,500,520,530,560,570,570,580,580,580,580,580,28,0,500,505.3496571422979,432.8773999986879,579.3287999986205,178.0
1788786892,10,,Aggregated,5.000000,0.000000,500,520,530,560,570,570,580,580,580,580,580,28,0,500,505.3496571422979,432.8773999986879,579.3287999986205,178.0
1788786893,10,POST,POST /auth/login,4.800000,0.000000,490,510,530,530,570,570,580,580,580,580,580,33,0,490,492.0126727266699,376.56439999773283,579.3287999986205,178.0
1788786893,10,,Aggregated,4.800000,0.000000,490,510,530,530,570,570,580,580,580,580,580,33,0,490,492.0126727266699,376.56439999773283,579.3287999986205,178.0
1788786894,10,POST,POST /auth/login,4.666667,0.000000,490,500,520,530,570,570,580,580,580,580,580,39,0,490,481.69479999948334,367.7645999996457,579.3287999986205,178.0
1788786894,10,,Aggregated,4.666667,0.000000,490,500,520,530,570,570,580,580,580,580,580,39,0,490,481.69479999948334,367.7645999996457,579.3287999986205,178.0
1788786895,10,POST,POST /auth/login,4.571429,0.000000,490,500,510,530,560,570,580,580,580,580,580,42,0,480,480.70592857099354,367.7645999996457,579.3287999986205,178.0
1788786895,10,,Aggregated,4.571429,0.000000,490,500,510,530,560,570,580,580,580,580,580,42,0,480,480.70592857099354,367.7645999996457,579.3287999986205,178.0
1788786896,10,POST,POST /auth/login,4.571429,0.000000,490,490,510,530,560,570,580,580,580,580,580,45,0,490,481.0483911107844,367.7645999996457,579.3287999986205,178.0
1788786896,10,,Aggregated,4.571429,0.000000,490,490,510,530,560,570,580,580,580,580,580,45,0,490,481.0483911107844,367.7645999996457,579.3287999986205,178.0
1788786897,10,POST,POST /auth/login,4.750000,0.000000,480,490,490,490,500,510,510,510,510,510,510,49,0,480,480.3381795913714,367.7645999996457,579.3287999986205,178.0
1788786897,10,,Aggregated,4.750000,0.000000,480,490,490,490,500,510,510,510,510,510,510,49,0,480,480.3381795913714,367.7645999996457,579.3287999986205,178.0
1788786898,10,POST,POST /auth/login,4.555556,0.000000,460,480,480,490,490,500,500,500,500,500,500,52,0,480,479.7333807687559,367.7645999996457,579.3287999986205,178.0
1788786898,10,,Aggregated,4.555556,0.000000,460,480,480,490,490,500,500,500,500,500,500,52,0,480,479.7333807687559,367.7645999996457,579.3287999986205,178.0
1788786899,10,POST,POST /auth/login,3.900000,0.000000,470,480,490,490,500,500,500,500,500,500,500,58,0,480,480.78933275823584,367.7645999996457,579.3287999986205,178.0
1788786899,10,,Aggregated,3.900000,0.000000,470,480,490,490,500,500,500,500,500,500,500,58,0,480,480.78933275823584,367.7645999996457,579.3287999986205,178.0
1788786900,10,POST,POST /auth/login,3.900000,0.000000,470,480,490,490,490,500,500,500,500,500,500,61,0,480,481.007173770135,367.7645999996457,579.3287999986205,178.0
1788786900,10,,Aggregated,3.900000,0.000000,470,480,490,490,490,500,500,500,500,500,500,61,0,480,481.007173770135,367.7645999996457,579.3287999986205,178.0
1788786901,10,POST,POST /auth/login,4.200000,0.000000,480,490,490,490,500,500,500,500,500,500,500,65,0,490,481.8065015381972,367.7645999996457,579.3287999986205,178.0
1788786901,10,,Aggregated,4.200000,0.000000,480,490,490,490,500,500,500,500,500,500,500,65,0,490,481.8065015381972,367.7645999996457,579.3287999986205,178.0
1788786902,10,POST,POST /auth/login,4.200000,0.000000,480,490,490,490,500,500,500,500,500,500,500,71,0,490,479.15364366181933,367.7645999996457,579.3287999986205,178.0
1788786902,10,,Aggregated,4.200000,0.000000,480,490,490,490,500,500,500,500,500,500,500,71,0,490,479.15364366181933,367.7645999996457,579.3287999986205,178.0
1788786903,10,POST,POST /auth/login,3.800000,0.000000,480,490,490,490,500,500,500,500,500,500,500,73,0,480,476.4009835615643,360.56920000191894,579.3287999986205,178.0
1788786903,10,,Aggregated,3.800000,0.000000,480,490,490,490,500,500,500,500,500,500,500,73,0,480,476.4009835615643,360.56920000191894,579.3287999986205,178.0
1788786904,10,POST,POST /auth/login,3.800000,0.000000,480,490,490,490,500,500,500,500,500,500,500,80,0,480,473.22088999999323,360.56920000191894,579.3287999986205,178.0
1788786904,10,,Aggregated,3.800000,0.000000,480,490,490,490,500,500,500,500,500,500,500,80,0,480,473.22088999999323,360.56920000191894,579.3287999986205,178.0
1788786905,10,POST,POST /auth/login,3.900000,0.000000,480,490,490,500,500,500,500,500,500,500,500,82,0,480,473.8914939024675,360.56920000191894,579.3287999986205,178.0
1788786905,10,,Aggregated,3.900000,0.000000,480,490,490,500,500,500,500,500,500,500,500,82,0,480,473.8914939024675,360.56920000191894,579.3287999986205,178.0
1788786906,10,POST,POST /auth/login,4.200000,0.000000,480,490,490,500,500,500,500,500,500,500,500,89,0,480,469.67981011235435,342.46649999840884,579.3287999986205,178.0
1788786906,10,,Aggregated,4.200000,0.000000,480,490,490,500,500,500,500,500,500,500,500,89,0,480,469.67981011235435,342.46649999840884,579.3287999986205,178.0
1788786907,10,POST,POST /auth/login,4.200000,0.000000,480,490,500,500,500,500,500,500,500,500,500,91,0,480,469.26470769232344,342.46649999840884,579.3287999986205,178.0
1788786907,10,,Aggregated,4.200000,0.000000,480,490,500,500,500,500,500,500,500,500,500,91,0,480,469.26470769232344,342.46649999840884,579.3287999986205,178.0
1788786908,10,POST,POST /auth/login,4.200000,0.000000,460,480,490,500,500,500,500,500,500,500,500,96,0,480,466.8514635417296,342.46649999840884,579.3287999986205,178.0
1788786908,10,,Aggregated,4.200000,0.000000,460,480,490,500,500,500,500,500,500,500,500,96,0,480,466.8514635417296,342.46649999840884,579.3287999986205,178.0
1788786909,10,POST,POST /auth/login,4.200000,0.000000,440,470,490,490,500,500,500,500,500,500,500,102,0,480,463.98406274513,342.46649999840884,579.3287999986205,178.0
1788786909,10,,Aggregated,4.200000,0.000000,440,470,490,490,500,500,500,500,500,500,500,102,0,480,463.98406274513,342.46649999840884,579.3287999986205,178.0
1788786910,10,POST,POST /auth/login,4.300000,0.000000,440,460,480,490,500,500,500,500,500,500,500,104,0,470,463.6983115385122,342.46649999840884,579.3287999986205,178.0
1788786910,10,,Aggregated,4.300000,0.000000,440,460,480,490,500,500,500,500,500,500,500,104,0,470,463.6983115385122,342.46649999840884,579.3287999986205,178.0
1788786911,10,POST,POST /auth/login,4.300000,0.000000,450,470,480,490,500,500,500,500,500,500,500,107,0,480,464.2471327103615,342.46649999840884,579.3287999986205,178.0
1788786911,10,,Aggregated,4.300000,0.000000,450,470,480,490,500,500,500,500,500,500,500,107,0,480,464.2471327103615,342.46649999840884,579.3287999986205,178.0
1788786912,10,POST,POST /auth/login,4.200000,0.000000,460,480,490,490,500,500,500,500,500,500,500,113,0,480,465.711649557572,342.46649999840884,579.3287999986205,178.0
1788786912,10,,Aggregated,4.200000,0.000000,460,480,490,490,500,500,500,500,500,500,500,113,0,480,465.711649557572,342.46649999840884,579.3287999986205,178.0
1788786913,10,POST,POST /auth/login,4.500000,0.000000,470,490,490,500,500,500,500,500,500,500,500,117,0,480,466.5181692307825,342.46649999840884,579.3287999986205,178.0
1788786913,10,,Aggregated,4.500000,0.000000,470,490,490,500,500,500,500,500,500,500,500,117,0,480,466.5181692307825,342.46649999840884,579.3287999986205,178.0
1788786914,10,POST,POST /auth/login,4.500000,0.000000,470,480,490,490,500,500,500,500,500,500,500,117,0,480,466.5181692307825,342.46649999840884,579.3287999986205,178.0
1788786914,10,,Aggregated,4.500000,0.000000,470,480,490,490,500,500,500,500,500,500,500,117,0,480,466.5181692307825,342.46649999840884,579.3287999986205,178.0
1788786915,10,POST,POST /auth/login,4.500000,0.000000,480,490,490,500,500,500,510,510,510,510,510,125,0,480,467.9584304000018,342.46649999840884,579.3287999986205,178.0
1788786915,10,,Aggregated,4.500000,0.000000,480,490,490,500,500,500,510,510,510,510,510,125,0,480,467.9584304000018,342.46649999840884,579.3287999986205,178.0
1788786916,10,POST,POST /auth/login,3.700000,0.000000,480,490,500,500,500,510,520,520,520,520,520,127,0,480,468.57853858269004,342.46649999840884,579.3287999986205,178.0
1788786916,10,,Aggregated,3.700000,0.000000,480,490,500,500,500,510,520,520,520,520,520,127,0,480,468.57853858269004,342.46649999840884,579.3287999986205,178.0
1788786917,10,POST,POST /auth/login,4.300000,0.000000,490,490,500,500,500,510,520,520,520,520,520,131,0,480,468.5105412214217,342.46649999840884,579.3287999986205,178.0
1788786917,10,,Aggregated,4.300000,0.000000,490,490,500,500,500,510,520,520,520,520,520,131,0,480,468.5105412214217,342.46649999840884,579.3287999986205,178.0
1788786918,10,POST,POST /auth/login,4.300000,0.000000,480,490,500,500,500,510,520,520,520,520,520,136,0,480,466.938097058841,342.46649999840884,579.3287999986205,178.0
1788786918,10,,Aggregated,4.300000,0.000000,480,490,500,500,500,510,520,520,520,520,520,136,0,480,466.938097058841,342.46649999840884,579.3287999986205,178.0
1788786919,10,POST,POST /auth/login,3.800000,0.000000,480,490,490,500,500,510,520,520,520,520,520,141,0,480,466.2370652482126,342.46649999840884,579.3287999986205,178.0
1788786919,10,,Aggregated,3.800000,0.000000,480,490,490,500,500,510,520,520,520,520,520,141,0,480,466.2370652482126,342.46649999840884,579.3287999986205,178.0
1788786920,10,POST,POST /auth/login,4.100000,0.000000,490,490,490,500,500,510,520,520,520,520,520,145,0,480,466.9321420689812,342.46649999840884,579.3287999986205,178.0
1788786920,10,,Aggregated,4.100000,0.000000,490,490,490,500,500,510,520,520,520,520,520,145,0,480,466.9321420689812,342.46649999840884,579.3287999986205,178.0
1788786921,10,POST,POST /auth/login,4.000000,0.000000,480,490,490,490,500,510,520,520,520,520,520,147,0,480,466.9718789115911,342.46649999840884,579.3287999986205,178.0
1788786921,10,,Aggregated,4.000000,0.000000,480,490,490,490,500,510,520,520,520,520,520,147,0,480,466.9718789115911,342.46649999840884,579.3287999986205,178.0
1788786922,10,POST,POST /auth/login,3.900000,0.000000,480,490,490,500,500,510,520,520,520,520,520,153,0,480,467.50109738563197,342.46649999840884,579.3287999986205,178.0
1788786922,10,,Aggregated,3.900000,0.000000,480,490,490,500,500,510,520,520,520,520,520,153,0,480,467.50109738563197,342.46649999840884,579.3287999986205,178.0
1788786923,10,POST,POST /auth/login,3.900000,0.000000,480,480,490,500,500,510,520,520,520,520,520,157,0,480,467.04084394905817,342.46649999840884,579.3287999986205,178.0
1788786923,10,,Aggregated,3.900000,0.000000,480,480,490,500,500,510,520,520,520,520,520,157,0,480,467.04084394905817,342.46649999840884,579.3287999986205,178.0
1788786924,10,POST,POST /auth/login,4.000000,0.000000,470,480,490,490,500,500,520,520,520,520,520,160,0,480,465.90678249999655,342.46649999840884,579.3287999986205,178.0
1788786924,10,,Aggregated,4.000000,0.000000,470,480,490,490,500,500,520,520,520,520,520,160,0,480,465.90678249999655,342.46649999840884,579.3287999986205,178.0
1788786925,10,POST,POST /auth/login,4.000000,0.000000,470,480,480,480,500,500,500,500,500,500,500,166,0,480,465.74235662651574,342.46649999840884,579.3287999986205,178.0
1788786925,10,,Aggregated,4.000000,0.000000,470,480,480,480,500,500,500,500,500,500,500,166,0,480,465.74235662651574,342.46649999840884,579.3287999986205,178.0
1788786926,10,POST,POST /auth/login,4.000000,0.000000,460,480,480,490,500,500,500,500,500,500,500,169,0,480,466.03064615385864,342.46649999840884,579.3287999986205,178.0
1788786926,10,,Aggregated,4.000000,0.000000,460,480,480,490,500,500,500,500,500,500,500,169,0,480,466.03064615385864,342.46649999840884,579.3287999986205,178.0
1788786927,10,POST,POST /auth/login,4.000000,0.000000,470,480,480,490,500,500,500,500,500,500,500,171,0,480,466.24893040937246,342.46649999840884,579.3287999986205,178.0
1788786927,10,,Aggregated,4.000000,0.000000,470,480,480,490,500,500,500,500,500,500,500,171,0,480,466.24893040937246,342.46649999840884,579.3287999986205,178.0
1788786928,10,POST,POST /auth/login,4.000000,0.000000,480,480,490,490,500,500,500,500,500,500,500,178,0,480,466.84877359555765,342.46649999840884,579.3287999986205,178.0
1788786928,10,,Aggregated,4.000000,0.000000,480,480,490,490,500,500,500,500,500,500,500,178,0,480,466.84877359555765,342.46649999840884,579.3287999986205,178.0
1788786929,10,POST,POST /auth/login,4.200000,0.000000,480,480,490,490,500,500,500,500,500,500,500,181,0,480,467.24964475141564,342.46649999840884,579.3287999986205,178.0
1788786929,10,,Aggregated,4.200000,0.000000,480,480,490,490,500,500,500,500,500,500,500,181,0,480,467.24964475141564,342.46649999840884,579.3287999986205,178.0
1788786930,10,POST,POST /auth/login,4.000000,0.000000,470,480,480,490,500,500,500,500,500,500,500,187,0,480,466.97119893051325,342.46649999840884,579.3287999986205,178.0
1788786930,10,,Aggregated,4.000000,0.000000,470,480,480,490,500,500,500,500,500,500,500,187,0,480,466.97119893051325,342.46649999840884,579.3287999986205,178.0
1788786931,10,POST,POST /auth/login,4.000000,0.000000,470,480,480,490,500,500,500,500,500,500,500,190,0,480,466.97834789476093,342.46649999840884,579.3287999986205,178.0
1788786931,10,,Aggregated,4.000000,0.000000,470,480,480,490,500,500,500,500,500,500,500,190,0,480,466.97834789476093,342.46649999840884,579.3287999986205,178.0
1788786932,10,POST,POST /auth/login,4.000000,0.000000,480,480,490,490,500,500,500,500,500,500,500,194,0,480,467.43002783508007,342.46649999840884,579.3287999986205,178.0
1788786932,10,,Aggregated,4.000000,0.000000,480,480,490,490,500,500,500,500,500,500,500,194,0,480,467.43002783508007,342.46649999840884,579.3287999986205,178.0
1788786933,10,POST,POST /auth/login,4.000000,0.000000,480,490,490,490,500,500,500,500,500,500,500,199,0,480,467.9937341708645,342.46649999840884,579.3287999986205,178.0
1788786933,10,,Aggregated,4.000000,0.000000,480,490,490,490,500,500,500,500,500,500,500,199,0,480,467.9937341708645,342.46649999840884,579.3287999986205,178.0
1788786934,10,POST,POST /auth/login,4.100000,0.000000,480,490,490,500,500,500,520,520,520,520,520,200,0,480,468.23541250001654,342.46649999840884,579.3287999986205,178.0
1788786934,10,,Aggregated,4.100000,0.000000,480,490,490,500,500,500,520,520,520,520,520,200,0,480,468.23541250001654,342.46649999840884,579.3287999986205,178.0
1788786935,10,POST,POST /auth/login,4.300000,0.000000,480,490,490,490,500,500,520,520,520,520,520,207,0,480,467.5761367149926,342.46649999840884,579.3287999986205,178.0
1788786935,10,,Aggregated,4.300000,0.000000,480,490,490,490,500,500,520,520,520,520,520,207,0,480,467.5761367149926,342.46649999840884,579.3287999986205,178.0
1788786936,10,POST,POST /auth/login,4.200000,0.000000,480,480,490,490,500,500,520,520,520,520,520,211,0,480,467.69072274883735,342.46649999840884,579.3287999986205,178.0
1788786936,10,,Aggregated,4.200000,0.000000,480,480,490,490,500,500,520,520,520,520,520,211,0,480,467.69072274883735,342.46649999840884,579.3287999986205,178.0
1788786937,10,POST,POST /auth/login,3.900000,0.000000,480,480,490,490,500,500,520,520,520,520,520,217,0,480,466.74368709676446,342.46649999840884,579.3287999986205,178.0
1788786937,10,,Aggregated,3.900000,0.000000,480,480,490,490,500,500,520,520,520,520,520,217,0,480,466.74368709676446,342.46649999840884,579.3287999986205,178.0
1788786938,10,POST,POST /auth/login,3.900000,0.000000,480,480,490,490,500,500,520,520,520,520,520,219,0,480,466.92729452055795,342.46649999840884,579.3287999986205,178.0
1788786938,10,,Aggregated,3.900000,0.000000,480,480,490,490,500,500,520,520,520,520,520,219,0,480,466.92729452055795,342.46649999840884,579.3287999986205,178.0
1788786939,10,POST,POST /auth/login,4.200000,0.000000,470,480,490,490,490,500,520,520,520,520,520,225,0,480,466.1220151111128,342.46649999840884,579.3287999986205,178.0
1788786939,10,,Aggregated,4.200000,0.000000,470,480,490,490,490,500,520,520,520,520,520,225,0,480,466.1220151111128,342.46649999840884,579.3287999986205,178.0
1788786940,10,POST,POST /auth/login,4.300000,0.000000,470,480,490,490,500,500,520,520,520,520,520,228,0,480,466.0047057017628,342.46649999840884,579.3287999986205,178.0
1788786940,10,,Aggregated,4.300000,0.000000,470,480,490,490,500,500,520,520,520,520,520,228,0,480,466.0047057017628,342.46649999840884,579.3287999986205,178.0
1788786941,10,POST,POST /auth/login,4.400000,0.000000,470,480,490,490,500,500,520,520,520,520,520,232,0,480,466.2966685344866,342.46649999840884,579.3287999986205,178.0
1788786941,10,,Aggregated,4.400000,0.000000,470,480,490,490,500,500,520,520,520,520,520,232,0,480,466.2966685344866,342.46649999840884,579.3287999986205,178.0
1788786942,10,POST,POST /auth/login,4.500000,0.000000,470,480,490,490,500,500,520,520,520,520,520,237,0,480,466.09495569620145,342.46649999840884,579.3287999986205,178.0
1788786942,10,,Aggregated,4.500000,0.000000,470,480,490,490,500,500,520,520,520,520,520,237,0,480,466.09495569620145,342.46649999840884,579.3287999986205,178.0
1788786943,10,POST,POST /auth/login,4.000000,0.000000,460,470,480,480,490,500,520,520,520,520,520,241,0,480,465.532238589225,342.46649999840884,579.3287999986205,178.0
1788786943,10,,Aggregated,4.000000,0.000000,460,470,480,480,490,500,520,520,520,520,520,241,0,480,465.532238589225,342.46649999840884,579.3287999986205,178.0
1788786944,10,POST,POST /auth/login,4.400000,0.000000,460,470,480,480,490,500,510,510,510,510,510,246,0,470,464.84879308944045,342.46649999840884,579.3287999986205,178.0
1788786944,10,,Aggregated,4.400000,0.000000,460,470,480,480,490,500,510,510,510,510,510,246,0,470,464.84879308944045,342.46649999840884,579.3287999986205,178.0
1788786945,10,POST,POST /auth/login,3.800000,0.000000,450,470,480,480,490,500,510,510,510,510,510,249,0,470,464.5475453815226,342.46649999840884,579.3287999986205,178.0
1788786945,10,,Aggregated,3.800000,0.000000,450,470,480,480,490,500,510,510,510,510,510,249,0,470,464.5475453815226,342.46649999840884,579.3287999986205,178.0
1788786946,10,POST,POST /auth/login,3.800000,0.000000,440,460,470,480,490,500,510,510,510,510,510,254,0,470,463.4738826771927,342.46649999840884,579.3287999986205,178.0
1788786946,10,,Aggregated,3.800000,0.000000,440,460,470,480,490,500,510,510,510,510,510,254,0,470,463.4738826771927,342.46649999840884,579.3287999986205,178.0
1788786947,10,POST,POST /auth/login,4.400000,0.000000,440,460,470,480,490,500,510,510,510,510,510,259,0,470,463.2752212355521,342.46649999840884,579.3287999986205,178.0
1788786947,10,,Aggregated,4.400000,0.000000,440,460,470,480,490,500,510,510,510,510,510,259,0,470,463.2752212355521,342.46649999840884,579.3287999986205,178.0
1788786948,10,POST,POST /auth/login,4.500000,0.000000,440,460,470,480,500,510,510,510,510,510,510,263,0,470,463.2569577946987,342.46649999840884,579.3287999986205,178.0
1788786948,10,,Aggregated,4.500000,0.000000,440,460,470,480,500,510,510,510,510,510,510,263,0,470,463.2569577946987,342.46649999840884,579.3287999986205,178.0
1788786949,10,POST,POST /auth/login,4.400000,0.000000,440,470,480,480,500,500,510,510,510,510,510,268,0,470,463.1902074626932,342.46649999840884,579.3287999986205,178.0
1788786949,10,,Aggregated,4.400000,0.000000,440,470,480,480,500,500,510,510,510,510,510,268,0,470,463.1902074626932,342.46649999840884,579.3287999986205,178.0
1788786950,10,POST,POST /auth/login,4.100000,0.000000,440,460,470,480,480,500,510,510,510,510,510,271,0,470,462.7409955719754,342.46649999840884,579.3287999986205,178.0
1788786950,10,,Aggregated,4.100000,0.000000,440,460,470,480,480,500,510,510,510,510,510,271,0,470,462.7409955719754,342.46649999840884,579.3287999986205,178.0
1788786951,10,POST,POST /auth/login,4.300000,0.000000,440,460,480,480,500,510,510,510,510,510,510,276,0,470,463.0166090580093,342.46649999840884,579.3287999986205,178.0
1788786951,10,,Aggregated,4.300000,0.000000,440,460,480,480,500,510,510,510,510,510,510,276,0,470,463.0166090580093,342.46649999840884,579.3287999986205,178.0
1788786952,10,POST,POST /auth/login,4.200000,0.000000,440,460,470,480,480,500,510,510,510,510,510,282,0,470,462.60456702129756,342.46649999840884,579.3287999986205,178.0
1788786952,10,,Aggregated,4.200000,0.000000,440,460,470,480,480,500,510,510,510,510,510,282,0,470,462.60456702129756,342.46649999840884,579.3287999986205,178.0
1788786953,10,POST,POST /auth/login,4.200000,0.000000,440,460,470,480,480,490,510,510,510,510,510,284,0,470,462.64705281692574,342.46649999840884,579.3287999986205,178.0
1788786953,10,,Aggregated,4.200000,0.000000,440,460,470,480,480,490,510,510,510,510,510,284,0,470,462.64705281692574,342.46649999840884,579.3287999986205,178.0
1788786954,10,POST,POST /auth/login,4.200000,0.000000,450,470,480,480,490,500,510,510,510,510,510,292,0,470,462.7791044520763,342.46649999840884,579.3287999986205,178.0
1788786954,10,,Aggregated,4.200000,0.000000,450,470,480,480,490,500,510,510,510,510,510,292,0,470,462.7791044520763,342.46649999840884,579.3287999986205,178.0
1788786955,10,POST,POST /auth/login,4.700000,0.000000,460,470,480,480,500,510,510,510,510,510,510,294,0,470,462.83960442179415,342.46649999840884,579.3287999986205,178.0
1788786955,10,,Aggregated,4.700000,0.000000,460,470,480,480,500,510,510,510,510,510,510,294,0,470,462.83960442179415,342.46649999840884,579.3287999986205,178.0
1788786956,10,POST,POST /auth/login,4.200000,0.000000,460,470,480,480,500,500,510,510,510,510,510,299,0,470,462.4186267558929,342.46649999840884,579.3287999986205,178.0
1788786956,10,,Aggregated,4.200000,0.000000,460,470,480,480,500,500,510,510,510,510,510,299,0,470,462.4186267558929,342.46649999840884,579.3287999986205,178.0
1788786957,10,POST,POST /auth/login,4.500000,0.000000,460,470,480,480,500,500,510,510,510,510,510,304,0,470,462.4742947368735,342.46649999840884,579.3287999986205,178.0
1788786957,10,,Aggregated,4.500000,0.000000,460,470,480,480,500,500,510,510,510,510,510,304,0,470,462.4742947368735,342.46649999840884,579.3287999986205,178.0
1788786958,10,POST,POST /auth/login,4.200000,0.000000,450,470,480,480,490,500,510,510,510,510,510,308,0,470,461.5736954545756,342.46649999840884,579.3287999986205,178.0
1788786958,10,,Aggregated,4.200000,0.000000,450,470,480,480,490,500,510,510,510,510,510,308,0,470,461.5736954545756,342.46649999840884,579.3287999986205,178.0
1788786959,10,POST,POST /auth/login,4.500000,0.000000,450,470,480,480,490,500,510,510,510,510,510,312,0,470,461.29926057696696,342.46649999840884,579.3287999986205,178.0
1788786959,10,,Aggregated,4.500000,0.000000,450,470,480,480,490,500,510,510,510,510,510,312,0,470,461.29926057696696,342.46649999840884,579.3287999986205,178.0
1788786960,10,POST,POST /auth/login,4.600000,0.000000,450,470,480,480,490,500,510,510,510,510,510,317,0,470,460.69718422719575,342.46649999840884,579.3287999986205,178.0
1788786960,10,,Aggregated,4.600000,0.000000,450,470,480,480,490,500,510,510,510,510,510,317,0,470,460.69718422719575,342.46649999840884,579.3287999986205,178.0
1788786961,10,POST,POST /auth/login,4.300000,0.000000,450,470,480,480,500,500,510,510,510,510,510,319,0,470,460.8026225706057,342.46649999840884,579.3287999986205,178.0
1788786961,10,,Aggregated,4.300000,0.000000,450,470,480,480,500,500,510,510,510,510,510,319,0,470,460.8026225706057,342.46649999840884,579.3287999986205,178.0
1788786962,10,POST,POST /auth/login,4.700000,0.000000,450,470,470,480,500,510,510,510,510,510,510,324,0,470,459.7874000000732,342.46649999840884,579.3287999986205,178.0
1788786962,10,,Aggregated,4.700000,0.000000,450,470,470,480,500,510,510,510,510,510,510,324,0,470,459.7874000000732,342.46649999840884,579.3287999986205,178.0
1788786963,10,POST,POST /auth/login,4.500000,0.000000,450,470,480,490,500,500,510,510,510,510,510,328,0,470,460.15746463422704,342.46649999840884,579.3287999986205,178.0
1788786963,10,,Aggregated,4.500000,0.000000,450,470,480,490,500,500,510,510,510,510,510,328,0,470,460.15746463422704,342.46649999840884,579.3287999986205,178.0
1788786964,10,POST,POST /auth/login,4.500000,0.000000,440,460,470,480,490,500,510,510,510,510,510,334,0,470,459.03588263483937,327.06490000055055,579.3287999986205,178.0
1788786964,10,,Aggregated,4.500000,0.000000,440,460,470,480,490,500,510,510,510,510,510,334,0,470,459.03588263483937,327.06490000055055,579.3287999986205,178.0
1788786965,10,POST,POST /auth/login,4.100000,0.000000,440,460,470,470,490,500,510,510,510,510,510,338,0,470,458.8218494084002,327.06490000055055,579.3287999986205,178.0
1788786965,10,,Aggregated,4.100000,0.000000,440,460,470,470,490,500,510,510,510,510,510,338,0,470,458.8218494084002,327.06490000055055,579.3287999986205,178.0
1788786966,10,POST,POST /auth/login,4.500000,0.000000,440,470,480,480,490,500,510,510,510,510,510,343,0,470,459.1262819243315,327.06490000055055,579.3287999986205,178.0
1788786966,10,,Aggregated,4.500000,0.000000,440,470,480,480,490,500,510,510,510,510,510,343,0,470,459.1262819243315,327.06490000055055,579.3287999986205,178.0
1788786967,10,POST,POST /auth/login,4.100000,0.000000,440,460,480,480,500,500,510,510,510,510,510,345,0,470,459.0514281160722,327.06490000055055,579.3287999986205,178.0
1788786967,10,,Aggregated,4.100000,0.000000,440,460,480,480,500,500,510,510,510,510,510,345,0,470,459.0514281160722,327.06490000055055,579.3287999986205,178.0
1788786968,10,POST,POST /auth/login,4.400000,0.000000,450,470,470,480,490,500,510,510,510,510,510,350,0,470,459.0749860001441,327.06490000055055,579.3287999986205,178.0
1788786968,10,,Aggregated,4.400000,0.000000,450,470,470,480,490,500,510,510,510,510,510,350,0,470,459.0749860001441,327.06490000055055,579.3287999986205,178.0
1788786969,10,POST,POST /auth/login,4.100000,0.000000,460,470,480,480,490,500,500,500,500,500,500,354,0,470,458.9915884182304,327.06490000055055,579.3287999986205,178.0
1788786969,10,,Aggregated,4.100000,0.000000,460,470,480,480,490,500,500,500,500,500,500,354,0,470,458.9915884182304,327.06490000055055,579.3287999986205,178.0
1788786970,10,POST,POST /auth/login,4.000000,0.000000,460,470,480,480,490,500,500,500,500,500,500,358,0,470,459.2888608940027,327.06490000055055,579.3287999986205,178.0
1788786970,10,,Aggregated,4.000000,0.000000,460,470,480,480,490,500,500,500,500,500,500,358,0,470,459.2888608940027,327.06490000055055,579.3287999986205,178.0
1788786971,10,POST,POST /auth/login,4.200000,0.000000,470,480,480,490,490,500,510,510,510,510,510,362,0,470,459.59447154710983,327.06490000055055,579.3287999986205,178.0
1788786971,10,,Aggregated,4.200000,0.000000,470,480,480,490,490,500,510,510,510,510,510,362,0,470,459.59447154710983,327.06490000055055,579.3287999986205,178.0
1788786972,10,POST,POST /auth/login,3.800000,0.000000,470,480,490,490,500,500,510,510,510,510,510,366,0,470,459.99432568320225,327.06490000055055,579.3287999986205,178.0
1788786972,10,,Aggregated,3.800000,0.000000,470,480,490,490,500,500,510,510,510,510,510,366,0,470,459.99432568320225,327.06490000055055,579.3287999986205,178.0
1788786973,10,POST,POST /auth/login,4.100000,0.000000,470,480,480,490,490,500,510,510,510,510,510,371,0,470,459.7385355796484,327.06490000055055,579.3287999986205,178.0
1788786973,10,,Aggregated,4.100000,0.000000,470,480,480,490,490,500,510,510,510,510,510,371,0,470,459.7385355796484,327.06490000055055,579.3287999986205,178.0
1788786974,10,POST,POST /auth/login,4.000000,0.000000,470,480,490,490,490,500,510,510,510,510,510,373,0,470,459.63912198404535,327.06490000055055,579.3287999986205,178.0
1788786974,10,,Aggregated,4.000000,0.000000,470,480,490,490,490,500,510,510,510,510,510,373,0,470,459.63912198404535,327.06490000055055,579.3287999986205,178.0
1788786975,10,POST,POST /auth/login,4.200000,0.000000,470,480,490,490,490,500,510,510,510,510,510,380,0,470,458.6459360527634,327.06490000055055,579.3287999986205,178.0
1788786975,10,,Aggregated,4.200000,0.000000,470,480,490,490,490,500,510,510,510,510,510,380,0,470,458.6459360527634,327.06490000055055,579.3287999986205,178.0
1788786976,10,POST,POST /auth/login,4.200000,0.000000,460,480,480,490,490,500,510,510,510,510,510,382,0,470,458.52352460745624,327.06490000055055,579.3287999986205,178.0
1788786976,10,,Aggregated,4.200000,0.000000,460,480,480,490,490,500,510,510,510,510,510,382,0,470,458.52352460745624,327.06490000055055,579.3287999986205,178.0
1788786977,10,POST,POST /auth/login,3.900000,0.000000,460,480,480,490,490,500,510,510,510,510,510,387,0,470,458.2698550388798,327.06490000055055,579.3287999986205,178.0
1788786977,10,,Aggregated,3.900000,0.000000,460,480,480,490,490,500,510,510,510,510,510,387,0,470,458.2698550388798,327.06490000055055,579.3287999986205,178.0
1788786978,10,POST,POST /auth/login,4.100000,0.000000,470,480,480,490,490,500,510,510,510,510,510,392,0,470,458.5177594388982,327.06490000055055,579.3287999986205,178.0
1788786978,10,,Aggregated,4.100000,0.000000,470,480,480,490,490,500,510,510,510,510,510,392,0,470,458.5177594388982,327.06490000055055,579.3287999986205,178.0
1788786979,10,POST,POST /auth/login,4.100000,0.000000,460,480,480,490,490,500,510,510,510,510,510,396,0,470,458.2765439395143,327.06490000055055,579.3287999986205,178.0
1788786979,10,,Aggregated,4.100000,0.000000,460,480,480,490,490,500,510,510,510,510,510,396,0,470,458.2765439395143,327.06490000055055,579.3287999986205,178.0
1788786980,10,POST,POST /auth/login,4.100000,0.000000,460,470,480,480,490,500,510,510,510,510,510,400,0,470,458.0921052501253,327.06490000055055,579.3287999986205,178.0
1788786980,10,,Aggregated,4.100000,0.000000,460,470,480,480,490,500,510,510,510,510,510,400,0,470,458.0921052501253,327.06490000055055,579.3287999986205,178.0
1788786981,10,POST,POST /auth/login,4.100000,0.000000,460,470,480,480,490,500,510,510,510,510,510,403,0,470,458.22681488846257,327.06490000055055,579.3287999986205,178.0
1788786981,10,,Aggregated,4.100000,0.000000,460,470,480,480,490,500,510,510,510,510,510,403,0,470,458.22681488846257,327.06490000055055,579.3287999986205,178.0
1788786982,10,POST,POST /auth/login,4.300000,0.000000,450,460,470,470,480,490,510,510,510,510,510,408,0,470,458.11517647070656,327.06490000055055,579.3287999986205,178.0
1788786982,10,,Aggregated,4.300000,0.000000,450,460,470,470,480,490,510,510,510,510,510,408,0,470,458.11517647070656,327.06490000055055,579.3287999986205,178.0
1788786983,10,POST,POST /auth/login,4.100000,0.000000,450,470,470,480,490,490,510,510,510,510,510,412,0,470,458.0420601942995,327.06490000055055,579.3287999986205,178.0
1788786983,10,,Aggregated,4.100000,0.000000,450,470,470,480,490,490,510,510,510,510,510,412,0,470,458.0420601942995,327.06490000055055,579.3287999986205,178.0
1788786984,10,POST,POST /auth/login,4.000000,0.000000,450,460,470,480,480,490,510,510,510,510,510,416,0,470,457.7069391828078,327.06490000055055,579.3287999986205,178.0
1788786984,10,,Aggregated,4.000000,0.000000,450,460,470,480,480,490,510,510,510,510,510,416,0,470,457.7069391828078,327.06490000055055,579.3287999986205,178.0
1788786985,10,POST,POST /auth/login,4.100000,0.000000,460,470,480,480,490,510,510,510,510,510,510,418,0,470,457.887290191495,327.06490000055055,579.3287999986205,178.0
1788786985,10,,Aggregated,4.100000,0.000000,460,470,480,480,490,510,510,510,510,510,510,418,0,470,457.887290191495,327.06490000055055,579.3287999986205,178.0
1788786986,10,POST,POST /auth/login,4.000000,0.000000,460,470,480,480,490,510,510,510,510,510,510,424,0,470,457.86719033029203,327.06490000055055,579.3287999986205,178.0
1788786986,10,,Aggregated,4.000000,0.000000,460,470,480,480,490,510,510,510,510,510,510,424,0,470,457.86719033029203,327.06490000055055,579.3287999986205,178.0
1788786987,10,POST,POST /auth/login,4.300000,0.000000,450,470,480,480,490,490,510,510,510,510,510,428,0,460,457.65114415896795,327.06490000055055,579.3287999986205,178.0
1788786987,10,,Aggregated,4.300000,0.000000,450,470,480,480,490,490,510,510,510,510,510,428,0,460,457.65114415896795,327.06490000055055,579.3287999986205,178.0
1788786988,10,POST,POST /auth/login,3.800000,0.000000,450,460,470,480,490,490,510,510,510,510,510,432,0,460,457.26767847231207,327.06490000055055,579.3287999986205,178.0
1788786988,10,,Aggregated,3.800000,0.000000,450,460,470,480,490,490,510,510,510,510,510,432,0,460,457.26767847231207,327.06490000055055,579.3287999986205,178.0
1788786989,10,POST,POST /auth/login,4.000000,0.000000,450,460,470,480,490,490,510,510,510,510,510,437,0,460,456.92116270033665,327.06490000055055,579.3287999986205,178.0
1788786989,10,,Aggregated,4.000000,0.000000,450,460,470,480,490,490,510,510,510,510,510,437,0,460,456.92116270033665,327.06490000055055,579.3287999986205,178.0
1788786990,10,POST,POST /auth/login,4.400000,0.000000,450,460,470,470,480,490,510,510,510,510,510,441,0,460,456.644374376518,327.06490000055055,579.3287999986205,178.0
1788786990,10,,Aggregated,4.400000,0.000000,450,460,470,470,480,490,510,510,510,510,510,441,0,460,456.644374376518,327.06490000055055,579.3287999986205,178.0
1788786991,10,POST,POST /auth/login,4.100000,0.000000,440,450,460,460,480,490,510,510,510,510,510,446,0,460,455.96500269068054,327.06490000055055,579.3287999986205,178.0
1788786991,10,,Aggregated,4.100000,0.000000,440,450,460,460,480,490,510,510,510,510,510,446,0,460,455.96500269068054,327.06490000055055,579.3287999986205,178.0
1788786992,10,POST,POST /auth/login,4.100000,0.000000,430,450,450,460,480,480,510,510,510,510,510,451,0,460,455.5179525499879,327.06490000055055,579.3287999986205,178.0
1788786992,10,,Aggregated,4.100000,0.000000,430,450,450,460,480,480,510,510,510,510,510,451,0,460,455.5179525499879,327.06490000055055,579.3287999986205,178.0
1788786993,10,POST,POST /auth/login,4.100000,0.000000,440,450,450,460,480,480,510,510,510,510,510,455,0,460,455.5999826374678,327.06490000055055,579.3287999986205,178.0
1788786993,10,,Aggregated,4.100000,0.000000,440,450,450,460,480,480,510,510,510,510,510,455,0,460,455.5999826374678,327.06490000055055,579.3287999986205,178.0
1788786994,10,POST,POST /auth/login,4.300000,0.000000,440,450,460,470,480,490,510,510,510,510,510,460,0,460,455.78652652185036,327.06490000055055,579.3287999986205,178.0
1788786994,10,,Aggregated,4.300000,0.000000,440,450,460,470,480,490,510,510,510,510,510,460,0,460,455.78652652185036,327.06490000055055,579.3287999986205,178.0
1788786995,10,POST,POST /auth/login,4.500000,0.000000,440,450,460,470,480,490,500,500,500,500,500,462,0,460,455.9732850650493,327.06490000055055,579.3287999986205,178.0
1788786995,10,,Aggregated,4.500000,0.000000,440,450,460,470,480,490,500,500,500,500,500,462,0,460,455.9732850650493,327.06490000055055,579.3287999986205,178.0
1788786996,10,POST,POST /auth/login,4.300000,0.000000,450,460,470,480,480,490,500,500,500,500,500,468,0,460,456.23077414539796,327.06490000055055,579.3287999986205,178.0
1788786996,10,,Aggregated,4.300000,0.000000,450,460,470,480,480,490,500,500,500,500,500,468,0,460,456.23077414539796,327.06490000055055,579.3287999986205,178.0
1788786997,10,POST,POST /auth/login,4.400000,0.000000,450,470,480,480,490,500,500,500,500,500,500,471,0,460,456.37588768586437,327.06490000055055,579.3287999986205,178.0
1788786997,10,,Aggregated,4.400000,0.000000,450,470,480,480,490,500,500,500,500,500,500,471,0,460,456.37588768586437,327.06490000055055,579.3287999986205,178.0
1788786998,10,POST,POST /auth/login,4.300000,0.000000,460,470,480,480,490,490,500,500,500,500,500,476,0,460,456.4717665967279,327.06490000055055,579.3287999986205,178.0
1788786998,10,,Aggregated,4.300000,0.000000,460,470,480,480,490,490,500,500,500,500,500,476,0,460,456.4717665967279,327.06490000055055,579.3287999986205,178.0
1788786999,10,POST,POST /auth/login,4.400000,0.000000,470,480,480,480,490,490,500,500,500,500,500,479,0,460,456.68507327775507,327.06490000055055,579.3287999986205,178.0
1788786999,10,,Aggregated,4.400000,0.000000,470,480,480,480,490,490,500,500,500,500,500,479,0,460,456.68507327775507,327.06490000055055,579.3287999986205,178.0
1788787000,10,POST,POST /auth/login,4.000000,0.000000,470,480,480,490,490,500,500,500,500,500,500,482,0,460,456.8554348548651,327.06490000055055,579.3287999986205,178.0
1788787000,10,,Aggregated,4.000000,0.000000,470,480,480,490,490,500,500,500,500,500,500,482,0,460,456.8554348548651,327.06490000055055,579.3287999986205,178.0
1788787001,10,POST,POST /auth/login,4.300000,0.000000,480,480,490,490,490,500,500,500,500,500,500,487,0,470,457.14275297750254,327.06490000055055,579.3287999986205,178.0
1788787001,10,,Aggregated,4.300000,0.000000,480,480,490,490,490,500,500,500,500,500,500,487,0,470,457.14275297750254,327.06490000055055,579.3287999986205,178.0
1788787002,10,POST,POST /auth/login,4.200000,0.000000,480,480,490,490,500,500,500,500,500,500,500,493,0,470,456.9688809331501,327.06490000055055,579.3287999986205,178.0
1788787002,10,,Aggregated,4.200000,0.000000,480,480,490,490,500,500,500,500,500,500,500,493,0,470,456.9688809331501,327.06490000055055,579.3287999986205,178.0
1788787003,10,POST,POST /auth/login,4.100000,0.000000,480,480,490,490,500,500,500,500,500,500,500,495,0,460,456.83340121220385,327.06490000055055,579.3287999986205,178.0
1788787003,10,,Aggregated,4.100000,0.000000,480,480,490,490,500,500,500,500,500,500,500,495,0,460,456.83340121220385,327.06490000055055,579.3287999986205,178.0
1788787004,10,POST,POST /auth/login,4.200000,0.000000,480,480,490,490,490,500,500,500,500,500,500,501,0,460,456.43322395219235,327.06490000055055,579.3287999986205,178.0
1788787004,10,,Aggregated,4.200000,0.000000,480,480,490,490,490,500,500,500,500,500,500,501,0,460,456.43322395219235,327.06490000055055,579.3287999986205,178.0
1788787005,10,POST,POST /auth/login,4.100000,0.000000,480,480,490,490,490,500,510,510,510,510,510,504,0,460,456.6641440477118,327.06490000055055,579.3287999986205,178.0
1788787005,10,,Aggregated,4.100000,0.000000,480,480,490,490,490,500,510,510,510,510,510,504,0,460,456.6641440477118,327.06490000055055,579.3287999986205,178.0
1788787006,20,POST,POST /auth/login,4.100000,0.000000,480,480,490,490,490,500,510,510,510,510,510,508,0,460,456.8158035434053,327.06490000055055,579.3287999986205,178.0
1788787006,20,,Aggregated,4.100000,0.000000,480,480,490,490,490,500,510,510,510,510,510,508,0,460,456.8158035434053,327.06490000055055,579.3287999986205,178.0
1788787007,30,POST,POST /auth/login,4.100000,0.000000,480,490,490,490,500,500,510,510,510,510,510,521,0,470,457.5439009597958,327.06490000055055,579.3287999986205,178.0383877159309
1788787007,30,,Aggregated,4.100000,0.000000,480,490,490,490,500,500,510,510,510,510,510,521,0,470,457.5439009597958,327.06490000055055,579.3287999986205,178.0383877159309
1788787008,40,POST,POST /auth/login,4.200000,0.000000,480,490,490,490,500,510,510,510,510,510,510,539,0,470,458.3160050093952,327.06490000055055,579.3287999986205,178.04452690166977
1788787008,40,,Aggregated,4.200000,0.000000,480,490,490,490,500,510,510,510,510,510,510,539,0,470,458.3160050093952,327.06490000055055,579.3287999986205,178.04452690166977
1788787009,50,POST,POST /auth/login,4.100000,0.000000,480,490,490,490,500,510,510,520,520,520,520,557,0,470,458.832287791858,327.06490000055055,579.3287999986205,178.08976660682225
1788787009,50,,Aggregated,4.100000,0.000000,480,490,490,490,500,510,510,520,520,520,520,557,0,470,458.832287791858,327.06490000055055,579.3287999986205,178.08976660682225
1788787010,50,POST,POST /auth/login,5.100000,0.000000,490,490,510,510,530,540,550,550,550,550,550,580,0,470,461.24036500011147,327.06490000055055,579.3287999986205,178.10689655172413
1788787010,50,,Aggregated,5.100000,0.000000,490,490,510,510,530,540,550,550,550,550,550,580,0,470,461.24036500011147,327.06490000055055,579.3287999986205,178.10689655172413
1788787011,50,POST,POST /auth/login,6.300000,0.000000,480,490,500,510,530,540,540,550,550,550,550,598,0,470,461.3479401338969,327.06490000055055,579.3287999986205,178.1371237458194
1788787011,50,,Aggregated,6.300000,0.000000,480,490,500,510,530,540,540,550,550,550,550,598,0,470,461.3479401338969,327.06490000055055,579.3287999986205,178.1371237458194
1788787012,50,POST,POST /auth/login,7.700000,0.000000,480,490,500,500,530,530,540,550,550,550,550,621,0,470,461.882603864842,327.06490000055055,579.3287999986205,178.15780998389695
1788787012,50,,Aggregated,7.700000,0.000000,480,490,500,500,530,530,540,550,550,550,550,621,0,470,461.882603864842,327.06490000055055,579.3287999986205,178.15780998389695
1788787013,50,POST,POST /auth/login,9.900000,0.000000,480,490,490,500,520,530,540,550,550,550,550,642,0,470,461.3134266356179,327.06490000055055,579.3287999986205,178.17445482866043
1788787013,50,,Aggregated,9.900000,0.000000,480,490,490,500,520,530,540,550,550,550,550,642,0,470,461.3134266356179,327.06490000055055,579.3287999986205,178.17445482866043
1788787014,50,POST,POST /auth/login,11.000000,0.000000,470,480,490,500,520,530,540,550,550,550,550,664,0,470,460.67337951815534,327.06490000055055,579.3287999986205,178.1987951807229
1788787014,50,,Aggregated,11.000000,0.000000,470,480,490,500,520,530,540,550,550,550,550,664,0,470,460.67337951815534,327.06490000055055,579.3287999986205,178.1987951807229
1788787015,50,POST,POST /auth/login,13.000000,0.000000,470,480,490,490,510,530,540,550,550,550,550,683,0,470,460.9516169839691,327.06490000055055,579.3287999986205,178.21669106881404
1788787015,50,,Aggregated,13.000000,0.000000,470,480,490,490,510,530,540,550,550,550,550,683,0,470,460.9516169839691,327.06490000055055,579.3287999986205,178.21669106881404
1788787016,50,POST,POST /auth/login,14.600000,0.000000,470,480,490,490,510,530,540,550,550,550,550,701,0,470,460.8665754637072,327.06490000055055,579.3287999986205,178.22824536376604
1788787016,50,,Aggregated,14.600000,0.000000,470,480,490,490,510,530,540,550,550,550,550,701,0,470,460.8665754637072,327.06490000055055,579.3287999986205,178.22824536376604
1788787018,50,POST,POST /auth/login,16.300000,0.000000,470,480,480,490,510,530,540,550,550,550,550,721,0,470,460.2779846047991,327.06490000055055,579.3287999986205,178.24410540915395
1788787018,50,,Aggregated,16.300000,0.000000,470,480,480,490,510,530,540,550,550,550,550,721,0,470,460.2779846047991,327.06490000055055,579.3287999986205,178.24410540915395
1788787019,50,POST,POST /auth/login,17.900000,0.000000,470,480,480,490,500,530,540,550,550,550,550,740,0,470,460.58612081089524,327.06490000055055,579.3287999986205,178.25675675675674
1788787019,50,,Aggregated,17.900000,0.000000,470,480,480,490,500,530,540,550,550,550,550,740,0,470,460.58612081089524,327.06490000055055,579.3287999986205,178.25675675675674
1788787020,50,POST,POST /auth/login,19.900000,0.000000,470,480,480,480,480,490,490,500,500,500,500,761,0,470,460.9051821288566,327.06490000055055,579.3287999986205,178.26806833114324
1788787020,50,,Aggregated,19.900000,0.000000,470,480,480,480,480,490,490,500,500,500,500,761,0,470,460.9051821288566,327.06490000055055,579.3287999986205,178.26806833114324
1788787021,50,POST,POST /auth/login,20.100000,0.000000,460,470,480,480,480,490,490,500,500,500,500,785,0,470,460.73647426759356,327.06490000055055,579.3287999986205,178.28789808917196
1788787021,50,,Aggregated,20.100000,0.000000,460,470,480,480,480,490,490,500,500,500,500,785,0,470,460.73647426759356,327.06490000055055,579.3287999986205,178.28789808917196
1788787022,50,POST,POST /auth/login,20.100000,0.000000,460,470,470,480,480,480,490,500,500,500,500,801,0,470,460.29652996262104,327.06490000055055,579.3287999986205,178.29463171036204
1788787022,50,,Aggregated,20.100000,0.000000,460,470,470,480,480,480,490,500,500,500,500,801,0,470,460.29652996262104,327.06490000055055,579.3287999986205,178.29463171036204
1788787023,50,POST,POST /auth/login,20.300000,0.000000,460,470,470,480,480,490,490,500,500,500,500,820,0,470,460.33435707326,327.06490000055055,579.3287999986205,178.3048780487805
1788787023,50,,Aggregated,20.300000,0.000000,460,470,470,480,480,490,490,500,500,500,500,820,0,470,460.33435707326,327.06490000055055,579.3287999986205,178.3048780487805
1788787024,50,POST,POST /auth/login,20.300000,0.000000,460,470,480,480,480,490,490,500,500,500,500,839,0,470,460.44418200247463,327.06490000055055,579.3287999986205,178.3218116805721
1788787024,50,,Aggregated,20.300000,0.000000,460,470,480,480,480,490,490,500,500,500,500,839,0,470,460.44418200247463,327.06490000055055,579.3287999986205,178.3218116805721
1788787025,50,POST,POST /auth/login,19.600000,0.000000,460,470,470,480,480,480,490,490,500,500,500,863,0,470,460.2977069525839,327.06490000055055,579.3287999986205,178.33603707995366
1788787025,50,,Aggregated,19.600000,0.000000,460,470,470,480,480,480,490,490,500,500,500,863,0,470,460.2977069525839,327.06490000055055,579.3287999986205,178.33603707995366
1788787026,50,POST,POST /auth/login,19.600000,0.000000,460,470,470,480,480,480,490,490,490,490,490,886,0,470,460.47094650123046,327.06490000055055,579.3287999986205,178.3453724604966
1788787026,50,,Aggregated,19.600000,0.000000,460,470,470,480,480,480,490,490,490,490,490,886,0,470,460.47094650123046,327.06490000055055,579.3287999986205,178.3453724604966
1788787027,50,POST,POST /auth/login,19.800000,0.000000,470,470,470,480,480,480,490,490,490,490,490,901,0,470,460.5272052165113,327.06490000055055,579.3287999986205,178.35072142064374
1788787027,50,,Aggregated,19.800000,0.000000,470,470,470,480,480,480,490,490,490,490,490,901,0,470,460.5272052165113,327.06490000055055,579.3287999986205,178.35072142064374
1788787028,50,POST,POST /auth/login,19.800000,0.000000,460,470,470,470,480,480,490,490,490,490,490,929,0,470,459.9807966631605,327.06490000055055,579.3287999986205,178.3702906350915
1788787028,50,,Aggregated,19.800000,0.000000,460,470,470,470,480,480,490,490,490,490,490,929,0,470,459.9807966631605,327.06490000055055,579.3287999986205,178.3702906350915
1788787029,50,POST,POST /auth/login,19.800000,0.000000,460,470,470,470,480,480,490,490,490,490,490,945,0,470,459.94488793658394,327.06490000055055,579.3287999986205,178.37671957671958
1788787029,50,,Aggregated,19.800000,0.000000,460,470,470,470,480,480,490,490,490,490,490,945,0,470,459.94488793658394,327.06490000055055,579.3287999986205,178.37671957671958
1788787030,50,POST,POST /auth/login,20.800000,0.000000,460,470,470,480,480,480,490,490,490,490,490,970,0,470,460.2140286598603,327.06490000055055,579.3287999986205,178.3896907216495
1788787030,50,,Aggregated,20.800000,0.000000,460,470,470,480,480,480,490,490,490,490,490,970,0,470,460.2140286598603,327.06490000055055,579.3287999986205,178.3896907216495
1788787031,50,POST,POST /auth/login,20.300000,0.000000,460,470,480,480,480,480,490,490,490,490,490,992,0,470,460.41966764119314,327.06490000055055,579.3287999986205,178.40120967741936
1788787031,50,,Aggregated,20.300000,0.000000,460,470,480,480,480,480,490,490,490,490,490,992,0,470,460.41966764119314,327.06490000055055,579.3287999986205,178.40120967741936
1788787032,50,POST,POST /auth/login,20.300000,0.000000,460,470,470,480,480,480,490,490,490,490,490,1012,0,470,460.0629493083776,327.06490000055055,579.3287999986205,178.40711462450594
1788787032,50,,Aggregated,20.300000,0.000000,460,470,470,480,480,480,490,490,490,490,490,1012,0,470,460.0629493083776,327.06490000055055,579.3287999986205,178.40711462450594
1788787033,50,POST,POST /auth/login,20.300000,0.000000,460,470,470,480,480,480,490,490,490,490,490,1031,0,460,459.9260044617667,327.06490000055055,579.3287999986205,178.41319107662463
1788787033,50,,Aggregated,20.300000,0.000000,460,470,470,480,480,480,490,490,490,490,490,1031,0,460,459.9260044617667,327.06490000055055,579.3287999986205,178.41319107662463
1788787034,50,POST,POST /auth/login,21.100000,0.000000,460,470,470,480,480,480,490,490,490,490,490,1054,0,460,459.92924127143124,327.06490000055055,579.3287999986205,178.41745730550284
1788787034,50,,Aggregated,21.100000,0.000000,460,470,470,480,480,480,490,490,490,490,490,1054,0,460,459.92924127143124,327.06490000055055,579.3287999986205,178.41745730550284
1788787035,50,POST,POST /auth/login,20.900000,0.000000,460,470,470,480,480,480,490,490,490,490,490,1073,0,470,460.12014631881306,327.06490000055055,579.3287999986205,178.4287045666356
1788787035,50,,Aggregated,20.900000,0.000000,460,470,470,480,480,480,490,490,490,490,490,1073,0,470,460.12014631881306,327.06490000055055,579.3287999986205,178.4287045666356
1788787036,50,POST,POST /auth/login,21.400000,0.000000,470,470,480,480,480,490,490,490,490,490,490,1096,0,470,460.4129300183207,327.06490000055055,579.3287999986205,178.43613138686132
1788787036,50,,Aggregated,21.400000,0.000000,470,470,480,480,480,490,490,490,490,490,490,1096,0,470,460.4129300183207,327.06490000055055,579.3287999986205,178.43613138686132
1788787037,50,POST,POST /auth/login,21.000000,0.000000,470,470,480,480,480,490,490,490,500,500,500,1115,0,470,460.737169327428,327.06490000055055,579.3287999986205,178.44304932735426
1788787037,50,,Aggregated,21.000000,0.000000,470,470,480,480,480,490,490,490,500,500,500,1115,0,470,460.737169327428,327.06490000055055,579.3287999986205,178.44304932735426
1788787038,50,POST,POST /auth/login,21.000000,0.000000,470,480,480,480,490,490,490,490,500,500,500,1142,0,470,461.0132859019951,327.06490000055055,579.3287999986205,178.44833625218914
1788787038,50,,Aggregated,21.000000,0.000000,470,480,480,480,490,490,490,490,500,500,500,1142,0,470,461.0132859019951,327.06490000055055,579.3287999986205,178.44833625218914
1788787039,50,POST,POST /auth/login,21.400000,0.000000,470,470,480,480,490,490,490,490,500,500,500,1160,0,470,460.94529008626887,327.06490000055055,579.3287999986205,178.45344827586206
1788787039,50,,Aggregated,21.400000,0.000000,470,470,480,480,490,490,490,490,500,500,500,1160,0,470,460.94529008626887,327.06490000055055,579.3287999986205,178.45344827586206
1788787040,50,POST,POST /auth/login,20.800000,0.000000,470,470,480,480,490,490,490,490,500,500,500,1180,0,470,460.6327366102354,327.06490000055055,579.3287999986205,178.4542372881356
1788787040,50,,Aggregated,20.800000,0.000000,470,470,480,480,490,490,490,490,500,500,500,1180,0,470,460.6327366102354,327.06490000055055,579.3287999986205,178.4542372881356
1788787041,50,POST,POST /auth/login,21.500000,0.000000,470,470,480,480,490,490,490,490,500,500,500,1202,0,470,460.2410826123789,327.06490000055055,579.3287999986205,178.46422628951748
1788787041,50,,Aggregated,21.500000,0.000000,470,470,480,480,490,490,490,490,500,500,500,1202,0,470,460.2410826123789,327.06490000055055,579.3287999986205,178.46422628951748
1788787042,50,POST,POST /auth/login,20.700000,0.000000,470,470,480,480,490,490,490,490,500,500,500,1219,0,470,459.9030525841486,327.06490000055055,579.3287999986205,178.467596390484
1788787042,50,,Aggregated,20.700000,0.000000,470,470,480,480,490,490,490,490,500,500,500,1219,0,470,459.9030525841486,327.06490000055055,579.3287999986205,178.467596390484
1788787043,50,POST,POST /auth/login,21.300000,0.000000,460,470,480,480,490,490,490,490,500,500,500,1242,0,460,459.842907729523,327.06490000055055,579.3287999986205,178.47342995169083
1788787043,50,,Aggregated,21.300000,0.000000,460,470,480,480,490,490,490,490,500,500,500,1242,0,460,459.842907729523,327.06490000055055,579.3287999986205,178.47342995169083
1788787044,50,POST,POST /auth/login,20.500000,0.000000,460,470,480,480,490,490,490,490,500,500,500,1262,0,470,460.07937234554396,327.06490000055055,579.3287999986205,178.47860538827257
1788787044,50,,Aggregated,20.500000,0.000000,460,470,480,480,490,490,490,490,500,500,500,1262,0,470,460.07937234554396,327.06490000055055,579.3287999986205,178.47860538827257
1788787045,50,POST,POST /auth/login,20.900000,0.000000,460,470,480,480,480,490,490,490,500,500,500,1284,0,460,459.81967718073946,327.06490000055055,579.3287999986205,178.48442367601245
1788787045,50,,Aggregated,20.900000,0.000000,460,470,480,480,480,490,490,490,500,500,500,1284,0,460,459.81967718073946,327.06490000055055,579.3287999986205,178.48442367601245
1788787046,50,POST,POST /auth/login,20.900000,0.000000,460,470,470,470,480,480,490,490,500,500,500,1304,0,460,459.49967891108486,327.06490000055055,579.3287999986205,178.48773006134968
1788787046,50,,Aggregated,20.900000,0.000000,460,470,470,470,480,480,490,490,500,500,500,1304,0,460,459.49967891108486,327.06490000055055,579.3287999986205,178.48773006134968
1788787047,50,POST,POST /auth/login,20.700000,0.000000,450,460,470,470,480,490,490,490,490,490,490,1327,0,460,459.6721221552826,327.06490000055055,579.3287999986205,178.49736247174076
1788787047,50,,Aggregated,20.700000,0.000000,450,460,470,470,480,490,490,490,490,490,490,1327,0,460,459.6721221552826,327.06490000055055,579.3287999986205,178.49736247174076
1788787048,50,POST,POST /auth/login,20.400000,0.000000,460,470,480,480,480,490,490,490,490,490,490,1341,0,470,459.906825055982,327.06490000055055,579.3287999986205,178.49664429530202
1788787048,50,,Aggregated,20.400000,0.000000,460,470,480,480,480,490,490,490,490,490,490,1341,0,470,459.906825055982,327.06490000055055,579.3287999986205,178.49664429530202
1788787049,50,POST,POST /auth/login,20.600000,0.000000,460,470,480,480,490,490,490,490,490,490,490,1362,0,470,460.2106983113568,327.06490000055055,579.3287999986205,178.5051395007342
1788787049,50,,Aggregated,20.600000,0.000000,460,470,480,480,490,490,490,490,490,490,490,1362,0,470,460.2106983113568,327.06490000055055,579.3287999986205,178.5051395007342
1788787050,50,POST,POST /auth/login,20.300000,0.000000,470,470,480,480,490,490,490,490,490,490,490,1389,0,470,460.1819706263935,327.06490000055055,579.3287999986205,178.5097192224622
1788787050,50,,Aggregated,20.300000,0.000000,470,470,480,480,490,490,490,490,490,490,490,1389,0,470,460.1819706263935,327.06490000055055,579.3287999986205,178.5097192224622
1788787051,50,POST,POST /auth/login,19.700000,0.000000,470,470,480,480,490,490,490,490,490,490,490,1407,0,470,459.93955700075986,327.06490000055055,579.3287999986205,178.5131485429993
1788787051,50,,Aggregated,19.700000,0.000000,470,470,480,480,490,490,490,490,490,490,490,1407,0,470,459.93955700075986,327.06490000055055,579.3287999986205,178.5131485429993
1788787052,50,POST,POST /auth/login,20.900000,0.000000,470,470,480,480,490,490,490,490,490,490,490,1425,0,470,459.82246245619336,327.06490000055055,579.3287999986205,178.5178947368421
1788787052,50,,Aggregated,20.900000,0.000000,470,470,480,480,490,490,490,490,490,490,490,1425,0,470,459.82246245619336,327.06490000055055,579.3287999986205,178.5178947368421
1788787053,50,POST,POST /auth/login,20.300000,0.000000,470,470,480,480,490,490,490,490,500,500,500,1446,0,470,459.9000264177572,327.06490000055055,579.3287999986205,178.52282157676348
1788787053,50,,Aggregated,20.300000,0.000000,470,470,480,480,490,490,490,490,500,500,500,1446,0,470,459.9000264177572,327.06490000055055,579.3287999986205,178.52282157676348
1788787054,50,POST,POST /auth/login,20.400000,0.000000,470,470,480,480,490,490,490,490,500,500,500,1470,0,460,459.77054734698885,327.06490000055055,579.3287999986205,178.52517006802722
1788787054,50,,Aggregated,20.400000,0.000000,470,470,480,480,490,490,490,490,500,500,500,1470,0,460,459.77054734698885,327.06490000055055,579.3287999986205,178.52517006802722
1788787055,50,POST,POST /auth/login,20.300000,0.000000,470,470,480,480,490,490,490,490,500,500,500,1484,0,460,459.5861334906159,327.06490000055055,579.3287999986205,178.5309973045822
1788787055,50,,Aggregated,20.300000,0.000000,470,470,480,480,490,490,490,490,500,500,500,1484,0,460,459.5861334906159,327.06490000055055,579.3287999986205,178.5309973045822
1788787056,50,POST,POST /auth/login,20.400000,0.000000,460,470,480,480,490,490,490,490,500,500,500,1508,0,460,459.36248547750205,327.06490000055055,579.3287999986205,178.53315649867375
1788787056,50,,Aggregated,20.400000,0.000000,460,470,480,480,490,490,490,490,500,500,500,1508,0,460,459.36248547750205,327.06490000055055,579.3287999986205,178.53315649867375
1788787057,50,POST,POST /auth/login,20.300000,0.000000,460,470,470,480,490,490,490,490,500,500,500,1526,0,460,459.3204937090923,327.06490000055055,579.3287999986205,178.53473132372216
1788787057,50,,Aggregated,20.300000,0.000000,460,470,470,480,490,490,490,490,500,500,500,1526,0,460,459.3204937090923,327.06490000055055,579.3287999986205,178.53473132372216
1788787058,50,POST,POST /auth/login,20.600000,0.000000,460,470,470,470,480,490,490,500,500,500,500,1551,0,460,459.43393784659895,327.06490000055055,579.3287999986205,178.53900709219857
1788787058,50,,Aggregated,20.600000,0.000000,460,470,470,470,480,490,490,500,500,500,500,1551,0,460,459.43393784659895,327.06490000055055,579.3287999986205,178.53900709219857
1788787059,50,POST,POST /auth/login,20.300000,0.000000,450,460,470,470,480,490,490,500,500,500,500,1568,0,460,459.3111051020887,327.06490000055055,579.3287999986205,178.54719387755102
1788787059,50,,Aggregated,20.300000,0.000000,450,460,470,470,480,490,490,500,500,500,500,1568,0,460,459.3111051020887,327.06490000055055,579.3287999986205,178.54719387755102
1788787060,50,POST,POST /auth/login,20.600000,0.000000,460,460,470,470,480,490,490,500,500,500,500,1592,0,460,459.18104742466704,327.06490000055055,579.3287999986205,178.5464824120603
1788787060,50,,Aggregated,20.600000,0.000000,460,460,470,470,480,490,490,500,500,500,500,1592,0,460,459.18104742466704,327.06490000055055,579.3287999986205,178.5464824120603
1788787061,50,POST,POST /auth/login,20.500000,0.000000,460,470,470,470,490,490,500,500,500,500,500,1607,0,460,459.2654084007864,327.06490000055055,579.3287999986205,178.5525824517735
1788787061,50,,Aggregated,20.500000,0.000000,460,470,470,470,490,490,500,500,500,500,500,1607,0,460,459.2654084007864,327.06490000055055,579.3287999986205,178.5525824517735
1788787062,50,POST,POST /auth/login,19.600000,0.000000,450,460,470,470,480,490,490,500,500,500,500,1632,0,460,459.1274294117961,327.06490000055055,579.3287999986205,178.55514705882354
1788787062,50,,Aggregated,19.600000,0.000000,450,460,470,470,480,490,490,500,500,500,500,1632,0,460,459.1274294117961,327.06490000055055,579.3287999986205,178.55514705882354
1788787063,50,POST,POST /auth/login,20.200000,0.000000,460,460,470,470,480,490,490,500,500,500,500,1649,0,460,459.18864117649815,327.06490000055055,579.3287999986205,178.55427531837478
1788787063,50,,Aggregated,20.200000,0.000000,460,460,470,470,480,490,490,500,500,500,500,1649,0,460,459.18864117649815,327.06490000055055,579.3287999986205,178.55427531837478
1788787064,50,POST,POST /auth/login,20.100000,0.000000,460,470,470,480,480,490,490,500,500,500,500,1669,0,460,459.39012402639685,327.06490000055055,579.3287999986205,178.56081485919714
1788787064,50,,Aggregated,20.100000,0.000000,460,470,470,480,480,490,490,500,500,500,500,1669,0,460,459.39012402639685,327.06490000055055,579.3287999986205,178.56081485919714
1788787065,50,POST,POST /auth/login,20.500000,0.000000,470,470,480,480,490,490,500,500,500,500,500,1695,0,460,459.77510766963815,327.06490000055055,579.3287999986205,178.56401179941003
1788787065,50,,Aggregated,20.500000,0.000000,470,470,480,480,490,490,500,500,500,500,500,1695,0,460,459.77510766963815,327.06490000055055,579.3287999986205,178.56401179941003
1788787066,50,POST,POST /auth/login,20.100000,0.000000,470,480,480,480,490,500,500,500,500,500,500,1713,0,460,459.86554927031074,327.06490000055055,579.3287999986205,178.5685931115003
1788787066,50,,Aggregated,20.100000,0.000000,470,480,480,480,490,500,500,500,500,500,500,1713,0,460,459.86554927031074,327.06490000055055,579.3287999986205,178.5685931115003
1788787067,50,POST,POST /auth/login,21.000000,0.000000,470,480,480,480,490,500,500,500,500,500,500,1733,0,460,459.7889487016962,327.06490000055055,579.3287999986205,178.57010963646854
1788787067,50,,Aggregated,21.000000,0.000000,470,480,480,480,490,500,500,500,500,500,500,1733,0,460,459.7889487016962,327.06490000055055,579.3287999986205,178.57010963646854
1788787068,50,POST,POST /auth/login,20.200000,0.000000,470,480,480,480,490,500,500,500,500,500,500,1755,0,460,459.8052635897644,327.06490000055055,579.3287999986205,178.57321937321936
1788787068,50,,Aggregated,20.200000,0.000000,470,480,480,480,490,500,500,500,500,500,500,1755,0,460,459.8052635897644,327.06490000055055,579.3287999986205,178.57321937321936
1788787069,50,POST,POST /auth/login,20.700000,0.000000,470,480,480,480,490,500,500,500,500,500,500,1775,0,460,459.89798619720176,327.06490000055055,579.3287999986205,178.57352112676057
1788787069,50,,Aggregated,20.700000,0.000000,470,480,480,480,490,500,500,500,500,500,500,1775,0,460,459.89798619720176,327.06490000055055,579.3287999986205,178.57352112676057
1788787070,50,POST,POST /auth/login,20.300000,0.000000,470,480,480,490,490,490,500,500,500,500,500,1793,0,460,460.10655588400965,327.06490000055055,579.3287999986205,178.5755716675962
1788787070,50,,Aggregated,20.300000,0.000000,470,480,480,490,490,490,500,500,500,500,500,1793,0,460,460.10655588400965,327.06490000055055,579.3287999986205,178.5755716675962
1788787071,50,POST,POST /auth/login,21.000000,0.000000,480,480,490,490,490,500,500,500,500,500,500,1814,0,470,460.35932530321224,327.06490000055055,579.3287999986205,178.57993384785004
1788787071,50,,Aggregated,21.000000,0.000000,480,480,490,490,490,500,500,500,500,500,500,1814,0,470,460.35932530321224,327.06490000055055,579.3287999986205,178.57993384785004
1788787072,50,POST,POST /auth/login,20.600000,0.000000,480,480,490,490,500,500,500,500,500,500,500,1833,0,470,460.63778576106546,327.06490000055055,579.3287999986205,178.58265139116202
1788787072,50,,Aggregated,20.600000,0.000000,480,480,490,490,500,500,500,500,500,500,500,1833,0,470,460.63778576106546,327.06490000055055,579.3287999986205,178.58265139116202
1788787073,50,POST,POST /auth/login,20.600000,0.000000,480,480,490,490,500,500,500,500,500,500,500,1855,0,470,460.8671110512241,327.06490000055055,579.3287999986205,178.58652291105122
1788787073,50,,Aggregated,20.600000,0.000000,480,480,490,490,500,500,500,500,500,500,500,1855,0,470,460.8671110512241,327.06490000055055,579.3287999986205,178.58652291105122
1788787074,50,POST,POST /auth/login,20.500000,0.000000,480,480,490,490,490,500,500,500,500,500,500,1878,0,470,460.8072323748794,327.06490000055055,579.3287999986205,178.58998935037275
1788787074,50,,Aggregated,20.500000,0.000000,480,480,490,490,490,500,500,500,500,500,500,1878,0,470,460.8072323748794,327.06490000055055,579.3287999986205,178.58998935037275
1788787075,50,POST,POST /auth/login,20.000000,0.000000,470,480,480,490,490,500,500,500,500,500,500,1899,0,470,460.6509891521981,327.06490000055055,579.3287999986205,178.5908372827804
1788787075,50,,Aggregated,20.000000,0.000000,470,480,480,490,490,500,500,500,500,500,500,1899,0,470,460.6509891521981,327.06490000055055,579.3287999986205,178.5908372827804
1788787076,50,POST,POST /auth/login,20.400000,0.000000,470,480,480,490,490,500,500,500,500,500,500,1924,0,470,460.34245925157336,327.06490000055055,579.3287999986205,178.5935550935551
1788787076,50,,Aggregated,20.400000,0.000000,470,480,480,490,490,500,500,500,500,500,500,1924,0,470,460.34245925157336,327.06490000055055,579.3287999986205,178.5935550935551
1788787077,50,POST,POST /auth/login,19.700000,0.000000,470,480,480,490,490,500,500,500,500,500,500,1941,0,470,460.39228918084376,327.06490000055055,579.3287999986205,178.59556929417826
1788787077,50,,Aggregated,19.700000,0.000000,470,480,480,490,490,500,500,500,500,500,500,1941,0,470,460.39228918084376,327.06490000055055,579.3287999986205,178.59556929417826
1788787078,50,POST,POST /auth/login,20.800000,0.000000,470,480,480,490,490,500,500,500,500,500,500,1961,0,470,460.4934657827702,327.06490000055055,579.3287999986205,178.59867414584394
1788787078,50,,Aggregated,20.800000,0.000000,470,480,480,490,490,500,500,500,500,500,500,1961,0,470,460.4934657827702,327.06490000055055,579.3287999986205,178.59867414584394
1788787079,50,POST,POST /auth/login,20.600000,0.000000,470,480,480,480,490,500,500,500,500,500,500,1978,0,470,460.54239853387725,327.06490000055055,579.3287999986205,178.6016177957533
1788787079,50,,Aggregated,20.600000,0.000000,470,480,480,480,490,500,500,500,500,500,500,1978,0,470,460.54239853387725,327.06490000055055,579.3287999986205,178.6016177957533
1788787080,50,POST,POST /auth/login,20.400000,0.000000,470,480,480,480,490,490,500,500,500,500,500,1993,0,470,460.7011941294594,327.06490000055055,579.3287999986205,178.60411440040141
1788787080,50,,Aggregated,20.400000,0.000000,470,480,480,480,490,490,500,500,500,500,500,1993,0,470,460.7011941294594,327.06490000055055,579.3287999986205,178.60411440040141
1788787081,50,POST,POST /auth/login,20.300000,0.000000,470,480,480,480,490,490,490,500,500,500,500,2012,0,470,460.6814977137212,327.06490000055055,579.3287999986205,178.60437375745528
1788787081,50,,Aggregated,20.300000,0.000000,470,480,480,480,490,490,490,500,500,500,500,2012,0,470,460.6814977137212,327.06490000055055,579.3287999986205,178.60437375745528
1788787082,50,POST,POST /auth/login,20.000000,0.000000,470,480,480,480,490,500,500,510,510,510,510,2037,0,470,460.9330790378097,327.06490000055055,579.3287999986205,178.6077565046637
1788787082,50,,Aggregated,20.000000,0.000000,470,480,480,480,490,500,500,510,510,510,510,2037,0,470,460.9330790378097,327.06490000055055,579.3287999986205,178.6077565046637
1788787083,50,POST,POST /auth/login,19.600000,0.000000,460,470,480,480,490,500,500,510,510,510,510,2054,0,470,460.7124732716764,327.06490000055055,579.3287999986205,178.61051606621226
1788787083,50,,Aggregated,19.600000,0.000000,460,470,480,480,490,500,500,510,510,510,510,2054,0,470,460.7124732716764,327.06490000055055,579.3287999986205,178.61051606621226
1788787084,50,POST,POST /auth/login,20.500000,0.000000,460,480,480,480,490,500,500,510,510,510,510,2079,0,470,460.71864295334944,327.06490000055055,579.3287999986205,178.61087061087062
1788787084,50,,Aggregated,20.500000,0.000000,460,480,480,480,490,500,500,510,510,510,510,2079,0,470,460.71864295334944,327.06490000055055,579.3287999986205,178.61087061087062
1788787085,50,POST,POST /auth/login,20.100000,0.000000,470,480,480,480,490,500,500,510,510,510,510,2097,0,470,460.77483333334135,327.06490000055055,579.3287999986205,178.6142107773009
1788787085,50,,Aggregated,20.100000,0.000000,470,480,480,480,490,500,500,510,510,510,510,2097,0,470,460.77483333334135,327.06490000055055,579.3287999986205,178.6142107773009
1788787086,50,POST,POST /auth/login,20.100000,0.000000,470,480,480,480,490,500,500,510,510,510,510,2117,0,470,460.77602300425576,327.06490000055055,579.3287999986205,178.61407652338215
1788787086,50,,Aggregated,20.100000,0.000000,470,480,480,480,490,500,500,510,510,510,510,2117,0,470,460.77602300425576,327.06490000055055,579.3287999986205,178.61407652338215
1788787087,50,POST,POST /auth/login,20.500000,0.000000,470,480,480,480,490,500,500,510,510,510,510,2138,0,470,460.91458437792465,327.06490000055055,579.3287999986205,178.61927034611787
1788787087,50,,Aggregated,20.500000,0.000000,470,480,480,480,490,500,500,510,510,510,510,2138,0,470,460.91458437792465,327.06490000055055,579.3287999986205,178.61927034611787
1788787088,50,POST,POST /auth/login,19.100000,0.000000,470,480,480,490,490,500,500,510,510,510,510,2164,0,470,461.0106690388136,327.06490000055055,579.3287999986205,178.61737523105361
1788787088,50,,Aggregated,19.100000,0.000000,470,480,480,490,490,500,500,510,510,510,510,2164,0,470,461.0106690388136,327.06490000055055,579.3287999986205,178.61737523105361
1788787089,50,POST,POST /auth/login,19.500000,0.000000,470,480,480,480,490,500,500,510,510,510,510,2181,0,470,461.01334406235145,327.06490000055055,579.3287999986205,178.61989912884
1788787089,50,,Aggregated,19.500000,0.000000,470,480,480,480,490,500,500,510,510,510,510,2181,0,470,461.01334406235145,327.06490000055055,579.3287999986205,178.61989912884
1788787090,50,POST,POST /auth/login,19.800000,0.000000,470,480,480,480,490,500,500,510,510,510,510,2205,0,470,460.88596349206085,327.06490000055055,579.3287999986205,178.61950113378686
1788787090,50,,Aggregated,19.800000,0.000000,470,480,480,480,490,500,500,510,510,510,510,2205,0,470,460.88596349206085,327.06490000055055,579.3287999986205,178.61950113378686
1788787091,50,POST,POST /auth/login,19.800000,0.000000,460,470,480,480,490,490,500,500,500,500,500,2224,0,470,460.814117266182,327.06490000055055,579.3287999986205,178.62230215827338
1788787091,50,,Aggregated,19.800000,0.000000,460,470,480,480,490,490,500,500,500,500,500,2224,0,470,460.814117266182,327.06490000055055,579.3287999986205,178.62230215827338
1788787092,50,POST,POST /auth/login,20.600000,0.000000,460,470,480,480,490,490,500,500,500,500,500,2239,0,470,460.6556316212588,327.06490000055055,579.3287999986205,178.62349263063868
1788787092,50,,Aggregated,20.600000,0.000000,460,470,480,480,490,490,500,500,500,500,500,2239,0,470,460.6556316212588,327.06490000055055,579.3287999986205,178.62349263063868
1788787093,50,POST,POST /auth/login,20.800000,0.000000,460,470,480,480,490,490,500,500,500,500,500,2260,0,470,460.50394610619514,327.06490000055055,579.3287999986205,178.62566371681416
1788787093,50,,Aggregated,20.800000,0.000000,460,470,480,480,490,490,500,500,500,500,500,2260,0,470,460.50394610619514,327.06490000055055,579.3287999986205,178.62566371681416
1788787094,50,POST,POST /auth/login,20.200000,0.000000,460,470,470,480,480,490,490,500,500,500,500,2284,0,460,460.2883174693475,327.06490000055055,579.3287999986205,178.62784588441332
1788787094,50,,Aggregated,20.200000,0.000000,460,470,470,480,480,490,490,500,500,500,500,2284,0,460,460.2883174693475,327.06490000055055,579.3287999986205,178.62784588441332
1788787095,50,POST,POST /auth/login,20.300000,0.000000,460,470,470,470,480,490,490,500,500,500,500,2303,0,460,460.1340713417212,327.06490000055055,579.3287999986205,178.62961354754668
1788787095,50,,Aggregated,20.300000,0.000000,460,470,470,470,480,490,490,500,500,500,500,2303,0,460,460.1340713417212,327.06490000055055,579.3287999986205,178.62961354754668
1788787096,50,POST,POST /auth/login,20.600000,0.000000,460,460,470,470,480,480,490,490,500,500,500,2322,0,460,460.0707980620119,327.06490000055055,579.3287999986205,178.62962962962962
1788787096,50,,Aggregated,20.600000,0.000000,460,460,470,470,480,480,490,490,500,500,500,2322,0,460,460.0707980620119,327.06490000055055,579.3287999986205,178.62962962962962
1788787097,50,POST,POST /auth/login,20.000000,0.000000,450,460,470,470,480,480,490,490,500,500,500,2343,0,460,459.910307767818,327.06490000055055,579.3287999986205,178.63252240717028
1788787097,50,,Aggregated,20.000000,0.000000,450,460,470,470,480,480,490,490,500,500,500,2343,0,460,459.910307767818,327.06490000055055,579.3287999986205,178.63252240717028
1788787098,50,POST,POST /auth/login,20.900000,0.000000,450,460,460,470,470,480,480,490,490,490,490,2359,0,460,459.8310928359483,327.06490000055055,579.3287999986205,178.63247138618058
1788787098,50,,Aggregated,20.900000,0.000000,450,460,460,470,470,480,480,490,490,490,490,2359,0,460,459.8310928359483,327.06490000055055,579.3287999986205,178.63247138618058
1788787099,50,POST,POST /auth/login,20.400000,0.000000,450,460,460,470,470,480,480,490,490,490,490,2386,0,460,459.7472013411628,327.06490000055055,579.3287999986205,178.63453478625314
1788787099,50,,Aggregated,20.400000,0.000000,450,460,460,470,470,480,480,490,490,490,490,2386,0,460,459.7472013411628,327.06490000055055,579.3287999986205,178.63453478625314
1788787100,50,POST,POST /auth/login,20.500000,0.000000,450,460,460,470,470,480,490,490,490,490,490,2404,0,460,459.63637287854044,327.06490000055055,579.3287999986205,178.63477537437603
1788787100,50,,Aggregated,20.500000,0.000000,450,460,460,470,470,480,490,490,490,490,490,2404,0,460,459.63637287854044,327.06490000055055,579.3287999986205,178.63477537437603
1788787101,50,POST,POST /auth/login,20.800000,0.000000,450,460,460,470,470,480,490,490,490,490,490,2427,0,460,459.5023002472202,327.06490000055055,579.3287999986205,178.6370004120313
1788787101,50,,Aggregated,20.800000,0.000000,450,460,460,470,470,480,490,490,490,490,490,2427,0,460,459.5023002472202,327.06490000055055,579.3287999986205,178.6370004120313
1788787102,50,POST,POST /auth/login,20.100000,0.000000,450,460,460,470,470,480,490,490,490,490,490,2446,0,460,459.2572708912508,327.06490000055055,579.3287999986205,178.6369582992641
1788787102,50,,Aggregated,20.100000,0.000000,450,460,460,470,470,480,490,490,490,490,490,2446,0,460,459.2572708912508,327.06490000055055,579.3287999986205,178.6369582992641
1788787103,50,POST,POST /auth/login,19.900000,0.000000,450,460,470,470,480,480,490,490,490,490,490,2466,0,460,459.1806231143537,327.06490000055055,579.3287999986205,178.64233576642334
1788787103,50,,Aggregated,19.900000,0.000000,450,460,470,470,480,480,490,490,490,490,490,2466,0,460,459.1806231143537,327.06490000055055,579.3287999986205,178.64233576642334
1788787104,50,POST,POST /auth/login,20.200000,0.000000,450,470,470,470,480,490,490,490,500,500,500,2489,0,460,459.3376351948648,327.06490000055055,579.3287999986205,178.6412213740458
1788787104,50,,Aggregated,20.200000,0.000000,450,470,470,470,480,490,490,490,500,500,500,2489,0,460,459.3376351948648,327.06490000055055,579.3287999986205,178.6412213740458
1788787105,50,POST,POST /auth/login,20.200000,0.000000,450,460,470,470,480,490,490,490,500,500,500,2509,0,460,459.2184633718667,327.06490000055055,579.3287999986205,178.64168991630132
1788787105,50,,Aggregated,20.200000,0.000000,450,460,470,470,480,490,490,490,500,500,500,2509,0,460,459.2184633718667,327.06490000055055,579.3287999986205,178.64168991630132
1788787106,50,POST,POST /auth/login,19.900000,0.000000,460,470,470,470,480,490,490,490,500,500,500,2530,0,460,459.2515124505971,327.06490000055055,579.3287999986205,178.64347826086956
1788787106,50,,Aggregated,19.900000,0.000000,460,470,470,470,480,490,490,490,500,500,500,2530,0,460,459.2515124505971,327.06490000055055,579.3287999986205,178.64347826086956
1788787107,50,POST,POST /auth/login,20.500000,0.000000,460,470,470,480,490,490,490,500,500,500,500,2546,0,460,459.33688982718036,327.06490000055055,579.3287999986205,178.64493322859389
1788787107,50,,Aggregated,20.500000,0.000000,460,470,470,480,490,490,490,500,500,500,500,2546,0,460,459.33688982718036,327.06490000055055,579.3287999986205,178.64493322859389
1788787108,50,POST,POST /auth/login,20.400000,0.000000,460,470,470,480,490,490,490,500,500,500,500,2570,0,460,459.3344699610943,327.06490000055055,579.3287999986205,178.64591439688715
1788787108,50,,Aggregated,20.400000,0.000000,460,470,470,480,490,490,490,500,500,500,500,2570,0,460,459.3344699610943,327.06490000055055,579.3287999986205,178.64591439688715
1788787109,50,POST,POST /auth/login,20.200000,0.000000,460,470,470,480,490,490,490,500,500,500,500,2591,0,460,459.2451585102361,327.06490000055055,579.3287999986205,178.64762639907372
1788787109,50,,Aggregated,20.200000,0.000000,460,470,470,480,490,490,490,500,500,500,500,2591,0,460,459.2451585102361,327.06490000055055,579.3287999986205,178.64762639907372
1788787110,50,POST,POST /auth/login,20.400000,0.000000,460,470,470,480,490,490,490,500,500,500,500,2612,0,460,459.25931148545527,327.06490000055055,579.3287999986205,178.64854517611025
1788787110,50,,Aggregated,20.400000,0.000000,460,470,470,480,490,490,490,500,500,500,500,2612,0,460,459.25931148545527,327.06490000055055,579.3287999986205,178.64854517611025
1788787111,50,POST,POST /auth/login,20.500000,0.000000,470,470,480,480,490,490,490,500,500,500,500,2639,0,460,459.38577904509265,327.06490000055055,579.3287999986205,178.6494884425919
1788787111,50,,Aggregated,20.500000,0.000000,470,470,480,480,490,490,490,500,500,500,500,2639,0,460,459.38577904509265,327.06490000055055,579.3287999986205,178.6494884425919
1788787112,50,POST,POST /auth/login,20.900000,0.000000,470,480,480,480,490,490,490,500,500,500,500,2655,0,460,459.5041340112987,327.06490000055055,579.3287999986205,178.65084745762712
1788787112,50,,Aggregated,20.900000,0.000000,470,480,480,480,490,490,490,500,500,500,500,2655,0,460,459.5041340112987,327.06490000055055,579.3287999986205,178.65084745762712
1788787113,50,POST,POST /auth/login,21.000000,0.000000,470,480,480,480,490,490,500,500,500,500,500,2675,0,460,459.63678422429723,327.06490000055055,579.3287999986205,178.65345794392525
1788787113,50,,Aggregated,21.000000,0.000000,470,480,480,480,490,490,500,500,500,500,500,2675,0,460,459.63678422429723,327.06490000055055,579.3287999986205,178.65345794392525
1788787114,50,POST,POST /auth/login,20.900000,0.000000,470,480,480,480,490,490,500,500,500,500,500,2696,0,460,459.7516685088964,327.06490000055055,579.3287999986205,178.65430267062314
1788787114,50,,Aggregated,20.900000,0.000000,470,480,480,480,490,490,500,500,500,500,500,2696,0,460,459.7516685088964,327.06490000055055,579.3287999986205,178.65430267062314
1788787115,50,POST,POST /auth/login,21.000000,0.000000,470,480,480,480,490,490,500,500,500,500,500,2711,0,460,459.87561309479264,327.06490000055055,579.3287999986205,178.65289561047584
1788787115,50,,Aggregated,21.000000,0.000000,470,480,480,480,490,490,500,500,500,500,500,2711,0,460,459.87561309479264,327.06490000055055,579.3287999986205,178.65289561047584
1788787116,50,POST,POST /auth/login,21.100000,0.000000,470,480,480,480,490,490,500,500,500,500,500,2733,0,470,460.03605627514986,327.06490000055055,579.3287999986205,178.65495792169776
1788787116,50,,Aggregated,21.100000,0.000000,470,480,480,480,490,490,500,500,500,500,500,2733,0,470,460.03605627514986,327.06490000055055,579.3287999986205,178.65495792169776
1788787117,50,POST,POST /auth/login,20.600000,0.000000,470,480,480,490,490,490,500,500,500,500,500,2754,0,470,460.2105141612123,327.06490000055055,579.3287999986205,178.65722585330428
1788787117,50,,Aggregated,20.600000,0.000000,470,480,480,490,490,490,500,500,500,500,500,2754,0,470,460.2105141612123,327.06490000055055,579.3287999986205,178.65722585330428
1788787118,50,POST,POST /auth/login,20.200000,0.000000,480,480,490,490,490,490,500,500,500,500,500,2773,0,470,460.347382005044,327.06490000055055,579.3287999986205,178.6577713667508
1788787118,50,,Aggregated,20.200000,0.000000,480,480,490,490,490,490,500,500,500,500,500,2773,0,470,460.347382005044,327.06490000055055,579.3287999986205,178.6577713667508
1788787119,50,POST,POST /auth/login,20.600000,0.000000,480,480,490,490,490,490,500,500,500,500,500,2794,0,470,460.48752541159183,327.06490000055055,579.3287999986205,178.65998568360774
1788787119,50,,Aggregated,20.600000,0.000000,480,480,490,490,490,490,500,500,500,500,500,2794,0,470,460.48752541159183,327.06490000055055,579.3287999986205,178.65998568360774
1788787120,50,POST,POST /auth/login,20.300000,0.000000,480,480,490,490,490,490,500,500,500,500,500,2819,0,470,460.3505828307878,327.06490000055055,579.3287999986205,178.65909897126642
1788787120,50,,Aggregated,20.300000,0.000000,480,480,490,490,490,490,500,500,500,500,500,2819,0,470,460.3505828307878,327.06490000055055,579.3287999986205,178.65909897126642
1788787121,50,POST,POST /auth/login,20.000000,0.000000,480,480,490,490,490,490,500,500,500,500,500,2839,0,470,460.34270503698497,327.06490000055055,579.3287999986205,178.65938710813666
1788787121,50,,Aggregated,20.000000,0.000000,480,480,490,490,490,490,500,500,500,500,500,2839,0,470,460.34270503698497,327.06490000055055,579.3287999986205,178.65938710813666
1788787122,50,POST,POST /auth/login,20.300000,0.000000,470,480,490,490,490,490,500,500,500,500,500,2859,0,470,460.28913154949043,327.06490000055055,579.3287999986205,178.66176984959776
1788787122,50,,Aggregated,20.300000,0.000000,470,480,490,490,490,490,500,500,500,500,500,2859,0,470,460.28913154949043,327.06490000055055,579.3287999986205,178.66176984959776
1788787123,50,POST,POST /auth/login,19.700000,0.000000,480,480,490,490,490,490,500,500,500,500,500,2877,0,470,460.3769729231817,327.06490000055055,579.3287999986205,178.66249565519638
1788787123,50,,Aggregated,19.700000,0.000000,480,480,490,490,490,490,500,500,500,500,500,2877,0,470,460.3769729231817,327.06490000055055,579.3287999986205,178.66249565519638
1788787124,50,POST,POST /auth/login,20.200000,0.000000,470,480,490,490,490,490,500,500,500,500,500,2898,0,470,460.4958028295332,327.06490000055055,579.3287999986205,178.66183574879227
1788787124,50,,Aggregated,20.200000,0.000000,470,480,490,490,490,490,500,500,500,500,500,2898,0,470,460.4958028295332,327.06490000055055,579.3287999986205,178.66183574879227
1788787125,50,POST,POST /auth/login,20.500000,0.000000,470,480,480,490,490,490,500,500,500,500,500,2920,0,470,460.4852397602715,327.06490000055055,579.3287999986205,178.66438356164383
1788787125,50,,Aggregated,20.500000,0.000000,470,480,480,490,490,490,500,500,500,500,500,2920,0,470,460.4852397602715,327.06490000055055,579.3287999986205,178.66438356164383
1788787126,60,POST,POST /auth/login,20.300000,0.000000,470,480,480,490,490,490,500,500,540,540,540,2938,0,470,460.4147572838607,327.06490000055055,579.3287999986205,178.6643975493533
1788787126,60,,Aggregated,20.300000,0.000000,470,480,480,490,490,490,500,500,540,540,540,2938,0,470,460.4147572838607,327.06490000055055,579.3287999986205,178.6643975493533
1788787127,70,POST,POST /auth/login,20.300000,0.000000,470,480,480,490,490,520,540,550,560,560,560,2966,0,470,460.7715512474678,327.06490000055055,579.3287999986205,178.67026298044505
1788787127,70,,Aggregated,20.300000,0.000000,470,480,480,490,490,520,540,550,560,560,560,2966,0,470,460.7715512474678,327.06490000055055,579.3287999986205,178.67026298044505
1788787128,80,POST,POST /auth/login,20.600000,0.000000,470,480,490,490,520,540,550,560,590,590,590,3000,0,470,461.24155419999664,327.06490000055055,589.5798999990802,178.67133333333334
1788787128,80,,Aggregated,20.600000,0.000000,470,480,490,490,520,540,550,560,590,590,590,3000,0,470,461.24155419999664,327.06490000055055,589.5798999990802,178.67133333333334
1788787129,90,POST,POST /auth/login,21.400000,0.000000,480,490,500,520,560,600,640,660,660,660,660,3032,0,470,462.3047101583027,327.06490000055055,660.6672999987495,178.67810026385223
1788787129,90,,Aggregated,21.400000,0.000000,480,490,500,520,560,600,640,660,660,660,660,3032,0,470,462.3047101583027,327.06490000055055,660.6672999987495,178.67810026385223
1788787130,100,POST,POST /auth/login,22.600000,0.000000,480,500,520,550,650,910,1000,1100,1200,1200,1200,3065,0,470,465.7789267210347,327.06490000055055,1238.8251999982458,178.67601957585646
1788787130,100,,Aggregated,22.600000,0.000000,480,500,520,550,650,910,1000,1100,1200,1200,1200,3065,0,470,465.7789267210347,327.06490000055055,1238.8251999982458,178.67601957585646
1788787131,100,POST,POST /auth/login,23.600000,0.000000,500,540,610,680,920,1300,1400,1500,1500,1500,1500,3098,0,470,471.89613001935356,327.06490000055055,1511.2818999987212,178.68108457069076
1788787131,100,,Aggregated,23.600000,0.000000,500,540,610,680,920,1300,1400,1500,1500,1500,1500,3098,0,470,471.89613001935356,327.06490000055055,1511.2818999987212,178.68108457069076
1788787132,100,POST,POST /auth/login,23.400000,0.000000,520,630,760,840,1300,1500,1500,1500,1500,1500,1500,3142,0,470,479.323195607881,327.06490000055055,1511.2818999987212,178.6861871419478
1788787132,100,,Aggregated,23.400000,0.000000,520,630,760,840,1300,1500,1500,1500,1500,1500,1500,3142,0,470,479.323195607881,327.06490000055055,1511.2818999987212,178.6861871419478
1788787133,100,POST,POST /auth/login,25.900000,0.000000,560,650,750,810,1300,1400,1500,1500,1500,1500,1500,3178,0,470,480.66517989299496,327.06490000055055,1511.2818999987212,178.68722466960352
1788787133,100,,Aggregated,25.900000,0.000000,560,650,750,810,1300,1400,1500,1500,1500,1500,1500,3178,0,470,480.66517989299496,327.06490000055055,1511.2818999987212,178.68722466960352
1788787134,100,POST,POST /auth/login,27.700000,0.000000,580,660,720,790,1200,1400,1500,1500,1500,1500,1500,3214,0,470,482.0571264467765,327.06490000055055,1511.2818999987212,178.69197261978843
1788787134,100,,Aggregated,27.700000,0.000000,580,660,720,790,1200,1400,1500,1500,1500,1500,1500,3214,0,470,482.0571264467765,327.06490000055055,1511.2818999987212,178.69197261978843
1788787135,100,POST,POST /auth/login,29.100000,0.000000,610,680,760,860,1200,1400,1500,1500,1500,1500,1500,3245,0,470,484.63302936824385,327.06490000055055,1511.2818999987212,178.6964560862866
1788787135,100,,Aggregated,29.100000,0.000000,610,680,760,860,1200,1400,1500,1500,1500,1500,1500,3245,0,470,484.63302936824385,327.06490000055055,1511.2818999987212,178.6964560862866
1788787136,100,POST,POST /auth/login,30.500000,0.000000,630,730,880,1100,1400,1500,1500,1500,1500,1500,1500,3282,0,470,490.1701464046171,327.06490000055055,1511.2818999987212,178.69896404631322
1788787136,100,,Aggregated,30.500000,0.000000,630,730,880,1100,1400,1500,1500,1500,1500,1500,1500,3282,0,470,490.1701464046171,327.06490000055055,1511.2818999987212,178.69896404631322
1788787137,100,POST,POST /auth/login,31.700000,0.000000,660,800,1100,1200,1400,1500,1500,1500,1500,1500,1500,3317,0,470,495.29662523362526,327.06490000055055,1511.2818999987212,178.70304492010854
1788787137,100,,Aggregated,31.700000,0.000000,660,800,1100,1200,1400,1500,1500,1500,1500,1500,1500,3317,0,470,495.29662523362526,327.06490000055055,1511.2818999987212,178.70304492010854
1788787138,100,POST,POST /auth/login,32.800000,0.000000,690,920,1200,1200,1400,1500,1500,1500,1500,1500,1500,3361,0,470,499.43273725079627,327.06490000055055,1511.2818999987212,178.70514727759596
1788787138,100,,Aggregated,32.800000,0.000000,690,920,1200,1200,1400,1500,1500,1500,1500,1500,1500,3361,0,470,499.43273725079627,327.06490000055055,1511.2818999987212,178.70514727759596
1788787139,100,POST,POST /auth/login,33.900000,0.000000,670,900,1200,1200,1400,1500,1500,1500,1500,1500,1500,3391,0,470,499.9418015039596,327.06490000055055,1511.2818999987212,178.70834562076084
1788787139,100,,Aggregated,33.900000,0.000000,670,900,1200,1200,1400,1500,1500,1500,1500,1500,1500,3391,0,470,499.9418015039596,327.06490000055055,1511.2818999987212,178.70834562076084
1788787140,100,POST,POST /auth/login,34.000000,0.000000,660,880,1100,1200,1400,1500,1500,1500,1500,1500,1500,3422,0,470,502.72419327876224,327.06490000055055,1511.2818999987212,178.71069549970778
1788787140,100,,Aggregated,34.000000,0.000000,660,880,1100,1200,1400,1500,1500,1500,1500,1500,1500,3422,0,470,502.72419327876224,327.06490000055055,1511.2818999987212,178.71069549970778
1788787141,100,POST,POST /auth/login,34.900000,0.000000,630,790,1100,1100,1300,1400,1500,1500,1500,1500,1500,3450,0,470,506.29811915939433,327.06490000055055,1546.3023999982397,178.7136231884058
1788787141,100,,Aggregated,34.900000,0.000000,630,790,1100,1100,1300,1400,1500,1500,1500,1500,1500,3450,0,470,506.29811915939433,327.06490000055055,1546.3023999982397,178.7136231884058
1788787142,100,POST,POST /auth/login,35.600000,0.000000,640,1000,1200,1200,1400,1500,1500,1600,1600,1600,1600,3496,0,470,514.0616843821222,327.06490000055055,1600.5349999977625,178.71681922196797
1788787142,100,,Aggregated,35.600000,0.000000,640,1000,1200,1200,1400,1500,1500,1600,1600,1600,1600,3496,0,470,514.0616843821222,327.06490000055055,1600.5349999977625,178.71681922196797
1788787143,100,POST,POST /auth/login,35.000000,0.000000,620,1000,1200,1200,1400,1500,1500,1600,1600,1600,1600,3527,0,470,514.5210156790168,327.06490000055055,1600.5349999977625,178.71959172100935
1788787143,100,,Aggregated,35.000000,0.000000,620,1000,1200,1200,1400,1500,1500,1600,1600,1600,1600,3527,0,470,514.5210156790168,327.06490000055055,1600.5349999977625,178.71959172100935
1788787144,100,POST,POST /auth/login,33.800000,0.000000,630,1000,1200,1200,1400,1500,1500,1600,1600,1600,1600,3555,0,470,515.5462055695925,327.06490000055055,1600.5349999977625,178.72461322081574
1788787144,100,,Aggregated,33.800000,0.000000,630,1000,1200,1200,1400,1500,1500,1600,1600,1600,1600,3555,0,470,515.5462055695925,327.06490000055055,1600.5349999977625,178.72461322081574
1788787145,100,POST,POST /auth/login,35.100000,0.000000,640,1100,1200,1300,1500,1500,1500,1600,1600,1600,1600,3587,0,470,519.8303069417004,327.06490000055055,1600.5349999977625,178.7237245609144
1788787145,100,,Aggregated,35.100000,0.000000,640,1100,1200,1300,1500,1500,1500,1600,1600,1600,1600,3587,0,470,519.8303069417004,327.06490000055055,1600.5349999977625,178.7237245609144
1788787146,100,POST,POST /auth/login,34.200000,0.000000,650,1100,1200,1300,1500,1500,1600,1600,1600,1600,1600,3628,0,470,526.726103004376,327.06490000055055,1600.5349999977625,178.7276736493936
1788787146,100,,Aggregated,34.200000,0.000000,650,1100,1200,1300,1500,1500,1600,1600,1600,1600,1600,3628,0,470,526.726103004376,327.06490000055055,1600.5349999977625,178.7276736493936
1788787147,100,POST,POST /auth/login,33.700000,0.000000,650,980,1100,1300,1500,1500,1600,1600,1600,1600,1600,3666,0,470,529.3691477359198,327.06490000055055,1600.5349999977625,178.73213311511185
1788787147,100,,Aggregated,33.700000,0.000000,650,980,1100,1300,1500,1500,1600,1600,1600,1600,1600,3666,0,470,529.3691477359198,327.06490000055055,1600.5349999977625,178.73213311511185
1788787148,100,POST,POST /auth/login,34.200000,0.000000,660,930,1100,1300,1500,1500,1600,1600,1600,1600,1600,3695,0,470,530.4126691745269,327.06490000055055,1600.5349999977625,178.7345060893099
1788787148,100,,Aggregated,34.200000,0.000000,660,930,1100,1300,1500,1500,1600,1600,1600,1600,1600,3695,0,470,530.4126691745269,327.06490000055055,1600.5349999977625,178.7345060893099
1788787149,100,POST,POST /auth/login,34.800000,0.000000,700,1000,1200,1300,1500,1500,1600,1600,1600,1600,1600,3734,0,470,533.9710707819696,327.06490000055055,1600.5349999977625,178.73701124799143
1788787149,100,,Aggregated,34.800000,0.000000,700,1000,1200,1300,1500,1500,1600,1600,1600,1600,1600,3734,0,470,533.9710707819696,327.06490000055055,1600.5349999977625,178.73701124799143
1788787150,100,POST,POST /auth/login,34.200000,0.000000,720,1000,1100,1300,1500,1500,1600,1600,1600,1600,1600,3770,0,470,536.1456795490396,327.06490000055055,1600.5349999977625,178.73899204244032
1788787150,100,,Aggregated,34.200000,0.000000,720,1000,1100,1300,1500,1500,1600,1600,1600,1600,1600,3770,0,470,536.1456795490396,327.06490000055055,1600.5349999977625,178.73899204244032
1788787151,100,POST,POST /auth/login,33.300000,0.000000,740,960,1100,1100,1400,1500,1500,1600,1600,1600,1600,3808,0,470,538.2831878938764,327.06490000055055,1600.5349999977625,178.7405462184874
1788787151,100,,Aggregated,33.300000,0.000000,740,960,1100,1100,1400,1500,1500,1600,1600,1600,1600,3808,0,470,538.2831878938764,327.06490000055055,1600.5349999977625,178.7405462184874
1788787152,100,POST,POST /auth/login,35.400000,0.000000,750,930,1000,1100,1300,1500,1500,1600,1600,1600,1600,3843,0,470,540.1876453291408,327.06490000055055,1600.5349999977625,178.7431693989071
1788787152,100,,Aggregated,35.400000,0.000000,750,930,1000,1100,1300,1500,1500,1600,1600,1600,1600,3843,0,470,540.1876453291408,327.06490000055055,1600.5349999977625,178.7431693989071
1788787153,100,POST,POST /auth/login,35.200000,0.000000,810,950,1000,1100,1300,1500,1500,1600,1600,1600,1600,3874,0,470,542.2143274651239,327.06490000055055,1600.5349999977625,178.7459989674755
1788787153,100,,Aggregated,35.200000,0.000000,810,950,1000,1100,1300,1500,1500,1600,1600,1600,1600,3874,0,470,542.2143274651239,327.06490000055055,1600.5349999977625,178.7459989674755
1788787154,100,POST,POST /auth/login,35.400000,0.000000,850,990,1100,1200,1300,1500,1500,1600,1600,1600,1600,3914,0,470,546.9182244762092,327.06490000055055,1600.5349999977625,178.74859478794073
1788787154,100,,Aggregated,35.400000,0.000000,850,990,1100,1200,1300,1500,1500,1600,1600,1600,1600,3914,0,470,546.9182244762092,327.06490000055055,1600.5349999977625,178.74859478794073
1788787155,100,POST,POST /auth/login,34.700000,0.000000,840,950,1000,1100,1200,1400,1500,1500,1600,1600,1600,3945,0,470,548.885043599464,327.06490000055055,1600.5349999977625,178.75133079847907
1788787155,100,,Aggregated,34.700000,0.000000,840,950,1000,1100,1200,1400,1500,1500,1600,1600,1600,3945,0,470,548.885043599464,327.06490000055055,1600.5349999977625,178.75133079847907
1788787156,100,POST,POST /auth/login,34.700000,0.000000,830,910,960,990,1100,1200,1300,1300,1400,1400,1400,3985,0,470,551.1726241655922,327.06490000055055,1600.5349999977625,178.75382685069007
1788787156,100,,Aggregated,34.700000,0.000000,830,910,960,990,1100,1200,1300,1300,1400,1400,1400,3985,0,470,551.1726241655922,327.06490000055055,1600.5349999977625,178.75382685069007
1788787157,100,POST,POST /auth/login,36.000000,0.000000,840,910,960,990,1100,1200,1300,1300,1400,1400,1400,4016,0,470,552.3438662599324,327.06490000055055,1600.5349999977625,178.7554780876494
1788787157,100,,Aggregated,36.000000,0.000000,840,910,960,990,1100,1200,1300,1300,1400,1400,1400,4016,0,470,552.3438662599324,327.06490000055055,1600.5349999977625,178.7554780876494
1788787158,100,POST,POST /auth/login,35.900000,0.000000,850,930,1000,1100,1200,1200,1300,1300,1400,1400,1400,4057,0,480,556.0116322651921,327.06490000055055,1600.5349999977625,178.75770273601182
1788787158,100,,Aggregated,35.900000,0.000000,850,930,1000,1100,1200,1200,1300,1300,1400,1400,1400,4057,0,480,556.0116322651921,327.06490000055055,1600.5349999977625,178.75770273601182
1788787159,100,POST,POST /auth/login,35.300000,0.000000,840,910,960,990,1200,1200,1300,1300,1400,1400,1400,4094,0,480,557.4628176599626,327.06490000055055,1600.5349999977625,178.75867122618467
1788787159,100,,Aggregated,35.300000,0.000000,840,910,960,990,1200,1200,1300,1300,1400,1400,1400,4094,0,480,557.4628176599626,327.06490000055055,1600.5349999977625,178.75867122618467
1788787160,100,POST,POST /auth/login,35.300000,0.000000,790,900,940,990,1200,1200,1300,1300,1400,1400,1400,4132,0,480,557.6854179815793,327.06490000055055,1600.5349999977625,178.76040658276864
1788787160,100,,Aggregated,35.300000,0.000000,790,900,940,990,1200,1200,1300,1300,1400,1400,1400,4132,0,480,557.6854179815793,327.06490000055055,1600.5349999977625,178.76040658276864
1788787161,100,POST,POST /auth/login,36.400000,0.000000,760,890,940,1000,1200,1200,1300,1300,1400,1400,1400,4161,0,480,558.4539031963202,327.06490000055055,1600.5349999977625,178.7627974044701
1788787161,100,,Aggregated,36.400000,0.000000,760,890,940,1000,1200,1200,1300,1300,1400,1400,1400,4161,0,480,558.4539031963202,327.06490000055055,1600.5349999977625,178.7627974044701
1788787162,100,POST,POST /auth/login,35.400000,0.000000,740,870,970,1100,1200,1300,1400,1400,1500,1500,1500,4196,0,480,561.7830998808166,327.06490000055055,1600.5349999977625,178.7640610104862
1788787162,100,,Aggregated,35.400000,0.000000,740,870,970,1100,1200,1300,1400,1400,1500,1500,1500,4196,0,480,561.7830998808166,327.06490000055055,1600.5349999977625,178.7640610104862
1788787163,100,POST,POST /auth/login,36.000000,0.000000,740,880,1000,1100,1300,1600,1700,1800,1800,1800,1800,4235,0,480,567.9199547579483,327.06490000055055,1795.3712999988056,178.76646989374262
1788787163,100,,Aggregated,36.000000,0.000000,740,880,1000,1100,1300,1600,1700,1800,1800,1800,1800,4235,0,480,567.9199547579483,327.06490000055055,1795.3712999988056,178.76646989374262
1788787164,100,POST,POST /auth/login,35.100000,0.000000,730,870,1000,1100,1400,1600,1700,1800,1800,1800,1800,4270,0,480,571.5427292037228,327.06490000055055,1795.3712999988056,178.76908665105387
1788787164,100,,Aggregated,35.100000,0.000000,730,870,1000,1100,1400,1600,1700,1800,1800,1800,1800,4270,0,480,571.5427292037228,327.06490000055055,1795.3712999988056,178.76908665105387
1788787165,100,POST,POST /auth/login,34.300000,0.000000,700,840,1000,1100,1400,1600,1700,1800,1800,1800,1800,4306,0,480,572.3200223873423,327.06490000055055,1795.3712999988056,178.77055271713888
1788787165,100,,Aggregated,34.300000,0.000000,700,840,1000,1100,1400,1600,1700,1800,1800,1800,1800,4306,0,480,572.3200223873423,327.06490000055055,1795.3712999988056,178.77055271713888
1788787166,100,POST,POST /auth/login,35.800000,0.000000,690,800,1000,1100,1400,1700,1700,1800,1800,1800,1800,4333,0,480,573.1498610431328,327.06490000055055,1795.3712999988056,178.7712900992384
1788787166,100,,Aggregated,35.800000,0.000000,690,800,1000,1100,1400,1700,1700,1800,1800,1800,1800,4333,0,480,573.1498610431328,327.06490000055055,1795.3712999988056,178.7712900992384
1788787167,100,POST,POST /auth/login,35.700000,0.000000,690,870,1100,1200,1500,1700,1700,1800,1800,1800,1800,4363,0,480,576.0766141416186,327.06490000055055,1795.3712999988056,178.7724043089617
1788787167,100,,Aggregated,35.700000,0.000000,690,870,1100,1200,1500,1700,1700,1800,1800,1800,1800,4363,0,480,576.0766141416186,327.06490000055055,1795.3712999988056,178.7724043089617
1788787168,100,POST,POST /auth/login,35.700000,0.000000,690,870,1200,1400,1600,1700,1700,1800,1800,1800,1800,4405,0,480,581.9908109420851,327.06490000055055,1795.3712999988056,178.7750283768445
1788787168,100,,Aggregated,35.700000,0.000000,690,870,1200,1400,1600,1700,1700,1800,1800,1800,1800,4405,0,480,581.9908109420851,327.06490000055055,1795.3712999988056,178.7750283768445
1788787169,100,POST,POST /auth/login,34.200000,0.000000,700,980,1300,1400,1600,1700,1700,1800,1800,1800,1800,4449,0,480,584.3405473589344,327.06490000055055,1795.3712999988056,178.77680377612947
1788787169,100,,Aggregated,34.200000,0.000000,700,980,1300,1400,1600,1700,1700,1800,1800,1800,1800,4449,0,480,584.3405473589344,327.06490000055055,1795.3712999988056,178.77680377612947
1788787170,100,POST,POST /auth/login,34.700000,0.000000,700,1000,1300,1400,1600,1700,1700,1800,1800,1800,1800,4483,0,480,583.9760249832507,327.06490000055055,1795.3712999988056,178.7780504126701
1788787170,100,,Aggregated,34.700000,0.000000,700,1000,1300,1400,1600,1700,1700,1800,1800,1800,1800,4483,0,480,583.9760249832507,327.06490000055055,1795.3712999988056,178.7780504126701
1788787171,100,POST,POST /auth/login,34.900000,0.000000,710,970,1300,1400,1600,1700,1700,1800,1800,1800,1800,4511,0,480,584.5658661937292,327.06490000055055,1795.3712999988056,178.77898470405674
1788787171,100,,Aggregated,34.900000,0.000000,710,970,1300,1400,1600,1700,1700,1800,1800,1800,1800,4511,0,480,584.5658661937292,327.06490000055055,1795.3712999988056,178.77898470405674
1788787172,100,POST,POST /auth/login,35.000000,0.000000,710,1000,1200,1300,1600,1700,1700,1800,1800,1800,1800,4550,0,480,587.8017407911892,327.06490000055055,1795.3712999988056,178.78285714285715
1788787172,100,,Aggregated,35.000000,0.000000,710,1000,1200,1300,1600,1700,1700,1800,1800,1800,1800,4550,0,480,587.8017407911892,327.06490000055055,1795.3712999988056,178.78285714285715
1788787173,100,POST,POST /auth/login,34.300000,0.000000,710,940,1200,1200,1400,1600,1600,1700,1700,1700,1700,4588,0,480,590.1723503051209,327.06490000055055,1795.3712999988056,178.78334786399301
1788787173,100,,Aggregated,34.300000,0.000000,710,940,1200,1200,1400,1600,1600,1700,1700,1700,1700,4588,0,480,590.1723503051209,327.06490000055055,1795.3712999988056,178.78334786399301
1788787174,100,POST,POST /auth/login,35.100000,0.000000,720,900,1100,1200,1400,1600,1600,1700,1700,1700,1700,4623,0,480,591.5562964308647,327.06490000055055,1795.3712999988056,178.78477179320788
1788787174,100,,Aggregated,35.100000,0.000000,720,900,1100,1200,1400,1600,1600,1700,1700,1700,1700,4623,0,480,591.5562964308647,327.06490000055055,1795.3712999988056,178.78477179320788
1788787175,100,POST,POST /auth/login,35.800000,0.000000,800,970,1100,1200,1400,1600,1600,1700,1700,1700,1700,4658,0,480,593.5565724130308,327.06490000055055,1795.3712999988056,178.78875053671104
1788787175,100,,Aggregated,35.800000,0.000000,800,970,1100,1200,1400,1600,1600,1700,1700,1700,1700,4658,0,480,593.5565724130308,327.06490000055055,1795.3712999988056,178.78875053671104
1788787176,100,POST,POST /auth/login,34.900000,0.000000,830,990,1100,1200,1400,1600,1600,1700,1700,1700,1700,4695,0,480,595.8409392758056,327.06490000055055,1795.3712999988056,178.7880724174654
1788787176,100,,Aggregated,34.900000,0.000000,830,990,1100,1200,1400,1600,1600,1700,1700,1700,1700,4695,0,480,595.8409392758056,327.06490000055055,1795.3712999988056,178.7880724174654
1788787177,100,POST,POST /auth/login,35.100000,0.000000,850,980,1100,1100,1300,1500,1600,1700,1700,1700,1700,4734,0,480,597.7463828052192,327.06490000055055,1795.3712999988056,178.79129700042247
1788787177,100,,Aggregated,35.100000,0.000000,850,980,1100,1100,1300,1500,1600,1700,1700,1700,1700,4734,0,480,597.7463828052192,327.06490000055055,1795.3712999988056,178.79129700042247
1788787178,100,POST,POST /auth/login,35.000000,0.000000,840,930,990,1000,1200,1200,1300,1300,1400,1400,1400,4766,0,480,598.8724255350179,327.06490000055055,1795.3712999988056,178.7922786403693
1788787178,100,,Aggregated,35.000000,0.000000,840,930,990,1000,1200,1200,1300,1300,1400,1400,1400,4766,0,480,598.8724255350179,327.06490000055055,1795.3712999988056,178.7922786403693
1788787179,100,POST,POST /auth/login,36.100000,0.000000,870,960,1000,1100,1200,1200,1300,1300,1400,1400,1400,4801,0,480,600.6880235992273,327.06490000055055,1795.3712999988056,178.79275151010205
1788787179,100,,Aggregated,36.100000,0.000000,870,960,1000,1100,1200,1200,1300,1300,1400,1400,1400,4801,0,480,600.6880235992273,327.06490000055055,1795.3712999988056,178.79275151010205
1788787180,100,POST,POST /auth/login,36.300000,0.000000,880,980,1100,1100,1200,1300,1300,1300,1400,1400,1400,4841,0,480,602.1881236108004,327.06490000055055,1795.3712999988056,178.79570336707292
1788787180,100,,Aggregated,36.300000,0.000000,880,980,1100,1100,1200,1300,1300,1300,1400,1400,1400,4841,0,480,602.1881236108004,327.06490000055055,1795.3712999988056,178.79570336707292
1788787181,100,POST,POST /auth/login,35.400000,0.000000,860,950,1000,1100,1200,1200,1300,1300,1400,1400,1400,4881,0,480,602.3935858020681,327.06490000055055,1795.3712999988056,178.79737758656012
1788787181,100,,Aggregated,35.400000,0.000000,860,950,1000,1100,1200,1200,1300,1300,1400,1400,1400,4881,0,480,602.3935858020681,327.06490000055055,1795.3712999988056,178.79737758656012
1788787182,100,POST,POST /auth/login,34.900000,0.000000,820,920,990,1000,1100,1200,1200,1300,1300,1300,1300,4906,0,480,601.7851405421694,327.06490000055055,1795.3712999988056,178.7982062780269
1788787182,100,,Aggregated,34.900000,0.000000,820,920,990,1000,1100,1200,1200,1300,1300,1300,1300,4906,0,480,601.7851405421694,327.06490000055055,1795.3712999988056,178.7982062780269
1788787183,100,POST,POST /auth/login,35.700000,0.000000,780,910,980,1000,1100,1200,1300,1300,1500,1500,1500,4934,0,480,602.9600480745582,327.06490000055055,1795.3712999988056,178.79935143899473
1788787183,100,,Aggregated,35.700000,0.000000,780,910,980,1000,1100,1200,1300,1300,1500,1500,1500,4934,0,480,602.9600480745582,327.06490000055055,1795.3712999988056,178.79935143899473
1788787184,100,POST,POST /auth/login,36.800000,0.000000,780,960,1000,1100,1300,1600,1700,1800,1800,1800,1800,4974,0,480,608.2276877160946,327.06490000055055,1795.3712999988056,178.80056292722156
1788787184,100,,Aggregated,36.800000,0.000000,780,960,1000,1100,1300,1600,1700,1800,1800,1800,1800,4974,0,480,608.2276877160946,327.06490000055055,1795.3712999988056,178.80056292722156
1788787185,100,POST,POST /auth/login,35.100000,0.000000,790,980,1100,1100,1500,1600,1700,1800,1800,1800,1800,5010,0,480,611.855046866239,327.06490000055055,1795.3712999988056,178.80279441117764
1788787185,100,,Aggregated,35.100000,0.000000,790,980,1100,1100,1500,1600,1700,1800,1800,1800,1800,5010,0,480,611.855046866239,327.06490000055055,1795.3712999988056,178.80279441117764
1788787186,100,POST,POST /auth/login,34.400000,0.000000,760,910,1000,1100,1500,1600,1700,1800,1800,1800,1800,5054,0,480,612.8691370003693,327.06490000055055,1795.3712999988056,178.803324099723
1788787186,100,,Aggregated,34.400000,0.000000,760,910,1000,1100,1500,1600,1700,1800,1800,1800,1800,5054,0,480,612.8691370003693,327.06490000055055,1795.3712999988056,178.803324099723
1788787187,100,POST,POST /auth/login,34.500000,0.000000,710,870,980,1100,1500,1600,1700,1800,1800,1800,1800,5083,0,480,612.7171823135678,327.06490000055055,1795.3712999988056,178.80582333267756
1788787187,100,,Aggregated,34.500000,0.000000,710,870,980,1100,1500,1600,1700,1800,1800,1800,1800,5083,0,480,612.7171823135678,327.06490000055055,1795.3712999988056,178.80582333267756
1788787188,100,POST,POST /auth/login,35.000000,0.000000,690,860,1100,1100,1500,1600,1700,1800,1800,1800,1800,5112,0,480,613.7620184272067,327.06490000055055,1795.3712999988056,178.80672926447573
1788787188,100,,Aggregated,35.000000,0.000000,690,860,1100,1100,1500,1600,1700,1800,1800,1800,1800,5112,0,480,613.7620184272067,327.06490000055055,1795.3712999988056,178.80672926447573
1788787189,100,POST,POST /auth/login,35.600000,0.000000,700,870,1100,1200,1500,1600,1700,1800,1800,1800,1800,5148,0,480,616.8143959012989,327.06490000055055,1795.3712999988056,178.8084693084693
1788787189,100,,Aggregated,35.600000,0.000000,700,870,1100,1200,1500,1600,1700,1800,1800,1800,1800,5148,0,480,616.8143959012989,327.06490000055055,1795.3712999988056,178.8084693084693
1788787190,100,POST,POST /auth/login,35.000000,0.000000,740,950,1300,1300,1500,1600,1700,1800,1800,1800,1800,5184,0,480,620.6379049961197,327.06490000055055,1795.3712999988056,178.8101851851852
1788787190,100,,Aggregated,35.000000,0.000000,740,950,1300,1300,1500,1600,1700,1800,1800,1800,1800,5184,0,480,620.6379049961197,327.06490000055055,1795.3712999988056,178.8101851851852
1788787191,100,POST,POST /auth/login,34.300000,0.000000,820,980,1300,1400,1500,1600,1700,1800,1800,1800,1800,5220,0,480,621.6576817432752,327.06490000055055,1795.3712999988056,178.8111111111111
1788787191,100,,Aggregated,34.300000,0.000000,820,980,1300,1400,1500,1600,1700,1800,1800,1800,1800,5220,0,480,621.6576817432752,327.06490000055055,1795.3712999988056,178.8111111111111
1788787192,100,POST,POST /auth/login,34.600000,0.000000,830,960,1200,1300,1500,1600,1700,1800,1800,1800,1800,5262,0,480,622.9998099581693,327.06490000055055,1795.3712999988056,178.81223869251235
1788787192,100,,Aggregated,34.600000,0.000000,830,960,1200,1300,1500,1600,1700,1800,1800,1800,1800,5262,0,480,622.9998099581693,327.06490000055055,1795.3712999988056,178.81223869251235
1788787194,100,POST,POST /auth/login,34.500000,0.000000,770,890,970,1100,1400,1500,1500,1600,1600,1600,1600,5303,0,480,622.6680528191391,327.06490000055055,1795.3712999988056,178.81501037148783
1788787194,100,,Aggregated,34.500000,0.000000,770,890,970,1100,1400,1500,1500,1600,1600,1600,1600,5303,0,480,622.6680528191391,327.06490000055055,1795.3712999988056,178.81501037148783
1788787195,100,POST,POST /auth/login,35.400000,0.000000,740,830,890,940,1300,1400,1500,1500,1600,1600,1600,5337,0,480,622.9131621322658,327.06490000055055,1795.3712999988056,178.81468990069328
1788787195,100,,Aggregated,35.400000,0.000000,740,830,890,940,1300,1400,1500,1500,1600,1600,1600,5337,0,480,622.9131621322658,327.06490000055055,1795.3712999988056,178.81468990069328
1788787196,100,POST,POST /auth/login,35.400000,0.000000,740,820,890,960,1300,1400,1500,1500,1600,1600,1600,5366,0,490,623.5903601378898,327.06490000055055,1795.3712999988056,178.81550503168094
1788787196,100,,Aggregated,35.400000,0.000000,740,820,890,960,1300,1400,1500,1500,1600,1600,1600,5366,0,490,623.5903601378898,327.06490000055055,1795.3712999988056,178.81550503168094
1788787197,100,POST,POST /auth/login,36.800000,0.000000,750,820,890,940,1300,1400,1500,1500,1600,1600,1600,5406,0,490,624.0106004069369,327.06490000055055,1795.3712999988056,178.81798002219756
1788787197,100,,Aggregated,36.800000,0.000000,750,820,890,940,1300,1400,1500,1500,1600,1600,1600,5406,0,490,624.0106004069369,327.06490000055055,1795.3712999988056,178.81798002219756
1788787198,100,POST,POST /auth/login,35.300000,0.000000,740,820,900,970,1300,1400,1500,1500,1600,1600,1600,5431,0,490,625.3470370465654,327.06490000055055,1795.3712999988056,178.8178972564905
1788787198,100,,Aggregated,35.300000,0.000000,740,820,900,970,1300,1400,1500,1500,1600,1600,1600,5431,0,490,625.3470370465654,327.06490000055055,1795.3712999988056,178.8178972564905
1788787199,100,POST,POST /auth/login,35.100000,0.000000,750,820,910,1000,1400,1500,1500,1600,1700,1700,1700,5468,0,490,629.3112050109545,327.06490000055055,1795.3712999988056,178.81967812728604
1788787199,100,,Aggregated,35.100000,0.000000,750,820,910,1000,1400,1500,1500,1600,1700,1700,1700,5468,0,490,629.3112050109545,327.06490000055055,1795.3712999988056,178.81967812728604
1788787200,100,POST,POST /auth/login,34.600000,0.000000,740,820,870,930,1300,1500,1600,1600,1700,1700,1700,5512,0,490,631.6843585631166,327.06490000055055,1795.3712999988056,178.8211175616836
1788787200,100,,Aggregated,34.600000,0.000000,740,820,870,930,1300,1500,1600,1600,1700,1700,1700,5512,0,490,631.6843585631166,327.06490000055055,1795.3712999988056,178.8211175616836
1788787201,100,POST,POST /auth/login,35.500000,0.000000,740,810,860,940,1300,1500,1600,1600,1700,1700,1700,5538,0,490,632.0785225713089,327.06490000055055,1795.3712999988056,178.82087396171903
1788787201,100,,Aggregated,35.500000,0.000000,740,810,860,940,1300,1500,1600,1600,1700,1700,1700,5538,0,490,632.0785225713089,327.06490000055055,1795.3712999988056,178.82087396171903
1788787202,100,POST,POST /auth/login,36.000000,0.000000,730,810,920,1100,1400,1500,1600,1600,1700,1700,1700,5568,0,490,633.8772313936641,327.06490000055055,1795.3712999988056,178.82255747126436
1788787202,100,,Aggregated,36.000000,0.000000,730,810,920,1100,1400,1500,1600,1600,1700,1700,1700,5568,0,490,633.8772313936641,327.06490000055055,1795.3712999988056,178.82255747126436
1788787203,100,POST,POST /auth/login,34.900000,0.000000,760,890,1200,1400,1500,1600,1600,1700,1800,1800,1800,5603,0,490,637.5656554345729,327.06490000055055,1795.3712999988056,178.823844369088
1788787203,100,,Aggregated,34.900000,0.000000,760,890,1200,1400,1500,1600,1600,1700,1800,1800,1800,5603,0,490,637.5656554345729,327.06490000055055,1795.3712999988056,178.823844369088
1788787204,100,POST,POST /auth/login,34.600000,0.000000,790,1000,1300,1300,1500,1600,1600,1700,1800,1800,1800,5652,0,490,639.9492009907823,327.06490000055055,1795.3712999988056,178.8248407643312
1788787204,100,,Aggregated,34.600000,0.000000,790,1000,1300,1300,1500,1600,1600,1700,1800,1800,1800,5652,0,490,639.9492009907823,327.06490000055055,1795.3712999988056,178.8248407643312
1788787205,100,POST,POST /auth/login,34.000000,0.000000,750,1000,1200,1300,1500,1600,1600,1700,1800,1800,1800,5692,0,490,639.4069357343498,327.06490000055055,1795.3712999988056,178.82677442023893
1788787205,100,,Aggregated,34.000000,0.000000,750,1000,1200,1300,1500,1600,1600,1700,1800,1800,1800,5692,0,490,639.4069357343498,327.06490000055055,1795.3712999988056,178.82677442023893
1788787206,100,POST,POST /auth/login,34.600000,0.000000,720,1000,1200,1300,1500,1600,1600,1700,1800,1800,1800,5729,0,490,638.3455072612882,327.06490000055055,1795.3712999988056,178.8277186245418
1788787206,100,,Aggregated,34.600000,0.000000,720,1000,1200,1300,1500,1600,1600,1700,1800,1800,1800,5729,0,490,638.3455072612882,327.06490000055055,1795.3712999988056,178.8277186245418
1788787207,100,POST,POST /auth/login,35.300000,0.000000,720,920,1200,1300,1500,1600,1600,1700,1800,1800,1800,5760,0,490,638.7396834548473,327.06490000055055,1795.3712999988056,178.82847222222222
1788787207,100,,Aggregated,35.300000,0.000000,720,920,1200,1300,1500,1600,1600,1700,1800,1800,1800,5760,0,490,638.7396834548473,327.06490000055055,1795.3712999988056,178.82847222222222
1788787208,100,POST,POST /auth/login,35.900000,0.000000,720,870,990,1100,1400,1600,1600,1600,1800,1800,1800,5794,0,490,639.7347525370936,327.06490000055055,1795.3712999988056,178.82913358646877
1788787208,100,,Aggregated,35.900000,0.000000,720,870,990,1100,1400,1600,1600,1600,1800,1800,1800,5794,0,490,639.7347525370936,327.06490000055055,1795.3712999988056,178.82913358646877
1788787209,100,POST,POST /auth/login,35.100000,0.000000,710,860,940,1000,1400,1500,1600,1600,1800,1800,1800,5835,0,490,640.8702239588546,327.06490000055055,1795.3712999988056,178.83153384747214
1788787209,100,,Aggregated,35.100000,0.000000,710,860,940,1000,1400,1500,1600,1600,1800,1800,1800,5835,0,490,640.8702239588546,327.06490000055055,1795.3712999988056,178.83153384747214
1788787210,100,POST,POST /auth/login,36.200000,0.000000,640,850,930,990,1300,1500,1600,1600,1800,1800,1800,5877,0,490,640.3933932958871,327.06490000055055,1795.3712999988056,178.83205717202654
1788787210,100,,Aggregated,36.200000,0.000000,640,850,930,990,1300,1500,1600,1600,1800,1800,1800,5877,0,490,640.3933932958871,327.06490000055055,1795.3712999988056,178.83205717202654
1788787211,100,POST,POST /auth/login,36.200000,0.000000,600,790,890,930,1200,1500,1600,1600,1800,1800,1800,5908,0,490,639.4428893026283,327.06490000055055,1795.3712999988056,178.83276912660799
1788787211,100,,Aggregated,36.200000,0.000000,600,790,890,930,1200,1500,1600,1600,1800,1800,1800,5908,0,490,639.4428893026283,327.06490000055055,1795.3712999988056,178.83276912660799
1788787212,100,POST,POST /auth/login,35.900000,0.000000,590,720,830,880,980,1100,1300,1300,1600,1600,1600,5939,0,490,639.7108699107439,327.06490000055055,1795.3712999988056,178.83414716282203
1788787212,100,,Aggregated,35.900000,0.000000,590,720,830,880,980,1100,1300,1300,1600,1600,1600,5939,0,490,639.7108699107439,327.06490000055055,1795.3712999988056,178.83414716282203
1788787213,100,POST,POST /auth/login,37.200000,0.000000,580,710,820,870,950,1000,1100,1200,1300,1300,1300,5969,0,490,640.9370182610008,327.06490000055055,1795.3712999988056,178.83498073379124
1788787213,100,,Aggregated,37.200000,0.000000,580,710,820,870,950,1000,1100,1200,1300,1300,1300,5969,0,490,640.9370182610008,327.06490000055055,1795.3712999988056,178.83498073379124
1788787214,100,POST,POST /auth/login,37.000000,0.000000,650,810,900,930,1100,1400,1600,1600,1700,1700,1700,6003,0,490,644.0825496751457,327.06490000055055,1795.3712999988056,178.83558220889554
1788787214,100,,Aggregated,37.000000,0.000000,650,810,900,930,1100,1400,1600,1600,1700,1700,1700,6003,0,490,644.0825496751457,327.06490000055055,1795.3712999988056,178.83558220889554
1788787215,100,POST,POST /auth/login,36.200000,0.000000,720,890,950,1000,1400,1600,1700,1700,1800,1800,1800,6037,0,490,647.5002557064598,327.06490000055055,1822.0784000004642,178.83551432830876
1788787215,100,,Aggregated,36.200000,0.000000,720,890,950,1000,1400,1600,1700,1700,1800,1800,1800,6037,0,490,647.5002557064598,327.06490000055055,1822.0784000004642,178.83551432830876
1788787216,100,POST,POST /auth/login,34.900000,0.000000,780,920,1000,1100,1400,1600,1700,1700,1800,1800,1800,6082,0,490,649.4596121834758,327.06490000055055,1822.0784000004642,178.8375534363696
1788787216,100,,Aggregated,34.900000,0.000000,780,920,1000,1100,1400,1600,1700,1700,1800,1800,1800,6082,0,490,649.4596121834758,327.06490000055055,1822.0784000004642,178.8375534363696
1788787217,100,POST,POST /auth/login,34.700000,0.000000,680,890,990,1100,1400,1600,1700,1700,1800,1800,1800,6124,0,490,649.2503262899918,327.06490000055055,1822.0784000004642,178.83736120182888
1788787217,100,,Aggregated,34.700000,0.000000,680,890,990,1100,1400,1600,1700,1700,1800,1800,1800,6124,0,490,649.2503262899918,327.06490000055055,1822.0784000004642,178.83736120182888
1788787218,100,POST,POST /auth/login,35.200000,0.000000,630,760,940,1100,1400,1600,1700,1700,1800,1800,1800,6162,0,490,648.3833241804441,327.06490000055055,1822.0784000004642,178.83868873742293
1788787218,100,,Aggregated,35.200000,0.000000,630,760,940,1100,1400,1600,1700,1700,1800,1800,1800,6162,0,490,648.3833241804441,327.06490000055055,1822.0784000004642,178.83868873742293
1788787219,100,POST,POST /auth/login,36.100000,0.000000,640,780,950,1100,1400,1600,1700,1700,1800,1800,1800,6197,0,490,648.316554574777,327.06490000055055,1822.0784000004642,178.8400839115701
1788787219,100,,Aggregated,36.100000,0.000000,640,780,950,1100,1400,1600,1700,1700,1800,1800,1800,6197,0,490,648.316554574777,327.06490000055055,1822.0784000004642,178.8400839115701
1788787220,100,POST,POST /auth/login,36.300000,0.000000,680,790,960,1100,1400,1600,1700,1700,1800,1800,1800,6230,0,490,648.4317811717328,327.06490000055055,1822.0784000004642,178.84109149277688
1788787220,100,,Aggregated,36.300000,0.000000,680,790,960,1100,1400,1600,1700,1700,1800,1800,1800,6230,0,490,648.4317811717328,327.06490000055055,1822.0784000004642,178.84109149277688
1788787221,100,POST,POST /auth/login,36.100000,0.000000,680,870,1000,1100,1400,1600,1700,1700,1800,1800,1800,6261,0,490,649.4509607410805,327.06490000055055,1822.0784000004642,178.84076026193898
1788787221,100,,Aggregated,36.100000,0.000000,680,870,1000,1100,1400,1600,1700,1700,1800,1800,1800,6261,0,490,649.4509607410805,327.06490000055055,1822.0784000004642,178.84076026193898
1788787222,100,POST,POST /auth/login,35.800000,0.000000,700,940,1100,1200,1400,1600,1700,1700,1800,1800,1800,6300,0,490,651.4960962698244,327.06490000055055,1822.0784000004642,178.84317460317462
1788787222,100,,Aggregated,35.800000,0.000000,700,940,1100,1200,1400,1600,1700,1700,1800,1800,1800,6300,0,490,651.4960962698244,327.06490000055055,1822.0784000004642,178.84317460317462
1788787223,100,POST,POST /auth/login,34.800000,0.000000,710,910,1000,1100,1300,1600,1700,1700,1800,1800,1800,6332,0,490,652.6501144661839,327.06490000055055,1822.0784000004642,178.8433354390398
1788787223,100,,Aggregated,34.800000,0.000000,710,910,1000,1100,1300,1600,1700,1700,1800,1800,1800,6332,0,490,652.6501144661839,327.06490000055055,1822.0784000004642,178.8433354390398
1788787224,100,POST,POST /auth/login,35.500000,0.000000,710,890,960,1000,1100,1200,1300,1400,1500,1500,1500,6363,0,490,653.9383399496907,327.06490000055055,1822.0784000004642,178.84488448844886
1788787224,100,,Aggregated,35.500000,0.000000,710,890,960,1000,1100,1200,1300,1400,1500,1500,1500,6363,0,490,653.9383399496907,327.06490000055055,1822.0784000004642,178.84488448844886
1788787225,100,POST,POST /auth/login,36.500000,0.000000,710,910,970,1000,1100,1200,1200,1200,1300,1300,1300,6404,0,490,655.6649145533854,327.06490000055055,1822.0784000004642,178.84447220487195
1788787225,100,,Aggregated,36.500000,0.000000,710,910,970,1000,1100,1200,1200,1200,1300,1300,1300,6404,0,490,655.6649145533854,327.06490000055055,1822.0784000004642,178.84447220487195
1788787226,100,POST,POST /auth/login,36.400000,0.000000,860,960,1000,1000,1100,1200,1200,1200,1300,1300,1300,6444,0,490,657.2804352110278,327.06490000055055,1822.0784000004642,178.8469894475481
1788787226,100,,Aggregated,36.400000,0.000000,860,960,1000,1000,1100,1200,1200,1200,1300,1300,1300,6444,0,490,657.2804352110278,327.06490000055055,1822.0784000004642,178.8469894475481
1788787227,100,POST,POST /auth/login,36.200000,0.000000,860,960,1000,1100,1100,1200,1200,1200,1300,1300,1300,6473,0,490,657.6371042638425,327.06490000055055,1822.0784000004642,178.84690251815232
1788787227,100,,Aggregated,36.200000,0.000000,860,960,1000,1100,1100,1200,1200,1200,1300,1300,1300,6473,0,490,657.6371042638425,327.06490000055055,1822.0784000004642,178.84690251815232
1788787228,100,POST,POST /auth/login,35.900000,0.000000,860,960,1000,1100,1100,1200,1200,1200,1300,1300,1300,6511,0,490,657.7249651973343,327.06490000055055,1822.0784000004642,178.84779603747504
1788787228,100,,Aggregated,35.900000,0.000000,860,960,1000,1100,1100,1200,1200,1200,1300,1300,1300,6511,0,490,657.7249651973343,327.06490000055055,1822.0784000004642,178.84779603747504
1788787229,100,POST,POST /auth/login,35.000000,0.000000,860,960,1000,1100,1100,1200,1200,1200,1300,1300,1300,6546,0,490,657.6753510846072,327.06490000055055,1822.0784000004642,178.8487626031164
1788787229,100,,Aggregated,35.000000,0.000000,860,960,1000,1100,1100,1200,1200,1200,1300,1300,1300,6546,0,490,657.6753510846072,327.06490000055055,1822.0784000004642,178.8487626031164
1788787230,100,POST,POST /auth/login,34.900000,0.000000,870,960,1000,1000,1100,1200,1200,1200,1300,1300,1300,6585,0,490,658.7765000759053,327.06490000055055,1822.0784000004642,178.84920273348519
1788787230,100,,Aggregated,34.900000,0.000000,870,960,1000,1000,1100,1200,1200,1200,1300,1300,1300,6585,0,490,658.7765000759053,327.06490000055055,1822.0784000004642,178.84920273348519
1788787231,100,POST,POST /auth/login,35.000000,0.000000,850,920,970,1000,1100,1100,1200,1200,1300,1300,1300,6630,0,490,659.2584347360249,327.06490000055055,1822.0784000004642,178.8500754147813
1788787231,100,,Aggregated,35.000000,0.000000,850,920,970,1000,1100,1100,1200,1200,1300,1300,1300,6630,0,490,659.2584347360249,327.06490000055055,1822.0784000004642,178.8500754147813
1788787232,100,POST,POST /auth/login,35.100000,0.000000,750,890,950,980,1100,1100,1200,1200,1300,1300,1300,6662,0,490,658.6254841038475,327.06490000055055,1822.0784000004642,178.85169618733113
1788787232,100,,Aggregated,35.100000,0.000000,750,890,950,980,1100,1100,1200,1200,1300,1300,1300,6662,0,490,658.6254841038475,327.06490000055055,1822.0784000004642,178.85169618733113
1788787233,100,POST,POST /auth/login,36.600000,0.000000,700,850,910,950,1000,1100,1200,1200,1300,1300,1300,6698,0,500,658.1968550163956,327.06490000055055,1822.0784000004642,178.8515974917886
1788787233,100,,Aggregated,36.700000,0.000000,700,850,910,950,1000,1100,1200,1200,1300,1300,1300,6698,0,500,658.1968550163956,327.06490000055055,1822.0784000004642,178.8515974917886
1788787234,100,POST,POST /auth/login,36.400000,0.000000,700,810,890,920,990,1000,1100,1100,1200,1200,1200,6733,0,500,658.8643816723327,327.06490000055055,1822.0784000004642,178.85311154017526
1788787234,100,,Aggregated,36.400000,0.000000,700,810,890,920,990,1000,1100,1100,1200,1200,1200,6733,0,500,658.8643816723327,327.06490000055055,1822.0784000004642,178.85311154017526
1788787235,100,POST,POST /auth/login,36.200000,0.000000,690,770,840,890,950,990,1000,1100,1200,1200,1200,6774,0,500,658.974340729233,327.06490000055055,1822.0784000004642,178.85355772069678
1788787235,100,,Aggregated,36.200000,0.000000,690,770,840,890,950,990,1000,1100,1200,1200,1200,6774,0,500,658.974340729233,327.06490000055055,1822.0784000004642,178.85355772069678
1788787236,100,POST,POST /auth/login,36.200000,0.000000,670,740,810,860,930,980,1000,1000,1100,1100,1100,6809,0,500,658.9288538845378,327.06490000055055,1822.0784000004642,178.8538698781025
1788787236,100,,Aggregated,36.200000,0.000000,670,740,810,860,930,980,1000,1000,1100,1100,1100,6809,0,500,658.9288538845378,327.06490000055055,1822.0784000004642,178.8538698781025
1788787237,100,POST,POST /auth/login,37.200000,0.000000,680,770,850,890,950,990,1000,1000,1100,1100,1100,6838,0,500,659.4617057180205,327.06490000055055,1822.0784000004642,178.85463585843814
1788787237,100,,Aggregated,37.200000,0.000000,680,770,850,890,950,990,1000,1000,1100,1100,1100,6838,0,500,659.4617057180205,327.06490000055055,1822.0784000004642,178.85463585843814
1788787238,100,POST,POST /auth/login,36.200000,0.000000,710,840,900,930,1000,1100,1200,1200,1300,1300,1300,6873,0,500,661.1720350356209,327.06490000055055,1822.0784000004642,178.8558126000291
1788787238,100,,Aggregated,36.200000,0.000000,710,840,900,930,1000,1100,1200,1200,1300,1300,1300,6873,0,500,661.1720350356209,327.06490000055055,1822.0784000004642,178.8558126000291
1788787239,100,POST,POST /auth/login,36.400000,0.000000,730,870,930,980,1100,1200,1300,1400,1400,1400,1400,6912,0,500,663.311885720458,327.06490000055055,1822.0784000004642,178.85590277777777
1788787239,100,,Aggregated,36.400000,0.000000,730,870,930,980,1100,1200,1300,1400,1400,1400,1400,6912,0,500,663.311885720458,327.06490000055055,1822.0784000004642,178.85590277777777
1788787240,100,POST,POST /auth/login,35.800000,0.000000,710,850,920,970,1100,1200,1300,1400,1400,1400,1400,6951,0,500,663.9099357214513,327.06490000055055,1822.0784000004642,178.85743058552725
1788787240,100,,Aggregated,35.800000,0.000000,710,850,920,970,1100,1200,1300,1400,1400,1400,1400,6951,0,500,663.9099357214513,327.06490000055055,1822.0784000004642,178.85743058552725
1788787241,100,POST,POST /auth/login,36.000000,0.000000,710,840,910,970,1100,1200,1300,1400,1400,1400,1400,6990,0,500,663.8594866237202,327.06490000055055,1822.0784000004642,178.85751072961372
1788787241,100,,Aggregated,36.000000,0.000000,710,840,910,970,1100,1200,1300,1400,1400,1400,1400,6990,0,500,663.8594866237202,327.06490000055055,1822.0784000004642,178.85751072961372
1788787242,100,POST,POST /auth/login,36.500000,0.000000,720,840,910,970,1100,1200,1300,1400,1400,1400,1400,7026,0,500,663.8675578992036,327.06490000055055,1822.0784000004642,178.85881013378878
1788787242,100,,Aggregated,36.500000,0.000000,720,840,910,970,1100,1200,1300,1400,1400,1400,1400,7026,0,500,663.8675578992036,327.06490000055055,1822.0784000004642,178.85881013378878
1788787243,100,POST,POST /auth/login,35.400000,0.000000,720,810,890,940,1100,1200,1300,1400,1400,1400,1400,7067,0,500,664.1477908305947,327.06490000055055,1822.0784000004642,178.85835573793688
1788787243,100,,Aggregated,35.300000,0.000000,720,810,890,940,1100,1200,1300,1400,1400,1400,1400,7067,0,500,664.1477908305947,327.06490000055055,1822.0784000004642,178.85835573793688
1788787244,100,POST,POST /auth/login,36.200000,0.000000,710,790,860,920,1100,1200,1300,1400,1400,1400,1400,7098,0,500,664.0730750492826,327.06490000055055,1822.0784000004642,178.8596787827557
1788787244,100,,Aggregated,36.200000,0.000000,710,790,860,920,1100,1200,1300,1400,1400,1400,1400,7098,0,500,664.0730750492826,327.06490000055055,1822.0784000004642,178.8596787827557
1788787245,100,POST,POST /auth/login,36.300000,0.000000,730,800,850,910,1100,1200,1300,1400,1400,1400,1400,7140,0,500,664.2791067506743,327.06490000055055,1822.0784000004642,178.86022408963586
1788787245,100,,Aggregated,36.300000,0.000000,730,800,850,910,1100,1200,1300,1400,1400,1400,1400,7140,0,500,664.2791067506743,327.06490000055055,1822.0784000004642,178.86022408963586
1788787246,100,POST,POST /auth/login,36.200000,0.000000,710,780,840,900,1100,1200,1300,1400,1400,1400,1400,7172,0,500,664.519701812578,327.06490000055055,1822.0784000004642,178.8611266034579
1788787246,100,,Aggregated,36.200000,0.000000,710,780,840,900,1100,1200,1300,1400,1400,1400,1400,7172,0,500,664.519701812578,327.06490000055055,1822.0784000004642,178.8611266034579
1788787247,110,POST,POST /auth/login,36.100000,0.000000,710,780,840,900,1100,1200,1300,1400,1400,1400,1400,7202,0,500,665.6457760899482,327.06490000055055,1822.0784000004642,178.86114968064427
1788787247,110,,Aggregated,36.100000,0.000000,710,780,840,900,1100,1200,1300,1400,1400,1400,1400,7202,0,500,665.6457760899482,327.06490000055055,1822.0784000004642,178.86114968064427
1788787248,120,POST,POST /auth/login,36.400000,0.000000,720,780,830,890,1100,1300,1500,1500,1600,1600,1600,7237,0,500,668.4026112615447,327.06490000055055,1822.0784000004642,178.86085394500483
1788787248,120,,Aggregated,36.400000,0.000000,720,780,830,890,1100,1300,1500,1500,1600,1600,1600,7237,0,500,668.4026112615447,327.06490000055055,1822.0784000004642,178.86085394500483
1788787249,130,POST,POST /auth/login,35.900000,0.000000,720,800,890,1000,1500,1700,1700,1800,1900,1900,1900,7273,0,500,672.4868887941443,327.06490000055055,1890.1334000001953,178.8626426509006
1788787249,130,,Aggregated,35.900000,0.000000,720,800,890,1000,1500,1700,1700,1800,1900,1900,1900,7273,0,500,672.4868887941443,327.06490000055055,1890.1334000001953,178.8626426509006
1788787250,140,POST,POST /auth/login,36.400000,0.000000,760,900,1200,1400,1700,1800,1900,1900,2100,2100,2100,7307,0,500,676.6455082386483,327.06490000055055,2057.705800001713,178.86300807444917
1788787250,140,,Aggregated,36.400000,0.000000,760,900,1200,1400,1700,1800,1900,1900,2100,2100,2100,7307,0,500,676.6455082386483,327.06490000055055,2057.705800001713,178.86300807444917
1788787251,150,POST,POST /auth/login,35.800000,0.000000,840,1300,1500,1600,1800,1800,1900,2000,2100,2100,2100,7343,0,500,681.4712850878119,327.06490000055055,2057.705800001713,178.86231785373826
1788787251,150,,Aggregated,35.800000,0.000000,840,1300,1500,1600,1800,1800,1900,2000,2100,2100,2100,7343,0,500,681.4712850878119,327.06490000055055,2057.705800001713,178.86231785373826
1788787252,150,POST,POST /auth/login,35.100000,0.000000,1100,1600,1700,1700,1900,2000,2100,2200,2300,2300,2300,7383,0,500,687.786313531058,327.06490000055055,2265.5429000005824,178.86387647297846
1788787252,150,,Aggregated,35.100000,0.000000,1100,1600,1700,1700,1900,2000,2100,2200,2300,2300,2300,7383,0,500,687.786313531058,327.06490000055055,2265.5429000005824,178.86387647297846
1788787253,150,POST,POST /auth/login,35.800000,0.000000,1400,1700,1800,1800,2100,2300,2400,2500,2600,2600,2600,7417,0,500,694.5105271942543,327.06490000055055,2582.9571000031137,178.8642308210867
1788787253,150,,Aggregated,35.800000,0.000000,1400,1700,1800,1800,2100,2300,2400,2500,2600,2600,2600,7417,0,500,694.5105271942543,327.06490000055055,2582.9571000031137,178.8642308210867
1788787254,150,POST,POST /auth/login,35.100000,0.000000,1600,1800,1900,2000,2300,2500,2600,2600,2700,2700,2700,7452,0,500,701.6298709876256,327.06490000055055,2733.584699999483,178.8641975308642
1788787254,150,,Aggregated,35.100000,0.000000,1600,1800,1900,2000,2300,2500,2600,2600,2700,2700,2700,7452,0,500,701.6298709876256,327.06490000055055,2733.584699999483,178.8641975308642
1788787255,150,POST,POST /auth/login,34.900000,0.000000,1700,1900,2100,2200,2400,2500,2600,2600,2700,2700,2700,7483,0,500,707.5206741547216,327.06490000055055,2733.584699999483,178.8651610316718
1788787255,150,,Aggregated,34.900000,0.000000,1700,1900,2100,2200,2400,2500,2600,2600,2700,2700,2700,7483,0,500,707.5206741547216,327.06490000055055,2733.584699999483,178.8651610316718
1788787256,150,POST,POST /auth/login,35.000000,0.000000,1800,2100,2300,2400,2500,2700,2700,2800,3000,3000,3000,7520,0,510,715.9939293616726,327.06490000055055,3029.9097999995865,178.8651595744681
1788787256,150,,Aggregated,35.000000,0.000000,1800,2100,2300,2400,2500,2700,2700,2800,3000,3000,3000,7520,0,510,715.9939293616726,327.06490000055055,3029.9097999995865,178.8651595744681
1788787257,150,POST,POST /auth/login,34.100000,0.000000,1900,2300,2400,2500,2700,2700,2800,2900,3000,3000,3000,7555,0,510,724.1173474387514,327.06490000055055,3029.9097999995865,178.86512243547318
1788787257,150,,Aggregated,34.100000,0.000000,1900,2300,2400,2500,2700,2700,2800,2900,3000,3000,3000,7555,0,510,724.1173474387514,327.06490000055055,3029.9097999995865,178.86512243547318
1788787258,150,POST,POST /auth/login,34.000000,0.000000,2000,2400,2500,2500,2700,2700,2800,2900,3000,3000,3000,7589,0,510,731.2353336671188,327.06490000055055,3029.9097999995865,178.86546317037818
1788787258,150,,Aggregated,34.000000,0.000000,2000,2400,2500,2500,2700,2700,2800,2900,3000,3000,3000,7589,0,510,731.2353336671188,327.06490000055055,3029.9097999995865,178.86546317037818
1788787259,150,POST,POST /auth/login,34.900000,0.000000,2200,2400,2500,2600,2700,2700,2800,2900,3000,3000,3000,7629,0,510,738.8499240660339,327.06490000055055,3029.9097999995865,178.86590640975226
1788787259,150,,Aggregated,34.900000,0.000000,2200,2400,2500,2600,2700,2700,2800,2900,3000,3000,3000,7629,0,510,738.8499240660339,327.06490000055055,3029.9097999995865,178.86590640975226
1788787260,150,POST,POST /auth/login,35.000000,0.000000,2200,2400,2500,2600,2700,2700,2800,2900,3000,3000,3000,7669,0,520,745.0742084756507,327.06490000055055,3029.9097999995865,178.86686660581563
1788787260,150,,Aggregated,35.000000,0.000000,2200,2400,2500,2600,2700,2700,2800,2900,3000,3000,3000,7669,0,520,745.0742084756507,327.06490000055055,3029.9097999995865,178.86686660581563
1788787261,150,POST,POST /auth/login,35.700000,0.000000,2200,2400,2500,2600,2700,2700,2800,2900,3000,3000,3000,7706,0,520,750.4867098753908,327.06490000055055,3029.9097999995865,178.86737607059433
1788787261,150,,Aggregated,35.700000,0.000000,2200,2400,2500,2600,2700,2700,2800,2900,3000,3000,3000,7706,0,520,750.4867098753908,327.06490000055055,3029.9097999995865,178.86737607059433
1788787262,150,POST,POST /auth/login,35.800000,0.000000,2200,2400,2500,2600,2700,2700,2800,2900,3000,3000,3000,7747,0,520,757.2860110623161,327.06490000055055,3029.9097999995865,178.8663998967342
1788787262,150,,Aggregated,35.800000,0.000000,2200,2400,2500,2600,2700,2700,2800,2900,3000,3000,3000,7747,0,520,757.2860110623161,327.06490000055055,3029.9097999995865,178.8663998967342
1788787263,150,POST,POST /auth/login,35.700000,0.000000,2200,2400,2500,2500,2700,2700,2800,2900,3000,3000,3000,7783,0,530,763.1362837337476,327.06490000055055,3029.9097999995865,178.8675318000771
1788787263,150,,Aggregated,35.700000,0.000000,2200,2400,2500,2500,2700,2700,2800,2900,3000,3000,3000,7783,0,530,763.1362837337476,327.06490000055055,3029.9097999995865,178.8675318000771
1788787264,150,POST,POST /auth/login,36.200000,0.000000,2200,2300,2400,2500,2700,2700,2800,2900,3000,3000,3000,7820,0,530,768.274174769792,327.06490000055055,3029.9097999995865,178.86700767263426
1788787264,150,,Aggregated,36.200000,0.000000,2200,2300,2400,2500,2700,2700,2800,2900,3000,3000,3000,7820,0,530,768.274174769792,327.06490000055055,3029.9097999995865,178.86700767263426
1788787265,150,POST,POST /auth/login,36.500000,0.000000,2100,2300,2400,2400,2600,2700,2800,2900,3000,3000,3000,7857,0,530,773.1070560137149,327.06490000055055,3029.9097999995865,178.86801578210512
1788787265,150,,Aggregated,36.500000,0.000000,2100,2300,2400,2400,2600,2700,2800,2900,3000,3000,3000,7857,0,530,773.1070560137149,327.06490000055055,3029.9097999995865,178.86801578210512
1788787266,150,POST,POST /auth/login,36.900000,0.000000,2100,2200,2300,2300,2500,2600,2700,2700,2900,2900,2900,7892,0,540,778.4820785605348,327.06490000055055,3029.9097999995865,178.86847440446022
1788787266,150,,Aggregated,36.900000,0.000000,2100,2200,2300,2300,2500,2600,2700,2700,2900,2900,2900,7892,0,540,778.4820785605348,327.06490000055055,3029.9097999995865,178.86847440446022
1788787267,150,POST,POST /auth/login,37.100000,0.000000,2100,2200,2200,2300,2400,2500,2600,2600,2700,2700,2700,7931,0,540,785.0165602697951,327.06490000055055,3029.9097999995865,178.86874290757785
1788787267,150,,Aggregated,37.100000,0.000000,2100,2200,2200,2300,2400,2500,2600,2600,2700,2700,2700,7931,0,540,785.0165602697951,327.06490000055055,3029.9097999995865,178.86874290757785
1788787268,150,POST,POST /auth/login,37.400000,0.000000,2100,2200,2200,2300,2300,2400,2400,2400,2700,2700,2700,7963,0,540,790.1323600150383,327.06490000055055,3029.9097999995865,178.86927037548662
1788787268,150,,Aggregated,37.400000,0.000000,2100,2200,2200,2300,2300,2400,2400,2400,2700,2700,2700,7963,0,540,790.1323600150383,327.06490000055055,3029.9097999995865,178.86927037548662
1788787269,150,POST,POST /auth/login,37.300000,0.000000,2100,2200,2300,2300,2400,2400,2600,2600,2700,2700,2700,8002,0,540,797.3117137965213,327.06490000055055,3029.9097999995865,178.86928267933015
1788787269,150,,Aggregated,37.300000,0.000000,2100,2200,2300,2300,2400,2400,2600,2600,2700,2700,2700,8002,0,540,797.3117137965213,327.06490000055055,3029.9097999995865,178.86928267933015
1788787270,150,POST,POST /auth/login,37.400000,0.000000,2100,2200,2300,2300,2400,2500,2600,2600,2700,2700,2700,8038,0,550,803.5255023015399,327.06490000055055,3029.9097999995865,178.8693704901717
1788787270,150,,Aggregated,37.400000,0.000000,2100,2200,2300,2300,2400,2500,2600,2600,2700,2700,2700,8038,0,550,803.5255023015399,327.06490000055055,3029.9097999995865,178.8693704901717
1788787271,150,POST,POST /auth/login,36.500000,0.000000,2200,2200,2300,2300,2400,2500,2600,2600,2700,2700,2700,8073,0,550,808.7289167471538,327.06490000055055,3029.9097999995865,178.86931747801313
1788787271,150,,Aggregated,36.500000,0.000000,2200,2200,2300,2300,2400,2500,2600,2600,2700,2700,2700,8073,0,550,808.7289167471538,327.06490000055055,3029.9097999995865,178.86931747801313
1788787272,150,POST,POST /auth/login,36.800000,0.000000,2100,2200,2300,2300,2400,2500,2600,2600,2700,2700,2700,8112,0,550,814.2411370192016,327.06490000055055,3029.9097999995865,178.87006903353057
1788787272,150,,Aggregated,36.800000,0.000000,2100,2200,2300,2300,2400,2500,2600,2600,2700,2700,2700,8112,0,550,814.2411370192016,327.06490000055055,3029.9097999995865,178.87006903353057
1788787273,150,POST,POST /auth/login,36.800000,0.000000,2100,2200,2300,2300,2400,2500,2600,2600,2700,2700,2700,8146,0,560,818.896618536677,327.06490000055055,3029.9097999995865,178.87061134299043
1788787273,150,,Aggregated,36.800000,0.000000,2100,2200,2300,2300,2400,2500,2600,2600,2700,2700,2700,8146,0,560,818.896618536677,327.06490000055055,3029.9097999995865,178.87061134299043
1788787274,150,POST,POST /auth/login,36.500000,0.000000,2100,2200,2300,2300,2400,2500,2600,2600,2700,2700,2700,8190,0,560,824.0494154578456,327.06490000055055,3029.9097999995865,178.87008547008546
1788787274,150,,Aggregated,36.500000,0.000000,2100,2200,2300,2300,2400,2500,2600,2600,2700,2700,2700,8190,0,560,824.0494154578456,327.06490000055055,3029.9097999995865,178.87008547008546
1788787275,150,POST,POST /auth/login,36.400000,0.000000,2000,2200,2300,2300,2400,2500,2600,2600,2700,2700,2700,8234,0,560,828.7196633349236,327.06490000055055,3029.9097999995865,178.8705367986398
1788787275,150,,Aggregated,36.400000,0.000000,2000,2200,2300,2300,2400,2500,2600,2600,2700,2700,2700,8234,0,560,828.7196633349236,327.06490000055055,3029.9097999995865,178.8705367986398
1788787276,150,POST,POST /auth/login,36.700000,0.000000,2000,2100,2200,2300,2400,2500,2600,2600,2700,2700,2700,8279,0,570,832.6663893102747,327.06490000055055,3029.9097999995865,178.8711197004469
1788787276,150,,Aggregated,36.700000,0.000000,2000,2100,2200,2300,2400,2500,2600,2600,2700,2700,2700,8279,0,570,832.6663893102747,327.06490000055055,3029.9097999995865,178.8711197004469
1788787277,150,POST,POST /auth/login,36.900000,0.000000,1900,2000,2200,2200,2400,2500,2600,2600,2700,2700,2700,8321,0,570,835.9642096983248,327.06490000055055,3029.9097999995865,178.87201057565196
1788787277,150,,Aggregated,36.900000,0.000000,1900,2000,2200,2200,2400,2500,2600,2600,2700,2700,2700,8321,0,570,835.9642096983248,327.06490000055055,3029.9097999995865,178.87201057565196
1788787278,150,POST,POST /auth/login,38.100000,0.000000,1900,2000,2100,2100,2300,2500,2600,2600,2700,2700,2700,8355,0,570,839.4727291322286,327.06490000055055,3029.9097999995865,178.8715739078396
1788787278,150,,Aggregated,38.100000,0.000000,1900,2000,2100,2100,2300,2500,2600,2600,2700,2700,2700,8355,0,570,839.4727291322286,327.06490000055055,3029.9097999995865,178.8715739078396
1788787279,150,POST,POST /auth/login,38.600000,0.000000,1900,2000,2000,2100,2200,2300,2400,2500,2600,2600,2600,8393,0,580,844.1195525080153,327.06490000055055,3029.9097999995865,178.87167877993565
1788787279,150,,Aggregated,38.600000,0.000000,1900,2000,2000,2100,2200,2300,2400,2500,2600,2600,2600,8393,0,580,844.1195525080153,327.06490000055055,3029.9097999995865,178.87167877993565
1788787280,150,POST,POST /auth/login,38.800000,0.000000,1900,2000,2000,2000,2100,2200,2300,2300,2400,2400,2400,8435,0,580,849.4083452518986,327.06490000055055,3029.9097999995865,178.87231772377
1788787280,150,,Aggregated,38.800000,0.000000,1900,2000,2000,2000,2100,2200,2300,2300,2400,2400,2400,8435,0,580,849.4083452518986,327.06490000055055,3029.9097999995865,178.87231772377
1788787281,150,POST,POST /auth/login,39.400000,0.000000,1800,2000,2000,2100,2200,2200,2300,2300,2400,2400,2400,8471,0,580,854.1322222995826,327.06490000055055,3029.9097999995865,178.87215204816434
1788787281,150,,Aggregated,39.400000,0.000000,1800,2000,2000,2100,2200,2200,2300,2300,2400,2400,2400,8471,0,580,854.1322222995826,327.06490000055055,3029.9097999995865,178.87215204816434
1788787282,150,POST,POST /auth/login,39.100000,0.000000,1800,2000,2000,2100,2200,2300,2300,2400,2500,2500,2500,8507,0,580,859.1385084635893,327.06490000055055,3029.9097999995865,178.87316327730105
1788787282,150,,Aggregated,39.100000,0.000000,1800,2000,2000,2100,2200,2300,2300,2400,2500,2500,2500,8507,0,580,859.1385084635893,327.06490000055055,3029.9097999995865,178.87316327730105
1788787283,150,POST,POST /auth/login,38.700000,0.000000,1800,2000,2100,2100,2200,2300,2300,2400,2500,2500,2500,8545,0,590,863.8099401052958,327.06490000055055,3029.9097999995865,178.87372732592158
1788787283,150,,Aggregated,38.700000,0.000000,1800,2000,2100,2100,2200,2300,2300,2400,2500,2500,2500,8545,0,590,863.8099401052958,327.06490000055055,3029.9097999995865,178.87372732592158
1788787284,150,POST,POST /auth/login,39.100000,0.000000,1900,2000,2100,2100,2200,2300,2300,2400,2500,2500,2500,8581,0,590,868.005502890077,327.06490000055055,3029.9097999995865,178.87379093345763
1788787284,150,,Aggregated,39.100000,0.000000,1900,2000,2100,2100,2200,2300,2300,2400,2500,2500,2500,8581,0,590,868.005502890077,327.06490000055055,3029.9097999995865,178.87379093345763
1788787285,150,POST,POST /auth/login,39.600000,0.000000,1900,2100,2100,2200,2200,2300,2400,2400,2500,2500,2500,8618,0,590,872.8752422023393,327.06490000055055,3029.9097999995865,178.87352053840797
1788787285,150,,Aggregated,39.600000,0.000000,1900,2100,2100,2200,2200,2300,2400,2400,2500,2500,2500,8618,0,590,872.8752422023393,327.06490000055055,3029.9097999995865,178.87352053840797
1788787286,150,POST,POST /auth/login,39.100000,0.000000,2000,2100,2200,2200,2300,2300,2400,2400,2500,2500,2500,8654,0,600,877.6915414836776,327.06490000055055,3029.9097999995865,178.87358446960943
1788787286,150,,Aggregated,39.100000,0.000000,2000,2100,2200,2200,2300,2300,2400,2400,2500,2500,2500,8654,0,600,877.6915414836776,327.06490000055055,3029.9097999995865,178.87358446960943
1788787287,150,POST,POST /auth/login,38.700000,0.000000,2000,2100,2200,2200,2300,2300,2400,2400,2500,2500,2500,8693,0,600,882.5086294144421,327.06490000055055,3029.9097999995865,178.87449672150007
1788787287,150,,Aggregated,38.700000,0.000000,2000,2100,2200,2200,2300,2300,2400,2400,2500,2500,2500,8693,0,600,882.5086294144421,327.06490000055055,3029.9097999995865,178.87449672150007
1788787288,150,POST,POST /auth/login,37.600000,0.000000,2100,2200,2200,2200,2300,2400,2500,2500,2600,2600,2600,8726,0,600,887.0994380701069,327.06490000055055,3029.9097999995865,178.8750859500344
1788787288,150,,Aggregated,37.600000,0.000000,2100,2200,2200,2200,2300,2400,2500,2500,2600,2600,2600,8726,0,600,887.0994380701069,327.06490000055055,3029.9097999995865,178.8750859500344
1788787289,150,POST,POST /auth/login,37.000000,0.000000,2100,2200,2200,2300,2400,2500,2500,2600,2700,2700,2700,8758,0,610,892.0346941196344,327.06490000055055,3029.9097999995865,178.87508563598996
1788787289,150,,Aggregated,37.000000,0.000000,2100,2200,2200,2300,2400,2500,2500,2600,2700,2700,2700,8758,0,610,892.0346941196344,327.06490000055055,3029.9097999995865,178.87508563598996
1788787290,150,POST,POST /auth/login,36.900000,0.000000,2100,2200,2300,2300,2400,2500,2600,2600,2700,2700,2700,8799,0,610,898.6597967041424,327.06490000055055,3029.9097999995865,178.87509944311853
1788787290,150,,Aggregated,36.900000,0.000000,2100,2200,2300,2300,2400,2500,2600,2600,2700,2700,2700,8799,0,610,898.6597967041424,327.06490000055055,3029.9097999995865,178.87509944311853
1788787291,150,POST,POST /auth/login,36.500000,0.000000,2200,2300,2300,2400,2500,2600,2600,2700,2700,2700,2700,8832,0,610,903.9431285891952,327.06490000055055,3029.9097999995865,178.87545289855072
1788787291,150,,Aggregated,36.500000,0.000000,2200,2300,2300,2400,2500,2600,2600,2700,2700,2700,2700,8832,0,610,903.9431285891952,327.06490000055055,3029.9097999995865,178.87545289855072
1788787292,150,POST,POST /auth/login,36.400000,0.000000,2200,2300,2400,2400,2500,2600,2700,2700,2800,2800,2800,8871,0,610,909.9463373463826,327.06490000055055,3029.9097999995865,178.87611317777026
1788787292,150,,Aggregated,36.400000,0.000000,2200,2300,2400,2400,2500,2600,2700,2700,2800,2800,2800,8871,0,610,909.9463373463826,327.06490000055055,3029.9097999995865,178.87611317777026
1788787293,150,POST,POST /auth/login,36.500000,0.000000,2200,2300,2400,2400,2500,2600,2700,2700,2800,2800,2800,8907,0,620,915.2936239249757,327.06490000055055,3029.9097999995865,178.87571572920174
1788787293,150,,Aggregated,36.500000,0.000000,2200,2300,2400,2400,2500,2600,2700,2700,2800,2800,2800,8907,0,620,915.2936239249757,327.06490000055055,3029.9097999995865,178.87571572920174
1788787294,150,POST,POST /auth/login,36.200000,0.000000,2300,2400,2400,2500,2500,2600,2700,2700,2800,2800,2800,8940,0,620,920.4263075391236,327.06490000055055,3029.9097999995865,178.87561521252798
1788787294,150,,Aggregated,36.200000,0.000000,2300,2400,2400,2500,2500,2600,2700,2700,2800,2800,2800,8940,0,620,920.4263075391236,327.06490000055055,3029.9097999995865,178.87561521252798
1788787295,150,POST,POST /auth/login,36.000000,0.000000,2300,2400,2500,2500,2600,2600,2700,2700,2800,2800,2800,8978,0,620,925.8498559255697,327.06490000055055,3029.9097999995865,178.876809979951
1788787295,150,,Aggregated,36.000000,0.000000,2300,2400,2500,2500,2600,2600,2700,2700,2800,2800,2800,8978,0,620,925.8498559255697,327.06490000055055,3029.9097999995865,178.876809979951
1788787296,150,POST,POST /auth/login,35.900000,0.000000,2300,2400,2500,2500,2600,2600,2700,2700,2800,2800,2800,9020,0,630,931.8928739356695,327.06490000055055,3029.9097999995865,178.8769401330377
1788787296,150,,Aggregated,35.900000,0.000000,2300,2400,2500,2500,2600,2600,2700,2700,2800,2800,2800,9020,0,630,931.8928739356695,327.06490000055055,3029.9097999995865,178.8769401330377
1788787297,150,POST,POST /auth/login,35.600000,0.000000,2400,2500,2500,2500,2600,2700,2700,2800,2800,2800,2800,9053,0,630,936.8755853307991,327.06490000055055,3029.9097999995865,178.87661548657903
1788787297,150,,Aggregated,35.600000,0.000000,2400,2500,2500,2500,2600,2700,2700,2800,2800,2800,2800,9053,0,630,936.8755853307991,327.06490000055055,3029.9097999995865,178.87661548657903
1788787298,150,POST,POST /auth/login,35.800000,0.000000,2400,2500,2500,2500,2600,2700,2700,2800,2800,2800,2800,9085,0,630,941.5529307099321,327.06490000055055,3029.9097999995865,178.87638965327463
1788787298,150,,Aggregated,35.800000,0.000000,2400,2500,2500,2500,2600,2700,2700,2800,2800,2800,2800,9085,0,630,941.5529307099321,327.06490000055055,3029.9097999995865,178.87638965327463
1788787299,150,POST,POST /auth/login,35.600000,0.000000,2400,2500,2500,2500,2600,2700,2700,2800,2800,2800,2800,9119,0,640,946.9331550717984,327.06490000055055,3029.9097999995865,178.87706985415068
1788787299,150,,Aggregated,35.600000,0.000000,2400,2500,2500,2500,2600,2700,2700,2800,2800,2800,2800,9119,0,640,946.9331550717984,327.06490000055055,3029.9097999995865,178.87706985415068
1788787300,150,POST,POST /auth/login,35.600000,0.000000,2400,2500,2500,2600,2600,2700,2800,2800,2900,2900,2900,9152,0,640,952.179679261332,327.06490000055055,3029.9097999995865,178.8778409090909
1788787300,150,,Aggregated,35.600000,0.000000,2400,2500,2500,2600,2600,2700,2800,2800,2900,2900,2900,9152,0,640,952.179679261332,327.06490000055055,3029.9097999995865,178.8778409090909
1788787301,150,POST,POST /auth/login,35.300000,0.000000,2400,2500,2500,2600,2600,2700,2800,2800,2900,2900,2900,9187,0,640,957.5224616849574,327.06490000055055,3029.9097999995865,178.87732665723306
1788787301,150,,Aggregated,35.300000,0.000000,2400,2500,2500,2600,2600,2700,2800,2800,2900,2900,2900,9187,0,640,957.5224616849574,327.06490000055055,3029.9097999995865,178.87732665723306
1788787302,150,POST,POST /auth/login,35.600000,0.000000,2400,2500,2500,2600,2700,2700,2800,2800,2900,2900,2900,9226,0,650,963.5298998590619,327.06490000055055,3029.9097999995865,178.87686971601994
1788787302,150,,Aggregated,35.600000,0.000000,2400,2500,2500,2600,2700,2700,2800,2800,2900,2900,2900,9226,0,650,963.5298998590619,327.06490000055055,3029.9097999995865,178.87686971601994
1788787303,150,POST,POST /auth/login,35.100000,0.000000,2500,2500,2600,2600,2700,2700,2800,2800,2900,2900,2900,9256,0,650,967.805239217773,327.06490000055055,3029.9097999995865,178.87748487467587
1788787303,150,,Aggregated,35.100000,0.000000,2500,2500,2600,2600,2700,2700,2800,2800,2900,2900,2900,9256,0,650,967.805239217773,327.06490000055055,3029.9097999995865,178.87748487467587
1788787304,150,POST,POST /auth/login,34.800000,0.000000,2400,2500,2600,2600,2700,2700,2800,2800,2900,2900,2900,9292,0,650,972.902016078317,327.06490000055055,3029.9097999995865,178.87860525182953
1788787304,150,,Aggregated,34.800000,0.000000,2400,2500,2600,2600,2700,2700,2800,2800,2900,2900,2900,9292,0,650,972.902016078317,327.06490000055055,3029.9097999995865,178.87860525182953
1788787305,150,POST,POST /auth/login,34.500000,0.000000,2500,2500,2600,2600,2700,2700,2800,2800,2900,2900,2900,9330,0,650,978.6245728081166,327.06490000055055,3029.9097999995865,178.87824222936763
1788787305,150,,Aggregated,34.500000,0.000000,2500,2500,2600,2600,2700,2700,2800,2800,2900,2900,2900,9330,0,650,978.6245728081166,327.06490000055055,3029.9097999995865,178.87824222936763
1788787306,150,POST,POST /auth/login,35.100000,0.000000,2500,2600,2600,2600,2700,2700,2800,2800,3000,3000,3000,9369,0,650,984.2085398121174,327.06490000055055,3029.9097999995865,178.8784288611378
1788787306,150,,Aggregated,35.100000,0.000000,2500,2600,2600,2600,2700,2700,2800,2800,3000,3000,3000,9369,0,650,984.2085398121174,327.06490000055055,3029.9097999995865,178.8784288611378
1788787307,150,POST,POST /auth/login,34.500000,0.000000,2500,2500,2600,2600,2700,2700,2800,2800,3000,3000,3000,9405,0,660,988.4734648059248,327.06490000055055,3029.9097999995865,178.87868155236578
1788787307,150,,Aggregated,34.500000,0.000000,2500,2500,2600,2600,2700,2700,2800,2800,3000,3000,3000,9405,0,660,988.4734648059248,327.06490000055055,3029.9097999995865,178.87868155236578
1788787308,150,POST,POST /auth/login,34.700000,0.000000,2400,2500,2600,2600,2700,2700,2800,2800,3000,3000,3000,9435,0,660,992.2245306835953,327.06490000055055,3029.9097999995865,178.87949125596185
1788787308,150,,Aggregated,34.700000,0.000000,2400,2500,2600,2600,2700,2700,2800,2800,3000,3000,3000,9435,0,660,992.2245306835953,327.06490000055055,3029.9097999995865,178.87949125596185
1788787309,150,POST,POST /auth/login,35.200000,0.000000,2400,2500,2600,2600,2700,2700,2800,2800,3000,3000,3000,9475,0,660,997.8228082743755,327.06490000055055,3029.9097999995865,178.8797889182058
1788787309,150,,Aggregated,35.200000,0.000000,2400,2500,2600,2600,2700,2700,2800,2800,3000,3000,3000,9475,0,660,997.8228082743755,327.06490000055055,3029.9097999995865,178.8797889182058
1788787310,150,POST,POST /auth/login,35.100000,0.000000,2400,2500,2600,2600,2700,2700,2700,2800,3000,3000,3000,9511,0,670,1002.4675469981818,327.06490000055055,3029.9097999995865,178.87919251393123
1788787310,150,,Aggregated,35.100000,0.000000,2400,2500,2600,2600,2700,2700,2700,2800,3000,3000,3000,9511,0,670,1002.4675469981818,327.06490000055055,3029.9097999995865,178.87919251393123
1788787311,150,POST,POST /auth/login,35.200000,0.000000,2400,2500,2600,2600,2600,2700,2700,2800,3000,3000,3000,9546,0,670,1007.0999943641011,327.06490000055055,3029.9097999995865,178.87911166980933
1788787311,150,,Aggregated,35.200000,0.000000,2400,2500,2600,2600,2600,2700,2700,2800,3000,3000,3000,9546,0,670,1007.0999943641011,327.06490000055055,3029.9097999995865,178.87911166980933
1788787312,150,POST,POST /auth/login,35.100000,0.000000,2400,2500,2500,2600,2600,2700,2700,2800,3000,3000,3000,9579,0,670,1011.2751036537956,327.06490000055055,3029.9097999995865,178.88025889967636
1788787312,150,,Aggregated,35.100000,0.000000,2400,2500,2500,2600,2600,2700,2700,2800,3000,3000,3000,9579,0,670,1011.2751036537956,327.06490000055055,3029.9097999995865,178.88025889967636
1788787313,150,POST,POST /auth/login,35.900000,0.000000,2400,2500,2500,2600,2600,2700,2700,2800,3000,3000,3000,9612,0,670,1015.615302569673,327.06490000055055,3029.9097999995865,178.8799417394923
1788787313,150,,Aggregated,35.900000,0.000000,2400,2500,2500,2600,2600,2700,2700,2800,3000,3000,3000,9612,0,670,1015.615302569673,327.06490000055055,3029.9097999995865,178.8799417394923
1788787314,150,POST,POST /auth/login,35.900000,0.000000,2400,2500,2500,2500,2600,2700,2700,2800,3000,3000,3000,9649,0,680,1020.4956978857587,327.06490000055055,3029.9097999995865,178.88071302725672
1788787314,150,,Aggregated,35.900000,0.000000,2400,2500,2500,2500,2600,2700,2700,2800,3000,3000,3000,9649,0,680,1020.4956978857587,327.06490000055055,3029.9097999995865,178.88071302725672
1788787315,150,POST,POST /auth/login,35.300000,0.000000,2400,2500,2500,2600,2600,2700,2700,2800,3000,3000,3000,9682,0,680,1025.4840513323375,327.06490000055055,3029.9097999995865,178.87977690559802
1788787315,150,,Aggregated,35.300000,0.000000,2400,2500,2500,2600,2600,2700,2700,2800,3000,3000,3000,9682,0,680,1025.4840513323375,327.06490000055055,3029.9097999995865,178.87977690559802
1788787316,150,POST,POST /auth/login,34.800000,0.000000,2400,2500,2500,2600,2700,2700,2900,2900,3200,3200,3200,9719,0,680,1031.199853575439,327.06490000055055,3165.4677000005904,178.8803374832802
1788787316,150,,Aggregated,34.800000,0.000000,2400,2500,2500,2600,2700,2700,2900,2900,3200,3200,3200,9719,0,680,1031.199853575439,327.06490000055055,3165.4677000005904,178.8803374832802
1788787317,150,POST,POST /auth/login,35.500000,0.000000,2400,2500,2500,2600,2700,2700,2900,2900,3200,3200,3200,9751,0,690,1035.5833796430834,327.06490000055055,3165.4677000005904,178.88093528868833
1788787317,150,,Aggregated,35.500000,0.000000,2400,2500,2500,2600,2700,2700,2900,2900,3200,3200,3200,9751,0,690,1035.5833796430834,327.06490000055055,3165.4677000005904,178.88093528868833
1788787318,150,POST,POST /auth/login,35.100000,0.000000,2400,2500,2600,2600,2700,2800,2900,2900,3200,3200,3200,9787,0,690,1040.5983796464413,327.06490000055055,3165.4677000005904,178.88076019209154
1788787318,150,,Aggregated,35.100000,0.000000,2400,2500,2600,2600,2700,2800,2900,2900,3200,3200,3200,9787,0,690,1040.5983796464413,327.06490000055055,3165.4677000005904,178.88076019209154
1788787319,150,POST,POST /auth/login,34.600000,0.000000,2400,2500,2600,2600,2700,2800,2900,2900,3200,3200,3200,9823,0,690,1045.8385784994107,327.06490000055055,3165.4677000005904,178.88119719026773
1788787319,150,,Aggregated,34.600000,0.000000,2400,2500,2600,2600,2700,2800,2900,2900,3200,3200,3200,9823,0,690,1045.8385784994107,327.06490000055055,3165.4677000005904,178.88119719026773
1788787320,150,POST,POST /auth/login,34.100000,0.000000,2500,2500,2600,2600,2700,2800,2900,2900,3200,3200,3200,9855,0,690,1050.2024684525313,327.06490000055055,3165.4677000005904,178.88158295281582
1788787320,150,,Aggregated,34.100000,0.000000,2500,2500,2600,2600,2700,2800,2900,2900,3200,3200,3200,9855,0,690,1050.2024684525313,327.06490000055055,3165.4677000005904,178.88158295281582
1788787321,150,POST,POST /auth/login,34.700000,0.000000,2500,2500,2600,2600,2700,2800,2900,2900,3200,3200,3200,9891,0,700,1054.9680355979885,327.06490000055055,3165.4677000005904,178.88140734000606
1788787321,150,,Aggregated,34.700000,0.000000,2500,2500,2600,2600,2700,2800,2900,2900,3200,3200,3200,9891,0,700,1054.9680355979885,327.06490000055055,3165.4677000005904,178.88140734000606
1788787322,150,POST,POST /auth/login,34.500000,0.000000,2500,2600,2600,2700,2800,2800,2900,2900,3200,3200,3200,9922,0,700,1058.940296160019,327.06490000055055,3165.4677000005904,178.88147550896997
1788787322,150,,Aggregated,34.500000,0.000000,2500,2600,2600,2700,2800,2800,2900,2900,3200,3200,3200,9922,0,700,1058.940296160019,327.06490000055055,3165.4677000005904,178.88147550896997
1788787323,150,POST,POST /auth/login,33.800000,0.000000,2500,2600,2600,2700,2800,2800,2900,2900,3200,3200,3200,9956,0,700,1063.5128703093314,327.06490000055055,3165.4677000005904,178.88188027320209
1788787323,150,,Aggregated,33.800000,0.000000,2500,2600,2600,2700,2800,2800,2900,2900,3200,3200,3200,9956,0,700,1063.5128703093314,327.06490000055055,3165.4677000005904,178.88188027320209
1788787324,150,POST,POST /auth/login,33.800000,0.000000,2500,2600,2600,2700,2800,2800,2900,2900,3200,3200,3200,9992,0,700,1068.4489893314367,327.06490000055055,3165.4677000005904,178.88190552441952
1788787324,150,,Aggregated,33.800000,0.000000,2500,2600,2600,2700,2800,2800,2900,2900,3200,3200,3200,9992,0,700,1068.4489893314367,327.06490000055055,3165.4677000005904,178.88190552441952
1788787325,150,POST,POST /auth/login,33.800000,0.000000,2500,2600,2600,2700,2800,2800,2900,2900,3200,3200,3200,10028,0,710,1072.8138121958223,327.06490000055055,3165.4677000005904,178.88193059433587
1788787325,150,,Aggregated,33.800000,0.000000,2500,2600,2600,2700,2800,2800,2900,2900,3200,3200,3200,10028,0,710,1072.8138121958223,327.06490000055055,3165.4677000005904,178.88193059433587
1788787326,150,POST,POST /auth/login,33.800000,0.000000,2500,2500,2600,2600,2700,2800,2800,2900,2900,2900,2900,10056,0,710,1076.2228761932893,327.06490000055055,3165.4677000005904,178.88245823389022
1788787326,150,,Aggregated,33.800000,0.000000,2500,2500,2600,2600,2700,2800,2800,2900,2900,2900,2900,10056,0,710,1076.2228761932893,327.06490000055055,3165.4677000005904,178.88245823389022
1788787327,150,POST,POST /auth/login,33.800000,0.000000,2500,2600,2600,2600,2800,2800,2800,2900,2900,2900,2900,10094,0,710,1081.0644608876264,327.06490000055055,3165.4677000005904,178.88230632058648
1788787327,150,,Aggregated,33.800000,0.000000,2500,2600,2600,2600,2800,2800,2800,2900,2900,2900,2900,10094,0,710,1081.0644608876264,327.06490000055055,3165.4677000005904,178.88230632058648
1788787328,150,POST,POST /auth/login,33.900000,0.000000,2500,2600,2600,2600,2700,2800,2800,2900,2900,2900,2900,10134,0,720,1085.6237234655325,327.06490000055055,3165.4677000005904,178.88217880402604
1788787328,150,,Aggregated,33.900000,0.000000,2500,2600,2600,2600,2700,2800,2800,2900,2900,2900,2900,10134,0,720,1085.6237234655325,327.06490000055055,3165.4677000005904,178.88217880402604
1788787329,150,POST,POST /auth/login,34.100000,0.000000,2400,2500,2600,2600,2700,2800,2800,2800,2900,2900,2900,10173,0,720,1090.1504427012387,327.06490000055055,3165.4677000005904,178.88331858842034
1788787329,150,,Aggregated,34.100000,0.000000,2400,2500,2600,2600,2700,2800,2800,2800,2900,2900,2900,10173,0,720,1090.1504427012387,327.06490000055055,3165.4677000005904,178.88331858842034
1788787330,150,POST,POST /auth/login,34.200000,0.000000,2400,2500,2600,2600,2700,2800,2800,2800,2900,2900,2900,10210,0,720,1094.3173932418915,327.06490000055055,3165.4677000005904,178.88364348677766
1788787330,150,,Aggregated,34.200000,0.000000,2400,2500,2600,2600,2700,2800,2800,2800,2900,2900,2900,10210,0,720,1094.3173932418915,327.06490000055055,3165.4677000005904,178.88364348677766
1788787331,150,POST,POST /auth/login,34.500000,0.000000,2400,2500,2600,2600,2700,2800,2800,2800,2900,2900,2900,10245,0,730,1098.3003401073402,327.06490000055055,3165.4677000005904,178.88355295265984
1788787331,150,,Aggregated,34.500000,0.000000,2400,2500,2600,2600,2700,2800,2800,2800,2900,2900,2900,10245,0,730,1098.3003401073402,327.06490000055055,3165.4677000005904,178.88355295265984
1788787332,150,POST,POST /auth/login,34.700000,0.000000,2400,2500,2500,2600,2600,2700,2800,2800,2900,2900,2900,10281,0,730,1101.962991868466,327.06490000055055,3165.4677000005904,178.88337710339462
1788787332,150,,Aggregated,34.700000,0.000000,2400,2500,2500,2600,2600,2700,2800,2800,2900,2900,2900,10281,0,730,1101.962991868466,327.06490000055055,3165.4677000005904,178.88337710339462
1788787333,150,POST,POST /auth/login,35.300000,0.000000,2400,2400,2500,2500,2600,2700,2800,2800,2900,2900,2900,10317,0,730,1105.5683849180662,327.06490000055055,3165.4677000005904,178.883590190947
1788787333,150,,Aggregated,35.300000,0.000000,2400,2400,2500,2500,2600,2700,2800,2800,2900,2900,2900,10317,0,730,1105.5683849180662,327.06490000055055,3165.4677000005904,178.883590190947
1788787334,150,POST,POST /auth/login,35.400000,0.000000,2300,2400,2500,2500,2600,2700,2700,2800,2900,2900,2900,10351,0,740,1108.9422126557527,327.06490000055055,3165.4677000005904,178.8843589991305
1788787334,150,,Aggregated,35.400000,0.000000,2300,2400,2500,2500,2600,2700,2700,2800,2900,2900,2900,10351,0,740,1108.9422126557527,327.06490000055055,3165.4677000005904,178.8843589991305
1788787335,150,POST,POST /auth/login,35.800000,0.000000,2300,2400,2500,2500,2600,2600,2700,2800,2900,2900,2900,10388,0,740,1112.9748286772906,327.06490000055055,3165.4677000005904,178.88409703504044
1788787335,150,,Aggregated,35.800000,0.000000,2300,2400,2500,2500,2600,2600,2700,2800,2900,2900,2900,10388,0,740,1112.9748286772906,327.06490000055055,3165.4677000005904,178.88409703504044
1788787336,150,POST,POST /auth/login,36.000000,0.000000,2300,2400,2400,2500,2600,2600,2700,2800,2900,2900,2900,10428,0,740,1116.8547193900733,327.06490000055055,3165.4677000005904,178.88415803605676
1788787336,150,,Aggregated,36.000000,0.000000,2300,2400,2400,2500,2600,2600,2700,2800,2900,2900,2900,10428,0,740,1116.8547193900733,327.06490000055055,3165.4677000005904,178.88415803605676
1788787337,150,POST,POST /auth/login,35.800000,0.000000,2300,2400,2400,2500,2500,2600,2600,2700,2900,2900,2900,10460,0,750,1120.155776261921,327.06490000055055,3165.4677000005904,178.88432122370938
1788787337,150,,Aggregated,35.800000,0.000000,2300,2400,2400,2500,2500,2600,2600,2700,2900,2900,2900,10460,0,750,1120.155776261921,327.06490000055055,3165.4677000005904,178.88432122370938
1788787338,150,POST,POST /auth/login,36.000000,0.000000,2300,2400,2400,2500,2500,2600,2600,2700,2700,2700,2700,10498,0,750,1124.3788728805196,327.06490000055055,3165.4677000005904,178.8845494379882
1788787338,150,,Aggregated,36.000000,0.000000,2300,2400,2400,2500,2500,2600,2600,2700,2700,2700,2700,10498,0,750,1124.3788728805196,327.06490000055055,3165.4677000005904,178.8845494379882
1788787340,150,POST,POST /auth/login,36.400000,0.000000,2300,2400,2400,2500,2500,2600,2600,2700,2700,2700,2700,10533,0,750,1128.1550178011676,327.06490000055055,3165.4677000005904,178.88483812778887
1788787340,150,,Aggregated,36.400000,0.000000,2300,2400,2400,2500,2500,2600,2600,2700,2700,2700,2700,10533,0,750,1128.1550178011676,327.06490000055055,3165.4677000005904,178.88483812778887
1788787341,150,POST,POST /auth/login,36.300000,0.000000,2300,2400,2400,2500,2600,2600,2700,2700,2700,2700,2700,10569,0,760,1132.069744053334,327.06490000055055,3165.4677000005904,178.8844734601192
1788787341,150,,Aggregated,36.300000,0.000000,2300,2400,2400,2500,2600,2600,2700,2700,2700,2700,2700,10569,0,760,1132.069744053334,327.06490000055055,3165.4677000005904,178.8844734601192
1788787342,150,POST,POST /auth/login,36.000000,0.000000,2300,2400,2500,2500,2600,2600,2700,2700,2800,2800,2800,10603,0,760,1135.9587802508436,327.06490000055055,3165.4677000005904,178.88484391210034
1788787342,150,,Aggregated,36.000000,0.000000,2300,2400,2500,2500,2600,2600,2700,2700,2800,2800,2800,10603,0,760,1135.9587802508436,327.06490000055055,3165.4677000005904,178.88484391210034
1788787343,150,POST,POST /auth/login,36.000000,0.000000,2300,2400,2500,2500,2600,2600,2700,2700,2800,2800,2800,10633,0,760,1139.0362439198427,327.06490000055055,3165.4677000005904,178.885921188752
1788787343,150,,Aggregated,36.000000,0.000000,2300,2400,2500,2500,2600,2600,2700,2700,2800,2800,2800,10633,0,760,1139.0362439198427,327.06490000055055,3165.4677000005904,178.885921188752
1788787344,150,POST,POST /auth/login,35.500000,0.000000,2300,2400,2500,2500,2600,2600,2700,2700,2800,2800,2800,10674,0,770,1143.4902723627222,327.06490000055055,3165.4677000005904,178.88532883642495
1788787344,150,,Aggregated,35.500000,0.000000,2300,2400,2500,2500,2600,2600,2700,2700,2800,2800,2800,10674,0,770,1143.4902723627222,327.06490000055055,3165.4677000005904,178.88532883642495
1788787345,150,POST,POST /auth/login,35.500000,0.000000,2400,2400,2500,2500,2600,2700,2700,2700,2800,2800,2800,10709,0,770,1147.3283883088698,327.06490000055055,3165.4677000005904,178.88467644037726
1788787345,150,,Aggregated,35.500000,0.000000,2400,2400,2500,2500,2600,2700,2700,2700,2800,2800,2800,10709,0,770,1147.3283883088698,327.06490000055055,3165.4677000005904,178.88467644037726
1788787346,150,POST,POST /auth/login,35.300000,0.000000,2400,2500,2500,2500,2600,2700,2700,2700,2800,2800,2800,10746,0,780,1151.5112928345156,327.06490000055055,3165.4677000005904,178.8859110366648
1788787346,150,,Aggregated,35.300000,0.000000,2400,2500,2500,2500,2600,2700,2700,2700,2800,2800,2800,10746,0,780,1151.5112928345156,327.06490000055055,3165.4677000005904,178.8859110366648
1788787347,150,POST,POST /auth/login,35.800000,0.000000,2400,2500,2500,2600,2600,2700,2700,2800,2900,2900,2900,10780,0,780,1155.3170239610113,327.06490000055055,3165.4677000005904,178.88664192949906
1788787347,150,,Aggregated,35.800000,0.000000,2400,2500,2500,2600,2600,2700,2700,2800,2900,2900,2900,10780,0,780,1155.3170239610113,327.06490000055055,3165.4677000005904,178.88664192949906
1788787348,150,POST,POST /auth/login,35.700000,0.000000,2400,2500,2500,2600,2600,2700,2700,2800,3000,3000,3000,10815,0,790,1158.8839100970604,327.06490000055055,3165.4677000005904,178.88599167822468
1788787348,150,,Aggregated,35.700000,0.000000,2400,2500,2500,2600,2600,2700,2700,2800,3000,3000,3000,10815,0,790,1158.8839100970604,327.06490000055055,3165.4677000005904,178.88599167822468
1788787349,150,POST,POST /auth/login,34.900000,0.000000,2400,2500,2500,2600,2600,2700,2700,2800,3000,3000,3000,10847,0,790,1161.9244200884766,327.06490000055055,3165.4677000005904,178.88577486862727
1788787349,150,,Aggregated,34.900000,0.000000,2400,2500,2500,2600,2600,2700,2700,2800,3000,3000,3000,10847,0,790,1161.9244200884766,327.06490000055055,3165.4677000005904,178.88577486862727
1788787350,150,POST,POST /auth/login,35.200000,0.000000,2400,2500,2500,2600,2600,2700,2800,2800,3000,3000,3000,10884,0,800,1166.028137495379,327.06490000055055,3165.4677000005904,178.88607129731716
1788787350,150,,Aggregated,35.200000,0.000000,2400,2500,2500,2600,2600,2700,2800,2800,3000,3000,3000,10884,0,800,1166.028137495379,327.06490000055055,3165.4677000005904,178.88607129731716
1788787351,150,POST,POST /auth/login,34.700000,0.000000,2400,2500,2500,2500,2600,2700,2800,2800,3000,3000,3000,10924,0,800,1169.7202506590745,327.06490000055055,3165.4677000005904,178.8863053826437
1788787351,150,,Aggregated,34.700000,0.000000,2400,2500,2500,2500,2600,2700,2800,2800,3000,3000,3000,10924,0,800,1169.7202506590745,327.06490000055055,3165.4677000005904,178.8863053826437
1788787352,150,POST,POST /auth/login,35.000000,0.000000,2400,2500,2500,2500,2600,2700,2800,2800,3000,3000,3000,10960,0,810,1173.0272106751581,327.06490000055055,3165.4677000005904,178.8866788321168
1788787352,150,,Aggregated,35.000000,0.000000,2400,2500,2500,2500,2600,2700,2800,2800,3000,3000,3000,10960,0,810,1173.0272106751581,327.06490000055055,3165.4677000005904,178.8866788321168
1788787353,150,POST,POST /auth/login,35.400000,0.000000,2400,2500,2500,2500,2600,2700,2800,2900,3000,3000,3000,10990,0,810,1175.8841026933326,327.06490000055055,3165.4677000005904,178.8871701546861
1788787353,150,,Aggregated,35.400000,0.000000,2400,2500,2500,2500,2600,2700,2800,2900,3000,3000,3000,10990,0,810,1175.8841026933326,327.06490000055055,3165.4677000005904,178.8871701546861
1788787354,150,POST,POST /auth/login,35.500000,0.000000,2400,2500,2500,2500,2600,2700,2800,2900,3000,3000,3000,11031,0,820,1179.9209598676207,327.06490000055055,3165.4677000005904,178.8865923307044
1788787354,150,,Aggregated,35.500000,0.000000,2400,2500,2500,2500,2600,2700,2800,2900,3000,3000,3000,11031,0,820,1179.9209598676207,327.06490000055055,3165.4677000005904,178.8865923307044
1788787355,150,POST,POST /auth/login,35.400000,0.000000,2400,2500,2500,2500,2600,2700,2800,2900,3000,3000,3000,11068,0,820,1183.597189952992,327.06490000055055,3165.4677000005904,178.8865196964221
1788787355,150,,Aggregated,35.400000,0.000000,2400,2500,2500,2500,2600,2700,2800,2900,3000,3000,3000,11068,0,820,1183.597189952992,327.06490000055055,3165.4677000005904,178.8865196964221
1788787356,150,POST,POST /auth/login,35.300000,0.000000,2300,2400,2500,2500,2600,2600,2800,2800,3000,3000,3000,11102,0,820,1186.40776823993,327.06490000055055,3165.4677000005904,178.88758782201404
1788787356,150,,Aggregated,35.300000,0.000000,2300,2400,2500,2500,2600,2600,2800,2800,3000,3000,3000,11102,0,820,1186.40776823993,327.06490000055055,3165.4677000005904,178.88758782201404
1788787357,150,POST,POST /auth/login,35.800000,0.000000,2300,2400,2500,2500,2600,2600,2800,2800,3000,3000,3000,11139,0,830,1189.3964261064461,327.06490000055055,3165.4677000005904,178.88715324535417
1788787357,150,,Aggregated,35.800000,0.000000,2300,2400,2500,2500,2600,2600,2800,2800,3000,3000,3000,11139,0,830,1189.3964261064461,327.06490000055055,3165.4677000005904,178.88715324535417
1788787358,150,POST,POST /auth/login,35.600000,0.000000,2300,2400,2500,2500,2600,2600,2800,2800,3000,3000,3000,11169,0,830,1191.8597744381498,327.06490000055055,3165.4677000005904,178.8878144865252
1788787358,150,,Aggregated,35.600000,0.000000,2300,2400,2500,2500,2600,2600,2800,2800,3000,3000,3000,11169,0,830,1191.8597744381498,327.06490000055055,3165.4677000005904,178.8878144865252
1788787359,150,POST,POST /auth/login,35.700000,0.000000,2300,2400,2400,2500,2600,2600,2700,2800,3000,3000,3000,11205,0,840,1195.2157221507982,327.06490000055055,3165.4677000005904,178.88728246318607
1788787359,150,,Aggregated,35.700000,0.000000,2300,2400,2400,2500,2600,2600,2700,2800,3000,3000,3000,11205,0,840,1195.2157221507982,327.06490000055055,3165.4677000005904,178.88728246318607
1788787360,150,POST,POST /auth/login,35.300000,0.000000,2300,2400,2500,2500,2600,2600,2700,2800,3000,3000,3000,11240,0,840,1198.7509422241728,327.06490000055055,3165.4677000005904,178.88772241992882
1788787360,150,,Aggregated,35.300000,0.000000,2300,2400,2500,2500,2600,2600,2700,2800,3000,3000,3000,11240,0,840,1198.7509422241728,327.06490000055055,3165.4677000005904,178.88772241992882
1788787361,150,POST,POST /auth/login,35.600000,0.000000,2300,2400,2500,2500,2600,2700,2800,2900,3000,3000,3000,11275,0,850,1202.6069260664926,327.06490000055055,3165.4677000005904,178.88780487804877
1788787361,150,,Aggregated,35.600000,0.000000,2300,2400,2500,2500,2600,2700,2800,2900,3000,3000,3000,11275,0,850,1202.6069260664926,327.06490000055055,3165.4677000005904,178.88780487804877
1788787362,150,POST,POST /auth/login,35.000000,0.000000,2400,2400,2500,2600,2700,2800,2800,2900,3000,3000,3000,11306,0,850,1205.957402441155,327.06490000055055,3165.4677000005904,178.8880240580223
1788787362,150,,Aggregated,35.000000,0.000000,2400,2400,2500,2600,2700,2800,2800,2900,3000,3000,3000,11306,0,850,1205.957402441155,327.06490000055055,3165.4677000005904,178.8880240580223
1788787363,150,POST,POST /auth/login,34.400000,0.000000,2400,2500,2600,2600,2700,2800,2900,3000,3000,3000,3000,11340,0,850,1209.689150370343,327.06490000055055,3165.4677000005904,178.88800705467372
1788787363,150,,Aggregated,34.400000,0.000000,2400,2500,2600,2600,2700,2800,2900,3000,3000,3000,3000,11340,0,850,1209.689150370343,327.06490000055055,3165.4677000005904,178.88800705467372
1788787364,150,POST,POST /auth/login,34.400000,0.000000,2400,2600,2600,2700,2800,2800,2900,3000,3000,3000,3000,11374,0,860,1213.5042252417522,327.06490000055055,3165.4677000005904,178.88834183224898
1788787364,150,,Aggregated,34.400000,0.000000,2400,2600,2600,2700,2800,2800,2900,3000,3000,3000,3000,11374,0,860,1213.5042252417522,327.06490000055055,3165.4677000005904,178.88834183224898
1788787365,150,POST,POST /auth/login,35.000000,0.000000,2400,2600,2700,2700,2800,2800,2900,3000,3000,3000,3000,11407,0,860,1217.174821258849,327.06490000055055,3165.4677000005904,178.8887525203822
1788787365,150,,Aggregated,35.000000,0.000000,2400,2600,2700,2700,2800,2800,2900,3000,3000,3000,3000,11407,0,860,1217.174821258849,327.06490000055055,3165.4677000005904,178.8887525203822
1788787366,150,POST,POST /auth/login,34.300000,0.000000,2500,2600,2700,2700,2800,2900,3000,3000,3000,3000,3000,11441,0,870,1221.3366438947387,327.06490000055055,3165.4677000005904,178.88855869242198
1788787366,150,,Aggregated,34.300000,0.000000,2500,2600,2700,2700,2800,2900,3000,3000,3000,3000,3000,11441,0,870,1221.3366438947387,327.06490000055055,3165.4677000005904,178.88855869242198
1788787367,160,POST,POST /auth/login,33.700000,0.000000,2600,2600,2700,2700,2800,2900,3000,3000,3000,3000,3000,11474,0,870,1224.6615075213278,327.06490000055055,3165.4677000005904,178.88844343733658
1788787367,160,,Aggregated,33.700000,0.000000,2600,2600,2700,2700,2800,2900,3000,3000,3000,3000,3000,11474,0,870,1224.6615075213278,327.06490000055055,3165.4677000005904,178.88844343733658
1788787368,170,POST,POST /auth/login,33.200000,0.000000,2600,2700,2700,2700,2800,2900,3000,3000,3000,3000,3000,11509,0,870,1228.2440386132355,327.06490000055055,3165.4677000005904,178.8890433573725
1788787368,170,,Aggregated,33.200000,0.000000,2600,2700,2700,2700,2800,2900,3000,3000,3000,3000,3000,11509,0,870,1228.2440386132355,327.06490000055055,3165.4677000005904,178.8890433573725
1788787369,180,POST,POST /auth/login,33.600000,0.000000,2600,2700,2700,2800,2800,2900,3000,3000,3000,3000,3000,11543,0,880,1231.9750660486645,327.06490000055055,3165.4677000005904,178.88971671142684
1788787369,180,,Aggregated,33.600000,0.000000,2600,2700,2700,2800,2800,2900,3000,3000,3000,3000,3000,11543,0,880,1231.9750660486645,327.06490000055055,3165.4677000005904,178.88971671142684
1788787370,190,POST,POST /auth/login,33.900000,0.000000,2600,2700,2700,2800,2800,2900,3000,3000,3100,3100,3100,11576,0,880,1236.02602310813,327.06490000055055,3165.4677000005904,178.89029025570144
1788787370,190,,Aggregated,33.900000,0.000000,2600,2700,2700,2800,2800,2900,3000,3000,3100,3100,3100,11576,0,880,1236.02602310813,327.06490000055055,3165.4677000005904,178.89029025570144
1788787371,200,POST,POST /auth/login,33.600000,0.000000,2600,2700,2800,2800,2900,3000,3100,3100,3100,3100,3100,11613,0,890,1241.0660245586596,327.06490000055055,3165.4677000005904,178.88934814432102
1788787371,200,,Aggregated,33.600000,0.000000,2600,2700,2800,2800,2900,3000,3100,3100,3100,3100,3100,11613,0,890,1241.0660245586596,327.06490000055055,3165.4677000005904,178.88934814432102
1788787372,200,POST,POST /auth/login,33.700000,0.000000,2700,2800,2800,2900,3000,3200,3300,3400,3400,3400,3400,11647,0,890,1246.260679342295,327.06490000055055,3412.27169999911,178.88949944191637
1788787372,200,,Aggregated,33.700000,0.000000,2700,2800,2800,2900,3000,3200,3300,3400,3400,3400,3400,11647,0,890,1246.260679342295,327.06490000055055,3412.27169999911,178.88949944191637
1788787373,200,POST,POST /auth/login,34.000000,0.000000,2700,2800,2900,3000,3200,3400,3500,3600,3700,3700,3700,11684,0,900,1252.4913192656375,327.06490000055055,3696.158100003231,178.89027730229373
1788787373,200,,Aggregated,34.000000,0.000000,2700,2800,2900,3000,3200,3400,3500,3600,3700,3700,3700,11684,0,900,1252.4913192656375,327.06490000055055,3696.158100003231,178.89027730229373
1788787374,200,POST,POST /auth/login,33.900000,0.000000,2700,2900,3100,3200,3500,3600,3700,3800,4000,4000,4000,11716,0,900,1258.3796223796273,327.06490000055055,3992.0425999989675,178.89040628200752
1788787374,200,,Aggregated,33.900000,0.000000,2700,2900,3100,3200,3500,3600,3700,3800,4000,4000,4000,11716,0,900,1258.3796223796273,327.06490000055055,3992.0425999989675,178.89040628200752
1788787375,200,POST,POST /auth/login,33.800000,0.000000,2800,3000,3200,3400,3600,3800,3900,4000,4100,4100,4100,11747,0,900,1264.4639616667832,327.06490000055055,4112.867199997709,178.89112113731164
1788787375,200,,Aggregated,33.800000,0.000000,2800,3000,3200,3400,3600,3800,3900,4000,4100,4100,4100,11747,0,900,1264.4639616667832,327.06490000055055,4112.867199997709,178.89112113731164
1788787376,200,POST,POST /auth/login,33.900000,0.000000,3000,3300,3500,3600,3900,4000,4100,4200,4700,4700,4700,11785,0,910,1272.7512080610686,327.06490000055055,4657.185000000027,178.891302503182
1788787376,200,,Aggregated,33.900000,0.000000,3000,3300,3500,3600,3900,4000,4100,4200,4700,4700,4700,11785,0,910,1272.7512080610686,327.06490000055055,4657.185000000027,178.891302503182
1788787377,200,POST,POST /auth/login,33.800000,0.000000,3200,3500,3700,3800,4100,4200,4300,4400,4700,4700,4700,11819,0,910,1280.5615431423735,327.06490000055055,4657.185000000027,178.89076910060072
1788787377,200,,Aggregated,33.800000,0.000000,3200,3500,3700,3800,4100,4200,4300,4400,4700,4700,4700,11819,0,910,1280.5615431423735,327.06490000055055,4657.185000000027,178.89076910060072
1788787378,200,POST,POST /auth/login,34.300000,0.000000,3300,3700,3900,4000,4200,4400,4500,4500,4700,4700,4700,11852,0,910,1288.2895102176606,327.06490000055055,4670.984000000317,178.89149510631117
1788787378,200,,Aggregated,34.300000,0.000000,3300,3700,3900,4000,4200,4400,4500,4500,4700,4700,4700,11852,0,910,1288.2895102176606,327.06490000055055,4670.984000000317,178.89149510631117
1788787379,200,POST,POST /auth/login,33.700000,0.000000,3500,3800,4000,4100,4300,4400,4500,4500,4700,4700,4700,11884,0,920,1295.6108882278454,327.06490000055055,4670.984000000317,178.8912823964995
1788787379,200,,Aggregated,33.700000,0.000000,3500,3800,4000,4100,4300,4400,4500,4500,4700,4700,4700,11884,0,920,1295.6108882278454,327.06490000055055,4670.984000000317,178.8912823964995
1788787380,200,POST,POST /auth/login,33.600000,0.000000,3700,4000,4100,4200,4300,4400,4500,4600,4700,4700,4700,11919,0,920,1303.6719301283424,327.06490000055055,4670.984000000317,178.8925245406494
1788787380,200,,Aggregated,33.600000,0.000000,3700,4000,4100,4200,4300,4400,4500,4600,4700,4700,4700,11919,0,920,1303.6719301283424,327.06490000055055,4670.984000000317,178.8925245406494
1788787381,200,POST,POST /auth/login,34.000000,0.000000,3900,4100,4200,4300,4400,4400,4500,4600,4700,4700,4700,11954,0,930,1311.6211552032548,327.06490000055055,4670.984000000317,178.89275556299145
1788787381,200,,Aggregated,34.000000,0.000000,3900,4100,4200,4300,4400,4400,4500,4600,4700,4700,4700,11954,0,930,1311.6211552032548,327.06490000055055,4670.984000000317,178.89275556299145
1788787382,200,POST,POST /auth/login,33.800000,0.000000,4000,4100,4200,4300,4400,4500,4500,4600,4700,4700,4700,11986,0,930,1318.643406524254,327.06490000055055,4670.984000000317,178.89287502085767
1788787382,200,,Aggregated,33.800000,0.000000,4000,4100,4200,4300,4400,4500,4500,4600,4700,4700,4700,11986,0,930,1318.643406524254,327.06490000055055,4670.984000000317,178.89287502085767
1788787383,200,POST,POST /auth/login,33.600000,0.000000,4100,4200,4200,4300,4400,4500,4500,4600,4700,4700,4700,12021,0,930,1326.2278458447472,327.06490000055055,4670.984000000317,178.8926046086016
1788787383,200,,Aggregated,33.600000,0.000000,4100,4200,4200,4300,4400,4500,4500,4600,4700,4700,4700,12021,0,930,1326.2278458447472,327.06490000055055,4670.984000000317,178.8926046086016
1788787384,200,POST,POST /auth/login,33.700000,0.000000,4100,4200,4300,4300,4400,4500,4500,4600,4700,4700,4700,12058,0,940,1334.1065993116365,327.06490000055055,4670.984000000317,178.89334881406535
1788787384,200,,Aggregated,33.700000,0.000000,4100,4200,4300,4300,4400,4500,4500,4600,4700,4700,4700,12058,0,940,1334.1065993116365,327.06490000055055,4670.984000000317,178.89334881406535
1788787385,200,POST,POST /auth/login,33.700000,0.000000,4100,4200,4300,4300,4400,4400,4500,4600,4700,4700,4700,12088,0,940,1340.525573618441,327.06490000055055,4670.984000000317,178.89361350099273
1788787385,200,,Aggregated,33.700000,0.000000,4100,4200,4300,4300,4400,4400,4500,4600,4700,4700,4700,12088,0,940,1340.525573618441,327.06490000055055,4670.984000000317,178.89361350099273
1788787386,200,POST,POST /auth/login,34.100000,0.000000,4100,4200,4300,4300,4400,4400,4500,4600,4700,4700,4700,12120,0,950,1347.267235280504,327.06490000055055,4670.984000000317,178.8940594059406
1788787386,200,,Aggregated,34.100000,0.000000,4100,4200,4300,4300,4400,4400,4500,4600,4700,4700,4700,12120,0,950,1347.267235280504,327.06490000055055,4670.984000000317,178.8940594059406
1788787387,200,POST,POST /auth/login,33.500000,0.000000,4100,4200,4300,4300,4400,4400,4500,4600,4700,4700,4700,12157,0,950,1355.3577041457356,327.06490000055055,4670.984000000317,178.894135066217
1788787387,200,,Aggregated,33.500000,0.000000,4100,4200,4300,4300,4400,4400,4500,4600,4700,4700,4700,12157,0,950,1355.3577041457356,327.06490000055055,4670.984000000317,178.894135066217
1788787388,200,POST,POST /auth/login,33.700000,0.000000,4100,4200,4200,4300,4300,4400,4500,4500,4600,4600,4600,12191,0,960,1362.623667426766,327.06490000055055,4670.984000000317,178.89426626199656
1788787388,200,,Aggregated,33.700000,0.000000,4100,4200,4200,4300,4300,4400,4500,4500,4600,4600,4600,12191,0,960,1362.623667426766,327.06490000055055,4670.984000000317,178.89426626199656
1788787389,200,POST,POST /auth/login,34.200000,0.000000,4100,4200,4200,4300,4300,4400,4500,4500,4600,4600,4600,12220,0,960,1368.842117962332,327.06490000055055,4670.984000000317,178.89459901800328
1788787389,200,,Aggregated,34.200000,0.000000,4100,4200,4200,4300,4300,4400,4500,4500,4600,4600,4600,12220,0,960,1368.842117962332,327.06490000055055,4670.984000000317,178.89459901800328
1788787390,200,POST,POST /auth/login,34.000000,0.000000,4100,4200,4200,4300,4300,4400,4400,4500,4600,4600,4600,12257,0,970,1376.8247150933903,327.06490000055055,4670.984000000317,178.8953251203394
1788787390,200,,Aggregated,34.000000,0.000000,4100,4200,4200,4300,4300,4400,4400,4500,4600,4600,4600,12257,0,970,1376.8247150933903,327.06490000055055,4670.984000000317,178.8953251203394
1788787391,200,POST,POST /auth/login,33.600000,0.000000,4100,4200,4200,4200,4300,4400,4400,4500,4600,4600,4600,12291,0,970,1383.969976560059,327.06490000055055,4670.984000000317,178.89447563257667
1788787391,200,,Aggregated,33.600000,0.000000,4100,4200,4200,4200,4300,4400,4400,4500,4600,4600,4600,12291,0,970,1383.969976560059,327.06490000055055,4670.984000000317,178.89447563257667
1788787392,200,POST,POST /auth/login,33.900000,0.000000,4100,4200,4200,4300,4300,4400,4400,4500,4600,4600,4600,12326,0,980,1391.2640135647962,327.06490000055055,4670.984000000317,178.89550543566446
1788787392,200,,Aggregated,33.900000,0.000000,4100,4200,4200,4300,4300,4400,4400,4500,4600,4600,4600,12326,0,980,1391.2640135647962,327.06490000055055,4670.984000000317,178.89550543566446
1788787393,200,POST,POST /auth/login,33.800000,0.000000,4100,4200,4200,4200,4300,4400,4500,4500,4800,4800,4800,12360,0,980,1398.1844158818506,327.06490000055055,4806.823299997632,178.89595469255664
1788787393,200,,Aggregated,33.800000,0.000000,4100,4200,4200,4200,4300,4400,4500,4500,4800,4800,4800,12360,0,980,1398.1844158818506,327.06490000055055,4806.823299997632,178.89595469255664
1788787394,200,POST,POST /auth/login,33.800000,0.000000,4100,4200,4200,4200,4300,4400,4500,4500,4800,4800,4800,12393,0,990,1404.81355440972,327.06490000055055,4806.823299997632,178.89631243443878
1788787394,200,,Aggregated,33.800000,0.000000,4100,4200,4200,4200,4300,4400,4500,4500,4800,4800,4800,12393,0,990,1404.81355440972,327.06490000055055,4806.823299997632,178.89631243443878
1788787395,200,POST,POST /auth/login,33.400000,0.000000,4100,4200,4200,4200,4300,4400,4500,4500,4800,4800,4800,12424,0,990,1411.2373737604369,327.06490000055055,4806.823299997632,178.89649066323244
1788787395,200,,Aggregated,33.400000,0.000000,4100,4200,4200,4200,4300,4400,4500,4500,4800,4800,4800,12424,0,990,1411.2373737604369,327.06490000055055,4806.823299997632,178.89649066323244
1788787396,200,POST,POST /auth/login,33.200000,0.000000,4100,4200,4200,4200,4300,4400,4400,4500,4800,4800,4800,12460,0,1000,1418.534552576217,327.06490000055055,4806.823299997632,178.89630818619582
1788787396,200,,Aggregated,33.200000,0.000000,4100,4200,4200,4200,4300,4400,4400,4500,4800,4800,4800,12460,0,1000,1418.534552576217,327.06490000055055,4806.823299997632,178.89630818619582
1788787397,200,POST,POST /auth/login,33.800000,0.000000,4100,4200,4200,4200,4400,4400,4500,4500,4800,4800,4800,12497,0,1000,1426.137878538822,327.06490000055055,4806.823299997632,178.8963751300312
1788787397,200,,Aggregated,33.800000,0.000000,4100,4200,4200,4200,4400,4400,4500,4500,4800,4800,4800,12497,0,1000,1426.137878538822,327.06490000055055,4806.823299997632,178.8963751300312
1788787398,200,POST,POST /auth/login,33.900000,0.000000,4100,4200,4200,4200,4400,4400,4400,4500,4800,4800,4800,12529,0,1000,1432.4994083406232,327.06490000055055,4806.823299997632,178.8972783143108
1788787398,200,,Aggregated,33.900000,0.000000,4100,4200,4200,4200,4400,4400,4400,4500,4800,4800,4800,12529,0,1000,1432.4994083406232,327.06490000055055,4806.823299997632,178.8972783143108
1788787399,200,POST,POST /auth/login,33.400000,0.000000,4100,4100,4200,4200,4300,4400,4400,4500,4800,4800,4800,12558,0,1000,1438.309712541778,327.06490000055055,4806.823299997632,178.89759515846472
1788787399,200,,Aggregated,33.400000,0.000000,4100,4100,4200,4200,4300,4400,4400,4500,4800,4800,4800,12558,0,1000,1438.309712541778,327.06490000055055,4806.823299997632,178.89759515846472
1788787400,200,POST,POST /auth/login,33.200000,0.000000,4000,4100,4200,4200,4300,4400,4400,4500,4800,4800,4800,12598,0,1000,1445.8773624463918,327.06490000055055,4806.823299997632,178.8979203048103
1788787400,200,,Aggregated,33.200000,0.000000,4000,4100,4200,4200,4300,4400,4400,4500,4800,4800,4800,12598,0,1000,1445.8773624463918,327.06490000055055,4806.823299997632,178.8979203048103
1788787401,200,POST,POST /auth/login,33.800000,0.000000,4000,4100,4200,4200,4300,4400,4400,4500,4800,4800,4800,12632,0,1000,1452.37126390909,327.06490000055055,4806.823299997632,178.8983533882204
1788787401,200,,Aggregated,33.800000,0.000000,4000,4100,4200,4200,4300,4400,4400,4500,4800,4800,4800,12632,0,1000,1452.37126390909,327.06490000055055,4806.823299997632,178.8983533882204
1788787402,200,POST,POST /auth/login,33.700000,0.000000,4000,4100,4200,4200,4300,4400,4400,4400,4500,4500,4500,12664,0,1000,1458.4393217940321,327.06490000055055,4806.823299997632,178.89845230574858
1788787402,200,,Aggregated,33.700000,0.000000,4000,4100,4200,4200,4300,4400,4400,4400,4500,4500,4500,12664,0,1000,1458.4393217940321,327.06490000055055,4806.823299997632,178.89845230574858
1788787403,200,POST,POST /auth/login,33.500000,0.000000,4000,4100,4200,4200,4300,4400,4400,4400,4500,4500,4500,12695,0,1000,1464.4290556675564,327.06490000055055,4806.823299997632,178.89830641985034
1788787403,200,,Aggregated,33.500000,0.000000,4000,4100,4200,4200,4300,4400,4400,4400,4500,4500,4500,12695,0,1000,1464.4290556675564,327.06490000055055,4806.823299997632,178.89830641985034
1788787404,200,POST,POST /auth/login,33.400000,0.000000,4000,4100,4200,4200,4300,4400,4400,4400,4500,4500,4500,12731,0,1100,1471.3485411357815,327.06490000055055,4806.823299997632,178.89859398319064
1788787404,200,,Aggregated,33.400000,0.000000,4000,4100,4200,4200,4300,4400,4400,4400,4500,4500,4500,12731,0,1100,1471.3485411357815,327.06490000055055,4806.823299997632,178.89859398319064
1788787405,200,POST,POST /auth/login,33.900000,0.000000,4000,4100,4200,4200,4300,4400,4400,4400,4500,4500,4500,12766,0,1100,1478.1717757950507,327.06490000055055,4806.823299997632,178.89942033526555
1788787405,200,,Aggregated,33.900000,0.000000,4000,4100,4200,4200,4300,4400,4400,4400,4500,4500,4500,12766,0,1100,1478.1717757950507,327.06490000055055,4806.823299997632,178.89942033526555
1788787406,200,POST,POST /auth/login,33.800000,0.000000,4000,4100,4200,4200,4300,4300,4400,4400,4500,4500,4500,12800,0,1100,1484.447553093721,327.06490000055055,4806.823299997632,178.89953125
1788787406,200,,Aggregated,33.800000,0.000000,4000,4100,4200,4200,4300,4300,4400,4400,4500,4500,4500,12800,0,1100,1484.447553093721,327.06490000055055,4806.823299997632,178.89953125
1788787407,200,POST,POST /auth/login,33.600000,0.000000,4000,4100,4200,4200,4300,4300,4400,4400,4500,4500,4500,12829,0,1100,1489.7128408761107,327.06490000055055,4806.823299997632,178.89999220516017
1788787407,200,,Aggregated,33.600000,0.000000,4000,4100,4200,4200,4300,4300,4400,4400,4500,4500,4500,12829,0,1100,1489.7128408761107,327.06490000055055,4806.823299997632,178.89999220516017
1788787408,200,POST,POST /auth/login,33.000000,0.000000,4000,4100,4100,4200,4200,4300,4300,4400,4500,4500,4500,12868,0,1100,1497.04123989739,327.06490000055055,4806.823299997632,178.90006216972336
1788787408,200,,Aggregated,33.000000,0.000000,4000,4100,4100,4200,4200,4300,4300,4400,4500,4500,4500,12868,0,1100,1497.04123989739,327.06490000055055,4806.823299997632,178.90006216972336
1788787409,200,POST,POST /auth/login,33.900000,0.000000,4000,4100,4100,4200,4200,4300,4300,4400,4600,4600,4600,12899,0,1100,1502.6515923094503,327.06490000055055,4806.823299997632,178.90037987440886
1788787409,200,,Aggregated,33.900000,0.000000,4000,4100,4100,4200,4200,4300,4300,4400,4600,4600,4600,12899,0,1100,1502.6515923094503,327.06490000055055,4806.823299997632,178.90037987440886
1788787410,200,POST,POST /auth/login,33.700000,0.000000,4000,4100,4100,4200,4200,4300,4400,4400,4600,4600,4600,12933,0,1100,1508.8045477383123,327.06490000055055,4806.823299997632,178.90064176911775
1788787410,200,,Aggregated,33.700000,0.000000,4000,4100,4100,4200,4200,4300,4400,4400,4600,4600,4600,12933,0,1100,1508.8045477383123,327.06490000055055,4806.823299997632,178.90064176911775
1788787411,200,POST,POST /auth/login,33.500000,0.000000,4000,4100,4200,4200,4300,4300,4400,4400,4600,4600,4600,12967,0,1100,1515.2167741265991,327.06490000055055,4806.823299997632,178.90059381506902
1788787411,200,,Aggregated,33.500000,0.000000,4000,4100,4200,4200,4300,4300,4400,4400,4600,4600,4600,12967,0,1100,1515.2167741265991,327.06490000055055,4806.823299997632,178.90059381506902
1788787412,200,POST,POST /auth/login,33.500000,0.000000,4000,4100,4100,4200,4300,4300,4400,4400,4600,4600,4600,13000,0,1100,1521.1220938153535,327.06490000055055,4806.823299997632,178.90123076923078
1788787412,200,,Aggregated,33.500000,0.000000,4000,4100,4100,4200,4300,4300,4400,4400,4600,4600,4600,13000,0,1100,1521.1220938153535,327.06490000055055,4806.823299997632,178.90123076923078
1788787413,200,POST,POST /auth/login,33.800000,0.000000,4000,4100,4100,4200,4300,4300,4400,4400,4600,4600,4600,13034,0,1100,1527.3048941383774,327.06490000055055,4806.823299997632,178.9016418597514
1788787413,200,,Aggregated,33.800000,0.000000,4000,4100,4100,4200,4300,4300,4400,4400,4600,4600,4600,13034,0,1100,1527.3048941383774,327.06490000055055,4806.823299997632,178.9016418597514
1788787414,200,POST,POST /auth/login,33.600000,0.000000,4000,4100,4200,4200,4300,4300,4400,4400,4600,4600,4600,13071,0,1100,1534.3129593221338,327.06490000055055,4806.823299997632,178.9019967867799
1788787414,200,,Aggregated,33.600000,0.000000,4000,4100,4200,4200,4300,4300,4400,4400,4600,4600,4600,13071,0,1100,1534.3129593221338,327.06490000055055,4806.823299997632,178.9019967867799
1788787415,200,POST,POST /auth/login,33.600000,0.000000,4000,4100,4200,4200,4300,4300,4400,4400,4600,4600,4600,13104,0,1100,1540.2392400030237,327.06490000055055,4806.823299997632,178.9015567765568
1788787415,200,,Aggregated,33.600000,0.000000,4000,4100,4200,4200,4300,4300,4400,4400,4600,4600,4600,13104,0,1100,1540.2392400030237,327.06490000055055,4806.823299997632,178.9015567765568
1788787416,200,POST,POST /auth/login,33.700000,0.000000,4100,4100,4200,4200,4300,4300,4400,4400,4600,4600,4600,13134,0,1100,1545.524305733183,327.06490000055055,4806.823299997632,178.90193391198417
1788787416,200,,Aggregated,33.700000,0.000000,4100,4100,4200,4200,4300,4300,4400,4400,4600,4600,4600,13134,0,1100,1545.524305733183,327.06490000055055,4806.823299997632,178.90193391198417
1788787417,200,POST,POST /auth/login,33.500000,0.000000,4100,4100,4200,4200,4300,4300,4400,4400,4600,4600,4600,13170,0,1100,1552.133758367473,327.06490000055055,4806.823299997632,178.90235383447228
1788787417,200,,Aggregated,33.500000,0.000000,4100,4100,4200,4200,4300,4300,4400,4400,4600,4600,4600,13170,0,1100,1552.133758367473,327.06490000055055,4806.823299997632,178.90235383447228
1788787418,200,POST,POST /auth/login,33.900000,0.000000,4100,4100,4200,4200,4300,4400,4400,4500,4600,4600,4600,13204,0,1200,1558.417759315331,327.06490000055055,4806.823299997632,178.90230233262648
1788787418,200,,Aggregated,33.900000,0.000000,4100,4100,4200,4200,4300,4400,4400,4500,4600,4600,4600,13204,0,1200,1558.417759315331,327.06490000055055,4806.823299997632,178.90230233262648
1788787419,200,POST,POST /auth/login,33.500000,0.000000,4100,4200,4200,4200,4300,4400,4500,4500,4600,4600,4600,13238,0,1200,1564.564071528905,327.06490000055055,4806.823299997632,178.90270433600242
1788787419,200,,Aggregated,33.500000,0.000000,4100,4200,4200,4200,4300,4400,4500,4500,4600,4600,4600,13238,0,1200,1564.564071528905,327.06490000055055,4806.823299997632,178.90270433600242
1788787420,200,POST,POST /auth/login,33.800000,0.000000,4100,4200,4200,4300,4300,4400,4500,4500,4600,4600,4600,13273,0,1200,1570.8519313191916,327.06490000055055,4806.823299997632,178.9034882844873
1788787420,200,,Aggregated,33.800000,0.000000,4100,4200,4200,4300,4300,4400,4500,4500,4600,4600,4600,13273,0,1200,1570.8519313191916,327.06490000055055,4806.823299997632,178.9034882844873
1788787421,200,POST,POST /auth/login,33.400000,0.000000,4100,4200,4200,4300,4300,4400,4500,4600,4600,4600,4600,13308,0,1200,1577.0897017883701,327.06490000055055,4806.823299997632,178.90381725278027
1788787421,200,,Aggregated,33.400000,0.000000,4100,4200,4200,4300,4300,4400,4500,4600,4600,4600,4600,13308,0,1200,1577.0897017883701,327.06490000055055,4806.823299997632,178.90381725278027
1788787422,200,POST,POST /auth/login,33.700000,0.000000,4100,4200,4200,4200,4300,4400,4500,4600,4600,4600,4600,13338,0,1200,1582.219763675186,327.06490000055055,4806.823299997632,178.90343379817065
1788787422,200,,Aggregated,33.700000,0.000000,4100,4200,4200,4200,4300,4400,4500,4600,4600,4600,4600,13338,0,1200,1582.219763675186,327.06490000055055,4806.823299997632,178.90343379817065
1788787423,200,POST,POST /auth/login,33.200000,0.000000,4100,4200,4200,4300,4300,4400,4600,4600,4700,4700,4700,13372,0,1200,1588.315597539607,327.06490000055055,4806.823299997632,178.90382889620102
1788787423,200,,Aggregated,33.200000,0.000000,4100,4200,4200,4300,4300,4400,4600,4600,4700,4700,4700,13372,0,1200,1588.315597539607,327.06490000055055,4806.823299997632,178.90382889620102
1788787424,200,POST,POST /auth/login,33.500000,0.000000,4100,4200,4200,4300,4400,4400,4600,4600,4700,4700,4700,13407,0,1200,1594.8408796971446,327.06490000055055,4806.823299997632,178.90385619452525
1788787424,200,,Aggregated,33.500000,0.000000,4100,4200,4200,4300,4400,4400,4600,4600,4700,4700,4700,13407,0,1200,1594.8408796971446,327.06490000055055,4806.823299997632,178.90385619452525
1788787425,200,POST,POST /auth/login,33.600000,0.000000,4100,4200,4300,4300,4400,4400,4600,4600,5000,5000,5000,13442,0,1200,1601.2581009745284,327.06490000055055,4961.091499997565,178.90462728760602
1788787425,200,,Aggregated,33.600000,0.000000,4100,4200,4300,4300,4400,4400,4600,4600,5000,5000,5000,13442,0,1200,1601.2581009745284,327.06490000055055,4961.091499997565,178.90462728760602
1788787426,200,POST,POST /auth/login,33.600000,0.000000,4100,4200,4300,4300,4400,4500,4600,4600,5000,5000,5000,13475,0,1200,1606.7799680519192,327.06490000055055,4961.091499997565,178.90493506493507
1788787426,200,,Aggregated,33.600000,0.000000,4100,4200,4300,4300,4400,4500,4600,4600,5000,5000,5000,13475,0,1200,1606.7799680519192,327.06490000055055,4961.091499997565,178.90493506493507
1788787427,200,POST,POST /auth/login,33.700000,0.000000,4100,4200,4200,4300,4400,4400,4600,4600,5000,5000,5000,13508,0,1200,1612.172685238349,327.06490000055055,4961.091499997565,178.90524133846608
1788787427,200,,Aggregated,33.700000,0.000000,4100,4200,4200,4300,4400,4400,4600,4600,5000,5000,5000,13508,0,1200,1612.172685238349,327.06490000055055,4961.091499997565,178.90524133846608
1788787428,200,POST,POST /auth/login,33.600000,0.000000,4000,4100,4200,4300,4400,4400,4600,4600,5000,5000,5000,13543,0,1200,1617.9326836298922,327.06490000055055,4961.091499997565,178.90541239016466
1788787428,200,,Aggregated,33.600000,0.000000,4000,4100,4200,4300,4400,4400,4600,4600,5000,5000,5000,13543,0,1200,1617.9326836298922,327.06490000055055,4961.091499997565,178.90541239016466
1788787429,200,POST,POST /auth/login,33.400000,0.000000,4000,4200,4200,4300,4400,4400,4600,4600,5000,5000,5000,13577,0,1200,1623.8178256904787,327.06490000055055,4961.091499997565,178.90491272004124
1788787429,200,,Aggregated,33.400000,0.000000,4000,4200,4200,4300,4400,4400,4600,4600,5000,5000,5000,13577,0,1200,1623.8178256904787,327.06490000055055,4961.091499997565,178.90491272004124
1788787430,200,POST,POST /auth/login,33.700000,0.000000,4000,4200,4200,4200,4300,4400,4500,4600,5000,5000,5000,13609,0,1200,1629.2075594091864,327.06490000055055,4961.091499997565,178.9052832684253
1788787430,200,,Aggregated,33.700000,0.000000,4000,4200,4200,4200,4300,4400,4500,4600,5000,5000,5000,13609,0,1200,1629.2075594091864,327.06490000055055,4961.091499997565,178.9052832684253
1788787431,200,POST,POST /auth/login,33.600000,0.000000,4100,4200,4200,4300,4300,4400,4500,4600,5000,5000,5000,13646,0,1300,1635.5200959475014,327.06490000055055,4961.091499997565,178.90605305584054
1788787431,200,,Aggregated,33.600000,0.000000,4100,4200,4200,4300,4300,4400,4500,4600,5000,5000,5000,13646,0,1300,1635.5200959475014,327.06490000055055,4961.091499997565,178.90605305584054
1788787432,200,POST,POST /auth/login,33.500000,0.000000,4100,4200,4200,4300,4300,4400,4500,4600,5000,5000,5000,13679,0,1300,1641.076848468427,327.06490000055055,4961.091499997565,178.9063528035675
1788787432,200,,Aggregated,33.500000,0.000000,4100,4200,4200,4300,4300,4400,4500,4600,5000,5000,5000,13679,0,1300,1641.076848468427,327.06490000055055,4961.091499997565,178.9063528035675
1788787433,200,POST,POST /auth/login,34.100000,0.000000,4000,4200,4200,4300,4300,4400,4400,4500,5000,5000,5000,13710,0,1300,1646.165218752706,327.06490000055055,4961.091499997565,178.90649161196208
1788787433,200,,Aggregated,34.100000,0.000000,4000,4200,4200,4300,4300,4400,4400,4500,5000,5000,5000,13710,0,1300,1646.165218752706,327.06490000055055,4961.091499997565,178.90649161196208
1788787434,200,POST,POST /auth/login,33.500000,0.000000,4000,4100,4200,4200,4300,4400,4400,4500,5000,5000,5000,13744,0,1300,1651.8500978535792,327.06490000055055,4961.091499997565,178.90701396973225
1788787434,200,,Aggregated,33.500000,0.000000,4000,4100,4200,4200,4300,4400,4400,4500,5000,5000,5000,13744,0,1300,1651.8500978535792,327.06490000055055,4961.091499997565,178.90701396973225
1788787435,200,POST,POST /auth/login,33.700000,0.000000,4000,4100,4200,4200,4300,4400,4400,4400,4500,4500,4500,13778,0,1300,1657.5262268180868,327.06490000055055,4961.091499997565,178.90637247786327
1788787435,200,,Aggregated,33.700000,0.000000,4000,4100,4200,4200,4300,4400,4400,4400,4500,4500,4500,13778,0,1300,1657.5262268180868,327.06490000055055,4961.091499997565,178.90637247786327
1788787436,200,POST,POST /auth/login,33.600000,0.000000,4000,4100,4200,4200,4300,4400,4400,4400,4500,4500,4500,13815,0,1300,1663.297608418357,327.06490000055055,4961.091499997565,178.90684039087947
1788787436,200,,Aggregated,33.600000,0.000000,4000,4100,4200,4200,4300,4400,4400,4400,4500,4500,4500,13815,0,1300,1663.297608418357,327.06490000055055,4961.091499997565,178.90684039087947
1788787437,200,POST,POST /auth/login,33.500000,0.000000,4000,4100,4200,4200,4300,4400,4400,4400,4500,4500,4500,13849,0,1300,1668.5692968661708,327.06490000055055,4961.091499997565,178.9077911762582
1788787437,200,,Aggregated,33.500000,0.000000,4000,4100,4200,4200,4300,4400,4400,4400,4500,4500,4500,13849,0,1300,1668.5692968661708,327.06490000055055,4961.091499997565,178.9077911762582
1788787438,200,POST,POST /auth/login,33.600000,0.000000,4000,4100,4200,4200,4300,4400,4400,4400,4500,4500,4500,13889,0,1300,1674.5271439412195,327.06490000055055,4961.091499997565,178.90805673554613
1788787438,200,,Aggregated,33.600000,0.000000,4000,4100,4200,4200,4300,4400,4400,4400,4500,4500,4500,13889,0,1300,1674.5271439412195,327.06490000055055,4961.091499997565,178.90805673554613
1788787439,200,POST,POST /auth/login,34.000000,0.000000,3900,4100,4200,4200,4300,4400,4400,4400,4500,4500,4500,13924,0,1300,1679.2218838767292,327.06490000055055,4961.091499997565,178.90764148233265
1788787439,200,,Aggregated,34.000000,0.000000,3900,4100,4200,4200,4300,4400,4400,4400,4500,4500,4500,13924,0,1300,1679.2218838767292,327.06490000055055,4961.091499997565,178.90764148233265
1788787440,200,POST,POST /auth/login,34.300000,0.000000,3900,4000,4100,4200,4300,4300,4400,4400,4500,4500,4500,13956,0,1300,1683.4419458153895,327.06490000055055,4961.091499997565,178.9072800229292
1788787440,200,,Aggregated,34.300000,0.000000,3900,4000,4100,4200,4300,4300,4400,4400,4500,4500,4500,13956,0,1300,1683.4419458153895,327.06490000055055,4961.091499997565,178.9072800229292
1788787441,200,POST,POST /auth/login,34.800000,0.000000,3800,4000,4100,4100,4200,4300,4400,4400,4500,4500,4500,13998,0,1300,1689.0466047720795,327.06490000055055,4961.091499997565,178.9085583654808
1788787441,200,,Aggregated,34.800000,0.000000,3800,4000,4100,4100,4200,4300,4400,4400,4500,4500,4500,13998,0,1300,1689.0466047720795,327.06490000055055,4961.091499997565,178.9085583654808
1788787442,200,POST,POST /auth/login,35.000000,0.000000,3800,3900,4000,4100,4200,4300,4400,4400,4500,4500,4500,14037,0,1400,1693.8447595782275,327.06490000055055,4961.091499997565,178.9090261451877
1788787442,200,,Aggregated,35.000000,0.000000,3800,3900,4000,4100,4200,4300,4400,4400,4500,4500,4500,14037,0,1400,1693.8447595782275,327.06490000055055,4961.091499997565,178.9090261451877
1788787443,200,POST,POST /auth/login,34.500000,0.000000,3700,3800,3900,4000,4100,4200,4300,4400,4500,4500,4500,14078,0,1400,1698.8158182411987,327.06490000055055,4961.091499997565,178.9093621253019
1788787443,200,,Aggregated,34.500000,0.000000,3700,3800,3900,4000,4100,4200,4300,4400,4500,4500,4500,14078,0,1400,1698.8158182411987,327.06490000055055,4961.091499997565,178.9093621253019
1788787444,200,POST,POST /auth/login,35.500000,0.000000,3700,3800,3900,3900,4100,4200,4300,4400,4500,4500,4500,14111,0,1400,1702.916316263879,327.06490000055055,4961.091499997565,178.90879455743746
1788787444,200,,Aggregated,35.500000,0.000000,3700,3800,3900,3900,4100,4200,4300,4400,4500,4500,4500,14111,0,1400,1702.916316263879,327.06490000055055,4961.091499997565,178.90879455743746
1788787445,200,POST,POST /auth/login,35.400000,0.000000,3600,3700,3800,3900,4000,4100,4200,4200,4500,4500,4500,14145,0,1400,1707.2596201060167,327.06490000055055,4961.091499997565,178.90873100035347
1788787445,200,,Aggregated,35.400000,0.000000,3600,3700,3800,3900,4000,4100,4200,4200,4500,4500,4500,14145,0,1400,1707.2596201060167,327.06490000055055,4961.091499997565,178.90873100035347
1788787446,200,POST,POST /auth/login,35.900000,0.000000,3600,3700,3700,3800,3900,4000,4200,4200,4300,4300,4300,14181,0,1400,1711.5683139552636,327.06490000055055,4961.091499997565,178.90910373034342
1788787446,200,,Aggregated,35.900000,0.000000,3600,3700,3700,3800,3900,4000,4200,4200,4300,4300,4300,14181,0,1400,1711.5683139552636,327.06490000055055,4961.091499997565,178.90910373034342
1788787447,200,POST,POST /auth/login,36.700000,0.000000,3600,3700,3700,3700,3800,3900,4000,4000,4200,4200,4200,14219,0,1400,1716.367428623644,327.06490000055055,4961.091499997565,178.910049933188
1788787447,200,,Aggregated,36.700000,0.000000,3600,3700,3700,3700,3800,3900,4000,4000,4200,4200,4200,14219,0,1400,1716.367428623644,327.06490000055055,4961.091499997565,178.910049933188
1788787448,200,POST,POST /auth/login,37.000000,0.000000,3600,3700,3700,3800,3800,3900,4000,4000,4200,4200,4200,14251,0,1400,1720.664297368577,327.06490000055055,4961.091499997565,178.9110939583187
1788787448,200,,Aggregated,37.000000,0.000000,3600,3700,3700,3800,3800,3900,4000,4000,4200,4200,4200,14251,0,1400,1720.664297368577,327.06490000055055,4961.091499997565,178.9110939583187
1788787449,200,POST,POST /auth/login,36.300000,0.000000,3600,3700,3700,3800,3900,3900,4000,4100,4200,4200,4200,14291,0,1400,1726.0974850325076,327.06490000055055,4961.091499997565,178.9100832691904
1788787449,200,,Aggregated,36.300000,0.000000,3600,3700,3700,3800,3900,3900,4000,4100,4200,4200,4200,14291,0,1400,1726.0974850325076,327.06490000055055,4961.091499997565,178.9100832691904
1788787450,200,POST,POST /auth/login,35.800000,0.000000,3600,3700,3700,3800,3900,3900,4000,4100,4200,4200,4200,14321,0,1400,1730.0119041616904,327.06490000055055,4961.091499997565,178.9097130088681
1788787450,200,,Aggregated,35.800000,0.000000,3600,3700,3700,3800,3900,3900,4000,4100,4200,4200,4200,14321,0,1400,1730.0119041616904,327.06490000055055,4961.091499997565,178.9097130088681
1788787451,200,POST,POST /auth/login,36.100000,0.000000,3600,3700,3800,3800,3900,3900,4000,4100,4200,4200,4200,14361,0,1400,1735.056208119182,327.06490000055055,4961.091499997565,178.90954668894923
1788787451,200,,Aggregated,36.100000,0.000000,3600,3700,3800,3800,3900,3900,4000,4100,4200,4200,4200,14361,0,1400,1735.056208119182,327.06490000055055,4961.091499997565,178.90954668894923
1788787452,200,POST,POST /auth/login,36.500000,0.000000,3600,3700,3800,3800,3900,3900,4000,4100,4200,4200,4200,14402,0,1400,1740.143100152729,327.06490000055055,4961.091499997565,178.9108457158728
1788787452,200,,Aggregated,36.500000,0.000000,3600,3700,3800,3800,3900,3900,4000,4100,4200,4200,4200,14402,0,1400,1740.143100152729,327.06490000055055,4961.091499997565,178.9108457158728
1788787453,200,POST,POST /auth/login,37.000000,0.000000,3600,3700,3800,3800,3900,3900,4000,4100,4200,4200,4200,14442,0,1400,1744.7862156903198,327.06490000055055,4961.091499997565,178.91164658634537
1788787453,200,,Aggregated,37.000000,0.000000,3600,3700,3800,3800,3900,3900,4000,4100,4200,4200,4200,14442,0,1400,1744.7862156903198,327.06490000055055,4961.091499997565,178.91164658634537
1788787454,200,POST,POST /auth/login,36.300000,0.000000,3600,3700,3800,3800,3900,3900,4000,4100,4200,4200,4200,14468,0,1500,1747.7595335775225,327.06490000055055,4961.091499997565,178.91180536356097
1788787454,200,,Aggregated,36.300000,0.000000,3600,3700,3800,3800,3900,3900,4000,4100,4200,4200,4200,14468,0,1500,1747.7595335775225,327.06490000055055,4961.091499997565,178.91180536356097
1788787455,200,POST,POST /auth/login,36.100000,0.000000,3600,3700,3800,3800,3900,3900,4000,4100,4200,4200,4200,14504,0,1500,1751.9699086872308,327.06490000055055,4961.091499997565,178.91105901820188
1788787455,200,,Aggregated,36.100000,0.000000,3600,3700,3800,3800,3900,3900,4000,4100,4200,4200,4200,14504,0,1500,1751.9699086872308,327.06490000055055,4961.091499997565,178.91105901820188
1788787456,200,POST,POST /auth/login,36.200000,0.000000,3700,3800,3800,3800,3900,3900,4000,4100,4200,4200,4200,14542,0,1500,1756.7681379177284,327.06490000055055,4961.091499997565,178.910741301059
1788787456,200,,Aggregated,36.200000,0.000000,3700,3800,3800,3800,3900,3900,4000,4100,4200,4200,4200,14542,0,1500,1756.7681379177284,327.06490000055055,4961.091499997565,178.910741301059
1788787457,200,POST,POST /auth/login,36.200000,0.000000,3700,3800,3800,3900,3900,4000,4100,4200,4200,4200,4200,14577,0,1500,1761.5670806407095,327.06490000055055,4961.091499997565,178.91116141867326
1788787457,200,,Aggregated,36.200000,0.000000,3700,3800,3800,3900,3900,4000,4100,4200,4200,4200,4200,14577,0,1500,1761.5670806407095,327.06490000055055,4961.091499997565,178.91116141867326
1788787458,200,POST,POST /auth/login,35.200000,0.000000,3700,3800,3800,3900,4000,4000,4100,4200,4300,4300,4300,14616,0,1500,1766.7869492473742,327.06490000055055,4961.091499997565,178.911877394636
1788787458,200,,Aggregated,35.200000,0.000000,3700,3800,3800,3900,4000,4000,4100,4200,4300,4300,4300,14616,0,1500,1766.7869492473742,327.06490000055055,4961.091499997565,178.911877394636
1788787459,200,POST,POST /auth/login,35.800000,0.000000,3700,3800,3800,3900,4000,4000,4100,4200,4300,4300,4300,14653,0,1500,1771.1744649013608,327.06490000055055,4961.091499997565,178.91244113833343
1788787459,200,,Aggregated,35.800000,0.000000,3700,3800,3800,3900,4000,4000,4100,4200,4300,4300,4300,14653,0,1500,1771.1744649013608,327.06490000055055,4961.091499997565,178.91244113833343
1788787460,200,POST,POST /auth/login,36.200000,0.000000,3700,3800,3800,3900,3900,4000,4100,4200,4300,4300,4300,14687,0,1500,1775.2660465445383,327.06490000055055,4961.091499997565,178.91278000953224
1788787460,200,,Aggregated,36.200000,0.000000,3700,3800,3800,3900,3900,4000,4100,4200,4300,4300,4300,14687,0,1500,1775.2660465445383,327.06490000055055,4961.091499997565,178.91278000953224
1788787461,200,POST,POST /auth/login,35.800000,0.000000,3700,3800,3800,3900,3900,4000,4100,4200,4300,4300,4300,14727,0,1500,1780.0286285529746,327.06490000055055,4961.091499997565,178.9123378828003
1788787461,200,,Aggregated,35.800000,0.000000,3700,3800,3800,3900,3900,4000,4100,4200,4300,4300,4300,14727,0,1500,1780.0286285529746,327.06490000055055,4961.091499997565,178.9123378828003
1788787462,200,POST,POST /auth/login,35.400000,0.000000,3600,3700,3800,3900,3900,4000,4100,4200,4300,4300,4300,14763,0,1500,1784.058972519113,327.06490000055055,4961.091499997565,178.9121452279347
1788787462,200,,Aggregated,35.400000,0.000000,3600,3700,3800,3900,3900,4000,4100,4200,4300,4300,4300,14763,0,1500,1784.058972519113,327.06490000055055,4961.091499997565,178.9121452279347
1788787463,200,POST,POST /auth/login,35.700000,0.000000,3600,3700,3800,3900,3900,4000,4100,4200,4300,4300,4300,14798,0,1500,1787.8178883227242,327.06490000055055,4961.091499997565,178.9122854439789
1788787463,200,,Aggregated,35.700000,0.000000,3600,3700,3800,3900,3900,4000,4100,4200,4300,4300,4300,14798,0,1500,1787.8178883227242,327.06490000055055,4961.091499997565,178.9122854439789
1788787464,200,POST,POST /auth/login,36.300000,0.000000,3600,3700,3800,3800,3900,4000,4100,4200,4300,4300,4300,14833,0,1500,1791.5083098159287,327.06490000055055,4961.091499997565,178.91350367423988
1788787464,200,,Aggregated,36.300000,0.000000,3600,3700,3800,3800,3900,4000,4100,4200,4300,4300,4300,14833,0,1500,1791.5083098159287,327.06490000055055,4961.091499997565,178.91350367423988
1788787465,200,POST,POST /auth/login,36.300000,0.000000,3600,3700,3800,3800,3900,4000,4100,4200,4300,4300,4300,14870,0,1500,1796.0440559650087,327.06490000055055,4961.091499997565,178.91365164761265
1788787465,200,,Aggregated,36.300000,0.000000,3600,3700,3800,3800,3900,4000,4100,4200,4300,4300,4300,14870,0,1500,1796.0440559650087,327.06490000055055,4961.091499997565,178.91365164761265
1788787466,200,POST,POST /auth/login,36.000000,0.000000,3600,3700,3800,3800,3900,4000,4100,4100,4300,4300,4300,14908,0,1500,1800.5829704319608,327.06490000055055,4961.091499997565,178.9137375905554
1788787466,200,,Aggregated,36.000000,0.000000,3600,3700,3800,3800,3900,4000,4100,4100,4300,4300,4300,14908,0,1500,1800.5829704319608,327.06490000055055,4961.091499997565,178.9137375905554
1788787467,200,POST,POST /auth/login,35.500000,0.000000,3600,3700,3800,3800,3900,4000,4100,4100,4300,4300,4300,14941,0,1500,1804.112429060952,327.06490000055055,4961.091499997565,178.91319188809317
1788787467,200,,Aggregated,35.500000,0.000000,3600,3700,3800,3800,3900,4000,4100,4100,4300,4300,4300,14941,0,1500,1804.112429060952,327.06490000055055,4961.091499997565,178.91319188809317
1788787468,200,POST,POST /auth/login,36.500000,0.000000,3600,3700,3700,3800,3800,3900,4000,4000,4100,4100,4100,14978,0,1500,1808.4425986379815,327.06490000055055,4961.091499997565,178.91360662304714
1788787468,200,,Aggregated,36.500000,0.000000,3600,3700,3700,3800,3800,3900,4000,4000,4100,4100,4100,14978,0,1500,1808.4425986379815,327.06490000055055,4961.091499997565,178.91360662304714
1788787469,200,POST,POST /auth/login,36.900000,0.000000,3600,3700,3700,3800,3800,3900,4000,4000,4100,4100,4100,15018,0,1500,1812.8919456718409,327.06490000055055,4961.091499997565,178.91410307630844
1788787469,200,,Aggregated,36.900000,0.000000,3600,3700,3700,3800,3800,3900,4000,4000,4100,4100,4100,15018,0,1500,1812.8919456718409,327.06490000055055,4961.091499997565,178.91410307630844
1788787470,200,POST,POST /auth/login,36.400000,0.000000,3600,3700,3700,3800,3800,3900,4000,4000,4100,4100,4100,15056,0,1600,1816.7560198724566,327.06490000055055,4961.091499997565,178.91498405951117
1788787470,200,,Aggregated,36.400000,0.000000,3600,3700,3700,3800,3800,3900,4000,4000,4100,4100,4100,15056,0,1600,1816.7560198724566,327.06490000055055,4961.091499997565,178.91498405951117
1788787471,200,POST,POST /auth/login,36.500000,0.000000,3500,3600,3700,3700,3800,3900,4000,4000,4100,4100,4100,15095,0,1600,1820.422003756192,327.06490000055055,4961.091499997565,178.91500496853263
1788787471,200,,Aggregated,36.500000,0.000000,3500,3600,3700,3700,3800,3900,4000,4000,4100,4100,4100,15095,0,1600,1820.422003756192,327.06490000055055,4961.091499997565,178.91500496853263
1788787472,200,POST,POST /auth/login,36.500000,0.000000,3500,3600,3700,3700,3800,3900,4000,4000,4100,4100,4100,15129,0,1600,1823.7072704606862,327.06490000055055,4961.091499997565,178.91479939189637
1788787472,200,,Aggregated,36.500000,0.000000,3500,3600,3700,3700,3800,3900,4000,4000,4100,4100,4100,15129,0,1600,1823.7072704606862,327.06490000055055,4961.091499997565,178.91479939189637
1788787473,200,POST,POST /auth/login,36.600000,0.000000,3500,3600,3700,3700,3800,3900,4000,4000,4100,4100,4100,15166,0,1600,1827.7483879994554,327.06490000055055,4961.091499997565,178.91494131610182
1788787473,200,,Aggregated,36.600000,0.000000,3500,3600,3700,3700,3800,3900,4000,4000,4100,4100,4100,15166,0,1600,1827.7483879994554,327.06490000055055,4961.091499997565,178.91494131610182
1788787474,200,POST,POST /auth/login,36.700000,0.000000,3500,3700,3700,3800,3800,3900,4000,4000,4100,4100,4100,15199,0,1600,1831.6889581814416,327.06490000055055,4961.091499997565,178.91506020132903
1788787474,200,,Aggregated,36.700000,0.000000,3500,3700,3700,3800,3800,3900,4000,4000,4100,4100,4100,15199,0,1600,1831.6889581814416,327.06490000055055,4961.091499997565,178.91506020132903
1788787475,200,POST,POST /auth/login,36.400000,0.000000,3500,3700,3700,3800,3900,3900,4000,4100,4200,4200,4200,15230,0,1600,1835.4885337951239,327.06490000055055,4961.091499997565,178.91503611293498
1788787475,200,,Aggregated,36.400000,0.000000,3500,3700,3700,3800,3900,3900,4000,4100,4200,4200,4200,15230,0,1600,1835.4885337951239,327.06490000055055,4961.091499997565,178.91503611293498
1788787476,200,POST,POST /auth/login,36.500000,0.000000,3500,3700,3700,3800,3900,4000,4000,4100,4200,4200,4200,15268,0,1600,1840.1229601781324,327.06490000055055,4961.091499997565,178.91550956248363
1788787476,200,,Aggregated,36.500000,0.000000,3500,3700,3700,3800,3900,4000,4000,4100,4200,4200,4200,15268,0,1600,1840.1229601781324,327.06490000055055,4961.091499997565,178.91550956248363
1788787477,200,POST,POST /auth/login,36.600000,0.000000,3600,3700,3800,3800,3900,4000,4100,4200,4200,4200,4200,15303,0,1600,1844.5093259230039,327.06490000055055,4961.091499997565,178.91589884336403
1788787477,200,,Aggregated,36.600000,0.000000,3600,3700,3800,3800,3900,4000,4100,4200,4200,4200,4200,15303,0,1600,1844.5093259230039,327.06490000055055,4961.091499997565,178.91589884336403
1788787478,200,POST,POST /auth/login,35.600000,0.000000,3600,3700,3800,3900,4000,4100,4200,4200,4200,4200,4200,15334,0,1600,1848.5355135124378,327.06490000055055,4961.091499997565,178.91535150645623
1788787478,200,,Aggregated,35.600000,0.000000,3600,3700,3800,3900,4000,4100,4200,4200,4200,4200,4200,15334,0,1600,1848.5355135124378,327.06490000055055,4961.091499997565,178.91535150645623
1788787479,200,POST,POST /auth/login,35.300000,0.000000,3600,3800,3900,3900,4000,4100,4200,4200,4300,4300,4300,15370,0,1600,1853.2939402407117,327.06490000055055,4961.091499997565,178.91581001951855
1788787479,200,,Aggregated,35.300000,0.000000,3600,3800,3900,3900,4000,4100,4200,4200,4300,4300,4300,15370,0,1600,1853.2939402407117,327.06490000055055,4961.091499997565,178.91581001951855
1788787480,200,POST,POST /auth/login,35.600000,0.000000,3700,3900,4000,4000,4100,4200,4200,4300,4400,4400,4400,15411,0,1600,1858.5290782947066,327.06490000055055,4961.091499997565,178.91622866783467
1788787480,200,,Aggregated,35.600000,0.000000,3700,3900,4000,4000,4100,4200,4200,4300,4400,4400,4400,15411,0,1600,1858.5290782947066,327.06490000055055,4961.091499997565,178.91622866783467
1788787481,200,POST,POST /auth/login,35.300000,0.000000,3800,3900,4000,4000,4100,4200,4200,4300,4600,4600,4600,15444,0,1600,1862.5215054648875,327.06490000055055,4961.091499997565,178.91608391608392
1788787481,200,,Aggregated,35.300000,0.000000,3800,3900,4000,4000,4100,4200,4200,4300,4600,4600,4600,15444,0,1600,1862.5215054648875,327.06490000055055,4961.091499997565,178.91608391608392
1788787482,200,POST,POST /auth/login,34.900000,0.000000,3800,3900,4000,4000,4100,4200,4300,4300,4800,4800,4800,15475,0,1600,1866.1281096994976,327.06490000055055,4961.091499997565,178.9168336025848
1788787482,200,,Aggregated,34.900000,0.000000,3800,3900,4000,4000,4100,4200,4300,4300,4800,4800,4800,15475,0,1600,1866.1281096994976,327.06490000055055,4961.091499997565,178.9168336025848
1788787483,200,POST,POST /auth/login,34.800000,0.000000,3800,3900,4000,4000,4100,4200,4300,4400,4800,4800,4800,15508,0,1600,1869.8993406499694,327.06490000055055,4961.091499997565,178.91643022955893
1788787483,200,,Aggregated,34.800000,0.000000,3800,3900,4000,4000,4100,4200,4300,4400,4800,4800,4800,15508,0,1600,1869.8993406499694,327.06490000055055,4961.091499997565,178.91643022955893
1788787484,200,POST,POST /auth/login,34.600000,0.000000,3800,3900,4000,4000,4100,4200,4300,4400,4800,4800,4800,15546,0,1600,1874.3830309018217,327.06490000055055,4961.091499997565,178.91637720313906
1788787484,200,,Aggregated,34.600000,0.000000,3800,3900,4000,4000,4100,4200,4300,4400,4800,4800,4800,15546,0,1600,1874.3830309018217,327.06490000055055,4961.091499997565,178.91637720313906
1788787485,200,POST,POST /auth/login,34.200000,0.000000,3800,3900,4000,4000,4100,4200,4300,4400,4800,4800,4800,15583,0,1600,1878.8046144131258,327.06490000055055,4961.091499997565,178.91715330809214
1788787485,200,,Aggregated,34.200000,0.000000,3800,3900,4000,4000,4100,4200,4300,4400,4800,4800,4800,15583,0,1600,1878.8046144131258,327.06490000055055,4961.091499997565,178.91715330809214
1788787486,200,POST,POST /auth/login,33.600000,0.000000,3800,3900,4000,4000,4200,4300,4400,4500,4800,4800,4800,15611,0,1600,1882.5129478700744,327.06490000055055,4961.091499997565,178.91678944334123
1788787486,200,,Aggregated,33.600000,0.000000,3800,3900,4000,4000,4200,4300,4400,4500,4800,4800,4800,15611,0,1600,1882.5129478700744,327.06490000055055,4961.091499997565,178.91678944334123
