Timestamp,User Count,Type,Name,Requests/s,Failures/s,50%,66%,75%,80%,90%,95%,98%,99%,99.9%,99.99%,100%,Total Request Count,Total Failure Count,Total Median Response Time,Total Average Response Time,Total Min Response Time,Total Max Response Time,Total Average Content Size
1788767117,0,,Aggregated,0.000000,0.000000,N/A,N/A,N/A,N/A,N/A,N/A,N/A,N/A,N/A,N/A,N/A,0,0,0,0.0,0,0,0
1788767118,10,POST,POST /auth/login,0.000000,0.000000,0,0,0,0,0,0,0,0,0,0,0,1,0,242.0538999999735,242.0538999999735,242.0538999999735,242.0538999999735,178.0
1788767118,10,,Aggregated,0.000000,0.000000,0,0,0,0,0,0,0,0,0,0,0,1,0,242.0538999999735,242.0538999999735,242.0538999999735,242.0538999999735,178.0
1788767119,10,POST,POST /auth/login,0.000000,0.000000,0,0,0,0,0,0,0,0,0,0,0,4,0,1300,1050.6315999999742,242.0538999999735,1324.3764999997438,178.0
1788767119,10,,Aggregated,0.000000,0.000000,1300,1300,1300,1300,1300,1300,1300,1300,1300,1300,1300,4,0,1300,1050.6315999999742,242.0538999999735,1324.3764999997438,178.0
1788767120,10,POST,POST /auth/login,0.000000,0.000000,2400,2400,2400,2400,2700,2700,2700,2700,2700,2700,2700,11,0,2400,1745.1598181818636,242.0538999999735,2660.607499999969,178.0
1788767120,10,,Aggregated,0.000000,0.000000,2400,2400,2400,2400,2400,2700,2700,2700,2700,2700,2700,11,0,2400,1745.1598181818636,242.0538999999735,2660.607499999969,178.0
1788767121,10,POST,POST /auth/login,0.500000,0.000000,2400,2400,2400,2400,2400,2700,2700,2700,2700,2700,2700,13,0,1300,1517.0946307692318,228.60099999979866,2660.607499999969,178.0
1788767121,10,,Aggregated,0.500000,0.000000,1300,2400,2400,2400,2400,2700,2700,2700,2700,2700,2700,13,0,1300,1517.0946307692318,228.60099999979866,2660.607499999969,178.0
1788767122,10,POST,POST /auth/login,1.333333,0.000000,1300,2400,2400,2400,2400,2700,2700,2700,2700,2700,2700,16,0,1300,1431.8243874999723,228.60099999979866,2660.607499999969,178.0
1788767122,10,,Aggregated,1.333333,0.000000,1300,2400,2400,2400,2400,2700,2700,2700,2700,2700,2700,16,0,1300,1431.8243874999723,228.60099999979866,2660.607499999969,178.0
1788767123,10,POST,POST /auth/login,2.750000,0.000000,1300,1500,2400,2400,2400,2700,2700,2700,2700,2700,2700,20,0,1300,1397.1864149999874,228.60099999979866,2660.607499999969,178.0
1788767123,10,,Aggregated,2.750000,0.000000,1300,1500,2400,2400,2400,2700,2700,2700,2700,2700,2700,20,0,1300,1397.1864149999874,228.60099999979866,2660.607499999969,178.0
1788767124,10,POST,POST /auth/login,2.600000,0.000000,1300,1300,2400,2400,2400,2400,2700,2700,2700,2700,2700,23,0,1200,1348.0207304347737,228.60099999979866,2660.607499999969,178.0
1788767124,10,,Aggregated,2.600000,0.000000,1200,1300,2400,2400,2400,2400,2700,2700,2700,2700,2700,23,0,1200,1348.0207304347737,228.60099999979866,2660.607499999969,178.0
1788767125,10,POST,POST /auth/login,2.666667,0.000000,1200,1300,1500,2400,2400,2400,2700,2700,2700,2700,2700,26,0,1100,1283.562880769226,227.6441999997587,2660.607499999969,178.0
1788767125,10,,Aggregated,2.666667,0.000000,1200,1300,1500,2400,2400,2400,2700,2700,2700,2700,2700,26,0,1100,1283.562880769226,227.6441999997587,2660.607499999969,178.0
1788767127,10,POST,POST /auth/login,2.857143,0.000000,1100,1300,1300,2400,2400,2400,2700,2700,2700,2700,2700,30,0,1100,1156.8701933333314,227.6441999997587,2660.607499999969,178.0
1788767127,10,,Aggregated,2.857143,0.000000,1100,1300,1300,2400,2400,2400,2700,2700,2700,2700,2700,30,0,1100,1156.8701933333314,227.6441999997587,2660.607499999969,178.0
1788767128,10,POST,POST /auth/login,2.875000,0.000000,1100,1200,1300,1500,2400,2400,2700,2700,2700,2700,2700,34,0,1000,1119.8169970588265,227.6441999997587,2660.607499999969,178.0
1788767128,10,,Aggregated,2.875000,0.000000,1100,1200,1300,1500,2400,2400,2700,2700,2700,2700,2700,34,0,1000,1119.8169970588265,227.6441999997587,2660.607499999969,178.0
1788767129,10,POST,POST /auth/login,2.888889,0.000000,990,1100,1200,1500,2400,2400,2700,2700,2700,2700,2700,38,0,990,1086.6176236842014,227.6441999997587,2660.607499999969,178.0
1788767129,10,,Aggregated,2.888889,0.000000,990,1100,1200,1500,2400,2400,2700,2700,2700,2700,2700,38,0,990,1086.6176236842014,227.6441999997587,2660.607499999969,178.0
1788767130,10,POST,POST /auth/login,3.000000,0.000000,860,1000,1100,1100,1200,1300,1500,1500,1500,1500,1500,40,0,990,1067.5286424999854,227.6441999997587,2660.607499999969,178.0
1788767130,10,,Aggregated,3.000000,0.000000,860,1000,1100,1100,1200,1300,1500,1500,1500,1500,1500,40,0,990,1067.5286424999854,227.6441999997587,2660.607499999969,178.0
1788767131,10,POST,POST /auth/login,3.400000,0.000000,980,1000,1100,1100,1200,1300,1500,1500,1500,1500,1500,43,0,990,1065.7436162790618,227.6441999997587,2660.607499999969,178.0
1788767131,10,,Aggregated,3.400000,0.000000,980,1000,1100,1100,1200,1300,1500,1500,1500,1500,1500,43,0,990,1065.7436162790618,227.6441999997587,2660.607499999969,178.0
1788767132,10,POST,POST /auth/login,3.700000,0.000000,980,1100,1200,1200,1400,1500,1600,1600,1600,1600,1600,47,0,1000,1103.1762489361581,227.6441999997587,2660.607499999969,178.0
1788767132,10,,Aggregated,3.700000,0.000000,980,1100,1200,1200,1400,1500,1600,1600,1600,1600,1600,47,0,1000,1103.1762489361581,227.6441999997587,2660.607499999969,178.0
1788767133,10,POST,POST /auth/login,3.600000,0.000000,940,990,1100,1200,1500,1500,1600,1600,1600,1600,1600,50,0,990,1103.0304239999896,227.6441999997587,2660.607499999969,178.0
1788767133,10,,Aggregated,3.600000,0.000000,940,990,1100,1200,1500,1500,1600,1600,1600,1600,1600,50,0,990,1103.0304239999896,227.6441999997587,2660.607499999969,178.0
1788767134,10,POST,POST /auth/login,3.200000,0.000000,940,1000,1400,1500,1500,1600,1800,1800,1800,1800,1800,53,0,1000,1129.129166037737,227.6441999997587,2660.607499999969,178.0
1788767134,10,,Aggregated,3.200000,0.000000,940,1000,1400,1500,1500,1600,1800,1800,1800,1800,1800,53,0,1000,1129.129166037737,227.6441999997587,2660.607499999969,178.0
1788767135,10,POST,POST /auth/login,3.400000,0.000000,940,1100,1500,1500,1600,1600,1800,1800,1800,1800,1800,54,0,1000,1138.5684129629597,227.6441999997587,2660.607499999969,178.0
1788767135,10,,Aggregated,3.400000,0.000000,940,1100,1500,1500,1600,1600,1800,1800,1800,1800,1800,54,0,1000,1138.5684129629597,227.6441999997587,2660.607499999969,178.0
1788767136,10,POST,POST /auth/login,3.400000,0.000000,1000,1500,1500,1500,1600,1600,1800,1800,1800,1800,1800,61,0,1100,1151.202019672129,227.6441999997587,2660.607499999969,178.0
1788767136,10,,Aggregated,3.400000,0.000000,1000,1500,1500,1500,1600,1600,1800,1800,1800,1800,1800,61,0,1100,1151.202019672129,227.6441999997587,2660.607499999969,178.0
1788767137,10,POST,POST /auth/login,3.300000,0.000000,1100,1500,1500,1500,1600,1600,1800,1800,1800,1800,1800,64,0,1000,1120.7755656249958,227.6441999997587,2660.607499999969,178.0
1788767137,10,,Aggregated,3.300000,0.000000,1100,1500,1500,1500,1600,1600,1800,1800,1800,1800,1800,64,0,1000,1120.7755656249958,227.6441999997587,2660.607499999969,178.0
1788767138,10,POST,POST /auth/login,3.100000,0.000000,1100,1500,1500,1500,1600,1600,1800,1800,1800,1800,1800,68,0,990,1085.9547029411606,227.6441999997587,2660.607499999969,178.0
1788767138,10,,Aggregated,3.100000,0.000000,1100,1500,1500,1500,1600,1600,1800,1800,1800,1800,1800,68,0,990,1085.9547029411606,227.6441999997587,2660.607499999969,178.0
1788767139,10,POST,POST /auth/login,3.500000,0.000000,990,1500,1500,1500,1600,1600,1800,1800,1800,1800,1800,72,0,990,1070.4463694444255,227.6441999997587,2660.607499999969,178.0
1788767139,10,,Aggregated,3.500000,0.000000,990,1500,1500,1500,1600,1600,1800,1800,1800,1800,1800,72,0,990,1070.4463694444255,227.6441999997587,2660.607499999969,178.0
1788767140,10,POST,POST /auth/login,3.400000,0.000000,950,1500,1500,1500,1600,1600,1800,1800,1800,1800,1800,75,0,980,1046.134391999979,227.6441999997587,2660.607499999969,178.0
1788767140,10,,Aggregated,3.400000,0.000000,950,1500,1500,1500,1600,1600,1800,1800,1800,1800,1800,75,0,980,1046.134391999979,227.6441999997587,2660.607499999969,178.0
1788767141,10,POST,POST /auth/login,3.400000,0.000000,940,1200,1500,1500,1600,1600,1800,1800,1800,1800,1800,79,0,980,1043.056596202514,227.6441999997587,2660.607499999969,178.0
1788767141,10,,Aggregated,3.400000,0.000000,940,1200,1500,1500,1600,1600,1800,1800,1800,1800,1800,79,0,980,1043.056596202514,227.6441999997587,2660.607499999969,178.0
1788767142,10,POST,POST /auth/login,3.400000,0.000000,950,1200,1500,1500,1600,1600,1800,1800,1800,1800,1800,81,0,990,1048.9048061728265,227.6441999997587,2660.607499999969,178.0
1788767142,10,,Aggregated,3.400000,0.000000,950,1200,1500,1500,1600,1600,1800,1800,1800,1800,1800,81,0,990,1048.9048061728265,227.6441999997587,2660.607499999969,178.0
1788767143,10,POST,POST /auth/login,3.500000,0.000000,820,990,1200,1300,1600,1600,1600,1600,1600,1600,1600,86,0,980,1041.2001895348733,227.6441999997587,2660.607499999969,178.0
1788767143,10,,Aggregated,3.500000,0.000000,820,990,1200,1300,1600,1600,1600,1600,1600,1600,1600,86,0,980,1041.2001895348733,227.6441999997587,2660.607499999969,178.0
1788767144,10,POST,POST /auth/login,3.600000,0.000000,850,990,1200,1300,1500,1600,1600,1600,1600,1600,1600,89,0,990,1039.876140449425,227.6441999997587,2660.607499999969,178.0
1788767144,10,,Aggregated,3.600000,0.000000,850,990,1200,1300,1500,1600,1600,1600,1600,1600,1600,89,0,990,1039.876140449425,227.6441999997587,2660.607499999969,178.0
1788767145,10,POST,POST /auth/login,3.400000,0.000000,820,950,990,1100,1300,1300,1600,1600,1600,1600,1600,91,0,990,1041.0700021977918,227.6441999997587,2660.607499999969,178.0
1788767145,10,,Aggregated,3.400000,0.000000,820,950,990,1100,1300,1300,1600,1600,1600,1600,1600,91,0,990,1041.0700021977918,227.6441999997587,2660.607499999969,178.0
1788767146,10,POST,POST /auth/login,3.600000,0.000000,920,990,1100,1200,1300,1500,1600,1600,1600,1600,1600,94,0,990,1046.888647872328,227.6441999997587,2660.607499999969,178.0
1788767146,10,,Aggregated,3.600000,0.000000,920,990,1100,1200,1300,1500,1600,1600,1600,1600,1600,94,0,990,1046.888647872328,227.6441999997587,2660.607499999969,178.0
1788767147,10,POST,POST /auth/login,3.600000,0.000000,990,1100,1200,1300,1600,1600,1900,1900,1900,1900,1900,98,0,990,1067.8030612244786,227.6441999997587,2660.607499999969,178.0
1788767147,10,,Aggregated,3.600000,0.000000,990,1100,1200,1300,1600,1600,1900,1900,1900,1900,1900,98,0,990,1067.8030612244786,227.6441999997587,2660.607499999969,178.0
1788767148,10,POST,POST /auth/login,3.300000,0.000000,1000,1200,1300,1500,1600,1900,1900,1900,1900,1900,1900,103,0,990,1067.335174757269,227.6441999997587,2660.607499999969,178.0
1788767148,10,,Aggregated,3.300000,0.000000,1000,1200,1300,1500,1600,1900,1900,1900,1900,1900,1900,103,0,990,1067.335174757269,227.6441999997587,2660.607499999969,178.0
1788767149,10,POST,POST /auth/login,3.400000,0.000000,1000,1200,1300,1500,1600,1900,1900,1900,1900,1900,1900,106,0,990,1046.8601462264014,206.9618000000446,2660.607499999969,178.0
1788767149,10,,Aggregated,3.400000,0.000000,1000,1200,1300,1500,1600,1900,1900,1900,1900,1900,1900,106,0,990,1046.8601462264014,206.9618000000446,2660.607499999969,178.0
1788767150,10,POST,POST /auth/login,3.400000,0.000000,1000,1200,1300,1500,1700,1900,1900,1900,1900,1900,1900,109,0,990,1034.9434330275067,206.9618000000446,2660.607499999969,178.0
1788767150,10,,Aggregated,3.400000,0.000000,1000,1200,1300,1500,1700,1900,1900,1900,1900,1900,1900,109,0,990,1034.9434330275067,206.9618000000446,2660.607499999969,178.0
1788767151,10,POST,POST /auth/login,3.400000,0.000000,1000,1200,1300,1400,1600,1900,1900,1900,1900,1900,1900,112,0,990,1039.5072758928404,206.9618000000446,2660.607499999969,178.0
1788767151,10,,Aggregated,3.400000,0.000000,1000,1200,1300,1400,1600,1900,1900,1900,1900,1900,1900,112,0,990,1039.5072758928404,206.9618000000446,2660.607499999969,178.0
1788767152,10,POST,POST /auth/login,3.200000,0.000000,1000,1300,1500,1500,1900,1900,2000,2000,2000,2000,2000,117,0,990,1051.6505350427178,206.9618000000446,2660.607499999969,178.0
1788767152,10,,Aggregated,3.200000,0.000000,1000,1300,1500,1500,1900,1900,2000,2000,2000,2000,2000,117,0,990,1051.6505350427178,206.9618000000446,2660.607499999969,178.0
1788767153,10,POST,POST /auth/login,3.300000,0.000000,980,1300,1500,1500,1900,1900,2000,2000,2000,2000,2000,121,0,980,1039.471049586763,206.9618000000446,2660.607499999969,178.0
1788767153,10,,Aggregated,3.300000,0.000000,980,1300,1500,1500,1900,1900,2000,2000,2000,2000,2000,121,0,980,1039.471049586763,206.9618000000446,2660.607499999969,178.0
1788767154,10,POST,POST /auth/login,3.300000,0.000000,920,1200,1500,1500,1900,1900,2000,2000,2000,2000,2000,123,0,980,1031.100568292669,206.9618000000446,2660.607499999969,178.0
1788767154,10,,Aggregated,3.300000,0.000000,920,1200,1500,1500,1900,1900,2000,2000,2000,2000,2000,123,0,980,1031.100568292669,206.9618000000446,2660.607499999969,178.0
1788767155,10,POST,POST /auth/login,3.400000,0.000000,750,980,1300,1500,1900,1900,2000,2000,2000,2000,2000,127,0,970,1015.5314905511663,206.9618000000446,2660.607499999969,178.0
1788767155,10,,Aggregated,3.400000,0.000000,750,980,1300,1500,1900,1900,2000,2000,2000,2000,2000,127,0,970,1015.5314905511663,206.9618000000446,2660.607499999969,178.0
1788767156,10,POST,POST /auth/login,3.400000,0.000000,670,920,1100,1200,1700,1900,2000,2000,2000,2000,2000,131,0,970,1013.5758931297553,206.9618000000446,2660.607499999969,178.0
1788767156,10,,Aggregated,3.400000,0.000000,670,920,1100,1200,1700,1900,2000,2000,2000,2000,2000,131,0,970,1013.5758931297553,206.9618000000446,2660.607499999969,178.0
1788767157,10,POST,POST /auth/login,3.500000,0.000000,670,920,1100,1300,1500,1900,2000,2000,2000,2000,2000,135,0,980,1019.5210022222115,206.9618000000446,2660.607499999969,178.0
1788767157,10,,Aggregated,3.500000,0.000000,670,920,1100,1300,1500,1900,2000,2000,2000,2000,2000,135,0,980,1019.5210022222115,206.9618000000446,2660.607499999969,178.0
1788767158,10,POST,POST /auth/login,3.500000,0.000000,820,920,1100,1300,1500,1900,2000,2000,2000,2000,2000,138,0,970,1016.0938456521653,206.9618000000446,2660.607499999969,178.0
1788767158,10,,Aggregated,3.500000,0.000000,820,920,1100,1300,1500,1900,2000,2000,2000,2000,2000,138,0,970,1016.0938456521653,206.9618000000446,2660.607499999969,178.0
1788767159,10,POST,POST /auth/login,3.600000,0.000000,820,920,1200,1200,1500,1900,2000,2000,2000,2000,2000,143,0,950,1001.952171328663,206.9618000000446,2660.607499999969,178.0
1788767159,10,,Aggregated,3.600000,0.000000,820,920,1200,1200,1500,1900,2000,2000,2000,2000,2000,143,0,950,1001.952171328663,206.9618000000446,2660.607499999969,178.0
1788767160,10,POST,POST /auth/login,3.600000,0.000000,750,910,1100,1200,1500,1900,2000,2000,2000,2000,2000,146,0,940,995.498660958898,206.9618000000446,2660.607499999969,178.0
1788767160,10,,Aggregated,3.600000,0.000000,750,910,1100,1200,1500,1900,2000,2000,2000,2000,2000,146,0,940,995.498660958898,206.9618000000446,2660.607499999969,178.0
1788767161,10,POST,POST /auth/login,3.600000,0.000000,670,860,920,1000,1200,1500,1600,1600,1600,1600,1600,150,0,920,990.6685533333253,206.9618000000446,2660.607499999969,178.0
1788767161,10,,Aggregated,3.600000,0.000000,670,860,920,1000,1200,1500,1600,1600,1600,1600,1600,150,0,920,990.6685533333253,206.9618000000446,2660.607499999969,178.0
1788767162,10,POST,POST /auth/login,3.900000,0.000000,790,880,950,1000,1200,1500,1600,1600,1600,1600,1600,154,0,920,987.4232681818105,206.9618000000446,2660.607499999969,178.0
1788767162,10,,Aggregated,3.900000,0.000000,790,880,950,1000,1200,1500,1600,1600,1600,1600,1600,154,0,920,987.4232681818105,206.9618000000446,2660.607499999969,178.0
1788767163,10,POST,POST /auth/login,3.800000,0.000000,860,980,1100,1100,1400,1500,1600,1600,1600,1600,1600,159,0,950,992.2422534591158,206.9618000000446,2660.607499999969,178.0
1788767163,10,,Aggregated,3.800000,0.000000,860,980,1100,1100,1400,1500,1600,1600,1600,1600,1600,159,0,950,992.2422534591158,206.9618000000446,2660.607499999969,178.0
1788767164,10,POST,POST /auth/login,3.800000,0.000000,860,980,1100,1100,1400,1500,1600,1600,1600,1600,1600,162,0,920,982.8753296296245,206.9618000000446,2660.607499999969,178.0
1788767164,10,,Aggregated,3.800000,0.000000,860,980,1100,1100,1400,1500,1600,1600,1600,1600,1600,162,0,920,982.8753296296245,206.9618000000446,2660.607499999969,178.0
1788767165,10,POST,POST /auth/login,3.600000,0.000000,820,950,1000,1100,1400,1500,1600,1600,1600,1600,1600,165,0,920,975.599805454542,206.9618000000446,2660.607499999969,178.0
1788767165,10,,Aggregated,3.600000,0.000000,820,950,1000,1100,1400,1500,1600,1600,1600,1600,1600,165,0,920,975.599805454542,206.9618000000446,2660.607499999969,178.0
1788767166,10,POST,POST /auth/login,3.800000,0.000000,820,950,1000,1100,1200,1300,1400,1400,1400,1400,1400,169,0,940,981.2352674556184,206.9618000000446,2660.607499999969,178.0
1788767166,10,,Aggregated,3.800000,0.000000,820,950,1000,1100,1200,1300,1400,1400,1400,1400,1400,169,0,940,981.2352674556184,206.9618000000446,2660.607499999969,178.0
1788767167,10,POST,POST /auth/login,3.900000,0.000000,820,950,1000,1100,1300,1300,1400,1400,1400,1400,1400,174,0,920,974.9998310344771,206.9618000000446,2660.607499999969,178.0
1788767167,10,,Aggregated,3.900000,0.000000,820,950,1000,1100,1300,1300,1400,1400,1400,1400,1400,174,0,920,974.9998310344771,206.9618000000446,2660.607499999969,178.0
1788767168,10,POST,POST /auth/login,3.900000,0.000000,790,940,1000,1000,1300,1300,1400,1400,1400,1400,1400,178,0,920,968.3320168539306,206.9618000000446,2660.607499999969,178.0
1788767168,10,,Aggregated,3.900000,0.000000,790,940,1000,1000,1300,1300,1400,1400,1400,1400,1400,178,0,920,968.3320168539306,206.9618000000446,2660.607499999969,178.0
1788767169,10,POST,POST /auth/login,3.800000,0.000000,780,940,1000,1000,1300,1300,1400,1400,1400,1400,1400,182,0,910,962.2881692307698,206.9618000000446,2660.607499999969,178.0
1788767169,10,,Aggregated,3.800000,0.000000,780,940,1000,1000,1300,1300,1400,1400,1400,1400,1400,182,0,910,962.2881692307698,206.9618000000446,2660.607499999969,178.0
1788767170,10,POST,POST /auth/login,3.800000,0.000000,780,1000,1200,1300,1300,1400,1500,1500,1500,1500,1500,185,0,920,969.7261308108123,206.9618000000446,2660.607499999969,178.0
1788767170,10,,Aggregated,3.800000,0.000000,780,1000,1200,1300,1300,1400,1500,1500,1500,1500,1500,185,0,920,969.7261308108123,206.9618000000446,2660.607499999969,178.0
1788767171,10,POST,POST /auth/login,3.700000,0.000000,790,1000,1200,1300,1300,1400,1500,1500,1500,1500,1500,189,0,920,970.6295444444455,206.9618000000446,2660.607499999969,178.0
1788767171,10,,Aggregated,3.700000,0.000000,790,1000,1200,1300,1300,1400,1500,1500,1500,1500,1500,189,0,920,970.6295444444455,206.9618000000446,2660.607499999969,178.0
1788767172,10,POST,POST /auth/login,3.700000,0.000000,740,940,1200,1300,1300,1400,1500,1500,1500,1500,1500,192,0,910,964.4143197916669,206.9618000000446,2660.607499999969,178.0
1788767172,10,,Aggregated,3.700000,0.000000,740,940,1200,1300,1300,1400,1500,1500,1500,1500,1500,192,0,910,964.4143197916669,206.9618000000446,2660.607499999969,178.0
1788767173,10,POST,POST /auth/login,3.800000,0.000000,750,890,1200,1300,1300,1400,1500,1500,1500,1500,1500,197,0,890,959.4088893401034,206.9618000000446,2660.607499999969,178.0
1788767173,10,,Aggregated,3.800000,0.000000,750,890,1200,1300,1300,1400,1500,1500,1500,1500,1500,197,0,890,959.4088893401034,206.9618000000446,2660.607499999969,178.0
1788767174,10,POST,POST /auth/login,4.100000,0.000000,790,1000,1200,1300,1300,1400,1500,1500,1500,1500,1500,200,0,890,961.5670720000023,206.9618000000446,2660.607499999969,178.0
1788767174,10,,Aggregated,4.100000,0.000000,790,1000,1200,1300,1300,1400,1500,1500,1500,1500,1500,200,0,890,961.5670720000023,206.9618000000446,2660.607499999969,178.0
1788767175,10,POST,POST /auth/login,3.800000,0.000000,750,860,940,1200,1300,1400,1500,1500,1500,1500,1500,203,0,890,954.1451221674868,206.9618000000446,2660.607499999969,178.0
1788767175,10,,Aggregated,3.800000,0.000000,750,860,940,1200,1300,1400,1500,1500,1500,1500,1500,203,0,890,954.1451221674868,206.9618000000446,2660.607499999969,178.0
1788767176,10,POST,POST /auth/login,3.500000,0.000000,750,880,890,1200,1300,1400,1500,1500,1500,1500,1500,207,0,880,950.8377922705305,206.9618000000446,2660.607499999969,178.0
1788767176,10,,Aggregated,3.500000,0.000000,750,880,890,1200,1300,1400,1500,1500,1500,1500,1500,207,0,880,950.8377922705305,206.9618000000446,2660.607499999969,178.0
1788767177,10,POST,POST /auth/login,3.600000,0.000000,770,880,890,1200,1300,1400,1500,1500,1500,1500,1500,210,0,880,944.1703923809523,206.9618000000446,2660.607499999969,178.0
1788767177,10,,Aggregated,3.600000,0.000000,770,880,890,1200,1300,1400,1500,1500,1500,1500,1500,210,0,880,944.1703923809523,206.9618000000446,2660.607499999969,178.0
1788767178,10,POST,POST /auth/login,3.500000,0.000000,750,880,890,1200,1300,1400,1500,1500,1500,1500,1500,214,0,860,933.7669710280351,206.9618000000446,2660.607499999969,178.0
1788767178,10,,Aggregated,3.500000,0.000000,750,880,890,1200,1300,1400,1500,1500,1500,1500,1500,214,0,860,933.7669710280351,206.9618000000446,2660.607499999969,178.0
1788767179,10,POST,POST /auth/login,3.500000,0.000000,790,880,890,1200,1300,1400,1500,1500,1500,1500,1500,216,0,860,932.5174773148128,206.9618000000446,2660.607499999969,178.0
1788767179,10,,Aggregated,3.500000,0.000000,790,880,890,1200,1300,1400,1500,1500,1500,1500,1500,216,0,860,932.5174773148128,206.9618000000446,2660.607499999969,178.0
1788767180,10,POST,POST /auth/login,3.600000,0.000000,770,880,890,920,1300,1300,1600,1600,1600,1600,1600,220,0,860,935.9126099999994,206.9618000000446,2660.607499999969,178.0
1788767180,10,,Aggregated,3.600000,0.000000,770,880,890,920,1300,1300,1600,1600,1600,1600,1600,220,0,860,935.9126099999994,206.9618000000446,2660.607499999969,178.0
1788767181,10,POST,POST /auth/login,3.700000,0.000000,830,890,920,950,1200,1300,1600,1600,1600,1600,1600,224,0,860,934.8793955357145,206.9618000000446,2660.607499999969,178.0
1788767181,10,,Aggregated,3.700000,0.000000,830,890,920,950,1200,1300,1600,1600,1600,1600,1600,224,0,860,934.8793955357145,206.9618000000446,2660.607499999969,178.0
1788767182,10,POST,POST /auth/login,3.700000,0.000000,860,920,1200,1200,1300,1500,1600,1600,1600,1600,1600,227,0,880,940.8364960352443,206.9618000000446,2660.607499999969,178.0
1788767182,10,,Aggregated,3.700000,0.000000,860,920,1200,1200,1300,1500,1600,1600,1600,1600,1600,227,0,880,940.8364960352443,206.9618000000446,2660.607499999969,178.0
1788767183,10,POST,POST /auth/login,3.700000,0.000000,880,950,1200,1200,1300,1500,1600,1600,1600,1600,1600,230,0,880,942.7810969565243,206.9618000000446,2660.607499999969,178.0
1788767183,10,,Aggregated,3.700000,0.000000,880,950,1200,1200,1300,1500,1600,1600,1600,1600,1600,230,0,880,942.7810969565243,206.9618000000446,2660.607499999969,178.0
1788767184,10,POST,POST /auth/login,3.200000,0.000000,880,950,1100,1300,1300,1500,1600,1600,1600,1600,1600,236,0,880,936.7534118644112,206.9618000000446,2660.607499999969,178.0
1788767184,10,,Aggregated,3.200000,0.000000,880,950,1100,1300,1300,1500,1600,1600,1600,1600,1600,236,0,880,936.7534118644112,206.9618000000446,2660.607499999969,178.0
1788767185,10,POST,POST /auth/login,3.400000,0.000000,880,950,1100,1300,1300,1500,1600,1600,1600,1600,1600,238,0,880,932.2402903361392,206.9618000000446,2660.607499999969,178.0
1788767185,10,,Aggregated,3.400000,0.000000,880,950,1100,1300,1300,1500,1600,1600,1600,1600,1600,238,0,880,932.2402903361392,206.9618000000446,2660.607499999969,178.0
1788767186,10,POST,POST /auth/login,3.400000,0.000000,840,950,1200,1300,1300,1500,1600,1600,1600,1600,1600,240,0,880,929.95674166667,206.9618000000446,2660.607499999969,178.0
1788767186,10,,Aggregated,3.400000,0.000000,840,950,1200,1300,1300,1500,1600,1600,1600,1600,1600,240,0,880,929.95674166667,206.9618000000446,2660.607499999969,178.0
1788767187,10,POST,POST /auth/login,3.600000,0.000000,950,1100,1300,1300,1400,1500,1600,1600,1600,1600,1600,244,0,880,933.4684012295108,206.9618000000446,2660.607499999969,178.0
1788767187,10,,Aggregated,3.600000,0.000000,950,1100,1300,1300,1400,1500,1600,1600,1600,1600,1600,244,0,880,933.4684012295108,206.9618000000446,2660.607499999969,178.0
1788767188,10,POST,POST /auth/login,3.600000,0.000000,960,1100,1300,1300,1400,1500,1600,1600,1600,1600,1600,249,0,880,933.4293493975912,206.9618000000446,2660.607499999969,178.0
1788767188,10,,Aggregated,3.600000,0.000000,960,1100,1300,1300,1400,1500,1600,1600,1600,1600,1600,249,0,880,933.4293493975912,206.9618000000446,2660.607499999969,178.0
1788767189,10,POST,POST /auth/login,3.400000,0.000000,950,1000,1200,1300,1400,1500,1500,1500,1500,1500,1500,251,0,880,929.6971366533854,206.9618000000446,2660.607499999969,178.0
1788767189,10,,Aggregated,3.400000,0.000000,950,1000,1200,1300,1400,1500,1500,1500,1500,1500,1500,251,0,880,929.6971366533854,206.9618000000446,2660.607499999969,178.0
1788767190,10,POST,POST /auth/login,3.500000,0.000000,940,1000,1200,1300,1400,1500,1500,1500,1500,1500,1500,254,0,880,926.2791688976375,206.9618000000446,2660.607499999969,178.0
1788767190,10,,Aggregated,3.500000,0.000000,940,1000,1200,1300,1400,1500,1500,1500,1500,1500,1500,254,0,880,926.2791688976375,206.9618000000446,2660.607499999969,178.0
1788767191,10,POST,POST /auth/login,3.400000,0.000000,920,1000,1200,1300,1400,1500,1500,1500,1500,1500,1500,259,0,880,926.435432432433,206.9618000000446,2660.607499999969,178.0
1788767191,10,,Aggregated,3.400000,0.000000,920,1000,1200,1300,1400,1500,1500,1500,1500,1500,1500,259,0,880,926.435432432433,206.9618000000446,2660.607499999969,178.0
1788767192,10,POST,POST /auth/login,3.400000,0.000000,780,950,1000,1000,1300,1400,1500,1500,1500,1500,1500,261,0,880,924.4660517241393,206.9618000000446,2660.607499999969,178.0
1788767192,10,,Aggregated,3.400000,0.000000,780,950,1000,1000,1300,1400,1500,1500,1500,1500,1500,261,0,880,924.4660517241393,206.9618000000446,2660.607499999969,178.0
1788767193,10,POST,POST /auth/login,3.300000,0.000000,800,990,1000,1100,1300,1400,1500,1500,1500,1500,1500,267,0,880,927.7982486891394,206.9618000000446,2660.607499999969,178.0
1788767193,10,,Aggregated,3.300000,0.000000,800,990,1000,1100,1300,1400,1500,1500,1500,1500,1500,267,0,880,927.7982486891394,206.9618000000446,2660.607499999969,178.0
1788767194,10,POST,POST /auth/login,3.700000,0.000000,900,990,1000,1100,1300,1400,1500,1500,1500,1500,1500,270,0,880,926.2286314814818,206.9618000000446,2660.607499999969,178.0
1788767194,10,,Aggregated,3.700000,0.000000,900,990,1000,1100,1300,1400,1500,1500,1500,1500,1500,270,0,880,926.2286314814818,206.9618000000446,2660.607499999969,178.0
1788767195,10,POST,POST /auth/login,3.700000,0.000000,940,1000,1100,1200,1300,1400,1500,1500,1500,1500,1500,272,0,880,925.8124294117654,206.9618000000446,2660.607499999969,178.0
1788767195,10,,Aggregated,3.700000,0.000000,940,1000,1100,1200,1300,1400,1500,1500,1500,1500,1500,272,0,880,925.8124294117654,206.9618000000446,2660.607499999969,178.0
1788767196,10,POST,POST /auth/login,3.500000,0.000000,940,1000,1100,1100,1200,1400,1500,1500,1500,1500,1500,278,0,890,927.7243413669065,206.9618000000446,2660.607499999969,178.0
1788767196,10,,Aggregated,3.500000,0.000000,940,1000,1100,1100,1200,1400,1500,1500,1500,1500,1500,278,0,890,927.7243413669065,206.9618000000446,2660.607499999969,178.0
1788767197,10,POST,POST /auth/login,3.500000,0.000000,940,1000,1100,1200,1400,1500,1600,1600,1600,1600,1600,281,0,890,933.5944896797162,206.9618000000446,2660.607499999969,178.0
1788767197,10,,Aggregated,3.500000,0.000000,940,1000,1100,1200,1400,1500,1600,1600,1600,1600,1600,281,0,890,933.5944896797162,206.9618000000446,2660.607499999969,178.0
1788767198,10,POST,POST /auth/login,3.500000,0.000000,920,1000,1100,1200,1400,1500,1600,1600,1600,1600,1600,285,0,890,926.8809803508785,206.9618000000446,2660.607499999969,178.0
1788767198,10,,Aggregated,3.500000,0.000000,920,1000,1100,1200,1400,1500,1600,1600,1600,1600,1600,285,0,890,926.8809803508785,206.9618000000446,2660.607499999969,178.0
1788767199,10,POST,POST /auth/login,3.500000,0.000000,920,1000,1100,1200,1400,1500,1600,1600,1600,1600,1600,288,0,880,919.9895243055562,206.9618000000446,2660.607499999969,178.0
1788767199,10,,Aggregated,3.500000,0.000000,920,1000,1100,1200,1400,1500,1600,1600,1600,1600,1600,288,0,880,919.9895243055562,206.9618000000446,2660.607499999969,178.0
1788767200,10,POST,POST /auth/login,3.600000,0.000000,940,1000,1100,1100,1400,1500,1600,1600,1600,1600,1600,292,0,880,917.6506250000009,206.9618000000446,2660.607499999969,178.0
1788767200,10,,Aggregated,3.600000,0.000000,940,1000,1100,1100,1400,1500,1600,1600,1600,1600,1600,292,0,880,917.6506250000009,206.9618000000446,2660.607499999969,178.0
1788767201,10,POST,POST /auth/login,3.600000,0.000000,870,1000,1100,1100,1400,1500,1600,1600,1600,1600,1600,294,0,880,917.1270598639472,206.9618000000446,2660.607499999969,178.0
1788767201,10,,Aggregated,3.600000,0.000000,870,1000,1100,1100,1400,1500,1600,1600,1600,1600,1600,294,0,880,917.1270598639472,206.9618000000446,2660.607499999969,178.0
1788767202,10,POST,POST /auth/login,3.600000,0.000000,870,1000,1100,1200,1400,1500,1600,1600,1600,1600,1600,300,0,880,918.5834333333338,206.9618000000446,2660.607499999969,178.0
1788767202,10,,Aggregated,3.600000,0.000000,870,1000,1100,1200,1400,1500,1600,1600,1600,1600,1600,300,0,880,918.5834333333338,206.9618000000446,2660.607499999969,178.0
1788767203,10,POST,POST /auth/login,3.800000,0.000000,860,960,1100,1100,1300,1500,1600,1600,1600,1600,1600,302,0,880,915.90010231788,206.9618000000446,2660.607499999969,178.0
1788767203,10,,Aggregated,3.800000,0.000000,860,960,1100,1100,1300,1500,1600,1600,1600,1600,1600,302,0,880,915.90010231788,206.9618000000446,2660.607499999969,178.0
1788767204,10,POST,POST /auth/login,3.600000,0.000000,820,950,1100,1100,1300,1500,1600,1600,1600,1600,1600,305,0,870,912.2134180327837,206.9618000000446,2660.607499999969,178.0
1788767204,10,,Aggregated,3.600000,0.000000,820,950,1100,1100,1300,1500,1600,1600,1600,1600,1600,305,0,870,912.2134180327837,206.9618000000446,2660.607499999969,178.0
1788767205,10,POST,POST /auth/login,3.600000,0.000000,690,870,960,1100,1300,1500,1600,1600,1600,1600,1600,309,0,860,907.1825647249166,206.9618000000446,2660.607499999969,178.0
1788767205,10,,Aggregated,3.600000,0.000000,690,870,960,1100,1300,1500,1600,1600,1600,1600,1600,309,0,860,907.1825647249166,206.9618000000446,2660.607499999969,178.0
1788767206,10,POST,POST /auth/login,3.400000,0.000000,690,830,880,960,1300,1500,1600,1600,1600,1600,1600,312,0,860,906.0454233974349,206.9618000000446,2660.607499999969,178.0
1788767206,10,,Aggregated,3.400000,0.000000,690,830,880,960,1300,1500,1600,1600,1600,1600,1600,312,0,860,906.0454233974349,206.9618000000446,2660.607499999969,178.0
1788767207,10,POST,POST /auth/login,3.400000,0.000000,690,830,880,960,1200,1300,1300,1300,1300,1300,1300,316,0,860,906.7559781645568,206.9618000000446,2660.607499999969,178.0
1788767207,10,,Aggregated,3.400000,0.000000,690,830,880,960,1200,1300,1300,1300,1300,1300,1300,316,0,860,906.7559781645568,206.9618000000446,2660.607499999969,178.0
1788767208,10,POST,POST /auth/login,3.400000,0.000000,740,840,930,1100,1200,1300,1300,1300,1300,1300,1300,316,0,860,906.7559781645568,206.9618000000446,2660.607499999969,178.0
1788767208,10,,Aggregated,3.400000,0.000000,740,840,930,1100,1200,1300,1300,1300,1300,1300,1300,316,0,860,906.7559781645568,206.9618000000446,2660.607499999969,178.0
1788767209,10,POST,POST /auth/login,3.700000,0.000000,870,1100,1300,1300,1400,1600,2000,2000,2000,2000,2000,324,0,880,919.5654987654341,206.9618000000446,2660.607499999969,178.0
1788767209,10,,Aggregated,3.700000,0.000000,870,1100,1300,1300,1400,1600,2000,2000,2000,2000,2000,324,0,880,919.5654987654341,206.9618000000446,2660.607499999969,178.0
1788767210,10,POST,POST /auth/login,3.300000,0.000000,840,1100,1300,1300,1400,1600,2000,2000,2000,2000,2000,328,0,870,912.7990439024393,206.9618000000446,2660.607499999969,178.0
1788767210,10,,Aggregated,3.300000,0.000000,840,1100,1300,1300,1400,1600,2000,2000,2000,2000,2000,328,0,870,912.7990439024393,206.9618000000446,2660.607499999969,178.0
1788767211,10,POST,POST /auth/login,3.500000,0.000000,690,930,1200,1300,1400,1600,2000,2000,2000,2000,2000,331,0,870,907.6688006042297,206.9618000000446,2660.607499999969,178.0
1788767211,10,,Aggregated,3.500000,0.000000,690,930,1200,1300,1400,1600,2000,2000,2000,2000,2000,331,0,870,907.6688006042297,206.9618000000446,2660.607499999969,178.0
1788767212,10,POST,POST /auth/login,3.600000,0.000000,840,950,1200,1300,1400,1600,2000,2000,2000,2000,2000,337,0,870,907.6444554896125,206.9618000000446,2660.607499999969,178.0
1788767212,10,,Aggregated,3.600000,0.000000,840,950,1200,1300,1400,1600,2000,2000,2000,2000,2000,337,0,870,907.6444554896125,206.9618000000446,2660.607499999969,178.0
1788767213,10,POST,POST /auth/login,3.600000,0.000000,650,900,1200,1300,1400,1600,2000,2000,2000,2000,2000,342,0,860,899.1501418128648,206.9618000000446,2660.607499999969,178.0
1788767213,10,,Aggregated,3.600000,0.000000,650,900,1200,1300,1400,1600,2000,2000,2000,2000,2000,342,0,860,899.1501418128648,206.9618000000446,2660.607499999969,178.0
1788767214,10,POST,POST /auth/login,3.400000,0.000000,690,950,1200,1300,1400,1600,2000,2000,2000,2000,2000,344,0,860,895.1680904069757,206.9618000000446,2660.607499999969,178.0
1788767214,10,,Aggregated,3.400000,0.000000,690,950,1200,1300,1400,1600,2000,2000,2000,2000,2000,344,0,860,895.1680904069757,206.9618000000446,2660.607499999969,178.0
1788767215,10,POST,POST /auth/login,3.800000,0.000000,560,950,1200,1300,1400,1600,2000,2000,2000,2000,2000,348,0,860,888.6139140804596,206.9618000000446,2660.607499999969,178.0
1788767215,10,,Aggregated,3.800000,0.000000,560,950,1200,1300,1400,1600,2000,2000,2000,2000,2000,348,0,860,888.6139140804596,206.9618000000446,2660.607499999969,178.0
1788767216,10,POST,POST /auth/login,4.000000,0.000000,530,860,950,1300,1400,1600,2000,2000,2000,2000,2000,352,0,850,886.3546201704547,206.9618000000446,2660.607499999969,178.0
1788767216,10,,Aggregated,4.000000,0.000000,530,860,950,1300,1400,1600,2000,2000,2000,2000,2000,352,0,850,886.3546201704547,206.9618000000446,2660.607499999969,178.0
1788767217,10,POST,POST /auth/login,4.000000,0.000000,660,840,950,1300,1400,1600,2000,2000,2000,2000,2000,356,0,840,884.7312856741568,206.9618000000446,2660.607499999969,178.0
1788767217,10,,Aggregated,4.000000,0.000000,660,840,950,1300,1400,1600,2000,2000,2000,2000,2000,356,0,840,884.7312856741568,206.9618000000446,2660.607499999969,178.0
1788767218,10,POST,POST /auth/login,3.800000,0.000000,530,730,820,860,1100,1600,2000,2000,2000,2000,2000,361,0,840,879.7979304709138,206.9618000000446,2660.607499999969,178.0
1788767218,10,,Aggregated,3.800000,0.000000,530,730,820,860,1100,1600,2000,2000,2000,2000,2000,361,0,840,879.7979304709138,206.9618000000446,2660.607499999969,178.0
1788767219,10,POST,POST /auth/login,3.900000,0.000000,490,680,730,780,900,1100,1300,1300,1300,1300,1300,363,0,840,878.8455550964177,206.9618000000446,2660.607499999969,178.0
1788767219,10,,Aggregated,3.900000,0.000000,490,680,730,780,900,1100,1300,1300,1300,1300,1300,363,0,840,878.8455550964177,206.9618000000446,2660.607499999969,178.0
1788767220,10,POST,POST /auth/login,4.200000,0.000000,640,730,820,840,980,1100,1300,1300,1300,1300,1300,366,0,840,879.1705603825108,206.9618000000446,2660.607499999969,178.0
1788767220,10,,Aggregated,4.200000,0.000000,640,730,820,840,980,1100,1300,1300,1300,1300,1300,366,0,840,879.1705603825108,206.9618000000446,2660.607499999969,178.0
1788767221,10,POST,POST /auth/login,4.000000,0.000000,730,840,900,980,1100,1300,1400,1400,1400,1400,1400,372,0,840,883.3728182795686,206.9618000000446,2660.607499999969,178.0
1788767221,10,,Aggregated,4.000000,0.000000,730,840,900,980,1100,1300,1400,1400,1400,1400,1400,372,0,840,883.3728182795686,206.9618000000446,2660.607499999969,178.0
1788767222,10,POST,POST /auth/login,4.000000,0.000000,680,780,850,980,1000,1300,1400,1400,1400,1400,1400,376,0,840,881.4401779255298,206.9618000000446,2660.607499999969,178.0
1788767222,10,,Aggregated,4.000000,0.000000,680,780,850,980,1000,1300,1400,1400,1400,1400,1400,376,0,840,881.4401779255298,206.9618000000446,2660.607499999969,178.0
1788767223,10,POST,POST /auth/login,3.900000,0.000000,730,780,850,980,1000,1300,1400,1400,1400,1400,1400,380,0,840,877.6952010526285,206.9618000000446,2660.607499999969,178.0
1788767223,10,,Aggregated,3.900000,0.000000,730,780,850,980,1000,1300,1400,1400,1400,1400,1400,380,0,840,877.6952010526285,206.9618000000446,2660.607499999969,178.0
1788767224,10,POST,POST /auth/login,4.100000,0.000000,730,780,850,980,1000,1300,1400,1400,1400,1400,1400,383,0,830,873.6503493472567,206.9618000000446,2660.607499999969,178.0
1788767224,10,,Aggregated,4.100000,0.000000,730,780,850,980,1000,1300,1400,1400,1400,1400,1400,383,0,830,873.6503493472567,206.9618000000446,2660.607499999969,178.0
1788767225,10,POST,POST /auth/login,3.800000,0.000000,730,780,850,980,1000,1300,1400,1400,1400,1400,1400,385,0,830,872.2572389610382,206.9618000000446,2660.607499999969,178.0
1788767225,10,,Aggregated,3.800000,0.000000,730,780,850,980,1000,1300,1400,1400,1400,1400,1400,385,0,830,872.2572389610382,206.9618000000446,2660.607499999969,178.0
1788767226,10,POST,POST /auth/login,3.800000,0.000000,730,940,1000,1000,1200,1300,1400,1400,1400,1400,1400,391,0,840,874.3857966751906,206.9618000000446,2660.607499999969,178.0
1788767226,10,,Aggregated,3.800000,0.000000,730,940,1000,1000,1200,1300,1400,1400,1400,1400,1400,391,0,840,874.3857966751906,206.9618000000446,2660.607499999969,178.0
1788767227,10,POST,POST /auth/login,3.700000,0.000000,680,940,1000,1000,1200,1300,1400,1400,1400,1400,1400,395,0,830,870.782712911392,206.9618000000446,2660.607499999969,178.0
1788767227,10,,Aggregated,3.700000,0.000000,680,940,1000,1000,1200,1300,1400,1400,1400,1400,1400,395,0,830,870.782712911392,206.9618000000446,2660.607499999969,178.0
1788767228,10,POST,POST /auth/login,4.000000,0.000000,760,980,1000,1000,1200,1300,1400,1400,1400,1400,1400,397,0,830,870.2654216624686,206.9618000000446,2660.607499999969,178.0
1788767228,10,,Aggregated,4.000000,0.000000,760,980,1000,1000,1200,1300,1400,1400,1400,1400,1400,397,0,830,870.2654216624686,206.9618000000446,2660.607499999969,178.0
1788767229,10,POST,POST /auth/login,3.800000,0.000000,830,1000,1100,1200,1400,1500,1600,1600,1600,1600,1600,402,0,840,876.4006029850759,206.9618000000446,2660.607499999969,178.0
1788767229,10,,Aggregated,3.800000,0.000000,830,1000,1100,1200,1400,1500,1600,1600,1600,1600,1600,402,0,840,876.4006029850759,206.9618000000446,2660.607499999969,178.0
1788767230,10,POST,POST /auth/login,3.800000,0.000000,680,1000,1100,1200,1400,1500,1600,1600,1600,1600,1600,407,0,830,873.743493366095,206.9618000000446,2660.607499999969,178.0
1788767230,10,,Aggregated,3.800000,0.000000,680,1000,1100,1200,1400,1500,1600,1600,1600,1600,1600,407,0,830,873.743493366095,206.9618000000446,2660.607499999969,178.0
1788767231,10,POST,POST /auth/login,3.800000,0.000000,570,830,1000,1100,1300,1500,1600,1600,1600,1600,1600,411,0,830,867.7385508515841,190.17910000002303,2660.607499999969,178.0
1788767231,10,,Aggregated,3.800000,0.000000,570,830,1000,1100,1300,1500,1600,1600,1600,1600,1600,411,0,830,867.7385508515841,190.17910000002303,2660.607499999969,178.0
1788767232,10,POST,POST /auth/login,3.700000,0.000000,540,760,1000,1100,1300,1500,1600,1600,1600,1600,1600,414,0,830,864.8461695652214,190.17910000002303,2660.607499999969,178.0
1788767232,10,,Aggregated,3.700000,0.000000,540,760,1000,1100,1300,1500,1600,1600,1600,1600,1600,414,0,830,864.8461695652214,190.17910000002303,2660.607499999969,178.0
1788767233,10,POST,POST /auth/login,3.900000,0.000000,570,910,1000,1100,1300,1500,1600,1600,1600,1600,1600,417,0,830,863.4741333333369,190.17910000002303,2660.607499999969,178.0
1788767233,10,,Aggregated,3.900000,0.000000,570,910,1000,1100,1300,1500,1600,1600,1600,1600,1600,417,0,830,863.4741333333369,190.17910000002303,2660.607499999969,178.0
1788767234,10,POST,POST /auth/login,4.000000,0.000000,580,910,1000,1100,1300,1500,1600,1600,1600,1600,1600,420,0,830,861.3717085714314,190.17910000002303,2660.607499999969,178.0
1788767234,10,,Aggregated,4.000000,0.000000,580,910,1000,1100,1300,1500,1600,1600,1600,1600,1600,420,0,830,861.3717085714314,190.17910000002303,2660.607499999969,178.0
1788767235,10,POST,POST /auth/login,3.900000,0.000000,600,1000,1100,1200,1300,1500,1600,1600,1600,1600,1600,425,0,830,864.0968609411794,190.17910000002303,2660.607499999969,178.0
1788767235,10,,Aggregated,3.900000,0.000000,600,1000,1100,1200,1300,1500,1600,1600,1600,1600,1600,425,0,830,864.0968609411794,190.17910000002303,2660.607499999969,178.0
1788767236,10,POST,POST /auth/login,3.600000,0.000000,600,910,1100,1100,1300,1500,1600,1600,1600,1600,1600,428,0,830,860.8842214953308,190.17910000002303,2660.607499999969,178.0
1788767236,10,,Aggregated,3.600000,0.000000,600,910,1100,1100,1300,1500,1600,1600,1600,1600,1600,428,0,830,860.8842214953308,190.17910000002303,2660.607499999969,178.0
1788767237,10,POST,POST /auth/login,3.900000,0.000000,630,990,1100,1100,1300,1500,1600,1600,1600,1600,1600,430,0,830,858.4848295348872,190.17910000002303,2660.607499999969,178.0
1788767237,10,,Aggregated,3.900000,0.000000,630,990,1100,1100,1300,1500,1600,1600,1600,1600,1600,430,0,830,858.4848295348872,190.17910000002303,2660.607499999969,178.0
1788767238,20,POST,POST /auth/login,3.800000,0.000000,630,770,990,1100,1300,1500,1600,1600,1600,1600,1600,433,0,820,857.5344981524278,190.17910000002303,2660.607499999969,178.0
1788767238,20,,Aggregated,3.800000,0.000000,630,770,990,1100,1300,1500,1600,1600,1600,1600,1600,433,0,820,857.5344981524278,190.17910000002303,2660.607499999969,178.0
1788767239,30,POST,POST /auth/login,3.600000,0.000000,650,900,990,1000,1100,1200,1300,1300,1300,1300,1300,439,0,830,859.8995505694791,190.17910000002303,2660.607499999969,178.0
1788767239,30,,Aggregated,3.600000,0.000000,650,900,990,1000,1100,1200,1300,1300,1300,1300,1300,439,0,830,859.8995505694791,190.17910000002303,2660.607499999969,178.0
1788767240,40,POST,POST /auth/login,3.400000,0.000000,770,1000,1100,1100,1300,1900,2200,2200,2200,2200,2200,443,0,830,868.0571693002294,190.17910000002303,2660.607499999969,178.0135440180587
1788767240,40,,Aggregated,3.400000,0.000000,770,1000,1100,1100,1300,1900,2200,2200,2200,2200,2200,443,0,830,868.0571693002294,190.17910000002303,2660.607499999969,178.0135440180587
1788767241,50,POST,POST /auth/login,3.700000,0.000000,910,1100,1300,1700,2500,3000,3300,3300,3300,3300,3300,447,0,840,885.5672691275194,190.17910000002303,3285.387399999763,178.0268456375839
1788767241,50,,Aggregated,3.700000,0.000000,910,1100,1300,1700,2500,3000,3300,3300,3300,3300,3300,447,0,840,885.5672691275194,190.17910000002303,3285.387399999763,178.0268456375839
1788767242,50,POST,POST /auth/login,3.700000,0.000000,1000,1100,1300,1700,2500,3000,3300,3300,3300,3300,3300,447,0,840,885.5672691275194,190.17910000002303,3285.387399999763,178.0268456375839
1788767242,50,,Aggregated,3.700000,0.000000,1000,1100,1300,1700,2500,3000,3300,3300,3300,3300,3300,447,0,840,885.5672691275194,190.17910000002303,3285.387399999763,178.0268456375839
1788767243,50,POST,POST /auth/login,3.600000,0.000000,1100,1900,2500,3100,3300,4800,5300,5300,5300,5300,5300,454,0,840,931.4503226872284,190.17910000002303,5323.229200000242,178.03964757709252
1788767243,50,,Aggregated,3.600000,0.000000,1100,1900,2500,3100,3300,4800,5300,5300,5300,5300,5300,454,0,840,931.4503226872284,190.17910000002303,5323.229200000242,178.03964757709252
1788767244,50,POST,POST /auth/login,3.500000,0.000000,1300,2500,3100,3200,4800,5300,5900,5900,5900,5900,5900,456,0,840,951.2372447368457,190.17910000002303,5938.803000000007,178.0438596491228
1788767244,50,,Aggregated,3.500000,0.000000,1300,2500,3100,3200,4800,5300,5900,5900,5900,5900,5900,456,0,840,951.2372447368457,190.17910000002303,5938.803000000007,178.0438596491228
1788767245,50,POST,POST /auth/login,3.500000,0.000000,2200,3100,3300,3800,4900,5800,5900,5900,5900,5900,5900,458,0,850,967.9369187772963,190.17910000002303,5938.803000000007,178.04366812227073
1788767245,50,,Aggregated,3.500000,0.000000,2200,3100,3300,3800,4900,5800,5900,5900,5900,5900,5900,458,0,850,967.9369187772963,190.17910000002303,5938.803000000007,178.04366812227073
1788767246,50,POST,POST /auth/login,3.500000,0.000000,2500,3100,3300,4500,5300,5800,5900,5900,5900,5900,5900,458,0,850,967.9369187772963,190.17910000002303,5938.803000000007,178.04366812227073
1788767246,50,,Aggregated,3.500000,0.000000,2500,3100,3300,4500,5300,5800,5900,5900,5900,5900,5900,458,0,850,967.9369187772963,190.17910000002303,5938.803000000007,178.04366812227073
1788767247,50,POST,POST /auth/login,3.400000,0.000000,3100,4600,4900,5100,5800,7800,8100,8100,8100,8100,8100,467,0,860,1056.7009809421859,190.17910000002303,8085.656399999607,178.05567451820127
1788767247,50,,Aggregated,3.400000,0.000000,3100,4600,4900,5100,5800,7800,8100,8100,8100,8100,8100,467,0,860,1056.7009809421859,190.17910000002303,8085.656399999607,178.05567451820127
1788767248,50,POST,POST /auth/login,3.200000,0.000000,4500,4900,5200,5200,5900,8100,9100,9100,9100,9100,9100,471,0,860,1099.3231993630584,190.17910000002303,9127.482599999894,178.06794055201698
1788767248,50,,Aggregated,3.200000,0.000000,4500,4900,5200,5200,5900,8100,9100,9100,9100,9100,9100,471,0,860,1099.3231993630584,190.17910000002303,9127.482599999894,178.06794055201698
1788767249,50,POST,POST /auth/login,3.100000,0.000000,4800,5100,5200,5800,8100,9600,9600,9600,9600,9600,9600,473,0,870,1135.2802414376338,190.17910000002303,9604.380700000092,178.0676532769556
1788767249,50,,Aggregated,3.100000,0.000000,4800,5100,5200,5800,8100,9600,9600,9600,9600,9600,9600,473,0,870,1135.2802414376338,190.17910000002303,9604.380700000092,178.0676532769556
1788767250,50,POST,POST /auth/login,3.700000,0.000000,4900,5200,5800,7800,9600,9600,11000,11000,11000,11000,11000,474,0,870,1155.419776160339,190.17910000002303,10681.419699999879,178.06751054852322
1788767250,50,,Aggregated,3.700000,0.000000,4900,5200,5800,7800,9600,9600,11000,11000,11000,11000,11000,474,0,870,1155.419776160339,190.17910000002303,10681.419699999879,178.06751054852322
1788767251,50,POST,POST /auth/login,3.500000,0.000000,5800,6400,6900,7000,9600,11000,12000,12000,12000,12000,12000,485,0,880,1289.7979554639178,190.17910000002303,12369.463900000028,178.08247422680412
1788767251,50,,Aggregated,3.500000,0.000000,5800,6400,6900,7000,9600,11000,12000,12000,12000,12000,12000,485,0,880,1289.7979554639178,190.17910000002303,12369.463900000028,178.08247422680412
1788767252,50,POST,POST /auth/login,3.400000,0.000000,5900,6500,7000,8100,11000,12000,13000,13000,13000,13000,13000,490,0,890,1357.5854053061228,190.17910000002303,12614.269499999864,178.0857142857143
1788767252,50,,Aggregated,3.400000,0.000000,5900,6500,7000,8100,11000,12000,13000,13000,13000,13000,13000,490,0,890,1357.5854053061228,190.17910000002303,12614.269499999864,178.0857142857143
1788767253,50,POST,POST /auth/login,3.400000,0.000000,6200,6700,7800,8100,11000,12000,13000,13000,13000,13000,13000,490,0,890,1357.5854053061228,190.17910000002303,12614.269499999864,178.0857142857143
1788767253,50,,Aggregated,3.400000,0.000000,6200,6700,7800,8100,11000,12000,13000,13000,13000,13000,13000,490,0,890,1357.5854053061228,190.17910000002303,12614.269499999864,178.0857142857143
1788767254,50,POST,POST /auth/login,3.800000,0.000000,6200,6900,8100,9600,12000,14000,14000,14000,14000,14000,14000,495,0,900,1430.8860232323243,190.17910000002303,13529.60899999971,178.0969696969697
1788767254,50,,Aggregated,3.800000,0.000000,6200,6900,8100,9600,12000,14000,14000,14000,14000,14000,14000,495,0,900,1430.8860232323243,190.17910000002303,13529.60899999971,178.0969696969697
1788767255,50,POST,POST /auth/login,3.900000,0.000000,6300,6900,8100,9600,12000,14000,15000,15000,15000,15000,15000,501,0,910,1505.97018243513,190.17910000002303,15244.116099999701,178.10778443113773
1788767255,50,,Aggregated,3.900000,0.000000,6300,6900,8100,9600,12000,14000,15000,15000,15000,15000,15000,501,0,910,1505.97018243513,190.17910000002303,15244.116099999701,178.10778443113773
1788767256,50,POST,POST /auth/login,3.900000,0.000000,6300,6900,8100,9600,12000,14000,15000,15000,15000,15000,15000,501,0,910,1505.97018243513,190.17910000002303,15244.116099999701,178.10778443113773
1788767256,50,,Aggregated,3.900000,0.000000,6300,6900,8100,9600,12000,14000,15000,15000,15000,15000,15000,501,0,910,1505.97018243513,190.17910000002303,15244.116099999701,178.10778443113773
1788767258,50,POST,POST /auth/login,3.900000,0.000000,6900,7500,9600,12000,14000,17000,17000,17000,17000,17000,17000,509,0,920,1635.7984506876226,190.17910000002303,17462.312299999667,178.12573673870335
1788767258,50,,Aggregated,3.900000,0.000000,6900,7500,9600,12000,14000,17000,17000,17000,17000,17000,17000,509,0,920,1635.7984506876226,190.17910000002303,17462.312299999667,178.12573673870335
1788767259,50,POST,POST /auth/login,4.300000,0.000000,6700,7300,11000,12000,15000,17000,18000,18000,18000,18000,18000,510,0,920,1667.2630829411767,190.17910000002303,17682.760900000176,178.12941176470588
1788767259,50,,Aggregated,4.300000,0.000000,6700,7300,11000,12000,15000,17000,18000,18000,18000,18000,18000,510,0,920,1667.2630829411767,190.17910000002303,17682.760900000176,178.12941176470588
1788767260,50,POST,POST /auth/login,4.200000,0.000000,6700,7200,12000,13000,17000,18000,19000,19000,19000,19000,19000,514,0,920,1729.9230955252926,190.17910000002303,18647.74720000014,178.13618677042803
1788767260,50,,Aggregated,4.200000,0.000000,6700,7200,12000,13000,17000,18000,19000,19000,19000,19000,19000,514,0,920,1729.9230955252926,190.17910000002303,18647.74720000014,178.13618677042803
1788767261,50,POST,POST /auth/login,4.200000,0.000000,6900,7700,13000,14000,17000,18000,19000,19000,19000,19000,19000,514,0,920,1729.9230955252926,190.17910000002303,18647.74720000014,178.13618677042803
1788767261,50,,Aggregated,4.200000,0.000000,6900,7700,13000,14000,17000,18000,19000,19000,19000,19000,19000,514,0,920,1729.9230955252926,190.17910000002303,18647.74720000014,178.13618677042803
1788767262,50,POST,POST /auth/login,4.200000,0.000000,6900,7700,13000,14000,17000,18000,19000,19000,19000,19000,19000,514,0,920,1729.9230955252926,190.17910000002303,18647.74720000014,178.13618677042803
1788767262,50,,Aggregated,4.200000,0.000000,6900,7700,13000,14000,17000,18000,19000,19000,19000,19000,19000,514,0,920,1729.9230955252926,190.17910000002303,18647.74720000014,178.13618677042803
1788767263,50,POST,POST /auth/login,4.200000,0.000000,7000,7500,14000,15000,17000,18000,19000,19000,19000,19000,19000,514,0,920,1729.9230955252926,190.17910000002303,18647.74720000014,178.13618677042803
1788767263,50,,Aggregated,4.200000,0.000000,7000,7500,14000,15000,17000,18000,19000,19000,19000,19000,19000,514,0,920,1729.9230955252926,190.17910000002303,18647.74720000014,178.13618677042803
1788767264,50,POST,POST /auth/login,4.200000,0.000000,7000,7500,15000,17000,18000,19000,19000,19000,19000,19000,19000,514,0,920,1729.9230955252926,190.17910000002303,18647.74720000014,178.13618677042803
1788767264,50,,Aggregated,4.200000,0.000000,7000,7500,15000,17000,18000,19000,19000,19000,19000,19000,19000,514,0,920,1729.9230955252926,190.17910000002303,18647.74720000014,178.13618677042803
1788767265,50,POST,POST /auth/login,4.200000,0.000000,7000,7500,15000,17000,18000,19000,19000,19000,19000,19000,19000,514,0,920,1729.9230955252926,190.17910000002303,18647.74720000014,178.13618677042803
1788767265,50,,Aggregated,4.200000,0.000000,7000,7500,15000,17000,18000,19000,19000,19000,19000,19000,19000,514,0,920,1729.9230955252926,190.17910000002303,18647.74720000014,178.13618677042803
1788767266,50,POST,POST /auth/login,4.200000,0.000000,7300,7700,17000,17000,18000,19000,19000,19000,19000,19000,19000,514,0,920,1729.9230955252926,190.17910000002303,18647.74720000014,178.13618677042803
1788767266,50,,Aggregated,4.200000,0.000000,7300,7700,17000,17000,18000,19000,19000,19000,19000,19000,19000,514,0,920,1729.9230955252926,190.17910000002303,18647.74720000014,178.13618677042803
1788767267,50,POST,POST /auth/login,4.200000,0.000000,7000,18000,18000,19000,19000,19000,19000,19000,19000,19000,19000,514,0,920,1729.9230955252926,190.17910000002303,18647.74720000014,178.13618677042803
1788767267,50,,Aggregated,4.200000,0.000000,7000,18000,18000,19000,19000,19000,19000,19000,19000,19000,19000,514,0,920,1729.9230955252926,190.17910000002303,18647.74720000014,178.13618677042803
1788767268,50,POST,POST /auth/login,4.200000,0.000000,7000,7000,19000,19000,19000,19000,19000,19000,19000,19000,19000,514,0,920,1729.9230955252926,190.17910000002303,18647.74720000014,178.13618677042803
1788767268,50,,Aggregated,4.200000,0.000000,7000,7000,19000,19000,19000,19000,19000,19000,19000,19000,19000,514,0,920,1729.9230955252926,190.17910000002303,18647.74720000014,178.13618677042803
1788767269,50,POST,POST /auth/login,4.200000,0.000000,7000,7000,19000,19000,19000,19000,19000,19000,19000,19000,19000,514,0,920,1729.9230955252926,190.17910000002303,18647.74720000014,178.13618677042803
1788767269,50,,Aggregated,4.200000,0.000000,7000,7000,19000,19000,19000,19000,19000,19000,19000,19000,19000,514,0,920,1729.9230955252926,190.17910000002303,18647.74720000014,178.13618677042803
1788767270,50,POST,POST /auth/login,4.200000,0.000000,7000,7000,19000,19000,19000,19000,19000,19000,19000,19000,19000,514,0,920,1729.9230955252926,190.17910000002303,18647.74720000014,178.13618677042803
1788767270,50,,Aggregated,4.200000,0.000000,7000,7000,19000,19000,19000,19000,19000,19000,19000,19000,19000,514,0,920,1729.9230955252926,190.17910000002303,18647.74720000014,178.13618677042803
1788767271,50,POST,POST /auth/login,4.200000,0.000000,7000,7000,19000,19000,19000,19000,19000,19000,19000,19000,19000,514,0,920,1729.9230955252926,190.17910000002303,18647.74720000014,178.13618677042803
1788767271,50,,Aggregated,4.200000,0.000000,7000,7000,19000,19000,19000,19000,19000,19000,19000,19000,19000,514,0,920,1729.9230955252926,190.17910000002303,18647.74720000014,178.13618677042803
1788767272,50,POST,POST /auth/login,4.200000,0.000000,7000,7000,19000,19000,19000,19000,19000,19000,19000,19000,19000,514,0,920,1729.9230955252926,190.17910000002303,18647.74720000014,178.13618677042803
1788767272,50,,Aggregated,4.200000,0.000000,7000,7000,19000,19000,19000,19000,19000,19000,19000,19000,19000,514,0,920,1729.9230955252926,190.17910000002303,18647.74720000014,178.13618677042803
1788767273,50,POST,POST /auth/login,4.200000,0.000000,7000,7000,19000,19000,19000,19000,19000,19000,19000,19000,19000,514,0,920,1729.9230955252926,190.17910000002303,18647.74720000014,178.13618677042803
1788767273,50,,Aggregated,4.200000,0.000000,7000,7000,19000,19000,19000,19000,19000,19000,19000,19000,19000,514,0,920,1729.9230955252926,190.17910000002303,18647.74720000014,178.13618677042803
1788767274,50,POST,POST /auth/login,4.200000,0.000000,7000,7000,19000,19000,19000,19000,19000,19000,19000,19000,19000,514,0,920,1729.9230955252926,190.17910000002303,18647.74720000014,178.13618677042803
1788767274,50,,Aggregated,4.200000,0.000000,7000,7000,19000,19000,19000,19000,19000,19000,19000,19000,19000,514,0,920,1729.9230955252926,190.17910000002303,18647.74720000014,178.13618677042803
1788767275,50,POST,POST /auth/login,4.200000,0.000000,7000,7000,19000,19000,19000,19000,19000,19000,19000,19000,19000,514,0,920,1729.9230955252926,190.17910000002303,18647.74720000014,178.13618677042803
1788767275,50,,Aggregated,4.200000,0.000000,7000,7000,19000,19000,19000,19000,19000,19000,19000,19000,19000,514,0,920,1729.9230955252926,190.17910000002303,18647.74720000014,178.13618677042803
1788767276,50,POST,POST /auth/login,4.200000,0.000000,7000,7000,19000,19000,19000,19000,19000,19000,19000,19000,19000,514,0,920,1729.9230955252926,190.17910000002303,18647.74720000014,178.13618677042803
1788767276,50,,Aggregated,4.200000,0.000000,7000,7000,19000,19000,19000,19000,19000,19000,19000,19000,19000,514,0,920,1729.9230955252926,190.17910000002303,18647.74720000014,178.13618677042803
1788767277,50,POST,POST /auth/login,4.200000,0.000000,0,0,0,0,0,0,0,0,0,0,0,514,0,920,1729.9230955252926,190.17910000002303,18647.74720000014,178.13618677042803
1788767277,50,,Aggregated,4.200000,0.000000,0,0,0,0,0,0,0,0,0,0,0,514,0,920,1729.9230955252926,190.17910000002303,18647.74720000014,178.13618677042803
1788767278,50,POST,POST /auth/login,4.200000,0.000000,0,0,0,0,0,0,0,0,0,0,0,514,0,920,1729.9230955252926,190.17910000002303,18647.74720000014,178.13618677042803
1788767278,50,,Aggregated,4.200000,0.000000,0,0,0,0,0,0,0,0,0,0,0,514,0,920,1729.9230955252926,190.17910000002303,18647.74720000014,178.13618677042803
1788767279,50,POST,POST /auth/login,4.200000,0.000000,0,0,0,0,0,0,0,0,0,0,0,514,0,920,1729.9230955252926,190.17910000002303,18647.74720000014,178.13618677042803
1788767279,50,,Aggregated,4.200000,0.000000,0,0,0,0,0,0,0,0,0,0,0,514,0,920,1729.9230955252926,190.17910000002303,18647.74720000014,178.13618677042803
1788767280,50,POST,POST /auth/login,4.200000,0.000000,0,0,0,0,0,0,0,0,0,0,0,514,0,920,1729.9230955252926,190.17910000002303,18647.74720000014,178.13618677042803
1788767280,50,,Aggregated,4.200000,0.000000,0,0,0,0,0,0,0,0,0,0,0,514,0,920,1729.9230955252926,190.17910000002303,18647.74720000014,178.13618677042803
1788767281,50,POST,POST /auth/login,4.200000,0.000000,0,0,0,0,0,0,0,0,0,0,0,514,0,920,1729.9230955252926,190.17910000002303,18647.74720000014,178.13618677042803
1788767281,50,,Aggregated,4.200000,0.000000,0,0,0,0,0,0,0,0,0,0,0,514,0,920,1729.9230955252926,190.17910000002303,18647.74720000014,178.13618677042803
1788767282,50,POST,POST /auth/login,4.200000,0.000000,0,0,0,0,0,0,0,0,0,0,0,514,0,920,1729.9230955252926,190.17910000002303,18647.74720000014,178.13618677042803
1788767282,50,,Aggregated,4.200000,0.000000,0,0,0,0,0,0,0,0,0,0,0,514,0,920,1729.9230955252926,190.17910000002303,18647.74720000014,178.13618677042803
1788767283,50,POST,POST /auth/login,4.200000,0.000000,0,0,0,0,0,0,0,0,0,0,0,514,0,920,1729.9230955252926,190.17910000002303,18647.74720000014,178.13618677042803
1788767283,50,,Aggregated,4.200000,0.000000,0,0,0,0,0,0,0,0,0,0,0,514,0,920,1729.9230955252926,190.17910000002303,18647.74720000014,178.13618677042803
1788767284,50,POST,POST /auth/login,4.200000,0.000000,0,0,0,0,0,0,0,0,0,0,0,514,0,920,1729.9230955252926,190.17910000002303,18647.74720000014,178.13618677042803
1788767284,50,,Aggregated,4.200000,0.000000,0,0,0,0,0,0,0,0,0,0,0,514,0,920,1729.9230955252926,190.17910000002303,18647.74720000014,178.13618677042803
1788767285,50,POST,POST /auth/login,4.200000,0.000000,0,0,0,0,0,0,0,0,0,0,0,514,0,920,1729.9230955252926,190.17910000002303,18647.74720000014,178.13618677042803
1788767285,50,,Aggregated,4.200000,0.000000,0,0,0,0,0,0,0,0,0,0,0,514,0,920,1729.9230955252926,190.17910000002303,18647.74720000014,178.13618677042803
1788767286,50,POST,POST /auth/login,4.200000,0.000000,0,0,0,0,0,0,0,0,0,0,0,514,0,920,1729.9230955252926,190.17910000002303,18647.74720000014,178.13618677042803
1788767286,50,,Aggregated,4.200000,0.000000,0,0,0,0,0,0,0,0,0,0,0,514,0,920,1729.9230955252926,190.17910000002303,18647.74720000014,178.13618677042803
1788767287,50,POST,POST /auth/login,4.200000,0.000000,0,0,0,0,0,0,0,0,0,0,0,514,0,920,1729.9230955252926,190.17910000002303,18647.74720000014,178.13618677042803
1788767287,50,,Aggregated,4.200000,0.000000,0,0,0,0,0,0,0,0,0,0,0,514,0,920,1729.9230955252926,190.17910000002303,18647.74720000014,178.13618677042803
1788767288,50,POST,POST /auth/login,4.200000,0.000000,0,0,0,0,0,0,0,0,0,0,0,514,0,920,1729.9230955252926,190.17910000002303,18647.74720000014,178.13618677042803
1788767288,50,,Aggregated,4.200000,0.000000,0,0,0,0,0,0,0,0,0,0,0,514,0,920,1729.9230955252926,190.17910000002303,18647.74720000014,178.13618677042803
1788767289,50,POST,POST /auth/login,4.200000,0.000000,0,0,0,0,0,0,0,0,0,0,0,514,0,920,1729.9230955252926,190.17910000002303,18647.74720000014,178.13618677042803
1788767289,50,,Aggregated,4.200000,0.000000,0,0,0,0,0,0,0,0,0,0,0,514,0,920,1729.9230955252926,190.17910000002303,18647.74720000014,178.13618677042803
1788767290,50,POST,POST /auth/login,4.200000,0.000000,0,0,0,0,0,0,0,0,0,0,0,514,0,920,1729.9230955252926,190.17910000002303,18647.74720000014,178.13618677042803
1788767290,50,,Aggregated,4.200000,0.000000,0,0,0,0,0,0,0,0,0,0,0,514,0,920,1729.9230955252926,190.17910000002303,18647.74720000014,178.13618677042803
1788767291,50,POST,POST /auth/login,4.200000,0.000000,0,0,0,0,0,0,0,0,0,0,0,514,0,920,1729.9230955252926,190.17910000002303,18647.74720000014,178.13618677042803
1788767291,50,,Aggregated,4.200000,0.000000,0,0,0,0,0,0,0,0,0,0,0,514,0,920,1729.9230955252926,190.17910000002303,18647.74720000014,178.13618677042803
1788767292,50,POST,POST /auth/login,4.200000,0.000000,0,0,0,0,0,0,0,0,0,0,0,514,0,920,1729.9230955252926,190.17910000002303,18647.74720000014,178.13618677042803
1788767292,50,,Aggregated,4.200000,0.000000,0,0,0,0,0,0,0,0,0,0,0,514,0,920,1729.9230955252926,190.17910000002303,18647.74720000014,178.13618677042803
1788767293,50,POST,POST /auth/login,4.200000,0.000000,0,0,0,0,0,0,0,0,0,0,0,514,0,920,1729.9230955252926,190.17910000002303,18647.74720000014,178.13618677042803
1788767293,50,,Aggregated,4.200000,0.000000,0,0,0,0,0,0,0,0,0,0,0,514,0,920,1729.9230955252926,190.17910000002303,18647.74720000014,178.13618677042803
1788767294,50,POST,POST /auth/login,4.200000,0.000000,0,0,0,0,0,0,0,0,0,0,0,514,0,920,1729.9230955252926,190.17910000002303,18647.74720000014,178.13618677042803
1788767294,50,,Aggregated,4.200000,0.000000,0,0,0,0,0,0,0,0,0,0,0,514,0,920,1729.9230955252926,190.17910000002303,18647.74720000014,178.13618677042803
1788767295,50,POST,POST /auth/login,4.200000,0.000000,0,0,0,0,0,0,0,0,0,0,0,514,0,920,1729.9230955252926,190.17910000002303,18647.74720000014,178.13618677042803
1788767295,50,,Aggregated,4.200000,0.000000,0,0,0,0,0,0,0,0,0,0,0,514,0,920,1729.9230955252926,190.17910000002303,18647.74720000014,178.13618677042803
1788767296,50,POST,POST /auth/login,4.200000,0.000000,0,0,0,0,0,0,0,0,0,0,0,514,0,920,1729.9230955252926,190.17910000002303,18647.74720000014,178.13618677042803
1788767296,50,,Aggregated,4.200000,0.000000,0,0,0,0,0,0,0,0,0,0,0,514,0,920,1729.9230955252926,190.17910000002303,18647.74720000014,178.13618677042803
1788767297,50,POST,POST /auth/login,4.200000,0.000000,0,0,0,0,0,0,0,0,0,0,0,514,0,920,1729.9230955252926,190.17910000002303,18647.74720000014,178.13618677042803
1788767297,50,,Aggregated,4.200000,0.000000,0,0,0,0,0,0,0,0,0,0,0,514,0,920,1729.9230955252926,190.17910000002303,18647.74720000014,178.13618677042803
1788767298,50,POST,POST /auth/login,4.200000,0.000000,0,0,0,0,0,0,0,0,0,0,0,514,0,920,1729.9230955252926,190.17910000002303,18647.74720000014,178.13618677042803
1788767298,50,,Aggregated,4.200000,0.000000,0,0,0,0,0,0,0,0,0,0,0,514,0,920,1729.9230955252926,190.17910000002303,18647.74720000014,178.13618677042803
1788767299,50,POST,POST /auth/login,4.200000,0.000000,0,0,0,0,0,0,0,0,0,0,0,514,0,920,1729.9230955252926,190.17910000002303,18647.74720000014,178.13618677042803
1788767299,50,,Aggregated,4.200000,0.000000,0,0,0,0,0,0,0,0,0,0,0,514,0,920,1729.9230955252926,190.17910000002303,18647.74720000014,178.13618677042803
1788767300,50,POST,POST /auth/login,4.200000,0.000000,0,0,0,0,0,0,0,0,0,0,0,514,0,920,1729.9230955252926,190.17910000002303,18647.74720000014,178.13618677042803
1788767300,50,,Aggregated,4.200000,0.000000,0,0,0,0,0,0,0,0,0,0,0,514,0,920,1729.9230955252926,190.17910000002303,18647.74720000014,178.13618677042803
1788767301,50,POST,POST /auth/login,4.200000,0.000000,0,0,0,0,0,0,0,0,0,0,0,514,0,920,1729.9230955252926,190.17910000002303,18647.74720000014,178.13618677042803
1788767301,50,,Aggregated,4.200000,0.000000,0,0,0,0,0,0,0,0,0,0,0,514,0,920,1729.9230955252926,190.17910000002303,18647.74720000014,178.13618677042803
1788767302,50,POST,POST /auth/login,4.200000,0.000000,0,0,0,0,0,0,0,0,0,0,0,514,0,920,1729.9230955252926,190.17910000002303,18647.74720000014,178.13618677042803
1788767302,50,,Aggregated,4.200000,0.000000,0,0,0,0,0,0,0,0,0,0,0,514,0,920,1729.9230955252926,190.17910000002303,18647.74720000014,178.13618677042803
1788767303,50,POST,POST /auth/login,4.200000,0.000000,0,0,0,0,0,0,0,0,0,0,0,514,0,920,1729.9230955252926,190.17910000002303,18647.74720000014,178.13618677042803
1788767303,50,,Aggregated,4.200000,0.000000,0,0,0,0,0,0,0,0,0,0,0,514,0,920,1729.9230955252926,190.17910000002303,18647.74720000014,178.13618677042803
1788767304,50,POST,POST /auth/login,4.200000,0.000000,0,0,0,0,0,0,0,0,0,0,0,514,0,920,1729.9230955252926,190.17910000002303,18647.74720000014,178.13618677042803
1788767304,50,,Aggregated,4.200000,0.000000,0,0,0,0,0,0,0,0,0,0,0,514,0,920,1729.9230955252926,190.17910000002303,18647.74720000014,178.13618677042803
1788767305,50,POST,POST /auth/login,4.200000,0.000000,0,0,0,0,0,0,0,0,0,0,0,514,0,920,1729.9230955252926,190.17910000002303,18647.74720000014,178.13618677042803
1788767305,50,,Aggregated,4.200000,0.000000,0,0,0,0,0,0,0,0,0,0,0,514,0,920,1729.9230955252926,190.17910000002303,18647.74720000014,178.13618677042803
1788767306,50,POST,POST /auth/login,4.200000,0.000000,0,0,0,0,0,0,0,0,0,0,0,514,0,920,1729.9230955252926,190.17910000002303,18647.74720000014,178.13618677042803
1788767306,50,,Aggregated,4.200000,0.000000,0,0,0,0,0,0,0,0,0,0,0,514,0,920,1729.9230955252926,190.17910000002303,18647.74720000014,178.13618677042803
1788767307,50,POST,POST /auth/login,4.200000,0.000000,0,0,0,0,0,0,0,0,0,0,0,514,0,920,1729.9230955252926,190.17910000002303,18647.74720000014,178.13618677042803
1788767307,50,,Aggregated,4.200000,0.000000,0,0,0,0,0,0,0,0,0,0,0,514,0,920,1729.9230955252926,190.17910000002303,18647.74720000014,178.13618677042803
1788767308,50,POST,POST /auth/login,4.200000,0.000000,0,0,0,0,0,0,0,0,0,0,0,514,0,920,1729.9230955252926,190.17910000002303,18647.74720000014,178.13618677042803
1788767308,50,,Aggregated,4.200000,0.000000,0,0,0,0,0,0,0,0,0,0,0,514,0,920,1729.9230955252926,190.17910000002303,18647.74720000014,178.13618677042803
1788767309,50,POST,POST /auth/login,4.200000,0.000000,0,0,0,0,0,0,0,0,0,0,0,514,0,920,1729.9230955252926,190.17910000002303,18647.74720000014,178.13618677042803
1788767309,50,,Aggregated,4.200000,0.000000,0,0,0,0,0,0,0,0,0,0,0,514,0,920,1729.9230955252926,190.17910000002303,18647.74720000014,178.13618677042803
1788767310,50,POST,POST /auth/login,4.200000,0.000000,0,0,0,0,0,0,0,0,0,0,0,514,0,920,1729.9230955252926,190.17910000002303,18647.74720000014,178.13618677042803
1788767310,50,,Aggregated,4.200000,0.000000,0,0,0,0,0,0,0,0,0,0,0,514,0,920,1729.9230955252926,190.17910000002303,18647.74720000014,178.13618677042803
1788767311,50,POST,POST /auth/login,4.200000,0.000000,0,0,0,0,0,0,0,0,0,0,0,514,0,920,1729.9230955252926,190.17910000002303,18647.74720000014,178.13618677042803
1788767311,50,,Aggregated,4.200000,0.000000,0,0,0,0,0,0,0,0,0,0,0,514,0,920,1729.9230955252926,190.17910000002303,18647.74720000014,178.13618677042803
1788767312,50,POST,POST /auth/login,4.200000,0.000000,0,0,0,0,0,0,0,0,0,0,0,514,0,920,1729.9230955252926,190.17910000002303,18647.74720000014,178.13618677042803
1788767312,50,,Aggregated,4.200000,0.000000,0,0,0,0,0,0,0,0,0,0,0,514,0,920,1729.9230955252926,190.17910000002303,18647.74720000014,178.13618677042803
1788767313,50,POST,POST /auth/login,4.200000,0.000000,0,0,0,0,0,0,0,0,0,0,0,514,0,920,1729.9230955252926,190.17910000002303,18647.74720000014,178.13618677042803
1788767313,50,,Aggregated,4.200000,0.000000,0,0,0,0,0,0,0,0,0,0,0,514,0,920,1729.9230955252926,190.17910000002303,18647.74720000014,178.13618677042803
1788767314,50,POST,POST /auth/login,4.200000,0.000000,0,0,0,0,0,0,0,0,0,0,0,514,0,920,1729.9230955252926,190.17910000002303,18647.74720000014,178.13618677042803
1788767314,50,,Aggregated,4.200000,0.000000,0,0,0,0,0,0,0,0,0,0,0,514,0,920,1729.9230955252926,190.17910000002303,18647.74720000014,178.13618677042803
1788767315,50,POST,POST /auth/login,4.200000,0.000000,0,0,0,0,0,0,0,0,0,0,0,514,0,920,1729.9230955252926,190.17910000002303,18647.74720000014,178.13618677042803
1788767315,50,,Aggregated,4.200000,0.000000,0,0,0,0,0,0,0,0,0,0,0,514,0,920,1729.9230955252926,190.17910000002303,18647.74720000014,178.13618677042803
1788767316,50,POST,POST /auth/login,4.200000,0.000000,0,0,0,0,0,0,0,0,0,0,0,514,0,920,1729.9230955252926,190.17910000002303,18647.74720000014,178.13618677042803
1788767316,50,,Aggregated,4.200000,0.000000,0,0,0,0,0,0,0,0,0,0,0,514,0,920,1729.9230955252926,190.17910000002303,18647.74720000014,178.13618677042803
1788767317,50,POST,POST /auth/login,4.200000,0.000000,0,0,0,0,0,0,0,0,0,0,0,514,0,920,1729.9230955252926,190.17910000002303,18647.74720000014,178.13618677042803
1788767317,50,,Aggregated,4.200000,0.000000,0,0,0,0,0,0,0,0,0,0,0,514,0,920,1729.9230955252926,190.17910000002303,18647.74720000014,178.13618677042803
1788767318,50,POST,POST /auth/login,4.200000,0.000000,0,0,0,0,0,0,0,0,0,0,0,514,0,920,1729.9230955252926,190.17910000002303,18647.74720000014,178.13618677042803
1788767318,50,,Aggregated,4.200000,0.000000,0,0,0,0,0,0,0,0,0,0,0,514,0,920,1729.9230955252926,190.17910000002303,18647.74720000014,178.13618677042803
1788767319,50,POST,POST /auth/login,4.200000,0.000000,0,0,0,0,0,0,0,0,0,0,0,514,0,920,1729.9230955252926,190.17910000002303,18647.74720000014,178.13618677042803
1788767319,50,,Aggregated,4.200000,0.000000,0,0,0,0,0,0,0,0,0,0,0,514,0,920,1729.9230955252926,190.17910000002303,18647.74720000014,178.13618677042803
1788767320,50,POST,POST /auth/login,4.200000,0.000000,0,0,0,0,0,0,0,0,0,0,0,514,0,920,1729.9230955252926,190.17910000002303,18647.74720000014,178.13618677042803
1788767320,50,,Aggregated,4.200000,0.000000,0,0,0,0,0,0,0,0,0,0,0,514,0,920,1729.9230955252926,190.17910000002303,18647.74720000014,178.13618677042803
1788767321,50,POST,POST /auth/login,4.200000,0.000000,0,0,0,0,0,0,0,0,0,0,0,514,0,920,1729.9230955252926,190.17910000002303,18647.74720000014,178.13618677042803
1788767321,50,,Aggregated,4.200000,0.000000,0,0,0,0,0,0,0,0,0,0,0,514,0,920,1729.9230955252926,190.17910000002303,18647.74720000014,178.13618677042803
1788767322,50,POST,POST /auth/login,4.200000,0.000000,0,0,0,0,0,0,0,0,0,0,0,514,0,920,1729.9230955252926,190.17910000002303,18647.74720000014,178.13618677042803
1788767322,50,,Aggregated,4.200000,0.000000,0,0,0,0,0,0,0,0,0,0,0,514,0,920,1729.9230955252926,190.17910000002303,18647.74720000014,178.13618677042803
1788767323,50,POST,POST /auth/login,4.200000,0.000000,0,0,0,0,0,0,0,0,0,0,0,514,0,920,1729.9230955252926,190.17910000002303,18647.74720000014,178.13618677042803
1788767323,50,,Aggregated,4.200000,0.000000,0,0,0,0,0,0,0,0,0,0,0,514,0,920,1729.9230955252926,190.17910000002303,18647.74720000014,178.13618677042803
1788767324,50,POST,POST /auth/login,4.200000,0.000000,0,0,0,0,0,0,0,0,0,0,0,514,0,920,1729.9230955252926,190.17910000002303,18647.74720000014,178.13618677042803
1788767324,50,,Aggregated,4.200000,0.000000,0,0,0,0,0,0,0,0,0,0,0,514,0,920,1729.9230955252926,190.17910000002303,18647.74720000014,178.13618677042803
1788767325,50,POST,POST /auth/login,4.200000,0.000000,0,0,0,0,0,0,0,0,0,0,0,514,0,920,1729.9230955252926,190.17910000002303,18647.74720000014,178.13618677042803
1788767325,50,,Aggregated,4.200000,0.000000,0,0,0,0,0,0,0,0,0,0,0,514,0,920,1729.9230955252926,190.17910000002303,18647.74720000014,178.13618677042803
1788767326,50,POST,POST /auth/login,4.200000,0.000000,0,0,0,0,0,0,0,0,0,0,0,514,0,920,1729.9230955252926,190.17910000002303,18647.74720000014,178.13618677042803
1788767326,50,,Aggregated,4.200000,0.000000,0,0,0,0,0,0,0,0,0,0,0,514,0,920,1729.9230955252926,190.17910000002303,18647.74720000014,178.13618677042803
1788767327,50,POST,POST /auth/login,4.200000,0.000000,0,0,0,0,0,0,0,0,0,0,0,514,0,920,1729.9230955252926,190.17910000002303,18647.74720000014,178.13618677042803
1788767327,50,,Aggregated,4.200000,0.000000,0,0,0,0,0,0,0,0,0,0,0,514,0,920,1729.9230955252926,190.17910000002303,18647.74720000014,178.13618677042803
1788767328,50,POST,POST /auth/login,4.200000,0.000000,0,0,0,0,0,0,0,0,0,0,0,514,0,920,1729.9230955252926,190.17910000002303,18647.74720000014,178.13618677042803
1788767328,50,,Aggregated,4.200000,0.000000,0,0,0,0,0,0,0,0,0,0,0,514,0,920,1729.9230955252926,190.17910000002303,18647.74720000014,178.13618677042803
1788767329,50,POST,POST /auth/login,4.200000,0.000000,0,0,0,0,0,0,0,0,0,0,0,514,0,920,1729.9230955252926,190.17910000002303,18647.74720000014,178.13618677042803
1788767329,50,,Aggregated,4.200000,0.000000,0,0,0,0,0,0,0,0,0,0,0,514,0,920,1729.9230955252926,190.17910000002303,18647.74720000014,178.13618677042803
1788767330,50,POST,POST /auth/login,4.200000,0.000000,0,0,0,0,0,0,0,0,0,0,0,514,0,920,1729.9230955252926,190.17910000002303,18647.74720000014,178.13618677042803
1788767330,50,,Aggregated,4.200000,0.000000,0,0,0,0,0,0,0,0,0,0,0,514,0,920,1729.9230955252926,190.17910000002303,18647.74720000014,178.13618677042803
1788767331,50,POST,POST /auth/login,4.200000,0.000000,0,0,0,0,0,0,0,0,0,0,0,514,0,920,1729.9230955252926,190.17910000002303,18647.74720000014,178.13618677042803
1788767331,50,,Aggregated,4.200000,0.000000,0,0,0,0,0,0,0,0,0,0,0,514,0,920,1729.9230955252926,190.17910000002303,18647.74720000014,178.13618677042803
1788767332,50,POST,POST /auth/login,4.200000,0.000000,0,0,0,0,0,0,0,0,0,0,0,514,0,920,1729.9230955252926,190.17910000002303,18647.74720000014,178.13618677042803
1788767332,50,,Aggregated,4.200000,0.000000,0,0,0,0,0,0,0,0,0,0,0,514,0,920,1729.9230955252926,190.17910000002303,18647.74720000014,178.13618677042803
1788767333,50,POST,POST /auth/login,4.200000,0.000000,0,0,0,0,0,0,0,0,0,0,0,514,0,920,1729.9230955252926,190.17910000002303,18647.74720000014,178.13618677042803
1788767333,50,,Aggregated,4.200000,0.000000,0,0,0,0,0,0,0,0,0,0,0,514,0,920,1729.9230955252926,190.17910000002303,18647.74720000014,178.13618677042803
1788767334,50,POST,POST /auth/login,4.200000,0.000000,0,0,0,0,0,0,0,0,0,0,0,514,0,920,1729.9230955252926,190.17910000002303,18647.74720000014,178.13618677042803
1788767334,50,,Aggregated,4.200000,0.000000,0,0,0,0,0,0,0,0,0,0,0,514,0,920,1729.9230955252926,190.17910000002303,18647.74720000014,178.13618677042803
1788767335,50,POST,POST /auth/login,4.200000,0.000000,0,0,0,0,0,0,0,0,0,0,0,514,0,920,1729.9230955252926,190.17910000002303,18647.74720000014,178.13618677042803
1788767335,50,,Aggregated,4.200000,0.000000,0,0,0,0,0,0,0,0,0,0,0,514,0,920,1729.9230955252926,190.17910000002303,18647.74720000014,178.13618677042803
1788767336,50,POST,POST /auth/login,4.200000,0.000000,0,0,0,0,0,0,0,0,0,0,0,514,0,920,1729.9230955252926,190.17910000002303,18647.74720000014,178.13618677042803
1788767336,50,,Aggregated,4.200000,0.000000,0,0,0,0,0,0,0,0,0,0,0,514,0,920,1729.9230955252926,190.17910000002303,18647.74720000014,178.13618677042803
1788767337,50,POST,POST /auth/login,4.200000,0.000000,0,0,0,0,0,0,0,0,0,0,0,514,0,920,1729.9230955252926,190.17910000002303,18647.74720000014,178.13618677042803
1788767337,50,,Aggregated,4.200000,0.000000,0,0,0,0,0,0,0,0,0,0,0,514,0,920,1729.9230955252926,190.17910000002303,18647.74720000014,178.13618677042803
1788767338,50,POST,POST /auth/login,4.200000,0.000000,0,0,0,0,0,0,0,0,0,0,0,514,0,920,1729.9230955252926,190.17910000002303,18647.74720000014,178.13618677042803
1788767338,50,,Aggregated,4.200000,0.000000,0,0,0,0,0,0,0,0,0,0,0,514,0,920,1729.9230955252926,190.17910000002303,18647.74720000014,178.13618677042803
1788767339,50,POST,POST /auth/login,4.200000,0.000000,0,0,0,0,0,0,0,0,0,0,0,514,0,920,1729.9230955252926,190.17910000002303,18647.74720000014,178.13618677042803
1788767339,50,,Aggregated,4.200000,0.000000,0,0,0,0,0,0,0,0,0,0,0,514,0,920,1729.9230955252926,190.17910000002303,18647.74720000014,178.13618677042803
1788767340,50,POST,POST /auth/login,4.200000,0.000000,0,0,0,0,0,0,0,0,0,0,0,514,0,920,1729.9230955252926,190.17910000002303,18647.74720000014,178.13618677042803
1788767340,50,,Aggregated,4.200000,0.000000,0,0,0,0,0,0,0,0,0,0,0,514,0,920,1729.9230955252926,190.17910000002303,18647.74720000014,178.13618677042803
1788767341,50,POST,POST /auth/login,4.200000,0.000000,0,0,0,0,0,0,0,0,0,0,0,514,0,920,1729.9230955252926,190.17910000002303,18647.74720000014,178.13618677042803
1788767341,50,,Aggregated,4.200000,0.000000,0,0,0,0,0,0,0,0,0,0,0,514,0,920,1729.9230955252926,190.17910000002303,18647.74720000014,178.13618677042803
1788767342,50,POST,POST /auth/login,4.200000,0.000000,0,0,0,0,0,0,0,0,0,0,0,514,0,920,1729.9230955252926,190.17910000002303,18647.74720000014,178.13618677042803
1788767342,50,,Aggregated,4.200000,0.000000,0,0,0,0,0,0,0,0,0,0,0,514,0,920,1729.9230955252926,190.17910000002303,18647.74720000014,178.13618677042803
1788767343,50,POST,POST /auth/login,4.200000,0.000000,0,0,0,0,0,0,0,0,0,0,0,514,0,920,1729.9230955252926,190.17910000002303,18647.74720000014,178.13618677042803
1788767343,50,,Aggregated,4.200000,0.000000,0,0,0,0,0,0,0,0,0,0,0,514,0,920,1729.9230955252926,190.17910000002303,18647.74720000014,178.13618677042803
1788767344,50,POST,POST /auth/login,4.200000,0.000000,0,0,0,0,0,0,0,0,0,0,0,514,0,920,1729.9230955252926,190.17910000002303,18647.74720000014,178.13618677042803
1788767344,50,,Aggregated,4.200000,0.000000,0,0,0,0,0,0,0,0,0,0,0,514,0,920,1729.9230955252926,190.17910000002303,18647.74720000014,178.13618677042803
1788767345,50,POST,POST /auth/login,4.200000,0.000000,0,0,0,0,0,0,0,0,0,0,0,514,0,920,1729.9230955252926,190.17910000002303,18647.74720000014,178.13618677042803
1788767345,50,,Aggregated,4.200000,0.000000,0,0,0,0,0,0,0,0,0,0,0,514,0,920,1729.9230955252926,190.17910000002303,18647.74720000014,178.13618677042803
1788767346,50,POST,POST /auth/login,4.200000,0.000000,0,0,0,0,0,0,0,0,0,0,0,514,0,920,1729.9230955252926,190.17910000002303,18647.74720000014,178.13618677042803
1788767346,50,,Aggregated,4.200000,0.000000,0,0,0,0,0,0,0,0,0,0,0,514,0,920,1729.9230955252926,190.17910000002303,18647.74720000014,178.13618677042803
1788767347,50,POST,POST /auth/login,4.200000,0.000000,0,0,0,0,0,0,0,0,0,0,0,514,0,920,1729.9230955252926,190.17910000002303,18647.74720000014,178.13618677042803
1788767347,50,,Aggregated,4.200000,0.000000,0,0,0,0,0,0,0,0,0,0,0,514,0,920,1729.9230955252926,190.17910000002303,18647.74720000014,178.13618677042803
1788767348,50,POST,POST /auth/login,4.200000,0.000000,0,0,0,0,0,0,0,0,0,0,0,514,0,920,1729.9230955252926,190.17910000002303,18647.74720000014,178.13618677042803
1788767348,50,,Aggregated,4.200000,0.000000,0,0,0,0,0,0,0,0,0,0,0,514,0,920,1729.9230955252926,190.17910000002303,18647.74720000014,178.13618677042803
1788767349,50,POST,POST /auth/login,4.200000,0.000000,0,0,0,0,0,0,0,0,0,0,0,514,0,920,1729.9230955252926,190.17910000002303,18647.74720000014,178.13618677042803
1788767349,50,,Aggregated,4.200000,0.000000,0,0,0,0,0,0,0,0,0,0,0,514,0,920,1729.9230955252926,190.17910000002303,18647.74720000014,178.13618677042803
1788767350,50,POST,POST /auth/login,4.200000,0.000000,0,0,0,0,0,0,0,0,0,0,0,514,0,920,1729.9230955252926,190.17910000002303,18647.74720000014,178.13618677042803
1788767350,50,,Aggregated,4.200000,0.000000,0,0,0,0,0,0,0,0,0,0,0,514,0,920,1729.9230955252926,190.17910000002303,18647.74720000014,178.13618677042803
1788767351,50,POST,POST /auth/login,4.200000,0.000000,0,0,0,0,0,0,0,0,0,0,0,514,0,920,1729.9230955252926,190.17910000002303,18647.74720000014,178.13618677042803
1788767351,50,,Aggregated,4.200000,0.000000,0,0,0,0,0,0,0,0,0,0,0,514,0,920,1729.9230955252926,190.17910000002303,18647.74720000014,178.13618677042803
1788767352,50,POST,POST /auth/login,4.200000,0.000000,0,0,0,0,0,0,0,0,0,0,0,514,0,920,1729.9230955252926,190.17910000002303,18647.74720000014,178.13618677042803
1788767352,50,,Aggregated,4.200000,0.000000,0,0,0,0,0,0,0,0,0,0,0,514,0,920,1729.9230955252926,190.17910000002303,18647.74720000014,178.13618677042803
1788767353,50,POST,POST /auth/login,4.200000,0.000000,0,0,0,0,0,0,0,0,0,0,0,514,0,920,1729.9230955252926,190.17910000002303,18647.74720000014,178.13618677042803
1788767353,50,,Aggregated,4.200000,0.000000,0,0,0,0,0,0,0,0,0,0,0,514,0,920,1729.9230955252926,190.17910000002303,18647.74720000014,178.13618677042803
1788767354,50,POST,POST /auth/login,4.200000,0.000000,0,0,0,0,0,0,0,0,0,0,0,514,0,920,1729.9230955252926,190.17910000002303,18647.74720000014,178.13618677042803
1788767354,50,,Aggregated,4.200000,0.000000,0,0,0,0,0,0,0,0,0,0,0,514,0,920,1729.9230955252926,190.17910000002303,18647.74720000014,178.13618677042803
1788767355,50,POST,POST /auth/login,4.200000,0.000000,0,0,0,0,0,0,0,0,0,0,0,514,0,920,1729.9230955252926,190.17910000002303,18647.74720000014,178.13618677042803
1788767355,50,,Aggregated,4.200000,0.000000,0,0,0,0,0,0,0,0,0,0,0,514,0,920,1729.9230955252926,190.17910000002303,18647.74720000014,178.13618677042803
1788767356,50,POST,POST /auth/login,4.200000,0.000000,0,0,0,0,0,0,0,0,0,0,0,514,0,920,1729.9230955252926,190.17910000002303,18647.74720000014,178.13618677042803
1788767356,50,,Aggregated,4.200000,0.000000,0,0,0,0,0,0,0,0,0,0,0,514,0,920,1729.9230955252926,190.17910000002303,18647.74720000014,178.13618677042803
1788767357,50,POST,POST /auth/login,4.200000,0.000000,0,0,0,0,0,0,0,0,0,0,0,514,0,920,1729.9230955252926,190.17910000002303,18647.74720000014,178.13618677042803
1788767357,50,,Aggregated,4.200000,0.000000,0,0,0,0,0,0,0,0,0,0,0,514,0,920,1729.9230955252926,190.17910000002303,18647.74720000014,178.13618677042803
1788767358,60,POST,POST /auth/login,4.200000,0.000000,0,0,0,0,0,0,0,0,0,0,0,514,0,920,1729.9230955252926,190.17910000002303,18647.74720000014,178.13618677042803
1788767358,60,,Aggregated,4.200000,0.000000,0,0,0,0,0,0,0,0,0,0,0,514,0,920,1729.9230955252926,190.17910000002303,18647.74720000014,178.13618677042803
1788767359,70,POST,POST /auth/login,4.200000,0.000000,0,0,0,0,0,0,0,0,0,0,0,514,0,920,1729.9230955252926,190.17910000002303,18647.74720000014,178.13618677042803
1788767359,70,,Aggregated,4.200000,0.000000,0,0,0,0,0,0,0,0,0,0,0,514,0,920,1729.9230955252926,190.17910000002303,18647.74720000014,178.13618677042803
1788767360,80,POST,POST /auth/login,4.200000,0.000000,0,0,0,0,0,0,0,0,0,0,0,514,0,920,1729.9230955252926,190.17910000002303,18647.74720000014,178.13618677042803
1788767360,80,,Aggregated,4.200000,0.000000,0,0,0,0,0,0,0,0,0,0,0,514,0,920,1729.9230955252926,190.17910000002303,18647.74720000014,178.13618677042803
1788767361,90,POST,POST /auth/login,4.200000,0.000000,0,0,0,0,0,0,0,0,0,0,0,514,0,920,1729.9230955252926,190.17910000002303,18647.74720000014,178.13618677042803
1788767361,90,,Aggregated,4.200000,0.000000,0,0,0,0,0,0,0,0,0,0,0,514,0,920,1729.9230955252926,190.17910000002303,18647.74720000014,178.13618677042803
1788767362,100,POST,POST /auth/login,4.200000,0.000000,0,0,0,0,0,0,0,0,0,0,0,514,0,920,1729.9230955252926,190.17910000002303,18647.74720000014,178.13618677042803
1788767362,100,,Aggregated,4.200000,0.000000,0,0,0,0,0,0,0,0,0,0,0,514,0,920,1729.9230955252926,190.17910000002303,18647.74720000014,178.13618677042803
1788767363,100,POST,POST /auth/login,4.200000,0.000000,0,0,0,0,0,0,0,0,0,0,0,514,0,920,1729.9230955252926,190.17910000002303,18647.74720000014,178.13618677042803
1788767363,100,,Aggregated,4.200000,0.000000,0,0,0,0,0,0,0,0,0,0,0,514,0,920,1729.9230955252926,190.17910000002303,18647.74720000014,178.13618677042803
1788767364,100,POST,POST /auth/login,4.200000,0.000000,0,0,0,0,0,0,0,0,0,0,0,514,0,920,1729.9230955252926,190.17910000002303,18647.74720000014,178.13618677042803
1788767364,100,,Aggregated,4.200000,0.000000,0,0,0,0,0,0,0,0,0,0,0,514,0,920,1729.9230955252926,190.17910000002303,18647.74720000014,178.13618677042803
1788767365,100,POST,POST /auth/login,4.200000,0.000000,0,0,0,0,0,0,0,0,0,0,0,514,0,920,1729.9230955252926,190.17910000002303,18647.74720000014,178.13618677042803
1788767365,100,,Aggregated,4.200000,0.000000,0,0,0,0,0,0,0,0,0,0,0,514,0,920,1729.9230955252926,190.17910000002303,18647.74720000014,178.13618677042803
1788767366,100,POST,POST /auth/login,4.200000,0.000000,0,0,0,0,0,0,0,0,0,0,0,514,0,920,1729.9230955252926,190.17910000002303,18647.74720000014,178.13618677042803
1788767366,100,,Aggregated,4.200000,0.000000,0,0,0,0,0,0,0,0,0,0,0,514,0,920,1729.9230955252926,190.17910000002303,18647.74720000014,178.13618677042803
1788767367,100,POST,POST /auth/login,4.200000,0.000000,0,0,0,0,0,0,0,0,0,0,0,514,0,920,1729.9230955252926,190.17910000002303,18647.74720000014,178.13618677042803
1788767367,100,,Aggregated,4.200000,0.000000,0,0,0,0,0,0,0,0,0,0,0,514,0,920,1729.9230955252926,190.17910000002303,18647.74720000014,178.13618677042803
1788767368,100,POST,POST /auth/login,4.200000,0.000000,0,0,0,0,0,0,0,0,0,0,0,514,0,920,1729.9230955252926,190.17910000002303,18647.74720000014,178.13618677042803
1788767368,100,,Aggregated,4.200000,0.000000,0,0,0,0,0,0,0,0,0,0,0,514,0,920,1729.9230955252926,190.17910000002303,18647.74720000014,178.13618677042803
1788767369,100,POST,POST /auth/login,4.200000,0.000000,0,0,0,0,0,0,0,0,0,0,0,514,0,920,1729.9230955252926,190.17910000002303,18647.74720000014,178.13618677042803
1788767369,100,,Aggregated,4.200000,0.000000,0,0,0,0,0,0,0,0,0,0,0,514,0,920,1729.9230955252926,190.17910000002303,18647.74720000014,178.13618677042803
1788767370,100,POST,POST /auth/login,4.200000,0.000000,0,0,0,0,0,0,0,0,0,0,0,514,0,920,1729.9230955252926,190.17910000002303,18647.74720000014,178.13618677042803
1788767370,100,,Aggregated,4.200000,0.000000,0,0,0,0,0,0,0,0,0,0,0,514,0,920,1729.9230955252926,190.17910000002303,18647.74720000014,178.13618677042803
1788767371,100,POST,POST /auth/login,4.200000,0.000000,0,0,0,0,0,0,0,0,0,0,0,514,0,920,1729.9230955252926,190.17910000002303,18647.74720000014,178.13618677042803
1788767371,100,,Aggregated,4.200000,0.000000,0,0,0,0,0,0,0,0,0,0,0,514,0,920,1729.9230955252926,190.17910000002303,18647.74720000014,178.13618677042803
1788767372,100,POST,POST /auth/login,4.200000,0.000000,0,0,0,0,0,0,0,0,0,0,0,514,0,920,1729.9230955252926,190.17910000002303,18647.74720000014,178.13618677042803
1788767372,100,,Aggregated,4.200000,0.000000,0,0,0,0,0,0,0,0,0,0,0,514,0,920,1729.9230955252926,190.17910000002303,18647.74720000014,178.13618677042803
1788767373,100,POST,POST /auth/login,4.200000,0.000000,0,0,0,0,0,0,0,0,0,0,0,514,0,920,1729.9230955252926,190.17910000002303,18647.74720000014,178.13618677042803
1788767373,100,,Aggregated,4.200000,0.000000,0,0,0,0,0,0,0,0,0,0,0,514,0,920,1729.9230955252926,190.17910000002303,18647.74720000014,178.13618677042803
1788767374,100,POST,POST /auth/login,4.200000,0.000000,0,0,0,0,0,0,0,0,0,0,0,514,0,920,1729.9230955252926,190.17910000002303,18647.74720000014,178.13618677042803
1788767374,100,,Aggregated,4.200000,0.000000,0,0,0,0,0,0,0,0,0,0,0,514,0,920,1729.9230955252926,190.17910000002303,18647.74720000014,178.13618677042803
1788767375,100,POST,POST /auth/login,4.200000,0.000000,0,0,0,0,0,0,0,0,0,0,0,514,0,920,1729.9230955252926,190.17910000002303,18647.74720000014,178.13618677042803
1788767375,100,,Aggregated,4.200000,0.000000,0,0,0,0,0,0,0,0,0,0,0,514,0,920,1729.9230955252926,190.17910000002303,18647.74720000014,178.13618677042803
1788767376,100,POST,POST /auth/login,4.200000,0.000000,0,0,0,0,0,0,0,0,0,0,0,514,0,920,1729.9230955252926,190.17910000002303,18647.74720000014,178.13618677042803
1788767376,100,,Aggregated,4.200000,0.000000,0,0,0,0,0,0,0,0,0,0,0,514,0,920,1729.9230955252926,190.17910000002303,18647.74720000014,178.13618677042803
1788767377,100,POST,POST /auth/login,4.200000,0.000000,0,0,0,0,0,0,0,0,0,0,0,514,0,920,1729.9230955252926,190.17910000002303,18647.74720000014,178.13618677042803
1788767377,100,,Aggregated,4.200000,0.000000,0,0,0,0,0,0,0,0,0,0,0,514,0,920,1729.9230955252926,190.17910000002303,18647.74720000014,178.13618677042803
1788767378,100,POST,POST /auth/login,4.200000,0.000000,0,0,0,0,0,0,0,0,0,0,0,514,0,920,1729.9230955252926,190.17910000002303,18647.74720000014,178.13618677042803
1788767378,100,,Aggregated,4.200000,0.000000,0,0,0,0,0,0,0,0,0,0,0,514,0,920,1729.9230955252926,190.17910000002303,18647.74720000014,178.13618677042803
1788767379,100,POST,POST /auth/login,4.200000,0.000000,0,0,0,0,0,0,0,0,0,0,0,514,0,920,1729.9230955252926,190.17910000002303,18647.74720000014,178.13618677042803
1788767379,100,,Aggregated,4.200000,0.000000,0,0,0,0,0,0,0,0,0,0,0,514,0,920,1729.9230955252926,190.17910000002303,18647.74720000014,178.13618677042803
1788767380,100,POST,POST /auth/login,4.200000,0.000000,0,0,0,0,0,0,0,0,0,0,0,514,0,920,1729.9230955252926,190.17910000002303,18647.74720000014,178.13618677042803
1788767380,100,,Aggregated,4.200000,0.000000,0,0,0,0,0,0,0,0,0,0,0,514,0,920,1729.9230955252926,190.17910000002303,18647.74720000014,178.13618677042803
1788767381,100,POST,POST /auth/login,4.200000,0.000000,0,0,0,0,0,0,0,0,0,0,0,514,0,920,1729.9230955252926,190.17910000002303,18647.74720000014,178.13618677042803
1788767381,100,,Aggregated,4.200000,0.000000,0,0,0,0,0,0,0,0,0,0,0,514,0,920,1729.9230955252926,190.17910000002303,18647.74720000014,178.13618677042803
1788767382,100,POST,POST /auth/login,0.000000,0.000000,128000,128000,141000,141000,141000,141000,141000,141000,141000,141000,141000,517,0,920,2490.213537911025,190.17910000002303,141467.64219999977,178.1431334622824
1788767382,100,,Aggregated,0.000000,0.000000,128000,128000,141000,141000,141000,141000,141000,141000,141000,141000,141000,517,0,920,2490.213537911025,190.17910000002303,141467.64219999977,178.1431334622824
1788767383,100,POST,POST /auth/login,0.000000,0.000000,128000,128000,141000,141000,141000,141000,141000,141000,141000,141000,141000,517,0,920,2490.213537911025,190.17910000002303,141467.64219999977,178.1431334622824
1788767383,100,,Aggregated,0.000000,0.000000,128000,128000,141000,141000,141000,141000,141000,141000,141000,141000,141000,517,0,920,2490.213537911025,190.17910000002303,141467.64219999977,178.1431334622824
1788767384,100,POST,POST /auth/login,0.000000,0.000000,128000,128000,141000,141000,141000,141000,141000,141000,141000,141000,141000,517,0,920,2490.213537911025,190.17910000002303,141467.64219999977,178.1431334622824
1788767384,100,,Aggregated,0.000000,0.000000,128000,128000,141000,141000,141000,141000,141000,141000,141000,141000,141000,517,0,920,2490.213537911025,190.17910000002303,141467.64219999977,178.1431334622824
1788767386,100,POST,POST /auth/login,0.000000,0.000000,128000,128000,141000,141000,141000,141000,141000,141000,141000,141000,141000,517,0,920,2490.213537911025,190.17910000002303,141467.64219999977,178.1431334622824
1788767386,100,,Aggregated,0.000000,0.000000,128000,128000,141000,141000,141000,141000,141000,141000,141000,141000,141000,517,0,920,2490.213537911025,190.17910000002303,141467.64219999977,178.1431334622824
1788767387,100,POST,POST /auth/login,0.000000,0.000000,128000,128000,141000,141000,141000,141000,141000,141000,141000,141000,141000,517,0,920,2490.213537911025,190.17910000002303,141467.64219999977,178.1431334622824
1788767387,100,,Aggregated,0.000000,0.000000,128000,128000,141000,141000,141000,141000,141000,141000,141000,141000,141000,517,0,920,2490.213537911025,190.17910000002303,141467.64219999977,178.1431334622824
1788767388,100,POST,POST /auth/login,0.000000,0.000000,128000,128000,141000,141000,141000,141000,141000,141000,141000,141000,141000,517,0,920,2490.213537911025,190.17910000002303,141467.64219999977,178.1431334622824
1788767388,100,,Aggregated,0.000000,0.000000,128000,128000,141000,141000,141000,141000,141000,141000,141000,141000,141000,517,0,920,2490.213537911025,190.17910000002303,141467.64219999977,178.1431334622824
1788767389,100,POST,POST /auth/login,0.000000,0.000000,128000,128000,141000,141000,141000,141000,141000,141000,141000,141000,141000,517,0,920,2490.213537911025,190.17910000002303,141467.64219999977,178.1431334622824
1788767389,100,,Aggregated,0.000000,0.000000,128000,128000,141000,141000,141000,141000,141000,141000,141000,141000,141000,517,0,920,2490.213537911025,190.17910000002303,141467.64219999977,178.1431334622824
1788767390,100,POST,POST /auth/login,0.000000,0.000000,128000,128000,141000,141000,141000,141000,141000,141000,141000,141000,141000,517,0,920,2490.213537911025,190.17910000002303,141467.64219999977,178.1431334622824
1788767390,100,,Aggregated,0.000000,0.000000,128000,128000,141000,141000,141000,141000,141000,141000,141000,141000,141000,517,0,920,2490.213537911025,190.17910000002303,141467.64219999977,178.1431334622824
1788767391,100,POST,POST /auth/login,0.000000,0.000000,128000,128000,141000,141000,141000,141000,141000,141000,141000,141000,141000,517,0,920,2490.213537911025,190.17910000002303,141467.64219999977,178.1431334622824
1788767391,100,,Aggregated,0.000000,0.000000,128000,128000,141000,141000,141000,141000,141000,141000,141000,141000,141000,517,0,920,2490.213537911025,190.17910000002303,141467.64219999977,178.1431334622824
1788767392,100,POST,POST /auth/login,0.000000,0.000000,128000,128000,141000,141000,141000,141000,141000,141000,141000,141000,141000,517,0,920,2490.213537911025,190.17910000002303,141467.64219999977,178.1431334622824
1788767392,100,,Aggregated,0.000000,0.000000,128000,128000,141000,141000,141000,141000,141000,141000,141000,141000,141000,517,0,920,2490.213537911025,190.17910000002303,141467.64219999977,178.1431334622824
1788767393,100,POST,POST /auth/login,0.000000,0.000000,128000,128000,141000,141000,141000,141000,141000,141000,141000,141000,141000,517,0,920,2490.213537911025,190.17910000002303,141467.64219999977,178.1431334622824
1788767393,100,,Aggregated,0.000000,0.000000,128000,128000,141000,141000,141000,141000,141000,141000,141000,141000,141000,517,0,920,2490.213537911025,190.17910000002303,141467.64219999977,178.1431334622824
1788767394,100,POST,POST /auth/login,0.000000,0.000000,128000,128000,141000,141000,141000,141000,141000,141000,141000,141000,141000,517,0,920,2490.213537911025,190.17910000002303,141467.64219999977,178.1431334622824
1788767394,100,,Aggregated,0.000000,0.000000,128000,128000,141000,141000,141000,141000,141000,141000,141000,141000,141000,517,0,920,2490.213537911025,190.17910000002303,141467.64219999977,178.1431334622824
1788767395,100,POST,POST /auth/login,0.000000,0.000000,128000,128000,141000,141000,141000,141000,141000,141000,141000,141000,141000,517,0,920,2490.213537911025,190.17910000002303,141467.64219999977,178.1431334622824
1788767395,100,,Aggregated,0.000000,0.000000,128000,128000,141000,141000,141000,141000,141000,141000,141000,141000,141000,517,0,920,2490.213537911025,190.17910000002303,141467.64219999977,178.1431334622824
1788767396,100,POST,POST /auth/login,0.000000,0.000000,128000,128000,141000,141000,141000,141000,141000,141000,141000,141000,141000,517,0,920,2490.213537911025,190.17910000002303,141467.64219999977,178.1431334622824
1788767396,100,,Aggregated,0.000000,0.000000,128000,128000,141000,141000,141000,141000,141000,141000,141000,141000,141000,517,0,920,2490.213537911025,190.17910000002303,141467.64219999977,178.1431334622824
1788767397,100,POST,POST /auth/login,0.000000,0.000000,128000,128000,141000,141000,141000,141000,141000,141000,141000,141000,141000,517,0,920,2490.213537911025,190.17910000002303,141467.64219999977,178.1431334622824
1788767397,100,,Aggregated,0.000000,0.000000,128000,128000,141000,141000,141000,141000,141000,141000,141000,141000,141000,517,0,920,2490.213537911025,190.17910000002303,141467.64219999977,178.1431334622824
1788767398,100,POST,POST /auth/login,0.000000,0.000000,128000,128000,141000,141000,141000,141000,141000,141000,141000,141000,141000,517,0,920,2490.213537911025,190.17910000002303,141467.64219999977,178.1431334622824
1788767398,100,,Aggregated,0.000000,0.000000,128000,128000,141000,141000,141000,141000,141000,141000,141000,141000,141000,517,0,920,2490.213537911025,190.17910000002303,141467.64219999977,178.1431334622824
1788767399,100,POST,POST /auth/login,0.000000,0.000000,0,0,0,0,0,0,0,0,0,0,0,517,0,920,2490.213537911025,190.17910000002303,141467.64219999977,178.1431334622824
1788767399,100,,Aggregated,0.000000,0.000000,0,0,0,0,0,0,0,0,0,0,0,517,0,920,2490.213537911025,190.17910000002303,141467.64219999977,178.1431334622824
1788767400,100,POST,POST /auth/login,0.000000,0.000000,0,0,0,0,0,0,0,0,0,0,0,517,0,920,2490.213537911025,190.17910000002303,141467.64219999977,178.1431334622824
1788767400,100,,Aggregated,0.000000,0.000000,0,0,0,0,0,0,0,0,0,0,0,517,0,920,2490.213537911025,190.17910000002303,141467.64219999977,178.1431334622824
1788767401,100,POST,POST /auth/login,0.000000,0.000000,0,0,0,0,0,0,0,0,0,0,0,517,0,920,2490.213537911025,190.17910000002303,141467.64219999977,178.1431334622824
1788767401,100,,Aggregated,0.000000,0.000000,0,0,0,0,0,0,0,0,0,0,0,517,0,920,2490.213537911025,190.17910000002303,141467.64219999977,178.1431334622824
1788767402,100,POST,POST /auth/login,0.000000,0.000000,0,0,0,0,0,0,0,0,0,0,0,517,0,920,2490.213537911025,190.17910000002303,141467.64219999977,178.1431334622824
1788767402,100,,Aggregated,0.000000,0.000000,0,0,0,0,0,0,0,0,0,0,0,517,0,920,2490.213537911025,190.17910000002303,141467.64219999977,178.1431334622824
1788767403,100,POST,POST /auth/login,0.000000,0.000000,0,0,0,0,0,0,0,0,0,0,0,517,0,920,2490.213537911025,190.17910000002303,141467.64219999977,178.1431334622824
1788767403,100,,Aggregated,0.000000,0.000000,0,0,0,0,0,0,0,0,0,0,0,517,0,920,2490.213537911025,190.17910000002303,141467.64219999977,178.1431334622824
1788767404,100,POST,POST /auth/login,0.000000,0.000000,0,0,0,0,0,0,0,0,0,0,0,517,0,920,2490.213537911025,190.17910000002303,141467.64219999977,178.1431334622824
1788767404,100,,Aggregated,0.000000,0.000000,0,0,0,0,0,0,0,0,0,0,0,517,0,920,2490.213537911025,190.17910000002303,141467.64219999977,178.1431334622824
1788767405,100,POST,POST /auth/login,0.000000,0.000000,0,0,0,0,0,0,0,0,0,0,0,517,0,920,2490.213537911025,190.17910000002303,141467.64219999977,178.1431334622824
1788767405,100,,Aggregated,0.000000,0.000000,0,0,0,0,0,0,0,0,0,0,0,517,0,920,2490.213537911025,190.17910000002303,141467.64219999977,178.1431334622824
1788767406,100,POST,POST /auth/login,0.000000,0.000000,0,0,0,0,0,0,0,0,0,0,0,517,0,920,2490.213537911025,190.17910000002303,141467.64219999977,178.1431334622824
1788767406,100,,Aggregated,0.000000,0.000000,0,0,0,0,0,0,0,0,0,0,0,517,0,920,2490.213537911025,190.17910000002303,141467.64219999977,178.1431334622824
1788767407,100,POST,POST /auth/login,0.000000,0.000000,0,0,0,0,0,0,0,0,0,0,0,517,0,920,2490.213537911025,190.17910000002303,141467.64219999977,178.1431334622824
1788767407,100,,Aggregated,0.000000,0.000000,0,0,0,0,0,0,0,0,0,0,0,517,0,920,2490.213537911025,190.17910000002303,141467.64219999977,178.1431334622824
1788767408,100,POST,POST /auth/login,0.000000,0.000000,0,0,0,0,0,0,0,0,0,0,0,517,0,920,2490.213537911025,190.17910000002303,141467.64219999977,178.1431334622824
1788767408,100,,Aggregated,0.000000,0.000000,0,0,0,0,0,0,0,0,0,0,0,517,0,920,2490.213537911025,190.17910000002303,141467.64219999977,178.1431334622824
1788767409,100,POST,POST /auth/login,0.000000,0.000000,0,0,0,0,0,0,0,0,0,0,0,517,0,920,2490.213537911025,190.17910000002303,141467.64219999977,178.1431334622824
1788767409,100,,Aggregated,0.000000,0.000000,0,0,0,0,0,0,0,0,0,0,0,517,0,920,2490.213537911025,190.17910000002303,141467.64219999977,178.1431334622824
1788767410,100,POST,POST /auth/login,0.000000,0.000000,0,0,0,0,0,0,0,0,0,0,0,517,0,920,2490.213537911025,190.17910000002303,141467.64219999977,178.1431334622824
1788767410,100,,Aggregated,0.000000,0.000000,0,0,0,0,0,0,0,0,0,0,0,517,0,920,2490.213537911025,190.17910000002303,141467.64219999977,178.1431334622824
1788767411,100,POST,POST /auth/login,0.000000,0.000000,0,0,0,0,0,0,0,0,0,0,0,517,0,920,2490.213537911025,190.17910000002303,141467.64219999977,178.1431334622824
1788767411,100,,Aggregated,0.000000,0.000000,0,0,0,0,0,0,0,0,0,0,0,517,0,920,2490.213537911025,190.17910000002303,141467.64219999977,178.1431334622824
1788767412,100,POST,POST /auth/login,0.000000,0.000000,0,0,0,0,0,0,0,0,0,0,0,526,0,940,5170.307306463879,190.17910000002303,171492.0732999999,178.15209125475286
1788767412,100,,Aggregated,0.000000,0.000000,0,0,0,0,0,0,0,0,0,0,0,526,0,940,5170.307306463879,190.17910000002303,171492.0732999999,178.15209125475286
1788767413,100,POST,POST /auth/login,0.000000,0.000000,158000,158000,158000,158000,171000,171000,171000,171000,171000,171000,171000,526,0,940,5170.307306463879,190.17910000002303,171492.0732999999,178.15209125475286
1788767413,100,,Aggregated,0.000000,0.000000,158000,158000,158000,158000,171000,171000,171000,171000,171000,171000,171000,526,0,940,5170.307306463879,190.17910000002303,171492.0732999999,178.15209125475286
1788767414,100,POST,POST /auth/login,0.000000,0.000000,157000,158000,158000,158000,172000,172000,172000,172000,172000,172000,172000,535,2,940,7196.888877943927,190.17910000002303,172283.07629999972,177.49532710280374
1788767414,100,,Aggregated,0.000000,0.000000,157000,158000,158000,158000,172000,172000,172000,172000,172000,172000,172000,535,2,940,7196.888877943927,190.17910000002303,172283.07629999972,177.49532710280374
1788767415,100,POST,POST /auth/login,0.000000,0.000000,157000,158000,158000,158000,172000,172000,173000,173000,173000,173000,173000,539,2,950,8337.160875510206,190.17910000002303,173137.99449999988,177.5064935064935
1788767415,100,,Aggregated,0.000000,0.000000,157000,158000,158000,158000,172000,172000,173000,173000,173000,173000,173000,539,2,950,8337.160875510206,190.17910000002303,173137.99449999988,177.5064935064935
1788767416,100,POST,POST /auth/login,1.700000,0.200000,158000,160000,160000,160000,172000,174000,175000,175000,175000,175000,175000,548,7,950,10872.39992463504,190.17910000002303,174636.84800000011,176.08576642335765
1788767416,100,,Aggregated,1.700000,0.200000,158000,160000,160000,160000,172000,174000,175000,175000,175000,175000,175000,548,7,950,10872.39992463504,190.17910000002303,174636.84800000011,176.08576642335765
1788767417,100,POST,POST /auth/login,1.700000,0.200000,157000,158000,160000,160000,172000,174000,175000,175000,175000,175000,175000,551,7,950,11668.50538221416,190.17910000002303,174636.84800000011,176.09981851179674
1788767417,100,,Aggregated,1.700000,0.200000,157000,158000,160000,160000,172000,174000,175000,175000,175000,175000,175000,551,7,950,11668.50538221416,190.17910000002303,174636.84800000011,176.09981851179674
1788767418,100,POST,POST /auth/login,1.700000,0.200000,157000,158000,160000,160000,172000,174000,175000,175000,175000,175000,175000,551,7,950,11668.50538221416,190.17910000002303,174636.84800000011,176.09981851179674
1788767418,100,,Aggregated,1.700000,0.200000,157000,158000,160000,160000,172000,174000,175000,175000,175000,175000,175000,551,7,950,11668.50538221416,190.17910000002303,174636.84800000011,176.09981851179674
1788767419,100,POST,POST /auth/login,1.700000,0.200000,157000,158000,160000,160000,172000,174000,175000,175000,175000,175000,175000,551,7,950,11668.50538221416,190.17910000002303,174636.84800000011,176.09981851179674
1788767419,100,,Aggregated,1.700000,0.200000,157000,158000,160000,160000,172000,174000,175000,175000,175000,175000,175000,551,7,950,11668.50538221416,190.17910000002303,174636.84800000011,176.09981851179674
1788767420,100,POST,POST /auth/login,1.700000,0.200000,157000,158000,160000,160000,172000,174000,175000,175000,175000,175000,175000,551,7,950,11668.50538221416,190.17910000002303,174636.84800000011,176.09981851179674
1788767420,100,,Aggregated,1.700000,0.200000,157000,158000,160000,160000,172000,174000,175000,175000,175000,175000,175000,551,7,950,11668.50538221416,190.17910000002303,174636.84800000011,176.09981851179674
1788767421,100,POST,POST /auth/login,1.700000,0.200000,157000,158000,160000,160000,172000,174000,175000,175000,175000,175000,175000,551,7,950,11668.50538221416,190.17910000002303,174636.84800000011,176.09981851179674
1788767421,100,,Aggregated,1.700000,0.200000,157000,158000,160000,160000,172000,174000,175000,175000,175000,175000,175000,551,7,950,11668.50538221416,190.17910000002303,174636.84800000011,176.09981851179674
1788767422,100,POST,POST /auth/login,1.700000,0.200000,157000,160000,160000,172000,173000,174000,175000,175000,175000,175000,175000,551,7,950,11668.50538221416,190.17910000002303,174636.84800000011,176.09981851179674
1788767422,100,,Aggregated,1.700000,0.200000,157000,160000,160000,172000,173000,174000,175000,175000,175000,175000,175000,551,7,950,11668.50538221416,190.17910000002303,174636.84800000011,176.09981851179674
1788767423,100,POST,POST /auth/login,1.700000,0.200000,157000,160000,160000,160000,174000,175000,175000,175000,175000,175000,175000,551,7,950,11668.50538221416,190.17910000002303,174636.84800000011,176.09981851179674
1788767423,100,,Aggregated,1.700000,0.200000,157000,160000,160000,160000,174000,175000,175000,175000,175000,175000,175000,551,7,950,11668.50538221416,190.17910000002303,174636.84800000011,176.09981851179674
1788767424,100,POST,POST /auth/login,1.700000,0.200000,160000,160000,160000,160000,174000,175000,175000,175000,175000,175000,175000,551,7,950,11668.50538221416,190.17910000002303,174636.84800000011,176.09981851179674
1788767424,100,,Aggregated,1.700000,0.200000,160000,160000,160000,160000,174000,175000,175000,175000,175000,175000,175000,551,7,950,11668.50538221416,190.17910000002303,174636.84800000011,176.09981851179674
1788767425,100,POST,POST /auth/login,1.700000,0.200000,157000,157000,175000,175000,175000,175000,175000,175000,175000,175000,175000,551,7,950,11668.50538221416,190.17910000002303,174636.84800000011,176.09981851179674
1788767425,100,,Aggregated,1.700000,0.200000,157000,157000,175000,175000,175000,175000,175000,175000,175000,175000,175000,551,7,950,11668.50538221416,190.17910000002303,174636.84800000011,176.09981851179674
1788767426,100,POST,POST /auth/login,1.700000,0.200000,157000,157000,175000,175000,175000,175000,175000,175000,175000,175000,175000,551,7,950,11668.50538221416,190.17910000002303,174636.84800000011,176.09981851179674
1788767426,100,,Aggregated,1.700000,0.200000,157000,157000,175000,175000,175000,175000,175000,175000,175000,175000,175000,551,7,950,11668.50538221416,190.17910000002303,174636.84800000011,176.09981851179674
1788767427,100,POST,POST /auth/login,1.700000,0.200000,157000,157000,175000,175000,175000,175000,175000,175000,175000,175000,175000,551,7,950,11668.50538221416,190.17910000002303,174636.84800000011,176.09981851179674
1788767427,100,,Aggregated,1.700000,0.200000,157000,157000,175000,175000,175000,175000,175000,175000,175000,175000,175000,551,7,950,11668.50538221416,190.17910000002303,174636.84800000011,176.09981851179674
1788767428,100,POST,POST /auth/login,1.700000,0.200000,157000,157000,175000,175000,175000,175000,175000,175000,175000,175000,175000,551,7,950,11668.50538221416,190.17910000002303,174636.84800000011,176.09981851179674
1788767428,100,,Aggregated,1.700000,0.200000,157000,157000,175000,175000,175000,175000,175000,175000,175000,175000,175000,551,7,950,11668.50538221416,190.17910000002303,174636.84800000011,176.09981851179674
1788767429,100,POST,POST /auth/login,1.700000,0.200000,157000,157000,175000,175000,175000,175000,175000,175000,175000,175000,175000,551,7,950,11668.50538221416,190.17910000002303,174636.84800000011,176.09981851179674
1788767429,100,,Aggregated,1.700000,0.200000,157000,157000,175000,175000,175000,175000,175000,175000,175000,175000,175000,551,7,950,11668.50538221416,190.17910000002303,174636.84800000011,176.09981851179674
1788767430,100,POST,POST /auth/login,1.700000,0.200000,157000,157000,175000,175000,175000,175000,175000,175000,175000,175000,175000,551,7,950,11668.50538221416,190.17910000002303,174636.84800000011,176.09981851179674
1788767430,100,,Aggregated,1.700000,0.200000,157000,157000,175000,175000,175000,175000,175000,175000,175000,175000,175000,551,7,950,11668.50538221416,190.17910000002303,174636.84800000011,176.09981851179674
1788767431,100,POST,POST /auth/login,1.700000,0.200000,157000,157000,175000,175000,175000,175000,175000,175000,175000,175000,175000,551,7,950,11668.50538221416,190.17910000002303,174636.84800000011,176.09981851179674
1788767431,100,,Aggregated,1.700000,0.200000,157000,157000,175000,175000,175000,175000,175000,175000,175000,175000,175000,551,7,950,11668.50538221416,190.17910000002303,174636.84800000011,176.09981851179674
1788767432,100,POST,POST /auth/login,1.700000,0.200000,157000,157000,175000,175000,175000,175000,175000,175000,175000,175000,175000,551,7,950,11668.50538221416,190.17910000002303,174636.84800000011,176.09981851179674
1788767432,100,,Aggregated,1.700000,0.200000,157000,157000,175000,175000,175000,175000,175000,175000,175000,175000,175000,551,7,950,11668.50538221416,190.17910000002303,174636.84800000011,176.09981851179674
1788767433,100,POST,POST /auth/login,1.700000,0.200000,157000,157000,175000,175000,175000,175000,175000,175000,175000,175000,175000,551,7,950,11668.50538221416,190.17910000002303,174636.84800000011,176.09981851179674
1788767433,100,,Aggregated,1.700000,0.200000,157000,157000,175000,175000,175000,175000,175000,175000,175000,175000,175000,551,7,950,11668.50538221416,190.17910000002303,174636.84800000011,176.09981851179674
1788767434,100,POST,POST /auth/login,1.700000,0.200000,0,0,0,0,0,0,0,0,0,0,0,551,7,950,11668.50538221416,190.17910000002303,174636.84800000011,176.09981851179674
1788767434,100,,Aggregated,1.700000,0.200000,0,0,0,0,0,0,0,0,0,0,0,551,7,950,11668.50538221416,190.17910000002303,174636.84800000011,176.09981851179674
1788767435,100,POST,POST /auth/login,1.700000,0.200000,0,0,0,0,0,0,0,0,0,0,0,551,7,950,11668.50538221416,190.17910000002303,174636.84800000011,176.09981851179674
1788767435,100,,Aggregated,1.700000,0.200000,0,0,0,0,0,0,0,0,0,0,0,551,7,950,11668.50538221416,190.17910000002303,174636.84800000011,176.09981851179674
1788767436,100,POST,POST /auth/login,1.700000,0.200000,0,0,0,0,0,0,0,0,0,0,0,551,7,950,11668.50538221416,190.17910000002303,174636.84800000011,176.09981851179674
1788767436,100,,Aggregated,1.700000,0.200000,0,0,0,0,0,0,0,0,0,0,0,551,7,950,11668.50538221416,190.17910000002303,174636.84800000011,176.09981851179674
1788767437,100,POST,POST /auth/login,1.700000,0.200000,0,0,0,0,0,0,0,0,0,0,0,551,7,950,11668.50538221416,190.17910000002303,174636.84800000011,176.09981851179674
1788767437,100,,Aggregated,1.700000,0.200000,0,0,0,0,0,0,0,0,0,0,0,551,7,950,11668.50538221416,190.17910000002303,174636.84800000011,176.09981851179674
1788767438,100,POST,POST /auth/login,1.700000,0.200000,0,0,0,0,0,0,0,0,0,0,0,551,7,950,11668.50538221416,190.17910000002303,174636.84800000011,176.09981851179674
1788767438,100,,Aggregated,1.700000,0.200000,0,0,0,0,0,0,0,0,0,0,0,551,7,950,11668.50538221416,190.17910000002303,174636.84800000011,176.09981851179674
1788767439,100,POST,POST /auth/login,1.700000,0.200000,0,0,0,0,0,0,0,0,0,0,0,551,7,950,11668.50538221416,190.17910000002303,174636.84800000011,176.09981851179674
1788767439,100,,Aggregated,1.700000,0.200000,0,0,0,0,0,0,0,0,0,0,0,551,7,950,11668.50538221416,190.17910000002303,174636.84800000011,176.09981851179674
1788767440,100,POST,POST /auth/login,1.700000,0.200000,0,0,0,0,0,0,0,0,0,0,0,551,7,950,11668.50538221416,190.17910000002303,174636.84800000011,176.09981851179674
1788767440,100,,Aggregated,1.700000,0.200000,0,0,0,0,0,0,0,0,0,0,0,551,7,950,11668.50538221416,190.17910000002303,174636.84800000011,176.09981851179674
1788767441,100,POST,POST /auth/login,1.700000,0.200000,0,0,0,0,0,0,0,0,0,0,0,551,7,950,11668.50538221416,190.17910000002303,174636.84800000011,176.09981851179674
1788767441,100,,Aggregated,1.700000,0.200000,0,0,0,0,0,0,0,0,0,0,0,551,7,950,11668.50538221416,190.17910000002303,174636.84800000011,176.09981851179674
1788767442,100,POST,POST /auth/login,1.700000,0.200000,0,0,0,0,0,0,0,0,0,0,0,551,7,950,11668.50538221416,190.17910000002303,174636.84800000011,176.09981851179674
1788767442,100,,Aggregated,1.700000,0.200000,0,0,0,0,0,0,0,0,0,0,0,551,7,950,11668.50538221416,190.17910000002303,174636.84800000011,176.09981851179674
1788767443,100,POST,POST /auth/login,1.700000,0.200000,0,0,0,0,0,0,0,0,0,0,0,551,7,950,11668.50538221416,190.17910000002303,174636.84800000011,176.09981851179674
1788767443,100,,Aggregated,1.700000,0.200000,0,0,0,0,0,0,0,0,0,0,0,551,7,950,11668.50538221416,190.17910000002303,174636.84800000011,176.09981851179674
1788767444,100,POST,POST /auth/login,1.700000,0.200000,0,0,0,0,0,0,0,0,0,0,0,551,7,950,11668.50538221416,190.17910000002303,174636.84800000011,176.09981851179674
1788767444,100,,Aggregated,1.700000,0.200000,0,0,0,0,0,0,0,0,0,0,0,551,7,950,11668.50538221416,190.17910000002303,174636.84800000011,176.09981851179674
1788767445,100,POST,POST /auth/login,1.700000,0.200000,0,0,0,0,0,0,0,0,0,0,0,551,7,950,11668.50538221416,190.17910000002303,174636.84800000011,176.09981851179674
1788767445,100,,Aggregated,1.700000,0.200000,0,0,0,0,0,0,0,0,0,0,0,551,7,950,11668.50538221416,190.17910000002303,174636.84800000011,176.09981851179674
1788767446,100,POST,POST /auth/login,1.700000,0.200000,0,0,0,0,0,0,0,0,0,0,0,551,7,950,11668.50538221416,190.17910000002303,174636.84800000011,176.09981851179674
1788767446,100,,Aggregated,1.700000,0.200000,0,0,0,0,0,0,0,0,0,0,0,551,7,950,11668.50538221416,190.17910000002303,174636.84800000011,176.09981851179674
1788767447,100,POST,POST /auth/login,1.700000,0.200000,0,0,0,0,0,0,0,0,0,0,0,551,7,950,11668.50538221416,190.17910000002303,174636.84800000011,176.09981851179674
1788767447,100,,Aggregated,1.700000,0.200000,0,0,0,0,0,0,0,0,0,0,0,551,7,950,11668.50538221416,190.17910000002303,174636.84800000011,176.09981851179674
1788767448,100,POST,POST /auth/login,1.700000,0.200000,0,0,0,0,0,0,0,0,0,0,0,551,7,950,11668.50538221416,190.17910000002303,174636.84800000011,176.09981851179674
1788767448,100,,Aggregated,1.700000,0.200000,0,0,0,0,0,0,0,0,0,0,0,551,7,950,11668.50538221416,190.17910000002303,174636.84800000011,176.09981851179674
1788767449,100,POST,POST /auth/login,1.700000,0.200000,0,0,0,0,0,0,0,0,0,0,0,551,7,950,11668.50538221416,190.17910000002303,174636.84800000011,176.09981851179674
1788767449,100,,Aggregated,1.700000,0.200000,0,0,0,0,0,0,0,0,0,0,0,551,7,950,11668.50538221416,190.17910000002303,174636.84800000011,176.09981851179674
1788767450,100,POST,POST /auth/login,1.700000,0.200000,0,0,0,0,0,0,0,0,0,0,0,551,7,950,11668.50538221416,190.17910000002303,174636.84800000011,176.09981851179674
1788767450,100,,Aggregated,1.700000,0.200000,0,0,0,0,0,0,0,0,0,0,0,551,7,950,11668.50538221416,190.17910000002303,174636.84800000011,176.09981851179674
1788767451,100,POST,POST /auth/login,1.700000,0.200000,0,0,0,0,0,0,0,0,0,0,0,551,7,950,11668.50538221416,190.17910000002303,174636.84800000011,176.09981851179674
1788767451,100,,Aggregated,1.700000,0.200000,0,0,0,0,0,0,0,0,0,0,0,551,7,950,11668.50538221416,190.17910000002303,174636.84800000011,176.09981851179674
1788767452,100,POST,POST /auth/login,1.700000,0.200000,0,0,0,0,0,0,0,0,0,0,0,551,7,950,11668.50538221416,190.17910000002303,174636.84800000011,176.09981851179674
1788767452,100,,Aggregated,1.700000,0.200000,0,0,0,0,0,0,0,0,0,0,0,551,7,950,11668.50538221416,190.17910000002303,174636.84800000011,176.09981851179674
1788767453,100,POST,POST /auth/login,1.700000,0.200000,0,0,0,0,0,0,0,0,0,0,0,551,7,950,11668.50538221416,190.17910000002303,174636.84800000011,176.09981851179674
1788767453,100,,Aggregated,1.700000,0.200000,0,0,0,0,0,0,0,0,0,0,0,551,7,950,11668.50538221416,190.17910000002303,174636.84800000011,176.09981851179674
1788767454,100,POST,POST /auth/login,1.700000,0.200000,0,0,0,0,0,0,0,0,0,0,0,551,7,950,11668.50538221416,190.17910000002303,174636.84800000011,176.09981851179674
1788767454,100,,Aggregated,1.700000,0.200000,0,0,0,0,0,0,0,0,0,0,0,551,7,950,11668.50538221416,190.17910000002303,174636.84800000011,176.09981851179674
1788767455,100,POST,POST /auth/login,1.700000,0.200000,0,0,0,0,0,0,0,0,0,0,0,551,7,950,11668.50538221416,190.17910000002303,174636.84800000011,176.09981851179674
1788767455,100,,Aggregated,1.700000,0.200000,0,0,0,0,0,0,0,0,0,0,0,551,7,950,11668.50538221416,190.17910000002303,174636.84800000011,176.09981851179674
1788767456,100,POST,POST /auth/login,1.700000,0.200000,0,0,0,0,0,0,0,0,0,0,0,551,7,950,11668.50538221416,190.17910000002303,174636.84800000011,176.09981851179674
1788767456,100,,Aggregated,1.700000,0.200000,0,0,0,0,0,0,0,0,0,0,0,551,7,950,11668.50538221416,190.17910000002303,174636.84800000011,176.09981851179674
1788767457,100,POST,POST /auth/login,1.700000,0.200000,0,0,0,0,0,0,0,0,0,0,0,551,7,950,11668.50538221416,190.17910000002303,174636.84800000011,176.09981851179674
1788767457,100,,Aggregated,1.700000,0.200000,0,0,0,0,0,0,0,0,0,0,0,551,7,950,11668.50538221416,190.17910000002303,174636.84800000011,176.09981851179674
1788767458,100,POST,POST /auth/login,1.700000,0.200000,0,0,0,0,0,0,0,0,0,0,0,551,7,950,11668.50538221416,190.17910000002303,174636.84800000011,176.09981851179674
1788767458,100,,Aggregated,1.700000,0.200000,0,0,0,0,0,0,0,0,0,0,0,551,7,950,11668.50538221416,190.17910000002303,174636.84800000011,176.09981851179674
1788767459,100,POST,POST /auth/login,1.700000,0.200000,0,0,0,0,0,0,0,0,0,0,0,551,7,950,11668.50538221416,190.17910000002303,174636.84800000011,176.09981851179674
1788767459,100,,Aggregated,1.700000,0.200000,0,0,0,0,0,0,0,0,0,0,0,551,7,950,11668.50538221416,190.17910000002303,174636.84800000011,176.09981851179674
1788767460,100,POST,POST /auth/login,1.700000,0.200000,0,0,0,0,0,0,0,0,0,0,0,551,7,950,11668.50538221416,190.17910000002303,174636.84800000011,176.09981851179674
1788767460,100,,Aggregated,1.700000,0.200000,0,0,0,0,0,0,0,0,0,0,0,551,7,950,11668.50538221416,190.17910000002303,174636.84800000011,176.09981851179674
1788767461,100,POST,POST /auth/login,1.700000,0.200000,0,0,0,0,0,0,0,0,0,0,0,551,7,950,11668.50538221416,190.17910000002303,174636.84800000011,176.09981851179674
1788767461,100,,Aggregated,1.700000,0.200000,0,0,0,0,0,0,0,0,0,0,0,551,7,950,11668.50538221416,190.17910000002303,174636.84800000011,176.09981851179674
1788767462,100,POST,POST /auth/login,1.700000,0.200000,0,0,0,0,0,0,0,0,0,0,0,551,7,950,11668.50538221416,190.17910000002303,174636.84800000011,176.09981851179674
1788767462,100,,Aggregated,1.700000,0.200000,0,0,0,0,0,0,0,0,0,0,0,551,7,950,11668.50538221416,190.17910000002303,174636.84800000011,176.09981851179674
1788767463,100,POST,POST /auth/login,1.700000,0.200000,0,0,0,0,0,0,0,0,0,0,0,551,7,950,11668.50538221416,190.17910000002303,174636.84800000011,176.09981851179674
1788767463,100,,Aggregated,1.700000,0.200000,0,0,0,0,0,0,0,0,0,0,0,551,7,950,11668.50538221416,190.17910000002303,174636.84800000011,176.09981851179674
1788767464,100,POST,POST /auth/login,1.700000,0.200000,0,0,0,0,0,0,0,0,0,0,0,551,7,950,11668.50538221416,190.17910000002303,174636.84800000011,176.09981851179674
1788767464,100,,Aggregated,1.700000,0.200000,0,0,0,0,0,0,0,0,0,0,0,551,7,950,11668.50538221416,190.17910000002303,174636.84800000011,176.09981851179674
1788767465,100,POST,POST /auth/login,1.700000,0.200000,0,0,0,0,0,0,0,0,0,0,0,551,7,950,11668.50538221416,190.17910000002303,174636.84800000011,176.09981851179674
1788767465,100,,Aggregated,1.700000,0.200000,0,0,0,0,0,0,0,0,0,0,0,551,7,950,11668.50538221416,190.17910000002303,174636.84800000011,176.09981851179674
1788767466,100,POST,POST /auth/login,1.700000,0.200000,0,0,0,0,0,0,0,0,0,0,0,551,7,950,11668.50538221416,190.17910000002303,174636.84800000011,176.09981851179674
1788767466,100,,Aggregated,1.700000,0.200000,0,0,0,0,0,0,0,0,0,0,0,551,7,950,11668.50538221416,190.17910000002303,174636.84800000011,176.09981851179674
1788767467,100,POST,POST /auth/login,1.700000,0.200000,0,0,0,0,0,0,0,0,0,0,0,551,7,950,11668.50538221416,190.17910000002303,174636.84800000011,176.09981851179674
1788767467,100,,Aggregated,1.700000,0.200000,0,0,0,0,0,0,0,0,0,0,0,551,7,950,11668.50538221416,190.17910000002303,174636.84800000011,176.09981851179674
1788767468,100,POST,POST /auth/login,1.700000,0.200000,0,0,0,0,0,0,0,0,0,0,0,551,7,950,11668.50538221416,190.17910000002303,174636.84800000011,176.09981851179674
1788767468,100,,Aggregated,1.700000,0.200000,0,0,0,0,0,0,0,0,0,0,0,551,7,950,11668.50538221416,190.17910000002303,174636.84800000011,176.09981851179674
1788767469,100,POST,POST /auth/login,1.700000,0.200000,0,0,0,0,0,0,0,0,0,0,0,551,7,950,11668.50538221416,190.17910000002303,174636.84800000011,176.09981851179674
1788767469,100,,Aggregated,1.700000,0.200000,0,0,0,0,0,0,0,0,0,0,0,551,7,950,11668.50538221416,190.17910000002303,174636.84800000011,176.09981851179674
1788767470,100,POST,POST /auth/login,1.700000,0.200000,0,0,0,0,0,0,0,0,0,0,0,551,7,950,11668.50538221416,190.17910000002303,174636.84800000011,176.09981851179674
1788767470,100,,Aggregated,1.700000,0.200000,0,0,0,0,0,0,0,0,0,0,0,551,7,950,11668.50538221416,190.17910000002303,174636.84800000011,176.09981851179674
1788767471,100,POST,POST /auth/login,1.700000,0.200000,0,0,0,0,0,0,0,0,0,0,0,551,7,950,11668.50538221416,190.17910000002303,174636.84800000011,176.09981851179674
1788767471,100,,Aggregated,1.700000,0.200000,0,0,0,0,0,0,0,0,0,0,0,551,7,950,11668.50538221416,190.17910000002303,174636.84800000011,176.09981851179674
1788767472,100,POST,POST /auth/login,1.700000,0.200000,0,0,0,0,0,0,0,0,0,0,0,551,7,950,11668.50538221416,190.17910000002303,174636.84800000011,176.09981851179674
1788767472,100,,Aggregated,1.700000,0.200000,0,0,0,0,0,0,0,0,0,0,0,551,7,950,11668.50538221416,190.17910000002303,174636.84800000011,176.09981851179674
1788767473,100,POST,POST /auth/login,1.700000,0.200000,0,0,0,0,0,0,0,0,0,0,0,551,7,950,11668.50538221416,190.17910000002303,174636.84800000011,176.09981851179674
1788767473,100,,Aggregated,1.700000,0.200000,0,0,0,0,0,0,0,0,0,0,0,551,7,950,11668.50538221416,190.17910000002303,174636.84800000011,176.09981851179674
1788767474,100,POST,POST /auth/login,1.700000,0.200000,0,0,0,0,0,0,0,0,0,0,0,551,7,950,11668.50538221416,190.17910000002303,174636.84800000011,176.09981851179674
1788767474,100,,Aggregated,1.700000,0.200000,0,0,0,0,0,0,0,0,0,0,0,551,7,950,11668.50538221416,190.17910000002303,174636.84800000011,176.09981851179674
1788767475,100,POST,POST /auth/login,1.700000,0.200000,0,0,0,0,0,0,0,0,0,0,0,551,7,950,11668.50538221416,190.17910000002303,174636.84800000011,176.09981851179674
1788767475,100,,Aggregated,1.700000,0.200000,0,0,0,0,0,0,0,0,0,0,0,551,7,950,11668.50538221416,190.17910000002303,174636.84800000011,176.09981851179674
1788767476,100,POST,POST /auth/login,1.700000,0.200000,0,0,0,0,0,0,0,0,0,0,0,551,7,950,11668.50538221416,190.17910000002303,174636.84800000011,176.09981851179674
1788767476,100,,Aggregated,1.700000,0.200000,0,0,0,0,0,0,0,0,0,0,0,551,7,950,11668.50538221416,190.17910000002303,174636.84800000011,176.09981851179674
1788767477,100,POST,POST /auth/login,1.700000,0.200000,0,0,0,0,0,0,0,0,0,0,0,551,7,950,11668.50538221416,190.17910000002303,174636.84800000011,176.09981851179674
1788767477,100,,Aggregated,1.700000,0.200000,0,0,0,0,0,0,0,0,0,0,0,551,7,950,11668.50538221416,190.17910000002303,174636.84800000011,176.09981851179674
1788767478,110,POST,POST /auth/login,1.700000,0.200000,0,0,0,0,0,0,0,0,0,0,0,551,7,950,11668.50538221416,190.17910000002303,174636.84800000011,176.09981851179674
1788767478,110,,Aggregated,1.700000,0.200000,0,0,0,0,0,0,0,0,0,0,0,551,7,950,11668.50538221416,190.17910000002303,174636.84800000011,176.09981851179674
1788767479,120,POST,POST /auth/login,1.700000,0.200000,0,0,0,0,0,0,0,0,0,0,0,551,7,950,11668.50538221416,190.17910000002303,174636.84800000011,176.09981851179674
1788767479,120,,Aggregated,1.700000,0.200000,0,0,0,0,0,0,0,0,0,0,0,551,7,950,11668.50538221416,190.17910000002303,174636.84800000011,176.09981851179674
1788767480,130,POST,POST /auth/login,1.700000,0.200000,0,0,0,0,0,0,0,0,0,0,0,551,7,950,11668.50538221416,190.17910000002303,174636.84800000011,176.09981851179674
1788767480,130,,Aggregated,1.700000,0.200000,0,0,0,0,0,0,0,0,0,0,0,551,7,950,11668.50538221416,190.17910000002303,174636.84800000011,176.09981851179674
1788767481,140,POST,POST /auth/login,1.700000,0.200000,0,0,0,0,0,0,0,0,0,0,0,551,7,950,11668.50538221416,190.17910000002303,174636.84800000011,176.09981851179674
1788767481,140,,Aggregated,1.700000,0.200000,0,0,0,0,0,0,0,0,0,0,0,551,7,950,11668.50538221416,190.17910000002303,174636.84800000011,176.09981851179674
1788767482,150,POST,POST /auth/login,1.700000,0.200000,0,0,0,0,0,0,0,0,0,0,0,551,7,950,11668.50538221416,190.17910000002303,174636.84800000011,176.09981851179674
1788767482,150,,Aggregated,1.700000,0.200000,0,0,0,0,0,0,0,0,0,0,0,551,7,950,11668.50538221416,190.17910000002303,174636.84800000011,176.09981851179674
1788767483,150,POST,POST /auth/login,1.700000,0.200000,0,0,0,0,0,0,0,0,0,0,0,551,7,950,11668.50538221416,190.17910000002303,174636.84800000011,176.09981851179674
1788767483,150,,Aggregated,1.700000,0.200000,0,0,0,0,0,0,0,0,0,0,0,551,7,950,11668.50538221416,190.17910000002303,174636.84800000011,176.09981851179674
1788767484,150,POST,POST /auth/login,1.700000,0.200000,0,0,0,0,0,0,0,0,0,0,0,551,7,950,11668.50538221416,190.17910000002303,174636.84800000011,176.09981851179674
1788767484,150,,Aggregated,1.700000,0.200000,0,0,0,0,0,0,0,0,0,0,0,551,7,950,11668.50538221416,190.17910000002303,174636.84800000011,176.09981851179674
1788767485,150,POST,POST /auth/login,1.700000,0.200000,0,0,0,0,0,0,0,0,0,0,0,551,7,950,11668.50538221416,190.17910000002303,174636.84800000011,176.09981851179674
1788767485,150,,Aggregated,1.700000,0.200000,0,0,0,0,0,0,0,0,0,0,0,551,7,950,11668.50538221416,190.17910000002303,174636.84800000011,176.09981851179674
1788767486,150,POST,POST /auth/login,1.700000,0.200000,0,0,0,0,0,0,0,0,0,0,0,551,7,950,11668.50538221416,190.17910000002303,174636.84800000011,176.09981851179674
1788767486,150,,Aggregated,1.700000,0.200000,0,0,0,0,0,0,0,0,0,0,0,551,7,950,11668.50538221416,190.17910000002303,174636.84800000011,176.09981851179674
1788767487,150,POST,POST /auth/login,1.700000,0.200000,0,0,0,0,0,0,0,0,0,0,0,551,7,950,11668.50538221416,190.17910000002303,174636.84800000011,176.09981851179674
1788767487,150,,Aggregated,1.700000,0.200000,0,0,0,0,0,0,0,0,0,0,0,551,7,950,11668.50538221416,190.17910000002303,174636.84800000011,176.09981851179674
1788767488,150,POST,POST /auth/login,1.700000,0.200000,0,0,0,0,0,0,0,0,0,0,0,551,7,950,11668.50538221416,190.17910000002303,174636.84800000011,176.09981851179674
1788767488,150,,Aggregated,1.700000,0.200000,0,0,0,0,0,0,0,0,0,0,0,551,7,950,11668.50538221416,190.17910000002303,174636.84800000011,176.09981851179674
1788767489,150,POST,POST /auth/login,1.700000,0.200000,0,0,0,0,0,0,0,0,0,0,0,551,7,950,11668.50538221416,190.17910000002303,174636.84800000011,176.09981851179674
1788767489,150,,Aggregated,1.700000,0.200000,0,0,0,0,0,0,0,0,0,0,0,551,7,950,11668.50538221416,190.17910000002303,174636.84800000011,176.09981851179674
1788767490,150,POST,POST /auth/login,1.700000,0.200000,0,0,0,0,0,0,0,0,0,0,0,551,7,950,11668.50538221416,190.17910000002303,174636.84800000011,176.09981851179674
1788767490,150,,Aggregated,1.700000,0.200000,0,0,0,0,0,0,0,0,0,0,0,551,7,950,11668.50538221416,190.17910000002303,174636.84800000011,176.09981851179674
1788767491,150,POST,POST /auth/login,1.700000,0.200000,0,0,0,0,0,0,0,0,0,0,0,551,7,950,11668.50538221416,190.17910000002303,174636.84800000011,176.09981851179674
1788767491,150,,Aggregated,1.700000,0.200000,0,0,0,0,0,0,0,0,0,0,0,551,7,950,11668.50538221416,190.17910000002303,174636.84800000011,176.09981851179674
1788767492,150,POST,POST /auth/login,1.700000,0.200000,0,0,0,0,0,0,0,0,0,0,0,551,7,950,11668.50538221416,190.17910000002303,174636.84800000011,176.09981851179674
1788767492,150,,Aggregated,1.700000,0.200000,0,0,0,0,0,0,0,0,0,0,0,551,7,950,11668.50538221416,190.17910000002303,174636.84800000011,176.09981851179674
1788767493,150,POST,POST /auth/login,1.700000,0.200000,0,0,0,0,0,0,0,0,0,0,0,551,7,950,11668.50538221416,190.17910000002303,174636.84800000011,176.09981851179674
1788767493,150,,Aggregated,1.700000,0.200000,0,0,0,0,0,0,0,0,0,0,0,551,7,950,11668.50538221416,190.17910000002303,174636.84800000011,176.09981851179674
1788767494,150,POST,POST /auth/login,1.700000,0.200000,0,0,0,0,0,0,0,0,0,0,0,551,7,950,11668.50538221416,190.17910000002303,174636.84800000011,176.09981851179674
1788767494,150,,Aggregated,1.700000,0.200000,0,0,0,0,0,0,0,0,0,0,0,551,7,950,11668.50538221416,190.17910000002303,174636.84800000011,176.09981851179674
1788767495,150,POST,POST /auth/login,1.700000,0.200000,0,0,0,0,0,0,0,0,0,0,0,551,7,950,11668.50538221416,190.17910000002303,174636.84800000011,176.09981851179674
1788767495,150,,Aggregated,1.700000,0.200000,0,0,0,0,0,0,0,0,0,0,0,551,7,950,11668.50538221416,190.17910000002303,174636.84800000011,176.09981851179674
1788767496,150,POST,POST /auth/login,1.700000,0.200000,0,0,0,0,0,0,0,0,0,0,0,551,7,950,11668.50538221416,190.17910000002303,174636.84800000011,176.09981851179674
1788767496,150,,Aggregated,1.700000,0.200000,0,0,0,0,0,0,0,0,0,0,0,551,7,950,11668.50538221416,190.17910000002303,174636.84800000011,176.09981851179674
1788767497,150,POST,POST /auth/login,1.700000,0.200000,0,0,0,0,0,0,0,0,0,0,0,551,7,950,11668.50538221416,190.17910000002303,174636.84800000011,176.09981851179674
1788767497,150,,Aggregated,1.700000,0.200000,0,0,0,0,0,0,0,0,0,0,0,551,7,950,11668.50538221416,190.17910000002303,174636.84800000011,176.09981851179674
1788767498,150,POST,POST /auth/login,1.700000,0.200000,0,0,0,0,0,0,0,0,0,0,0,551,7,950,11668.50538221416,190.17910000002303,174636.84800000011,176.09981851179674
1788767498,150,,Aggregated,1.700000,0.200000,0,0,0,0,0,0,0,0,0,0,0,551,7,950,11668.50538221416,190.17910000002303,174636.84800000011,176.09981851179674
1788767499,150,POST,POST /auth/login,1.700000,0.200000,0,0,0,0,0,0,0,0,0,0,0,551,7,950,11668.50538221416,190.17910000002303,174636.84800000011,176.09981851179674
1788767499,150,,Aggregated,1.700000,0.200000,0,0,0,0,0,0,0,0,0,0,0,551,7,950,11668.50538221416,190.17910000002303,174636.84800000011,176.09981851179674
1788767500,150,POST,POST /auth/login,1.700000,0.200000,0,0,0,0,0,0,0,0,0,0,0,551,7,950,11668.50538221416,190.17910000002303,174636.84800000011,176.09981851179674
1788767500,150,,Aggregated,1.700000,0.200000,0,0,0,0,0,0,0,0,0,0,0,551,7,950,11668.50538221416,190.17910000002303,174636.84800000011,176.09981851179674
1788767501,150,POST,POST /auth/login,1.700000,0.200000,0,0,0,0,0,0,0,0,0,0,0,551,7,950,11668.50538221416,190.17910000002303,174636.84800000011,176.09981851179674
1788767501,150,,Aggregated,1.700000,0.200000,0,0,0,0,0,0,0,0,0,0,0,551,7,950,11668.50538221416,190.17910000002303,174636.84800000011,176.09981851179674
1788767502,150,POST,POST /auth/login,1.700000,0.200000,0,0,0,0,0,0,0,0,0,0,0,551,7,950,11668.50538221416,190.17910000002303,174636.84800000011,176.09981851179674
1788767502,150,,Aggregated,1.700000,0.200000,0,0,0,0,0,0,0,0,0,0,0,551,7,950,11668.50538221416,190.17910000002303,174636.84800000011,176.09981851179674
1788767503,150,POST,POST /auth/login,1.700000,0.200000,0,0,0,0,0,0,0,0,0,0,0,551,7,950,11668.50538221416,190.17910000002303,174636.84800000011,176.09981851179674
1788767503,150,,Aggregated,1.700000,0.200000,0,0,0,0,0,0,0,0,0,0,0,551,7,950,11668.50538221416,190.17910000002303,174636.84800000011,176.09981851179674
1788767504,150,POST,POST /auth/login,1.700000,0.200000,0,0,0,0,0,0,0,0,0,0,0,551,7,950,11668.50538221416,190.17910000002303,174636.84800000011,176.09981851179674
1788767504,150,,Aggregated,1.700000,0.200000,0,0,0,0,0,0,0,0,0,0,0,551,7,950,11668.50538221416,190.17910000002303,174636.84800000011,176.09981851179674
1788767505,150,POST,POST /auth/login,1.700000,0.200000,0,0,0,0,0,0,0,0,0,0,0,551,7,950,11668.50538221416,190.17910000002303,174636.84800000011,176.09981851179674
1788767505,150,,Aggregated,1.700000,0.200000,0,0,0,0,0,0,0,0,0,0,0,551,7,950,11668.50538221416,190.17910000002303,174636.84800000011,176.09981851179674
1788767506,150,POST,POST /auth/login,1.700000,0.200000,0,0,0,0,0,0,0,0,0,0,0,551,7,950,11668.50538221416,190.17910000002303,174636.84800000011,176.09981851179674
1788767506,150,,Aggregated,1.700000,0.200000,0,0,0,0,0,0,0,0,0,0,0,551,7,950,11668.50538221416,190.17910000002303,174636.84800000011,176.09981851179674
1788767507,150,POST,POST /auth/login,1.700000,0.200000,0,0,0,0,0,0,0,0,0,0,0,551,7,950,11668.50538221416,190.17910000002303,174636.84800000011,176.09981851179674
1788767507,150,,Aggregated,1.700000,0.200000,0,0,0,0,0,0,0,0,0,0,0,551,7,950,11668.50538221416,190.17910000002303,174636.84800000011,176.09981851179674
1788767508,150,POST,POST /auth/login,0.000000,0.000000,0,0,0,0,0,0,0,0,0,0,0,568,12,980,16988.738349647883,190.17910000002303,267224.2252000001,174.6144366197183
1788767508,150,,Aggregated,0.000000,0.000000,0,0,0,0,0,0,0,0,0,0,0,568,12,980,16988.738349647883,190.17910000002303,267224.2252000001,174.6144366197183
1788767509,150,POST,POST /auth/login,0.000000,0.000000,248000,249000,249000,267000,267000,268000,268000,268000,268000,268000,268000,575,15,990,19430.341156347822,190.17910000002303,268305.89819999976,173.83652173913043
1788767509,150,,Aggregated,0.000000,0.000000,248000,249000,249000,267000,267000,268000,268000,268000,268000,268000,268000,575,15,990,19430.341156347822,190.17910000002303,268305.89819999976,173.83652173913043
1788767510,150,POST,POST /auth/login,0.000000,0.000000,246000,248000,249000,249000,267000,268000,268000,268000,268000,268000,268000,579,15,990,20052.65683989637,190.17910000002303,268305.89819999976,173.87564766839378
1788767510,150,,Aggregated,0.000000,0.000000,246000,248000,249000,249000,267000,268000,268000,268000,268000,268000,268000,579,15,990,20052.65683989637,190.17910000002303,268305.89819999976,173.87564766839378
1788767511,150,POST,POST /auth/login,0.000000,0.000000,246000,248000,249000,249000,267000,268000,268000,268000,268000,268000,268000,579,15,990,20052.65683989637,190.17910000002303,268305.89819999976,173.87564766839378
1788767511,150,,Aggregated,0.000000,0.000000,246000,248000,249000,249000,267000,268000,268000,268000,268000,268000,268000,579,15,990,20052.65683989637,190.17910000002303,268305.89819999976,173.87564766839378
1788767512,150,POST,POST /auth/login,0.000000,0.000000,246000,248000,249000,249000,267000,268000,268000,268000,268000,268000,268000,579,15,990,20052.65683989637,190.17910000002303,268305.89819999976,173.87564766839378
1788767512,150,,Aggregated,0.000000,0.000000,246000,248000,249000,249000,267000,268000,268000,268000,268000,268000,268000,579,15,990,20052.65683989637,190.17910000002303,268305.89819999976,173.87564766839378
1788767513,150,POST,POST /auth/login,0.000000,0.000000,246000,248000,249000,249000,267000,268000,268000,268000,268000,268000,268000,579,15,990,20052.65683989637,190.17910000002303,268305.89819999976,173.87564766839378
1788767513,150,,Aggregated,0.000000,0.000000,246000,248000,249000,249000,267000,268000,268000,268000,268000,268000,268000,579,15,990,20052.65683989637,190.17910000002303,268305.89819999976,173.87564766839378
1788767514,150,POST,POST /auth/login,0.000000,0.000000,246000,248000,249000,249000,267000,268000,268000,268000,268000,268000,268000,579,15,990,20052.65683989637,190.17910000002303,268305.89819999976,173.87564766839378
1788767514,150,,Aggregated,0.000000,0.000000,246000,248000,249000,249000,267000,268000,268000,268000,268000,268000,268000,579,15,990,20052.65683989637,190.17910000002303,268305.89819999976,173.87564766839378
1788767515,150,POST,POST /auth/login,0.000000,0.000000,246000,248000,249000,249000,267000,268000,268000,268000,268000,268000,268000,579,15,990,20052.65683989637,190.17910000002303,268305.89819999976,173.87564766839378
1788767515,150,,Aggregated,0.000000,0.000000,246000,248000,249000,249000,267000,268000,268000,268000,268000,268000,268000,579,15,990,20052.65683989637,190.17910000002303,268305.89819999976,173.87564766839378
1788767516,150,POST,POST /auth/login,0.000000,0.000000,246000,248000,249000,249000,267000,268000,268000,268000,268000,268000,268000,579,15,990,20052.65683989637,190.17910000002303,268305.89819999976,173.87564766839378
1788767516,150,,Aggregated,0.000000,0.000000,246000,248000,249000,249000,267000,268000,268000,268000,268000,268000,268000,579,15,990,20052.65683989637,190.17910000002303,268305.89819999976,173.87564766839378
1788767517,150,POST,POST /auth/login,0.000000,0.000000,246000,248000,249000,249000,267000,268000,268000,268000,268000,268000,268000,579,15,990,20052.65683989637,190.17910000002303,268305.89819999976,173.87564766839378
1788767517,150,,Aggregated,0.000000,0.000000,246000,248000,249000,249000,267000,268000,268000,268000,268000,268000,268000,579,15,990,20052.65683989637,190.17910000002303,268305.89819999976,173.87564766839378
1788767518,150,POST,POST /auth/login,0.000000,0.000000,153000,249000,249000,268000,268000,268000,268000,268000,268000,268000,268000,579,15,990,20052.65683989637,190.17910000002303,268305.89819999976,173.87564766839378
1788767518,150,,Aggregated,0.000000,0.000000,153000,249000,249000,268000,268000,268000,268000,268000,268000,268000,268000,579,15,990,20052.65683989637,190.17910000002303,268305.89819999976,173.87564766839378
1788767519,150,POST,POST /auth/login,0.000000,0.000000,95000,95000,153000,153000,153000,153000,153000,153000,153000,153000,153000,579,15,990,20052.65683989637,190.17910000002303,268305.89819999976,173.87564766839378
1788767519,150,,Aggregated,0.000000,0.000000,95000,95000,153000,153000,153000,153000,153000,153000,153000,153000,153000,579,15,990,20052.65683989637,190.17910000002303,268305.89819999976,173.87564766839378
1788767520,150,POST,POST /auth/login,0.000000,0.000000,95000,95000,153000,153000,153000,153000,153000,153000,153000,153000,153000,579,15,990,20052.65683989637,190.17910000002303,268305.89819999976,173.87564766839378
1788767520,150,,Aggregated,0.000000,0.000000,95000,95000,153000,153000,153000,153000,153000,153000,153000,153000,153000,579,15,990,20052.65683989637,190.17910000002303,268305.89819999976,173.87564766839378
1788767522,150,POST,POST /auth/login,0.000000,0.000000,95000,95000,153000,153000,153000,153000,153000,153000,153000,153000,153000,579,15,990,20052.65683989637,190.17910000002303,268305.89819999976,173.87564766839378
1788767522,150,,Aggregated,0.000000,0.000000,95000,95000,153000,153000,153000,153000,153000,153000,153000,153000,153000,579,15,990,20052.65683989637,190.17910000002303,268305.89819999976,173.87564766839378
1788767523,150,POST,POST /auth/login,0.000000,0.000000,95000,95000,153000,153000,153000,153000,153000,153000,153000,153000,153000,579,15,990,20052.65683989637,190.17910000002303,268305.89819999976,173.87564766839378
1788767523,150,,Aggregated,0.000000,0.000000,95000,95000,153000,153000,153000,153000,153000,153000,153000,153000,153000,579,15,990,20052.65683989637,190.17910000002303,268305.89819999976,173.87564766839378
1788767524,150,POST,POST /auth/login,0.000000,0.000000,95000,95000,153000,153000,153000,153000,153000,153000,153000,153000,153000,579,15,990,20052.65683989637,190.17910000002303,268305.89819999976,173.87564766839378
1788767524,150,,Aggregated,0.000000,0.000000,95000,95000,153000,153000,153000,153000,153000,153000,153000,153000,153000,579,15,990,20052.65683989637,190.17910000002303,268305.89819999976,173.87564766839378
1788767525,150,POST,POST /auth/login,0.000000,0.000000,95000,95000,153000,153000,153000,153000,153000,153000,153000,153000,153000,579,15,990,20052.65683989637,190.17910000002303,268305.89819999976,173.87564766839378
1788767525,150,,Aggregated,0.000000,0.000000,95000,95000,153000,153000,153000,153000,153000,153000,153000,153000,153000,579,15,990,20052.65683989637,190.17910000002303,268305.89819999976,173.87564766839378
1788767526,150,POST,POST /auth/login,0.000000,0.000000,95000,95000,153000,153000,153000,153000,153000,153000,153000,153000,153000,579,15,990,20052.65683989637,190.17910000002303,268305.89819999976,173.87564766839378
1788767526,150,,Aggregated,0.000000,0.000000,95000,95000,153000,153000,153000,153000,153000,153000,153000,153000,153000,579,15,990,20052.65683989637,190.17910000002303,268305.89819999976,173.87564766839378
1788767527,150,POST,POST /auth/login,0.000000,0.000000,95000,95000,153000,153000,153000,153000,153000,153000,153000,153000,153000,579,15,990,20052.65683989637,190.17910000002303,268305.89819999976,173.87564766839378
1788767527,150,,Aggregated,0.000000,0.000000,95000,95000,153000,153000,153000,153000,153000,153000,153000,153000,153000,579,15,990,20052.65683989637,190.17910000002303,268305.89819999976,173.87564766839378
1788767528,150,POST,POST /auth/login,0.000000,0.000000,0,0,0,0,0,0,0,0,0,0,0,579,15,990,20052.65683989637,190.17910000002303,268305.89819999976,173.87564766839378
1788767528,150,,Aggregated,0.000000,0.000000,0,0,0,0,0,0,0,0,0,0,0,579,15,990,20052.65683989637,190.17910000002303,268305.89819999976,173.87564766839378
1788767529,150,POST,POST /auth/login,0.000000,0.000000,0,0,0,0,0,0,0,0,0,0,0,579,15,990,20052.65683989637,190.17910000002303,268305.89819999976,173.87564766839378
1788767529,150,,Aggregated,0.000000,0.000000,0,0,0,0,0,0,0,0,0,0,0,579,15,990,20052.65683989637,190.17910000002303,268305.89819999976,173.87564766839378
1788767530,150,POST,POST /auth/login,0.000000,0.000000,0,0,0,0,0,0,0,0,0,0,0,579,15,990,20052.65683989637,190.17910000002303,268305.89819999976,173.87564766839378
1788767530,150,,Aggregated,0.000000,0.000000,0,0,0,0,0,0,0,0,0,0,0,579,15,990,20052.65683989637,190.17910000002303,268305.89819999976,173.87564766839378
1788767531,150,POST,POST /auth/login,0.000000,0.000000,0,0,0,0,0,0,0,0,0,0,0,579,15,990,20052.65683989637,190.17910000002303,268305.89819999976,173.87564766839378
1788767531,150,,Aggregated,0.000000,0.000000,0,0,0,0,0,0,0,0,0,0,0,579,15,990,20052.65683989637,190.17910000002303,268305.89819999976,173.87564766839378
1788767532,150,POST,POST /auth/login,0.000000,0.000000,0,0,0,0,0,0,0,0,0,0,0,579,15,990,20052.65683989637,190.17910000002303,268305.89819999976,173.87564766839378
1788767532,150,,Aggregated,0.000000,0.000000,0,0,0,0,0,0,0,0,0,0,0,579,15,990,20052.65683989637,190.17910000002303,268305.89819999976,173.87564766839378
1788767533,150,POST,POST /auth/login,0.000000,0.000000,0,0,0,0,0,0,0,0,0,0,0,579,15,990,20052.65683989637,190.17910000002303,268305.89819999976,173.87564766839378
1788767533,150,,Aggregated,0.000000,0.000000,0,0,0,0,0,0,0,0,0,0,0,579,15,990,20052.65683989637,190.17910000002303,268305.89819999976,173.87564766839378
1788767534,150,POST,POST /auth/login,0.000000,0.000000,0,0,0,0,0,0,0,0,0,0,0,579,15,990,20052.65683989637,190.17910000002303,268305.89819999976,173.87564766839378
1788767534,150,,Aggregated,0.000000,0.000000,0,0,0,0,0,0,0,0,0,0,0,579,15,990,20052.65683989637,190.17910000002303,268305.89819999976,173.87564766839378
1788767535,150,POST,POST /auth/login,0.000000,0.000000,0,0,0,0,0,0,0,0,0,0,0,579,15,990,20052.65683989637,190.17910000002303,268305.89819999976,173.87564766839378
1788767535,150,,Aggregated,0.000000,0.000000,0,0,0,0,0,0,0,0,0,0,0,579,15,990,20052.65683989637,190.17910000002303,268305.89819999976,173.87564766839378
1788767536,150,POST,POST /auth/login,0.000000,0.000000,0,0,0,0,0,0,0,0,0,0,0,579,15,990,20052.65683989637,190.17910000002303,268305.89819999976,173.87564766839378
1788767536,150,,Aggregated,0.000000,0.000000,0,0,0,0,0,0,0,0,0,0,0,579,15,990,20052.65683989637,190.17910000002303,268305.89819999976,173.87564766839378
1788767537,150,POST,POST /auth/login,0.000000,0.000000,0,0,0,0,0,0,0,0,0,0,0,579,15,990,20052.65683989637,190.17910000002303,268305.89819999976,173.87564766839378
1788767537,150,,Aggregated,0.000000,0.000000,0,0,0,0,0,0,0,0,0,0,0,579,15,990,20052.65683989637,190.17910000002303,268305.89819999976,173.87564766839378
1788767538,150,POST,POST /auth/login,0.000000,0.000000,0,0,0,0,0,0,0,0,0,0,0,579,15,990,20052.65683989637,190.17910000002303,268305.89819999976,173.87564766839378
1788767538,150,,Aggregated,0.000000,0.000000,0,0,0,0,0,0,0,0,0,0,0,579,15,990,20052.65683989637,190.17910000002303,268305.89819999976,173.87564766839378
1788767539,150,POST,POST /auth/login,0.000000,0.000000,0,0,0,0,0,0,0,0,0,0,0,579,15,990,20052.65683989637,190.17910000002303,268305.89819999976,173.87564766839378
1788767539,150,,Aggregated,0.000000,0.000000,0,0,0,0,0,0,0,0,0,0,0,579,15,990,20052.65683989637,190.17910000002303,268305.89819999976,173.87564766839378
1788767540,150,POST,POST /auth/login,0.000000,0.000000,0,0,0,0,0,0,0,0,0,0,0,579,15,990,20052.65683989637,190.17910000002303,268305.89819999976,173.87564766839378
1788767540,150,,Aggregated,0.000000,0.000000,0,0,0,0,0,0,0,0,0,0,0,579,15,990,20052.65683989637,190.17910000002303,268305.89819999976,173.87564766839378
1788767541,150,POST,POST /auth/login,0.000000,0.000000,0,0,0,0,0,0,0,0,0,0,0,579,15,990,20052.65683989637,190.17910000002303,268305.89819999976,173.87564766839378
1788767541,150,,Aggregated,0.000000,0.000000,0,0,0,0,0,0,0,0,0,0,0,579,15,990,20052.65683989637,190.17910000002303,268305.89819999976,173.87564766839378
1788767542,150,POST,POST /auth/login,0.000000,0.000000,0,0,0,0,0,0,0,0,0,0,0,579,15,990,20052.65683989637,190.17910000002303,268305.89819999976,173.87564766839378
1788767542,150,,Aggregated,0.000000,0.000000,0,0,0,0,0,0,0,0,0,0,0,579,15,990,20052.65683989637,190.17910000002303,268305.89819999976,173.87564766839378
1788767543,150,POST,POST /auth/login,0.000000,0.000000,0,0,0,0,0,0,0,0,0,0,0,579,15,990,20052.65683989637,190.17910000002303,268305.89819999976,173.87564766839378
1788767543,150,,Aggregated,0.000000,0.000000,0,0,0,0,0,0,0,0,0,0,0,579,15,990,20052.65683989637,190.17910000002303,268305.89819999976,173.87564766839378
1788767544,150,POST,POST /auth/login,0.000000,0.000000,0,0,0,0,0,0,0,0,0,0,0,579,15,990,20052.65683989637,190.17910000002303,268305.89819999976,173.87564766839378
1788767544,150,,Aggregated,0.000000,0.000000,0,0,0,0,0,0,0,0,0,0,0,579,15,990,20052.65683989637,190.17910000002303,268305.89819999976,173.87564766839378
1788767545,150,POST,POST /auth/login,0.000000,0.000000,0,0,0,0,0,0,0,0,0,0,0,579,15,990,20052.65683989637,190.17910000002303,268305.89819999976,173.87564766839378
1788767545,150,,Aggregated,0.000000,0.000000,0,0,0,0,0,0,0,0,0,0,0,579,15,990,20052.65683989637,190.17910000002303,268305.89819999976,173.87564766839378
1788767546,150,POST,POST /auth/login,0.000000,0.000000,0,0,0,0,0,0,0,0,0,0,0,579,15,990,20052.65683989637,190.17910000002303,268305.89819999976,173.87564766839378
1788767546,150,,Aggregated,0.000000,0.000000,0,0,0,0,0,0,0,0,0,0,0,579,15,990,20052.65683989637,190.17910000002303,268305.89819999976,173.87564766839378
1788767547,150,POST,POST /auth/login,0.000000,0.000000,0,0,0,0,0,0,0,0,0,0,0,579,15,990,20052.65683989637,190.17910000002303,268305.89819999976,173.87564766839378
1788767547,150,,Aggregated,0.000000,0.000000,0,0,0,0,0,0,0,0,0,0,0,579,15,990,20052.65683989637,190.17910000002303,268305.89819999976,173.87564766839378
1788767548,150,POST,POST /auth/login,0.000000,0.000000,0,0,0,0,0,0,0,0,0,0,0,579,15,990,20052.65683989637,190.17910000002303,268305.89819999976,173.87564766839378
1788767548,150,,Aggregated,0.000000,0.000000,0,0,0,0,0,0,0,0,0,0,0,579,15,990,20052.65683989637,190.17910000002303,268305.89819999976,173.87564766839378
1788767549,150,POST,POST /auth/login,0.000000,0.000000,0,0,0,0,0,0,0,0,0,0,0,579,15,990,20052.65683989637,190.17910000002303,268305.89819999976,173.87564766839378
1788767549,150,,Aggregated,0.000000,0.000000,0,0,0,0,0,0,0,0,0,0,0,579,15,990,20052.65683989637,190.17910000002303,268305.89819999976,173.87564766839378
1788767550,150,POST,POST /auth/login,0.000000,0.000000,0,0,0,0,0,0,0,0,0,0,0,579,15,990,20052.65683989637,190.17910000002303,268305.89819999976,173.87564766839378
1788767550,150,,Aggregated,0.000000,0.000000,0,0,0,0,0,0,0,0,0,0,0,579,15,990,20052.65683989637,190.17910000002303,268305.89819999976,173.87564766839378
1788767551,150,POST,POST /auth/login,0.000000,0.000000,0,0,0,0,0,0,0,0,0,0,0,579,15,990,20052.65683989637,190.17910000002303,268305.89819999976,173.87564766839378
1788767551,150,,Aggregated,0.000000,0.000000,0,0,0,0,0,0,0,0,0,0,0,579,15,990,20052.65683989637,190.17910000002303,268305.89819999976,173.87564766839378
1788767552,150,POST,POST /auth/login,0.000000,0.000000,0,0,0,0,0,0,0,0,0,0,0,579,15,990,20052.65683989637,190.17910000002303,268305.89819999976,173.87564766839378
1788767552,150,,Aggregated,0.000000,0.000000,0,0,0,0,0,0,0,0,0,0,0,579,15,990,20052.65683989637,190.17910000002303,268305.89819999976,173.87564766839378
1788767553,150,POST,POST /auth/login,0.000000,0.000000,0,0,0,0,0,0,0,0,0,0,0,579,15,990,20052.65683989637,190.17910000002303,268305.89819999976,173.87564766839378
1788767553,150,,Aggregated,0.000000,0.000000,0,0,0,0,0,0,0,0,0,0,0,579,15,990,20052.65683989637,190.17910000002303,268305.89819999976,173.87564766839378
1788767554,150,POST,POST /auth/login,0.000000,0.000000,0,0,0,0,0,0,0,0,0,0,0,579,15,990,20052.65683989637,190.17910000002303,268305.89819999976,173.87564766839378
1788767554,150,,Aggregated,0.000000,0.000000,0,0,0,0,0,0,0,0,0,0,0,579,15,990,20052.65683989637,190.17910000002303,268305.89819999976,173.87564766839378
1788767555,150,POST,POST /auth/login,0.000000,0.000000,0,0,0,0,0,0,0,0,0,0,0,579,15,990,20052.65683989637,190.17910000002303,268305.89819999976,173.87564766839378
1788767555,150,,Aggregated,0.000000,0.000000,0,0,0,0,0,0,0,0,0,0,0,579,15,990,20052.65683989637,190.17910000002303,268305.89819999976,173.87564766839378
1788767556,150,POST,POST /auth/login,0.000000,0.000000,0,0,0,0,0,0,0,0,0,0,0,579,15,990,20052.65683989637,190.17910000002303,268305.89819999976,173.87564766839378
1788767556,150,,Aggregated,0.000000,0.000000,0,0,0,0,0,0,0,0,0,0,0,579,15,990,20052.65683989637,190.17910000002303,268305.89819999976,173.87564766839378
1788767557,150,POST,POST /auth/login,0.000000,0.000000,0,0,0,0,0,0,0,0,0,0,0,579,15,990,20052.65683989637,190.17910000002303,268305.89819999976,173.87564766839378
1788767557,150,,Aggregated,0.000000,0.000000,0,0,0,0,0,0,0,0,0,0,0,579,15,990,20052.65683989637,190.17910000002303,268305.89819999976,173.87564766839378
1788767558,150,POST,POST /auth/login,0.000000,0.000000,0,0,0,0,0,0,0,0,0,0,0,579,15,990,20052.65683989637,190.17910000002303,268305.89819999976,173.87564766839378
1788767558,150,,Aggregated,0.000000,0.000000,0,0,0,0,0,0,0,0,0,0,0,579,15,990,20052.65683989637,190.17910000002303,268305.89819999976,173.87564766839378
1788767559,150,POST,POST /auth/login,0.000000,0.000000,0,0,0,0,0,0,0,0,0,0,0,579,15,990,20052.65683989637,190.17910000002303,268305.89819999976,173.87564766839378
1788767559,150,,Aggregated,0.000000,0.000000,0,0,0,0,0,0,0,0,0,0,0,579,15,990,20052.65683989637,190.17910000002303,268305.89819999976,173.87564766839378
1788767560,150,POST,POST /auth/login,0.000000,0.000000,0,0,0,0,0,0,0,0,0,0,0,579,15,990,20052.65683989637,190.17910000002303,268305.89819999976,173.87564766839378
1788767560,150,,Aggregated,0.000000,0.000000,0,0,0,0,0,0,0,0,0,0,0,579,15,990,20052.65683989637,190.17910000002303,268305.89819999976,173.87564766839378
1788767561,150,POST,POST /auth/login,0.000000,0.000000,0,0,0,0,0,0,0,0,0,0,0,579,15,990,20052.65683989637,190.17910000002303,268305.89819999976,173.87564766839378
1788767561,150,,Aggregated,0.000000,0.000000,0,0,0,0,0,0,0,0,0,0,0,579,15,990,20052.65683989637,190.17910000002303,268305.89819999976,173.87564766839378
1788767562,150,POST,POST /auth/login,0.000000,0.000000,0,0,0,0,0,0,0,0,0,0,0,579,15,990,20052.65683989637,190.17910000002303,268305.89819999976,173.87564766839378
1788767562,150,,Aggregated,0.000000,0.000000,0,0,0,0,0,0,0,0,0,0,0,579,15,990,20052.65683989637,190.17910000002303,268305.89819999976,173.87564766839378
1788767563,150,POST,POST /auth/login,0.000000,0.000000,0,0,0,0,0,0,0,0,0,0,0,579,15,990,20052.65683989637,190.17910000002303,268305.89819999976,173.87564766839378
1788767563,150,,Aggregated,0.000000,0.000000,0,0,0,0,0,0,0,0,0,0,0,579,15,990,20052.65683989637,190.17910000002303,268305.89819999976,173.87564766839378
1788767564,150,POST,POST /auth/login,0.000000,0.000000,0,0,0,0,0,0,0,0,0,0,0,579,15,990,20052.65683989637,190.17910000002303,268305.89819999976,173.87564766839378
1788767564,150,,Aggregated,0.000000,0.000000,0,0,0,0,0,0,0,0,0,0,0,579,15,990,20052.65683989637,190.17910000002303,268305.89819999976,173.87564766839378
1788767565,150,POST,POST /auth/login,0.000000,0.000000,0,0,0,0,0,0,0,0,0,0,0,579,15,990,20052.65683989637,190.17910000002303,268305.89819999976,173.87564766839378
1788767565,150,,Aggregated,0.000000,0.000000,0,0,0,0,0,0,0,0,0,0,0,579,15,990,20052.65683989637,190.17910000002303,268305.89819999976,173.87564766839378
1788767566,150,POST,POST /auth/login,0.000000,0.000000,0,0,0,0,0,0,0,0,0,0,0,579,15,990,20052.65683989637,190.17910000002303,268305.89819999976,173.87564766839378
1788767566,150,,Aggregated,0.000000,0.000000,0,0,0,0,0,0,0,0,0,0,0,579,15,990,20052.65683989637,190.17910000002303,268305.89819999976,173.87564766839378
1788767567,150,POST,POST /auth/login,0.000000,0.000000,0,0,0,0,0,0,0,0,0,0,0,579,15,990,20052.65683989637,190.17910000002303,268305.89819999976,173.87564766839378
1788767567,150,,Aggregated,0.000000,0.000000,0,0,0,0,0,0,0,0,0,0,0,579,15,990,20052.65683989637,190.17910000002303,268305.89819999976,173.87564766839378
1788767568,150,POST,POST /auth/login,0.000000,0.000000,0,0,0,0,0,0,0,0,0,0,0,579,15,990,20052.65683989637,190.17910000002303,268305.89819999976,173.87564766839378
1788767568,150,,Aggregated,0.000000,0.000000,0,0,0,0,0,0,0,0,0,0,0,579,15,990,20052.65683989637,190.17910000002303,268305.89819999976,173.87564766839378
1788767569,150,POST,POST /auth/login,0.000000,0.000000,0,0,0,0,0,0,0,0,0,0,0,579,15,990,20052.65683989637,190.17910000002303,268305.89819999976,173.87564766839378
1788767569,150,,Aggregated,0.000000,0.000000,0,0,0,0,0,0,0,0,0,0,0,579,15,990,20052.65683989637,190.17910000002303,268305.89819999976,173.87564766839378
1788767570,150,POST,POST /auth/login,0.000000,0.000000,0,0,0,0,0,0,0,0,0,0,0,579,15,990,20052.65683989637,190.17910000002303,268305.89819999976,173.87564766839378
1788767570,150,,Aggregated,0.000000,0.000000,0,0,0,0,0,0,0,0,0,0,0,579,15,990,20052.65683989637,190.17910000002303,268305.89819999976,173.87564766839378
1788767571,150,POST,POST /auth/login,0.000000,0.000000,0,0,0,0,0,0,0,0,0,0,0,579,15,990,20052.65683989637,190.17910000002303,268305.89819999976,173.87564766839378
1788767571,150,,Aggregated,0.000000,0.000000,0,0,0,0,0,0,0,0,0,0,0,579,15,990,20052.65683989637,190.17910000002303,268305.89819999976,173.87564766839378
1788767572,150,POST,POST /auth/login,0.000000,0.000000,0,0,0,0,0,0,0,0,0,0,0,579,15,990,20052.65683989637,190.17910000002303,268305.89819999976,173.87564766839378
1788767572,150,,Aggregated,0.000000,0.000000,0,0,0,0,0,0,0,0,0,0,0,579,15,990,20052.65683989637,190.17910000002303,268305.89819999976,173.87564766839378
1788767573,150,POST,POST /auth/login,0.000000,0.000000,0,0,0,0,0,0,0,0,0,0,0,580,15,990,20289.16669206896,190.17910000002303,268305.89819999976,173.88275862068966
1788767573,150,,Aggregated,0.000000,0.000000,0,0,0,0,0,0,0,0,0,0,0,580,15,990,20289.16669206896,190.17910000002303,268305.89819999976,173.88275862068966
1788767574,150,POST,POST /auth/login,0.000000,0.000000,157000,157000,157000,157000,157000,157000,157000,157000,157000,157000,157000,580,15,990,20289.16669206896,190.17910000002303,268305.89819999976,173.88275862068966
1788767574,150,,Aggregated,0.000000,0.000000,157000,157000,157000,157000,157000,157000,157000,157000,157000,157000,157000,580,15,990,20289.16669206896,190.17910000002303,268305.89819999976,173.88275862068966
1788767575,150,POST,POST /auth/login,0.000000,0.000000,157000,157000,157000,157000,157000,157000,157000,157000,157000,157000,157000,580,15,990,20289.16669206896,190.17910000002303,268305.89819999976,173.88275862068966
1788767575,150,,Aggregated,0.000000,0.000000,157000,157000,157000,157000,157000,157000,157000,157000,157000,157000,157000,580,15,990,20289.16669206896,190.17910000002303,268305.89819999976,173.88275862068966
1788767576,150,POST,POST /auth/login,0.000000,0.000000,157000,157000,157000,157000,157000,157000,157000,157000,157000,157000,157000,580,15,990,20289.16669206896,190.17910000002303,268305.89819999976,173.88275862068966
1788767576,150,,Aggregated,0.000000,0.000000,157000,157000,157000,157000,157000,157000,157000,157000,157000,157000,157000,580,15,990,20289.16669206896,190.17910000002303,268305.89819999976,173.88275862068966
1788767577,150,POST,POST /auth/login,0.000000,0.000000,157000,157000,157000,157000,157000,157000,157000,157000,157000,157000,157000,580,15,990,20289.16669206896,190.17910000002303,268305.89819999976,173.88275862068966
1788767577,150,,Aggregated,0.000000,0.000000,157000,157000,157000,157000,157000,157000,157000,157000,157000,157000,157000,580,15,990,20289.16669206896,190.17910000002303,268305.89819999976,173.88275862068966
1788767578,150,POST,POST /auth/login,0.000000,0.000000,157000,157000,157000,157000,157000,157000,157000,157000,157000,157000,157000,580,15,990,20289.16669206896,190.17910000002303,268305.89819999976,173.88275862068966
1788767578,150,,Aggregated,0.000000,0.000000,157000,157000,157000,157000,157000,157000,157000,157000,157000,157000,157000,580,15,990,20289.16669206896,190.17910000002303,268305.89819999976,173.88275862068966
1788767579,150,POST,POST /auth/login,0.000000,0.000000,157000,157000,157000,157000,157000,157000,157000,157000,157000,157000,157000,580,15,990,20289.16669206896,190.17910000002303,268305.89819999976,173.88275862068966
1788767579,150,,Aggregated,0.000000,0.000000,157000,157000,157000,157000,157000,157000,157000,157000,157000,157000,157000,580,15,990,20289.16669206896,190.17910000002303,268305.89819999976,173.88275862068966
1788767580,150,POST,POST /auth/login,0.000000,0.000000,157000,157000,157000,157000,157000,157000,157000,157000,157000,157000,157000,580,15,990,20289.16669206896,190.17910000002303,268305.89819999976,173.88275862068966
1788767580,150,,Aggregated,0.000000,0.000000,157000,157000,157000,157000,157000,157000,157000,157000,157000,157000,157000,580,15,990,20289.16669206896,190.17910000002303,268305.89819999976,173.88275862068966
1788767581,150,POST,POST /auth/login,0.000000,0.000000,157000,157000,157000,157000,157000,157000,157000,157000,157000,157000,157000,580,15,990,20289.16669206896,190.17910000002303,268305.89819999976,173.88275862068966
1788767581,150,,Aggregated,0.000000,0.000000,157000,157000,157000,157000,157000,157000,157000,157000,157000,157000,157000,580,15,990,20289.16669206896,190.17910000002303,268305.89819999976,173.88275862068966
1788767582,150,POST,POST /auth/login,0.000000,0.000000,157000,157000,157000,157000,157000,157000,157000,157000,157000,157000,157000,580,15,990,20289.16669206896,190.17910000002303,268305.89819999976,173.88275862068966
1788767582,150,,Aggregated,0.000000,0.000000,157000,157000,157000,157000,157000,157000,157000,157000,157000,157000,157000,580,15,990,20289.16669206896,190.17910000002303,268305.89819999976,173.88275862068966
1788767583,150,POST,POST /auth/login,0.000000,0.000000,157000,157000,157000,157000,157000,157000,157000,157000,157000,157000,157000,580,15,990,20289.16669206896,190.17910000002303,268305.89819999976,173.88275862068966
1788767583,150,,Aggregated,0.000000,0.000000,157000,157000,157000,157000,157000,157000,157000,157000,157000,157000,157000,580,15,990,20289.16669206896,190.17910000002303,268305.89819999976,173.88275862068966
1788767584,150,POST,POST /auth/login,0.000000,0.000000,157000,157000,157000,157000,157000,157000,157000,157000,157000,157000,157000,580,15,990,20289.16669206896,190.17910000002303,268305.89819999976,173.88275862068966
1788767584,150,,Aggregated,0.000000,0.000000,157000,157000,157000,157000,157000,157000,157000,157000,157000,157000,157000,580,15,990,20289.16669206896,190.17910000002303,268305.89819999976,173.88275862068966
1788767585,150,POST,POST /auth/login,0.000000,0.000000,157000,157000,157000,157000,157000,157000,157000,157000,157000,157000,157000,580,15,990,20289.16669206896,190.17910000002303,268305.89819999976,173.88275862068966
1788767585,150,,Aggregated,0.000000,0.000000,157000,157000,157000,157000,157000,157000,157000,157000,157000,157000,157000,580,15,990,20289.16669206896,190.17910000002303,268305.89819999976,173.88275862068966
1788767586,150,POST,POST /auth/login,0.000000,0.000000,157000,157000,157000,157000,157000,157000,157000,157000,157000,157000,157000,580,15,990,20289.16669206896,190.17910000002303,268305.89819999976,173.88275862068966
1788767586,150,,Aggregated,0.000000,0.000000,157000,157000,157000,157000,157000,157000,157000,157000,157000,157000,157000,580,15,990,20289.16669206896,190.17910000002303,268305.89819999976,173.88275862068966
1788767587,150,POST,POST /auth/login,0.000000,0.000000,157000,157000,157000,157000,157000,157000,157000,157000,157000,157000,157000,580,15,990,20289.16669206896,190.17910000002303,268305.89819999976,173.88275862068966
1788767587,150,,Aggregated,0.000000,0.000000,157000,157000,157000,157000,157000,157000,157000,157000,157000,157000,157000,580,15,990,20289.16669206896,190.17910000002303,268305.89819999976,173.88275862068966
1788767588,150,POST,POST /auth/login,0.000000,0.000000,157000,157000,157000,157000,157000,157000,157000,157000,157000,157000,157000,580,15,990,20289.16669206896,190.17910000002303,268305.89819999976,173.88275862068966
1788767588,150,,Aggregated,0.000000,0.000000,157000,157000,157000,157000,157000,157000,157000,157000,157000,157000,157000,580,15,990,20289.16669206896,190.17910000002303,268305.89819999976,173.88275862068966
1788767589,150,POST,POST /auth/login,0.000000,0.000000,157000,157000,157000,157000,157000,157000,157000,157000,157000,157000,157000,580,15,990,20289.16669206896,190.17910000002303,268305.89819999976,173.88275862068966
1788767589,150,,Aggregated,0.000000,0.000000,157000,157000,157000,157000,157000,157000,157000,157000,157000,157000,157000,580,15,990,20289.16669206896,190.17910000002303,268305.89819999976,173.88275862068966
1788767590,150,POST,POST /auth/login,0.000000,0.000000,157000,157000,157000,157000,157000,157000,157000,157000,157000,157000,157000,580,15,990,20289.16669206896,190.17910000002303,268305.89819999976,173.88275862068966
1788767590,150,,Aggregated,0.000000,0.000000,157000,157000,157000,157000,157000,157000,157000,157000,157000,157000,157000,580,15,990,20289.16669206896,190.17910000002303,268305.89819999976,173.88275862068966
1788767591,150,POST,POST /auth/login,0.000000,0.000000,0,0,0,0,0,0,0,0,0,0,0,580,15,990,20289.16669206896,190.17910000002303,268305.89819999976,173.88275862068966
1788767591,150,,Aggregated,0.000000,0.000000,0,0,0,0,0,0,0,0,0,0,0,580,15,990,20289.16669206896,190.17910000002303,268305.89819999976,173.88275862068966
1788767592,150,POST,POST /auth/login,0.000000,0.000000,0,0,0,0,0,0,0,0,0,0,0,580,15,990,20289.16669206896,190.17910000002303,268305.89819999976,173.88275862068966
1788767592,150,,Aggregated,0.000000,0.000000,0,0,0,0,0,0,0,0,0,0,0,580,15,990,20289.16669206896,190.17910000002303,268305.89819999976,173.88275862068966
1788767593,150,POST,POST /auth/login,0.000000,0.000000,0,0,0,0,0,0,0,0,0,0,0,580,15,990,20289.16669206896,190.17910000002303,268305.89819999976,173.88275862068966
1788767593,150,,Aggregated,0.000000,0.000000,0,0,0,0,0,0,0,0,0,0,0,580,15,990,20289.16669206896,190.17910000002303,268305.89819999976,173.88275862068966
1788767594,150,POST,POST /auth/login,0.000000,0.000000,0,0,0,0,0,0,0,0,0,0,0,580,15,990,20289.16669206896,190.17910000002303,268305.89819999976,173.88275862068966
1788767594,150,,Aggregated,0.000000,0.000000,0,0,0,0,0,0,0,0,0,0,0,580,15,990,20289.16669206896,190.17910000002303,268305.89819999976,173.88275862068966
1788767595,150,POST,POST /auth/login,0.000000,0.000000,0,0,0,0,0,0,0,0,0,0,0,580,15,990,20289.16669206896,190.17910000002303,268305.89819999976,173.88275862068966
1788767595,150,,Aggregated,0.000000,0.000000,0,0,0,0,0,0,0,0,0,0,0,580,15,990,20289.16669206896,190.17910000002303,268305.89819999976,173.88275862068966
1788767596,150,POST,POST /auth/login,0.000000,0.000000,0,0,0,0,0,0,0,0,0,0,0,580,15,990,20289.16669206896,190.17910000002303,268305.89819999976,173.88275862068966
1788767596,150,,Aggregated,0.000000,0.000000,0,0,0,0,0,0,0,0,0,0,0,580,15,990,20289.16669206896,190.17910000002303,268305.89819999976,173.88275862068966
1788767597,150,POST,POST /auth/login,0.000000,0.000000,0,0,0,0,0,0,0,0,0,0,0,580,15,990,20289.16669206896,190.17910000002303,268305.89819999976,173.88275862068966
1788767597,150,,Aggregated,0.000000,0.000000,0,0,0,0,0,0,0,0,0,0,0,580,15,990,20289.16669206896,190.17910000002303,268305.89819999976,173.88275862068966
1788767598,160,POST,POST /auth/login,0.000000,0.000000,0,0,0,0,0,0,0,0,0,0,0,580,15,990,20289.16669206896,190.17910000002303,268305.89819999976,173.88275862068966
1788767598,160,,Aggregated,0.000000,0.000000,0,0,0,0,0,0,0,0,0,0,0,580,15,990,20289.16669206896,190.17910000002303,268305.89819999976,173.88275862068966
1788767599,170,POST,POST /auth/login,0.000000,0.000000,0,0,0,0,0,0,0,0,0,0,0,580,15,990,20289.16669206896,190.17910000002303,268305.89819999976,173.88275862068966
1788767599,170,,Aggregated,0.000000,0.000000,0,0,0,0,0,0,0,0,0,0,0,580,15,990,20289.16669206896,190.17910000002303,268305.89819999976,173.88275862068966
1788767600,180,POST,POST /auth/login,0.000000,0.000000,0,0,0,0,0,0,0,0,0,0,0,580,15,990,20289.16669206896,190.17910000002303,268305.89819999976,173.88275862068966
1788767600,180,,Aggregated,0.000000,0.000000,0,0,0,0,0,0,0,0,0,0,0,580,15,990,20289.16669206896,190.17910000002303,268305.89819999976,173.88275862068966
1788767601,190,POST,POST /auth/login,0.000000,0.000000,0,0,0,0,0,0,0,0,0,0,0,580,15,990,20289.16669206896,190.17910000002303,268305.89819999976,173.88275862068966
1788767601,190,,Aggregated,0.000000,0.000000,0,0,0,0,0,0,0,0,0,0,0,580,15,990,20289.16669206896,190.17910000002303,268305.89819999976,173.88275862068966
1788767602,200,POST,POST /auth/login,0.000000,0.000000,0,0,0,0,0,0,0,0,0,0,0,580,15,990,20289.16669206896,190.17910000002303,268305.89819999976,173.88275862068966
1788767602,200,,Aggregated,0.000000,0.000000,0,0,0,0,0,0,0,0,0,0,0,580,15,990,20289.16669206896,190.17910000002303,268305.89819999976,173.88275862068966
1788767603,200,POST,POST /auth/login,0.000000,0.000000,0,0,0,0,0,0,0,0,0,0,0,596,18,1000,24559.47469278524,190.17910000002303,268305.89819999976,173.11744966442953
1788767603,200,,Aggregated,0.000000,0.000000,0,0,0,0,0,0,0,0,0,0,0,596,18,1000,24559.47469278524,190.17910000002303,268305.89819999976,173.11744966442953
1788767604,200,POST,POST /auth/login,0.000000,0.000000,187000,188000,245000,245000,246000,246000,246000,246000,246000,246000,246000,603,21,1000,26585.115036815925,190.17910000002303,268305.89819999976,172.40298507462686
1788767604,200,,Aggregated,0.000000,0.000000,187000,188000,245000,245000,246000,246000,246000,246000,246000,246000,246000,603,21,1000,26585.115036815925,190.17910000002303,268305.89819999976,172.40298507462686
1788767605,200,POST,POST /auth/login,0.000000,0.000000,187000,188000,245000,245000,246000,246000,246000,246000,246000,246000,246000,603,21,1000,26585.115036815925,190.17910000002303,268305.89819999976,172.40298507462686
1788767605,200,,Aggregated,0.000000,0.000000,187000,188000,245000,245000,246000,246000,246000,246000,246000,246000,246000,603,21,1000,26585.115036815925,190.17910000002303,268305.89819999976,172.40298507462686
1788767606,200,POST,POST /auth/login,2.100000,0.600000,186000,187000,245000,245000,246000,246000,248000,248000,248000,248000,248000,607,24,1000,26823.698621087322,190.17910000002303,268305.89819999976,171.56342668863263
1788767606,200,,Aggregated,2.100000,0.600000,186000,187000,245000,245000,246000,246000,248000,248000,248000,248000,248000,607,24,1000,26823.698621087322,190.17910000002303,268305.89819999976,171.56342668863263
1788767607,200,POST,POST /auth/login,2.300000,0.600000,186000,188000,245000,246000,248000,248000,249000,249000,249000,249000,249000,621,24,1000,29486.001067471832,190.17910000002303,268305.89819999976,171.7246376811594
1788767607,200,,Aggregated,2.300000,0.600000,186000,188000,245000,246000,248000,248000,249000,249000,249000,249000,249000,621,24,1000,29486.001067471832,190.17910000002303,268305.89819999976,171.7246376811594
1788767608,200,POST,POST /auth/login,2.300000,0.600000,186000,188000,245000,246000,248000,248000,249000,249000,249000,249000,249000,621,24,1000,29486.001067471832,190.17910000002303,268305.89819999976,171.7246376811594
1788767608,200,,Aggregated,2.300000,0.600000,186000,188000,245000,246000,248000,248000,249000,249000,249000,249000,249000,621,24,1000,29486.001067471832,190.17910000002303,268305.89819999976,171.7246376811594
1788767609,200,POST,POST /auth/login,3.800000,0.900000,186000,188000,245000,246000,249000,250000,250000,250000,250000,250000,250000,630,24,1000,30291.556355238095,190.17910000002303,268305.89819999976,171.83015873015873
1788767609,200,,Aggregated,3.800000,0.900000,186000,188000,245000,246000,249000,250000,250000,250000,250000,250000,250000,630,24,1000,30291.556355238095,190.17910000002303,268305.89819999976,171.83015873015873
1788767610,200,POST,POST /auth/login,4.100000,0.900000,186000,188000,246000,248000,250000,251000,251000,251000,251000,251000,251000,633,24,1100,31336.836831279623,190.17910000002303,268305.89819999976,171.85939968404423
1788767610,200,,Aggregated,4.100000,0.900000,186000,188000,246000,248000,250000,251000,251000,251000,251000,251000,251000,633,24,1100,31336.836831279623,190.17910000002303,268305.89819999976,171.85939968404423
1788767611,200,POST,POST /auth/login,4.100000,0.900000,186000,188000,246000,248000,250000,251000,251000,251000,251000,251000,251000,633,24,1100,31336.836831279623,190.17910000002303,268305.89819999976,171.85939968404423
1788767611,200,,Aggregated,4.100000,0.900000,186000,188000,246000,248000,250000,251000,251000,251000,251000,251000,251000,633,24,1100,31336.836831279623,190.17910000002303,268305.89819999976,171.85939968404423
1788767612,200,POST,POST /auth/login,4.100000,0.900000,186000,188000,246000,248000,250000,251000,251000,251000,251000,251000,251000,633,24,1100,31336.836831279623,190.17910000002303,268305.89819999976,171.85939968404423
1788767612,200,,Aggregated,4.100000,0.900000,186000,188000,246000,248000,250000,251000,251000,251000,251000,251000,251000,633,24,1100,31336.836831279623,190.17910000002303,268305.89819999976,171.85939968404423
1788767613,200,POST,POST /auth/login,5.300000,0.900000,94000,95000,248000,248000,250000,251000,254000,254000,254000,254000,254000,647,24,1100,31147.5277335394,190.17910000002303,268305.89819999976,172.0046367851623
1788767613,200,,Aggregated,5.300000,0.900000,94000,95000,248000,248000,250000,251000,254000,254000,254000,254000,254000,647,24,1100,31147.5277335394,190.17910000002303,268305.89819999976,172.0046367851623
1788767614,200,POST,POST /auth/login,5.300000,0.900000,94000,95000,248000,248000,250000,251000,254000,254000,254000,254000,254000,647,24,1100,31147.5277335394,190.17910000002303,268305.89819999976,172.0046367851623
1788767614,200,,Aggregated,5.300000,0.900000,94000,95000,248000,248000,250000,251000,254000,254000,254000,254000,254000,647,24,1100,31147.5277335394,190.17910000002303,268305.89819999976,172.0046367851623
1788767615,200,POST,POST /auth/login,5.300000,0.900000,33000,95000,248000,249000,250000,251000,254000,254000,254000,254000,254000,647,24,1100,31147.5277335394,190.17910000002303,268305.89819999976,172.0046367851623
1788767615,200,,Aggregated,5.300000,0.900000,33000,95000,248000,249000,250000,251000,254000,254000,254000,254000,254000,647,24,1100,31147.5277335394,190.17910000002303,268305.89819999976,172.0046367851623
1788767616,200,POST,POST /auth/login,5.300000,0.900000,4900,248000,248000,250000,251000,251000,254000,254000,254000,254000,254000,647,24,1100,31147.5277335394,190.17910000002303,268305.89819999976,172.0046367851623
1788767616,200,,Aggregated,5.300000,0.900000,4900,248000,248000,250000,251000,251000,254000,254000,254000,254000,254000,647,24,1100,31147.5277335394,190.17910000002303,268305.89819999976,172.0046367851623
1788767617,200,POST,POST /auth/login,5.300000,0.900000,4900,248000,248000,250000,251000,251000,254000,254000,254000,254000,254000,647,24,1100,31147.5277335394,190.17910000002303,268305.89819999976,172.0046367851623
1788767617,200,,Aggregated,5.300000,0.900000,4900,248000,248000,250000,251000,251000,254000,254000,254000,254000,254000,647,24,1100,31147.5277335394,190.17910000002303,268305.89819999976,172.0046367851623
1788767618,200,POST,POST /auth/login,5.300000,0.900000,4900,5000,250000,250000,251000,251000,254000,254000,254000,254000,254000,647,24,1100,31147.5277335394,190.17910000002303,268305.89819999976,172.0046367851623
1788767618,200,,Aggregated,5.300000,0.900000,4900,5000,250000,250000,251000,251000,254000,254000,254000,254000,254000,647,24,1100,31147.5277335394,190.17910000002303,268305.89819999976,172.0046367851623
1788767619,200,POST,POST /auth/login,5.300000,0.900000,4900,4900,5400,5400,251000,254000,254000,254000,254000,254000,254000,647,24,1100,31147.5277335394,190.17910000002303,268305.89819999976,172.0046367851623
1788767619,200,,Aggregated,5.300000,0.900000,4900,4900,5400,5400,251000,254000,254000,254000,254000,254000,254000,647,24,1100,31147.5277335394,190.17910000002303,268305.89819999976,172.0046367851623
1788767620,200,POST,POST /auth/login,5.300000,0.900000,4900,4900,5400,5400,251000,254000,254000,254000,254000,254000,254000,647,24,1100,31147.5277335394,190.17910000002303,268305.89819999976,172.0046367851623
1788767620,200,,Aggregated,5.300000,0.900000,4900,4900,5400,5400,251000,254000,254000,254000,254000,254000,254000,647,24,1100,31147.5277335394,190.17910000002303,268305.89819999976,172.0046367851623
1788767621,200,POST,POST /auth/login,5.300000,0.900000,4900,4900,4900,5000,5400,254000,254000,254000,254000,254000,254000,647,24,1100,31147.5277335394,190.17910000002303,268305.89819999976,172.0046367851623
1788767621,200,,Aggregated,5.300000,0.900000,4900,4900,4900,5000,5400,254000,254000,254000,254000,254000,254000,647,24,1100,31147.5277335394,190.17910000002303,268305.89819999976,172.0046367851623
1788767622,200,POST,POST /auth/login,5.300000,0.900000,4900,4900,4900,5000,5400,254000,254000,254000,254000,254000,254000,647,24,1100,31147.5277335394,190.17910000002303,268305.89819999976,172.0046367851623
1788767622,200,,Aggregated,5.300000,0.900000,4900,4900,4900,5000,5400,254000,254000,254000,254000,254000,254000,647,24,1100,31147.5277335394,190.17910000002303,268305.89819999976,172.0046367851623
1788767623,200,POST,POST /auth/login,5.300000,0.900000,4900,4900,4900,5000,5400,254000,254000,254000,254000,254000,254000,647,24,1100,31147.5277335394,190.17910000002303,268305.89819999976,172.0046367851623
1788767623,200,,Aggregated,5.300000,0.900000,4900,4900,4900,5000,5400,254000,254000,254000,254000,254000,254000,647,24,1100,31147.5277335394,190.17910000002303,268305.89819999976,172.0046367851623
1788767624,200,POST,POST /auth/login,5.300000,0.900000,4900,4900,4900,5000,5400,254000,254000,254000,254000,254000,254000,647,24,1100,31147.5277335394,190.17910000002303,268305.89819999976,172.0046367851623
1788767624,200,,Aggregated,5.300000,0.900000,4900,4900,4900,5000,5400,254000,254000,254000,254000,254000,254000,647,24,1100,31147.5277335394,190.17910000002303,268305.89819999976,172.0046367851623
1788767625,200,POST,POST /auth/login,5.300000,0.900000,4900,4900,4900,5000,5400,254000,254000,254000,254000,254000,254000,647,24,1100,31147.5277335394,190.17910000002303,268305.89819999976,172.0046367851623
1788767625,200,,Aggregated,5.300000,0.900000,4900,4900,4900,5000,5400,254000,254000,254000,254000,254000,254000,647,24,1100,31147.5277335394,190.17910000002303,268305.89819999976,172.0046367851623
1788767626,200,POST,POST /auth/login,5.300000,0.900000,4900,4900,4900,5000,5400,254000,254000,254000,254000,254000,254000,647,24,1100,31147.5277335394,190.17910000002303,268305.89819999976,172.0046367851623
1788767626,200,,Aggregated,5.300000,0.900000,4900,4900,4900,5000,5400,254000,254000,254000,254000,254000,254000,647,24,1100,31147.5277335394,190.17910000002303,268305.89819999976,172.0046367851623
1788767627,200,POST,POST /auth/login,5.300000,0.900000,4900,4900,4900,5000,5400,254000,254000,254000,254000,254000,254000,647,24,1100,31147.5277335394,190.17910000002303,268305.89819999976,172.0046367851623
1788767627,200,,Aggregated,5.300000,0.900000,4900,4900,4900,5000,5400,254000,254000,254000,254000,254000,254000,647,24,1100,31147.5277335394,190.17910000002303,268305.89819999976,172.0046367851623
1788767628,200,POST,POST /auth/login,5.300000,0.900000,4900,4900,4900,5000,5400,254000,254000,254000,254000,254000,254000,647,24,1100,31147.5277335394,190.17910000002303,268305.89819999976,172.0046367851623
1788767628,200,,Aggregated,5.300000,0.900000,4900,4900,4900,5000,5400,254000,254000,254000,254000,254000,254000,647,24,1100,31147.5277335394,190.17910000002303,268305.89819999976,172.0046367851623
1788767629,200,POST,POST /auth/login,5.300000,0.900000,4900,4900,4900,5000,5400,254000,254000,254000,254000,254000,254000,647,24,1100,31147.5277335394,190.17910000002303,268305.89819999976,172.0046367851623
1788767629,200,,Aggregated,5.300000,0.900000,4900,4900,4900,5000,5400,254000,254000,254000,254000,254000,254000,647,24,1100,31147.5277335394,190.17910000002303,268305.89819999976,172.0046367851623
1788767630,200,POST,POST /auth/login,5.300000,0.900000,4900,4900,4900,5000,5400,254000,254000,254000,254000,254000,254000,647,24,1100,31147.5277335394,190.17910000002303,268305.89819999976,172.0046367851623
1788767630,200,,Aggregated,5.300000,0.900000,4900,4900,4900,5000,5400,254000,254000,254000,254000,254000,254000,647,24,1100,31147.5277335394,190.17910000002303,268305.89819999976,172.0046367851623
1788767631,200,POST,POST /auth/login,5.300000,0.900000,0,0,0,0,0,0,0,0,0,0,0,647,24,1100,31147.5277335394,190.17910000002303,268305.89819999976,172.0046367851623
1788767631,200,,Aggregated,5.300000,0.900000,0,0,0,0,0,0,0,0,0,0,0,647,24,1100,31147.5277335394,190.17910000002303,268305.89819999976,172.0046367851623
1788767632,200,POST,POST /auth/login,5.300000,0.900000,0,0,0,0,0,0,0,0,0,0,0,647,24,1100,31147.5277335394,190.17910000002303,268305.89819999976,172.0046367851623
1788767632,200,,Aggregated,5.300000,0.900000,0,0,0,0,0,0,0,0,0,0,0,647,24,1100,31147.5277335394,190.17910000002303,268305.89819999976,172.0046367851623
1788767633,200,POST,POST /auth/login,5.300000,0.900000,0,0,0,0,0,0,0,0,0,0,0,647,24,1100,31147.5277335394,190.17910000002303,268305.89819999976,172.0046367851623
1788767633,200,,Aggregated,5.300000,0.900000,0,0,0,0,0,0,0,0,0,0,0,647,24,1100,31147.5277335394,190.17910000002303,268305.89819999976,172.0046367851623
1788767634,200,POST,POST /auth/login,5.300000,0.900000,0,0,0,0,0,0,0,0,0,0,0,647,24,1100,31147.5277335394,190.17910000002303,268305.89819999976,172.0046367851623
1788767634,200,,Aggregated,5.300000,0.900000,0,0,0,0,0,0,0,0,0,0,0,647,24,1100,31147.5277335394,190.17910000002303,268305.89819999976,172.0046367851623
1788767635,200,POST,POST /auth/login,5.300000,0.900000,0,0,0,0,0,0,0,0,0,0,0,647,24,1100,31147.5277335394,190.17910000002303,268305.89819999976,172.0046367851623
1788767635,200,,Aggregated,5.300000,0.900000,0,0,0,0,0,0,0,0,0,0,0,647,24,1100,31147.5277335394,190.17910000002303,268305.89819999976,172.0046367851623
1788767636,200,POST,POST /auth/login,5.300000,0.900000,0,0,0,0,0,0,0,0,0,0,0,647,24,1100,31147.5277335394,190.17910000002303,268305.89819999976,172.0046367851623
1788767636,200,,Aggregated,5.300000,0.900000,0,0,0,0,0,0,0,0,0,0,0,647,24,1100,31147.5277335394,190.17910000002303,268305.89819999976,172.0046367851623
1788767637,200,POST,POST /auth/login,5.300000,0.900000,0,0,0,0,0,0,0,0,0,0,0,647,24,1100,31147.5277335394,190.17910000002303,268305.89819999976,172.0046367851623
1788767637,200,,Aggregated,5.300000,0.900000,0,0,0,0,0,0,0,0,0,0,0,647,24,1100,31147.5277335394,190.17910000002303,268305.89819999976,172.0046367851623
1788767638,200,POST,POST /auth/login,5.300000,0.900000,0,0,0,0,0,0,0,0,0,0,0,647,24,1100,31147.5277335394,190.17910000002303,268305.89819999976,172.0046367851623
1788767638,200,,Aggregated,5.300000,0.900000,0,0,0,0,0,0,0,0,0,0,0,647,24,1100,31147.5277335394,190.17910000002303,268305.89819999976,172.0046367851623
1788767639,200,POST,POST /auth/login,5.300000,0.900000,0,0,0,0,0,0,0,0,0,0,0,647,24,1100,31147.5277335394,190.17910000002303,268305.89819999976,172.0046367851623
1788767639,200,,Aggregated,5.300000,0.900000,0,0,0,0,0,0,0,0,0,0,0,647,24,1100,31147.5277335394,190.17910000002303,268305.89819999976,172.0046367851623
1788767640,200,POST,POST /auth/login,5.300000,0.900000,0,0,0,0,0,0,0,0,0,0,0,647,24,1100,31147.5277335394,190.17910000002303,268305.89819999976,172.0046367851623
1788767640,200,,Aggregated,5.300000,0.900000,0,0,0,0,0,0,0,0,0,0,0,647,24,1100,31147.5277335394,190.17910000002303,268305.89819999976,172.0046367851623
1788767641,200,POST,POST /auth/login,5.300000,0.900000,0,0,0,0,0,0,0,0,0,0,0,647,24,1100,31147.5277335394,190.17910000002303,268305.89819999976,172.0046367851623
1788767641,200,,Aggregated,5.300000,0.900000,0,0,0,0,0,0,0,0,0,0,0,647,24,1100,31147.5277335394,190.17910000002303,268305.89819999976,172.0046367851623
1788767642,200,POST,POST /auth/login,5.300000,0.900000,0,0,0,0,0,0,0,0,0,0,0,647,24,1100,31147.5277335394,190.17910000002303,268305.89819999976,172.0046367851623
1788767642,200,,Aggregated,5.300000,0.900000,0,0,0,0,0,0,0,0,0,0,0,647,24,1100,31147.5277335394,190.17910000002303,268305.89819999976,172.0046367851623
1788767643,200,POST,POST /auth/login,5.300000,0.900000,0,0,0,0,0,0,0,0,0,0,0,647,24,1100,31147.5277335394,190.17910000002303,268305.89819999976,172.0046367851623
1788767643,200,,Aggregated,5.300000,0.900000,0,0,0,0,0,0,0,0,0,0,0,647,24,1100,31147.5277335394,190.17910000002303,268305.89819999976,172.0046367851623
1788767644,200,POST,POST /auth/login,5.300000,0.900000,0,0,0,0,0,0,0,0,0,0,0,647,24,1100,31147.5277335394,190.17910000002303,268305.89819999976,172.0046367851623
1788767644,200,,Aggregated,5.300000,0.900000,0,0,0,0,0,0,0,0,0,0,0,647,24,1100,31147.5277335394,190.17910000002303,268305.89819999976,172.0046367851623
1788767645,200,POST,POST /auth/login,5.300000,0.900000,0,0,0,0,0,0,0,0,0,0,0,647,24,1100,31147.5277335394,190.17910000002303,268305.89819999976,172.0046367851623
1788767645,200,,Aggregated,5.300000,0.900000,0,0,0,0,0,0,0,0,0,0,0,647,24,1100,31147.5277335394,190.17910000002303,268305.89819999976,172.0046367851623
1788767646,200,POST,POST /auth/login,5.300000,0.900000,0,0,0,0,0,0,0,0,0,0,0,647,24,1100,31147.5277335394,190.17910000002303,268305.89819999976,172.0046367851623
1788767646,200,,Aggregated,5.300000,0.900000,0,0,0,0,0,0,0,0,0,0,0,647,24,1100,31147.5277335394,190.17910000002303,268305.89819999976,172.0046367851623
1788767647,200,POST,POST /auth/login,5.300000,0.900000,0,0,0,0,0,0,0,0,0,0,0,647,24,1100,31147.5277335394,190.17910000002303,268305.89819999976,172.0046367851623
1788767647,200,,Aggregated,5.300000,0.900000,0,0,0,0,0,0,0,0,0,0,0,647,24,1100,31147.5277335394,190.17910000002303,268305.89819999976,172.0046367851623
1788767648,200,POST,POST /auth/login,5.300000,0.900000,0,0,0,0,0,0,0,0,0,0,0,647,24,1100,31147.5277335394,190.17910000002303,268305.89819999976,172.0046367851623
1788767648,200,,Aggregated,5.300000,0.900000,0,0,0,0,0,0,0,0,0,0,0,647,24,1100,31147.5277335394,190.17910000002303,268305.89819999976,172.0046367851623
1788767649,200,POST,POST /auth/login,5.300000,0.900000,0,0,0,0,0,0,0,0,0,0,0,647,24,1100,31147.5277335394,190.17910000002303,268305.89819999976,172.0046367851623
1788767649,200,,Aggregated,5.300000,0.900000,0,0,0,0,0,0,0,0,0,0,0,647,24,1100,31147.5277335394,190.17910000002303,268305.89819999976,172.0046367851623
1788767650,200,POST,POST /auth/login,5.300000,0.900000,0,0,0,0,0,0,0,0,0,0,0,647,24,1100,31147.5277335394,190.17910000002303,268305.89819999976,172.0046367851623
1788767650,200,,Aggregated,5.300000,0.900000,0,0,0,0,0,0,0,0,0,0,0,647,24,1100,31147.5277335394,190.17910000002303,268305.89819999976,172.0046367851623
1788767651,200,POST,POST /auth/login,5.300000,0.900000,0,0,0,0,0,0,0,0,0,0,0,647,24,1100,31147.5277335394,190.17910000002303,268305.89819999976,172.0046367851623
1788767651,200,,Aggregated,5.300000,0.900000,0,0,0,0,0,0,0,0,0,0,0,647,24,1100,31147.5277335394,190.17910000002303,268305.89819999976,172.0046367851623
1788767652,200,POST,POST /auth/login,5.300000,0.900000,0,0,0,0,0,0,0,0,0,0,0,647,24,1100,31147.5277335394,190.17910000002303,268305.89819999976,172.0046367851623
1788767652,200,,Aggregated,5.300000,0.900000,0,0,0,0,0,0,0,0,0,0,0,647,24,1100,31147.5277335394,190.17910000002303,268305.89819999976,172.0046367851623
1788767653,200,POST,POST /auth/login,5.300000,0.900000,0,0,0,0,0,0,0,0,0,0,0,647,24,1100,31147.5277335394,190.17910000002303,268305.89819999976,172.0046367851623
1788767653,200,,Aggregated,5.300000,0.900000,0,0,0,0,0,0,0,0,0,0,0,647,24,1100,31147.5277335394,190.17910000002303,268305.89819999976,172.0046367851623
1788767654,200,POST,POST /auth/login,5.300000,0.900000,0,0,0,0,0,0,0,0,0,0,0,647,24,1100,31147.5277335394,190.17910000002303,268305.89819999976,172.0046367851623
1788767654,200,,Aggregated,5.300000,0.900000,0,0,0,0,0,0,0,0,0,0,0,647,24,1100,31147.5277335394,190.17910000002303,268305.89819999976,172.0046367851623
1788767655,200,POST,POST /auth/login,5.300000,0.900000,0,0,0,0,0,0,0,0,0,0,0,647,24,1100,31147.5277335394,190.17910000002303,268305.89819999976,172.0046367851623
1788767655,200,,Aggregated,5.300000,0.900000,0,0,0,0,0,0,0,0,0,0,0,647,24,1100,31147.5277335394,190.17910000002303,268305.89819999976,172.0046367851623
1788767656,200,POST,POST /auth/login,5.300000,0.900000,0,0,0,0,0,0,0,0,0,0,0,647,24,1100,31147.5277335394,190.17910000002303,268305.89819999976,172.0046367851623
1788767656,200,,Aggregated,5.300000,0.900000,0,0,0,0,0,0,0,0,0,0,0,647,24,1100,31147.5277335394,190.17910000002303,268305.89819999976,172.0046367851623
1788767657,200,POST,POST /auth/login,5.300000,0.900000,0,0,0,0,0,0,0,0,0,0,0,647,24,1100,31147.5277335394,190.17910000002303,268305.89819999976,172.0046367851623
1788767657,200,,Aggregated,5.300000,0.900000,0,0,0,0,0,0,0,0,0,0,0,647,24,1100,31147.5277335394,190.17910000002303,268305.89819999976,172.0046367851623
1788767658,200,POST,POST /auth/login,5.300000,0.900000,0,0,0,0,0,0,0,0,0,0,0,647,24,1100,31147.5277335394,190.17910000002303,268305.89819999976,172.0046367851623
1788767658,200,,Aggregated,5.300000,0.900000,0,0,0,0,0,0,0,0,0,0,0,647,24,1100,31147.5277335394,190.17910000002303,268305.89819999976,172.0046367851623
1788767659,200,POST,POST /auth/login,5.300000,0.900000,0,0,0,0,0,0,0,0,0,0,0,647,24,1100,31147.5277335394,190.17910000002303,268305.89819999976,172.0046367851623
1788767659,200,,Aggregated,5.300000,0.900000,0,0,0,0,0,0,0,0,0,0,0,647,24,1100,31147.5277335394,190.17910000002303,268305.89819999976,172.0046367851623
1788767660,200,POST,POST /auth/login,5.300000,0.900000,0,0,0,0,0,0,0,0,0,0,0,647,24,1100,31147.5277335394,190.17910000002303,268305.89819999976,172.0046367851623
1788767660,200,,Aggregated,5.300000,0.900000,0,0,0,0,0,0,0,0,0,0,0,647,24,1100,31147.5277335394,190.17910000002303,268305.89819999976,172.0046367851623
1788767661,200,POST,POST /auth/login,5.300000,0.900000,0,0,0,0,0,0,0,0,0,0,0,647,24,1100,31147.5277335394,190.17910000002303,268305.89819999976,172.0046367851623
1788767661,200,,Aggregated,5.300000,0.900000,0,0,0,0,0,0,0,0,0,0,0,647,24,1100,31147.5277335394,190.17910000002303,268305.89819999976,172.0046367851623
1788767662,200,POST,POST /auth/login,5.300000,0.900000,0,0,0,0,0,0,0,0,0,0,0,647,24,1100,31147.5277335394,190.17910000002303,268305.89819999976,172.0046367851623
1788767662,200,,Aggregated,5.300000,0.900000,0,0,0,0,0,0,0,0,0,0,0,647,24,1100,31147.5277335394,190.17910000002303,268305.89819999976,172.0046367851623
1788767664,200,POST,POST /auth/login,5.300000,0.900000,0,0,0,0,0,0,0,0,0,0,0,647,24,1100,31147.5277335394,190.17910000002303,268305.89819999976,172.0046367851623
1788767664,200,,Aggregated,5.300000,0.900000,0,0,0,0,0,0,0,0,0,0,0,647,24,1100,31147.5277335394,190.17910000002303,268305.89819999976,172.0046367851623
1788767665,200,POST,POST /auth/login,5.300000,0.900000,0,0,0,0,0,0,0,0,0,0,0,647,24,1100,31147.5277335394,190.17910000002303,268305.89819999976,172.0046367851623
1788767665,200,,Aggregated,5.300000,0.900000,0,0,0,0,0,0,0,0,0,0,0,647,24,1100,31147.5277335394,190.17910000002303,268305.89819999976,172.0046367851623
1788767666,200,POST,POST /auth/login,5.300000,0.900000,0,0,0,0,0,0,0,0,0,0,0,647,24,1100,31147.5277335394,190.17910000002303,268305.89819999976,172.0046367851623
1788767666,200,,Aggregated,5.300000,0.900000,0,0,0,0,0,0,0,0,0,0,0,647,24,1100,31147.5277335394,190.17910000002303,268305.89819999976,172.0046367851623
1788767667,200,POST,POST /auth/login,5.300000,0.900000,0,0,0,0,0,0,0,0,0,0,0,647,24,1100,31147.5277335394,190.17910000002303,268305.89819999976,172.0046367851623
1788767667,200,,Aggregated,5.300000,0.900000,0,0,0,0,0,0,0,0,0,0,0,647,24,1100,31147.5277335394,190.17910000002303,268305.89819999976,172.0046367851623
1788767668,200,POST,POST /auth/login,5.300000,0.900000,0,0,0,0,0,0,0,0,0,0,0,647,24,1100,31147.5277335394,190.17910000002303,268305.89819999976,172.0046367851623
1788767668,200,,Aggregated,5.300000,0.900000,0,0,0,0,0,0,0,0,0,0,0,647,24,1100,31147.5277335394,190.17910000002303,268305.89819999976,172.0046367851623
1788767669,200,POST,POST /auth/login,5.300000,0.900000,0,0,0,0,0,0,0,0,0,0,0,647,24,1100,31147.5277335394,190.17910000002303,268305.89819999976,172.0046367851623
1788767669,200,,Aggregated,5.300000,0.900000,0,0,0,0,0,0,0,0,0,0,0,647,24,1100,31147.5277335394,190.17910000002303,268305.89819999976,172.0046367851623
1788767670,200,POST,POST /auth/login,5.300000,0.900000,0,0,0,0,0,0,0,0,0,0,0,647,24,1100,31147.5277335394,190.17910000002303,268305.89819999976,172.0046367851623
1788767670,200,,Aggregated,5.300000,0.900000,0,0,0,0,0,0,0,0,0,0,0,647,24,1100,31147.5277335394,190.17910000002303,268305.89819999976,172.0046367851623
1788767671,200,POST,POST /auth/login,5.300000,0.900000,0,0,0,0,0,0,0,0,0,0,0,647,24,1100,31147.5277335394,190.17910000002303,268305.89819999976,172.0046367851623
1788767671,200,,Aggregated,5.300000,0.900000,0,0,0,0,0,0,0,0,0,0,0,647,24,1100,31147.5277335394,190.17910000002303,268305.89819999976,172.0046367851623
1788767672,200,POST,POST /auth/login,5.300000,0.900000,0,0,0,0,0,0,0,0,0,0,0,647,24,1100,31147.5277335394,190.17910000002303,268305.89819999976,172.0046367851623
1788767672,200,,Aggregated,5.300000,0.900000,0,0,0,0,0,0,0,0,0,0,0,647,24,1100,31147.5277335394,190.17910000002303,268305.89819999976,172.0046367851623
1788767673,200,POST,POST /auth/login,5.300000,0.900000,0,0,0,0,0,0,0,0,0,0,0,647,24,1100,31147.5277335394,190.17910000002303,268305.89819999976,172.0046367851623
1788767673,200,,Aggregated,5.300000,0.900000,0,0,0,0,0,0,0,0,0,0,0,647,24,1100,31147.5277335394,190.17910000002303,268305.89819999976,172.0046367851623
1788767674,200,POST,POST /auth/login,0.000000,0.000000,314000,314000,314000,314000,314000,314000,314000,314000,314000,314000,314000,651,24,1100,32882.56563748078,190.17910000002303,313842.74540000025,172.05376344086022
1788767674,200,,Aggregated,0.000000,0.000000,314000,314000,314000,314000,314000,314000,314000,314000,314000,314000,314000,651,24,1100,32882.56563748078,190.17910000002303,313842.74540000025,172.05376344086022
1788767675,200,POST,POST /auth/login,0.000000,0.000000,314000,314000,314000,314000,314000,314000,314000,314000,314000,314000,314000,651,24,1100,32882.56563748078,190.17910000002303,313842.74540000025,172.05376344086022
1788767675,200,,Aggregated,0.000000,0.000000,314000,314000,314000,314000,314000,314000,314000,314000,314000,314000,314000,651,24,1100,32882.56563748078,190.17910000002303,313842.74540000025,172.05376344086022
1788767676,200,POST,POST /auth/login,0.000000,0.000000,314000,314000,314000,314000,314000,314000,314000,314000,314000,314000,314000,651,24,1100,32882.56563748078,190.17910000002303,313842.74540000025,172.05376344086022
1788767676,200,,Aggregated,0.000000,0.000000,314000,314000,314000,314000,314000,314000,314000,314000,314000,314000,314000,651,24,1100,32882.56563748078,190.17910000002303,313842.74540000025,172.05376344086022
1788767677,200,POST,POST /auth/login,0.400000,0.000000,67000,68000,313000,314000,317000,317000,317000,317000,317000,317000,317000,666,26,1100,34375.14544264261,190.17910000002303,316790.35070000007,171.73723723723722
1788767677,200,,Aggregated,0.400000,0.000000,67000,68000,313000,314000,317000,317000,317000,317000,317000,317000,317000,666,26,1100,34375.14544264261,190.17910000002303,316790.35070000007,171.73723723723722
1788767678,200,POST,POST /auth/login,0.400000,0.000000,67000,68000,313000,314000,317000,317000,317000,317000,317000,317000,317000,667,26,1100,34420.24984962516,190.17910000002303,316790.35070000007,171.74662668665667
1788767678,200,,Aggregated,0.400000,0.000000,67000,68000,313000,314000,317000,317000,317000,317000,317000,317000,317000,667,26,1100,34420.24984962516,190.17910000002303,316790.35070000007,171.74662668665667
1788767679,200,POST,POST /auth/login,0.400000,0.000000,67000,68000,313000,314000,317000,317000,317000,317000,317000,317000,317000,667,26,1100,34420.24984962516,190.17910000002303,316790.35070000007,171.74662668665667
1788767679,200,,Aggregated,0.400000,0.000000,67000,68000,313000,314000,317000,317000,317000,317000,317000,317000,317000,667,26,1100,34420.24984962516,190.17910000002303,316790.35070000007,171.74662668665667
1788767680,200,POST,POST /auth/login,0.400000,0.000000,67000,68000,313000,314000,317000,317000,317000,317000,317000,317000,317000,667,26,1100,34420.24984962516,190.17910000002303,316790.35070000007,171.74662668665667
1788767680,200,,Aggregated,0.400000,0.000000,67000,68000,313000,314000,317000,317000,317000,317000,317000,317000,317000,667,26,1100,34420.24984962516,190.17910000002303,316790.35070000007,171.74662668665667
1788767681,200,POST,POST /auth/login,0.400000,0.000000,67000,68000,313000,314000,317000,317000,317000,317000,317000,317000,317000,667,26,1100,34420.24984962516,190.17910000002303,316790.35070000007,171.74662668665667
1788767681,200,,Aggregated,0.400000,0.000000,67000,68000,313000,314000,317000,317000,317000,317000,317000,317000,317000,667,26,1100,34420.24984962516,190.17910000002303,316790.35070000007,171.74662668665667
1788767682,200,POST,POST /auth/login,0.400000,0.000000,67000,68000,313000,314000,317000,317000,317000,317000,317000,317000,317000,667,26,1100,34420.24984962516,190.17910000002303,316790.35070000007,171.74662668665667
1788767682,200,,Aggregated,0.400000,0.000000,67000,68000,313000,314000,317000,317000,317000,317000,317000,317000,317000,667,26,1100,34420.24984962516,190.17910000002303,316790.35070000007,171.74662668665667
1788767683,200,POST,POST /auth/login,0.400000,0.000000,67000,68000,313000,314000,317000,317000,317000,317000,317000,317000,317000,667,26,1100,34420.24984962516,190.17910000002303,316790.35070000007,171.74662668665667
1788767683,200,,Aggregated,0.400000,0.000000,67000,68000,313000,314000,317000,317000,317000,317000,317000,317000,317000,667,26,1100,34420.24984962516,190.17910000002303,316790.35070000007,171.74662668665667
1788767684,200,POST,POST /auth/login,0.400000,0.000000,65000,67000,68000,68000,317000,317000,317000,317000,317000,317000,317000,667,26,1100,34420.24984962516,190.17910000002303,316790.35070000007,171.74662668665667
1788767684,200,,Aggregated,0.400000,0.000000,65000,67000,68000,68000,317000,317000,317000,317000,317000,317000,317000,667,26,1100,34420.24984962516,190.17910000002303,316790.35070000007,171.74662668665667
1788767685,200,POST,POST /auth/login,0.400000,0.000000,65000,67000,68000,68000,317000,317000,317000,317000,317000,317000,317000,667,26,1100,34420.24984962516,190.17910000002303,316790.35070000007,171.74662668665667
1788767685,200,,Aggregated,0.400000,0.000000,65000,67000,68000,68000,317000,317000,317000,317000,317000,317000,317000,667,26,1100,34420.24984962516,190.17910000002303,316790.35070000007,171.74662668665667
1788767686,200,POST,POST /auth/login,0.400000,0.000000,64000,64000,64000,64000,64000,64000,64000,64000,64000,64000,64000,667,26,1100,34420.24984962516,190.17910000002303,316790.35070000007,171.74662668665667
1788767686,200,,Aggregated,0.400000,0.000000,64000,64000,64000,64000,64000,64000,64000,64000,64000,64000,64000,667,26,1100,34420.24984962516,190.17910000002303,316790.35070000007,171.74662668665667
1788767687,200,POST,POST /auth/login,0.400000,0.000000,64000,64000,64000,64000,64000,64000,64000,64000,64000,64000,64000,667,26,1100,34420.24984962516,190.17910000002303,316790.35070000007,171.74662668665667
1788767687,200,,Aggregated,0.400000,0.000000,64000,64000,64000,64000,64000,64000,64000,64000,64000,64000,64000,667,26,1100,34420.24984962516,190.17910000002303,316790.35070000007,171.74662668665667
1788767688,200,POST,POST /auth/login,0.400000,0.000000,64000,64000,64000,64000,64000,64000,64000,64000,64000,64000,64000,667,26,1100,34420.24984962516,190.17910000002303,316790.35070000007,171.74662668665667
1788767688,200,,Aggregated,0.400000,0.000000,64000,64000,64000,64000,64000,64000,64000,64000,64000,64000,64000,667,26,1100,34420.24984962516,190.17910000002303,316790.35070000007,171.74662668665667
1788767689,200,POST,POST /auth/login,0.400000,0.000000,64000,64000,64000,64000,64000,64000,64000,64000,64000,64000,64000,667,26,1100,34420.24984962516,190.17910000002303,316790.35070000007,171.74662668665667
1788767689,200,,Aggregated,0.400000,0.000000,64000,64000,64000,64000,64000,64000,64000,64000,64000,64000,64000,667,26,1100,34420.24984962516,190.17910000002303,316790.35070000007,171.74662668665667
1788767690,200,POST,POST /auth/login,0.400000,0.000000,64000,64000,64000,64000,64000,64000,64000,64000,64000,64000,64000,667,26,1100,34420.24984962516,190.17910000002303,316790.35070000007,171.74662668665667
1788767690,200,,Aggregated,0.400000,0.000000,64000,64000,64000,64000,64000,64000,64000,64000,64000,64000,64000,667,26,1100,34420.24984962516,190.17910000002303,316790.35070000007,171.74662668665667
1788767691,200,POST,POST /auth/login,0.400000,0.000000,64000,64000,64000,64000,64000,64000,64000,64000,64000,64000,64000,667,26,1100,34420.24984962516,190.17910000002303,316790.35070000007,171.74662668665667
1788767691,200,,Aggregated,0.400000,0.000000,64000,64000,64000,64000,64000,64000,64000,64000,64000,64000,64000,667,26,1100,34420.24984962516,190.17910000002303,316790.35070000007,171.74662668665667
1788767692,200,POST,POST /auth/login,0.400000,0.000000,64000,64000,64000,64000,64000,64000,64000,64000,64000,64000,64000,667,26,1100,34420.24984962516,190.17910000002303,316790.35070000007,171.74662668665667
1788767692,200,,Aggregated,0.400000,0.000000,64000,64000,64000,64000,64000,64000,64000,64000,64000,64000,64000,667,26,1100,34420.24984962516,190.17910000002303,316790.35070000007,171.74662668665667
1788767693,200,POST,POST /auth/login,0.400000,0.000000,64000,64000,64000,64000,64000,64000,64000,64000,64000,64000,64000,667,26,1100,34420.24984962516,190.17910000002303,316790.35070000007,171.74662668665667
1788767693,200,,Aggregated,0.400000,0.000000,64000,64000,64000,64000,64000,64000,64000,64000,64000,64000,64000,667,26,1100,34420.24984962516,190.17910000002303,316790.35070000007,171.74662668665667
1788767694,200,POST,POST /auth/login,0.400000,0.000000,64000,64000,64000,64000,64000,64000,64000,64000,64000,64000,64000,667,26,1100,34420.24984962516,190.17910000002303,316790.35070000007,171.74662668665667
1788767694,200,,Aggregated,0.400000,0.000000,64000,64000,64000,64000,64000,64000,64000,64000,64000,64000,64000,667,26,1100,34420.24984962516,190.17910000002303,316790.35070000007,171.74662668665667
1788767695,200,POST,POST /auth/login,0.400000,0.000000,0,0,0,0,0,0,0,0,0,0,0,667,26,1100,34420.24984962516,190.17910000002303,316790.35070000007,171.74662668665667
1788767695,200,,Aggregated,0.400000,0.000000,0,0,0,0,0,0,0,0,0,0,0,667,26,1100,34420.24984962516,190.17910000002303,316790.35070000007,171.74662668665667
1788767696,200,POST,POST /auth/login,0.400000,0.000000,0,0,0,0,0,0,0,0,0,0,0,667,26,1100,34420.24984962516,190.17910000002303,316790.35070000007,171.74662668665667
1788767696,200,,Aggregated,0.400000,0.000000,0,0,0,0,0,0,0,0,0,0,0,667,26,1100,34420.24984962516,190.17910000002303,316790.35070000007,171.74662668665667
1788767697,200,POST,POST /auth/login,0.400000,0.000000,0,0,0,0,0,0,0,0,0,0,0,667,26,1100,34420.24984962516,190.17910000002303,316790.35070000007,171.74662668665667
1788767697,200,,Aggregated,0.400000,0.000000,0,0,0,0,0,0,0,0,0,0,0,667,26,1100,34420.24984962516,190.17910000002303,316790.35070000007,171.74662668665667
1788767698,200,POST,POST /auth/login,0.400000,0.000000,0,0,0,0,0,0,0,0,0,0,0,667,26,1100,34420.24984962516,190.17910000002303,316790.35070000007,171.74662668665667
1788767698,200,,Aggregated,0.400000,0.000000,0,0,0,0,0,0,0,0,0,0,0,667,26,1100,34420.24984962516,190.17910000002303,316790.35070000007,171.74662668665667
1788767699,200,POST,POST /auth/login,0.400000,0.000000,0,0,0,0,0,0,0,0,0,0,0,667,26,1100,34420.24984962516,190.17910000002303,316790.35070000007,171.74662668665667
1788767699,200,,Aggregated,0.400000,0.000000,0,0,0,0,0,0,0,0,0,0,0,667,26,1100,34420.24984962516,190.17910000002303,316790.35070000007,171.74662668665667
1788767700,200,POST,POST /auth/login,0.400000,0.000000,0,0,0,0,0,0,0,0,0,0,0,667,26,1100,34420.24984962516,190.17910000002303,316790.35070000007,171.74662668665667
1788767700,200,,Aggregated,0.400000,0.000000,0,0,0,0,0,0,0,0,0,0,0,667,26,1100,34420.24984962516,190.17910000002303,316790.35070000007,171.74662668665667
1788767701,200,POST,POST /auth/login,0.400000,0.000000,0,0,0,0,0,0,0,0,0,0,0,667,26,1100,34420.24984962516,190.17910000002303,316790.35070000007,171.74662668665667
1788767701,200,,Aggregated,0.400000,0.000000,0,0,0,0,0,0,0,0,0,0,0,667,26,1100,34420.24984962516,190.17910000002303,316790.35070000007,171.74662668665667
1788767702,200,POST,POST /auth/login,0.400000,0.000000,0,0,0,0,0,0,0,0,0,0,0,667,26,1100,34420.24984962516,190.17910000002303,316790.35070000007,171.74662668665667
1788767702,200,,Aggregated,0.400000,0.000000,0,0,0,0,0,0,0,0,0,0,0,667,26,1100,34420.24984962516,190.17910000002303,316790.35070000007,171.74662668665667
1788767703,200,POST,POST /auth/login,0.400000,0.000000,0,0,0,0,0,0,0,0,0,0,0,667,26,1100,34420.24984962516,190.17910000002303,316790.35070000007,171.74662668665667
1788767703,200,,Aggregated,0.400000,0.000000,0,0,0,0,0,0,0,0,0,0,0,667,26,1100,34420.24984962516,190.17910000002303,316790.35070000007,171.74662668665667
1788767704,200,POST,POST /auth/login,0.400000,0.000000,0,0,0,0,0,0,0,0,0,0,0,667,26,1100,34420.24984962516,190.17910000002303,316790.35070000007,171.74662668665667
1788767704,200,,Aggregated,0.400000,0.000000,0,0,0,0,0,0,0,0,0,0,0,667,26,1100,34420.24984962516,190.17910000002303,316790.35070000007,171.74662668665667
1788767705,200,POST,POST /auth/login,0.400000,0.000000,0,0,0,0,0,0,0,0,0,0,0,667,26,1100,34420.24984962516,190.17910000002303,316790.35070000007,171.74662668665667
1788767705,200,,Aggregated,0.400000,0.000000,0,0,0,0,0,0,0,0,0,0,0,667,26,1100,34420.24984962516,190.17910000002303,316790.35070000007,171.74662668665667
1788767706,200,POST,POST /auth/login,0.400000,0.000000,0,0,0,0,0,0,0,0,0,0,0,667,26,1100,34420.24984962516,190.17910000002303,316790.35070000007,171.74662668665667
1788767706,200,,Aggregated,0.400000,0.000000,0,0,0,0,0,0,0,0,0,0,0,667,26,1100,34420.24984962516,190.17910000002303,316790.35070000007,171.74662668665667
1788767707,200,POST,POST /auth/login,0.400000,0.000000,0,0,0,0,0,0,0,0,0,0,0,667,26,1100,34420.24984962516,190.17910000002303,316790.35070000007,171.74662668665667
1788767707,200,,Aggregated,0.400000,0.000000,0,0,0,0,0,0,0,0,0,0,0,667,26,1100,34420.24984962516,190.17910000002303,316790.35070000007,171.74662668665667
1788767708,200,POST,POST /auth/login,0.400000,0.000000,0,0,0,0,0,0,0,0,0,0,0,667,26,1100,34420.24984962516,190.17910000002303,316790.35070000007,171.74662668665667
1788767708,200,,Aggregated,0.400000,0.000000,0,0,0,0,0,0,0,0,0,0,0,667,26,1100,34420.24984962516,190.17910000002303,316790.35070000007,171.74662668665667
1788767709,200,POST,POST /auth/login,0.400000,0.000000,0,0,0,0,0,0,0,0,0,0,0,667,26,1100,34420.24984962516,190.17910000002303,316790.35070000007,171.74662668665667
1788767709,200,,Aggregated,0.400000,0.000000,0,0,0,0,0,0,0,0,0,0,0,667,26,1100,34420.24984962516,190.17910000002303,316790.35070000007,171.74662668665667
1788767710,200,POST,POST /auth/login,0.400000,0.000000,0,0,0,0,0,0,0,0,0,0,0,667,26,1100,34420.24984962516,190.17910000002303,316790.35070000007,171.74662668665667
1788767710,200,,Aggregated,0.400000,0.000000,0,0,0,0,0,0,0,0,0,0,0,667,26,1100,34420.24984962516,190.17910000002303,316790.35070000007,171.74662668665667
1788767711,200,POST,POST /auth/login,0.400000,0.000000,0,0,0,0,0,0,0,0,0,0,0,667,26,1100,34420.24984962516,190.17910000002303,316790.35070000007,171.74662668665667
1788767711,200,,Aggregated,0.400000,0.000000,0,0,0,0,0,0,0,0,0,0,0,667,26,1100,34420.24984962516,190.17910000002303,316790.35070000007,171.74662668665667
1788767712,200,POST,POST /auth/login,0.400000,0.000000,0,0,0,0,0,0,0,0,0,0,0,667,26,1100,34420.24984962516,190.17910000002303,316790.35070000007,171.74662668665667
1788767712,200,,Aggregated,0.400000,0.000000,0,0,0,0,0,0,0,0,0,0,0,667,26,1100,34420.24984962516,190.17910000002303,316790.35070000007,171.74662668665667
1788767713,200,POST,POST /auth/login,0.400000,0.000000,0,0,0,0,0,0,0,0,0,0,0,667,26,1100,34420.24984962516,190.17910000002303,316790.35070000007,171.74662668665667
1788767713,200,,Aggregated,0.400000,0.000000,0,0,0,0,0,0,0,0,0,0,0,667,26,1100,34420.24984962516,190.17910000002303,316790.35070000007,171.74662668665667
1788767714,200,POST,POST /auth/login,0.400000,0.000000,0,0,0,0,0,0,0,0,0,0,0,667,26,1100,34420.24984962516,190.17910000002303,316790.35070000007,171.74662668665667
1788767714,200,,Aggregated,0.400000,0.000000,0,0,0,0,0,0,0,0,0,0,0,667,26,1100,34420.24984962516,190.17910000002303,316790.35070000007,171.74662668665667
1788767715,200,POST,POST /auth/login,0.400000,0.000000,0,0,0,0,0,0,0,0,0,0,0,667,26,1100,34420.24984962516,190.17910000002303,316790.35070000007,171.74662668665667
1788767715,200,,Aggregated,0.400000,0.000000,0,0,0,0,0,0,0,0,0,0,0,667,26,1100,34420.24984962516,190.17910000002303,316790.35070000007,171.74662668665667
1788767716,200,POST,POST /auth/login,0.400000,0.000000,0,0,0,0,0,0,0,0,0,0,0,667,26,1100,34420.24984962516,190.17910000002303,316790.35070000007,171.74662668665667
1788767716,200,,Aggregated,0.400000,0.000000,0,0,0,0,0,0,0,0,0,0,0,667,26,1100,34420.24984962516,190.17910000002303,316790.35070000007,171.74662668665667
1788767717,200,POST,POST /auth/login,0.400000,0.000000,0,0,0,0,0,0,0,0,0,0,0,667,26,1100,34420.24984962516,190.17910000002303,316790.35070000007,171.74662668665667
1788767717,200,,Aggregated,0.400000,0.000000,0,0,0,0,0,0,0,0,0,0,0,667,26,1100,34420.24984962516,190.17910000002303,316790.35070000007,171.74662668665667
1788767718,200,POST,POST /auth/login,0.400000,0.000000,0,0,0,0,0,0,0,0,0,0,0,667,26,1100,34420.24984962516,190.17910000002303,316790.35070000007,171.74662668665667
1788767718,200,,Aggregated,0.400000,0.000000,0,0,0,0,0,0,0,0,0,0,0,667,26,1100,34420.24984962516,190.17910000002303,316790.35070000007,171.74662668665667
