Timestamp,User Count,Type,Name,Requests/s,Failures/s,50%,66%,75%,80%,90%,95%,98%,99%,99.9%,99.99%,100%,Total Request Count,Total Failure Count,Total Median Response Time,Total Average Response Time,Total Min Response Time,Total Max Response Time,Total Average Content Size
1788766431,0,,Aggregated,0.000000,0.000000,N/A,N/A,N/A,N/A,N/A,N/A,N/A,N/A,N/A,N/A,N/A,0,0,0,0.0,0,0,0
1788766432,10,GET,GET /articles (anon),0.000000,0.000000,0,0,0,0,0,0,0,0,0,0,0,7,0,671.8751999999313,675.548614285682,671.8751999999313,682.4123999999756,26731.0
1788766432,10,GET,GET /articles (list),0.000000,0.000000,0,0,0,0,0,0,0,0,0,0,0,3,0,250,173.22393333317146,13.880699999845092,254.75429999983135,26731.0
1788766432,10,POST,[setup] POST /auth/login,0.000000,0.000000,0,0,0,0,0,0,0,0,0,0,0,3,0,430,506.4572333333217,426.1082999998962,666.1658000000443,178.0
1788766432,10,,Aggregated,0.000000,0.000000,0,0,0,0,0,0,0,0,0,0,0,13,0,670,520.6064461537887,13.880699999845092,682.4123999999756,20603.384615384617
1788766433,10,GET,GET /articles (anon),0.000000,0.000000,0,0,0,0,0,0,0,0,0,0,0,13,0,670,365.9504538461533,3.4731000000647327,682.4123999999756,26731.0
1788766433,10,GET,GET /articles (list),0.000000,0.000000,0,0,0,0,0,0,0,0,0,0,0,5,0,14,105.29885999990256,2.9732999998941523,254.75429999983135,26465.6
1788766433,10,POST,[setup] POST /auth/login,0.000000,0.000000,670,670,670,670,670,670,670,670,670,670,670,3,0,430,506.4572333333217,426.1082999998962,666.1658000000443,178.0
1788766433,10,,Aggregated,0.000000,0.000000,250,670,670,670,680,680,680,680,680,680,680,21,0,250,323.96294761902243,2.9732999998941523,682.4123999999756,22874.52380952381
1788766434,10,GET,GET /articles (anon),0.000000,0.000000,6,8,8,8,12,13,13,13,13,13,13,22,0,8,219.3196000000109,3.3140000000457803,682.4123999999756,26731.0
1788766434,10,GET,GET /articles (list),0.000000,0.000000,4,4,7,7,7,7,7,7,7,7,7,6,0,7,88.94028333323452,2.9732999998941523,254.75429999983135,26509.833333333332
1788766434,10,GET,GET /articles/{id} (detail),0.000000,0.000000,0,0,0,0,0,0,0,0,0,0,0,2,0,3.115100000059101,5.9948000000531465,3.115100000059101,8.874500000047192,2818.5
1788766434,10,POST,[setup] POST /auth/login,2.000000,0.000000,670,670,670,670,670,670,670,670,670,670,670,3,0,430,506.4572333333217,426.1082999998962,666.1658000000443,178.0
1788766434,10,,Aggregated,2.000000,0.000000,8,14,670,670,670,680,680,680,680,680,680,33,0,8,208.78891515150661,2.9732999998941523,682.4123999999756,22827.636363636364
1788766435,10,GET,GET /articles (anon),4.500000,0.000000,6,7,8,8,12,13,13,13,13,13,13,28,0,6,173.68881071430613,3.3140000000457803,682.4123999999756,26731.0
1788766435,10,GET,GET /articles (list),1.500000,0.000000,5,5,7,7,9,9,9,9,9,9,9,9,0,7,61.21276666661086,2.7168999999958032,254.75429999983135,26079.0
1788766435,10,GET,GET /articles/{id} (detail),0.000000,0.000000,3,3,3,3,3,3,3,3,3,3,3,2,0,3.115100000059101,5.9948000000531465,3.115100000059101,8.874500000047192,2818.5
1788766435,10,POST,[setup] POST /auth/login,1.500000,0.000000,670,670,670,670,670,670,670,670,670,670,670,3,0,430,506.4572333333217,426.1082999998962,666.1658000000443,178.0
1788766435,10,,Aggregated,7.500000,0.000000,7,9,250,670,670,680,680,680,680,680,680,42,0,7,165.3705452380986,2.7168999999958032,682.4123999999756,23555.95238095238
1788766436,10,GET,GET /articles (anon),6.000000,0.000000,6,7,8,8,11,12,13,13,13,13,13,36,0,6,136.57149444445497,3.3140000000457803,682.4123999999756,26731.0
1788766436,10,GET,GET /articles (list),2.000000,0.000000,5,6,7,9,9,9,9,9,9,9,9,12,0,6,47.5099916666295,2.7168999999958032,254.75429999983135,25863.583333333332
1788766436,10,GET,GET /articles/{id} (detail),0.333333,0.000000,8,8,8,8,8,8,8,8,8,8,8,3,0,8,6.553966666767034,3.115100000059101,8.874500000047192,3150.3333333333335
1788766436,10,POST,[setup] POST /auth/login,1.000000,0.000000,670,670,670,670,670,670,670,670,670,670,670,3,0,430,506.4572333333217,426.1082999998962,666.1658000000443,178.0
1788766436,10,,Aggregated,9.333333,0.000000,7,9,12,14,670,680,680,680,680,680,680,54,0,7,130.1060611111148,2.7168999999958032,682.4123999999756,23753.037037037036
1788766437,10,GET,GET /articles (anon),6.250000,0.000000,6,8,8,8,10,12,13,13,13,13,13,43,0,6,115.50214418606058,3.3140000000457803,682.4123999999756,26731.0
1788766437,10,GET,GET /articles (list),2.000000,0.000000,5,6,7,7,9,9,9,9,9,9,9,15,0,6,38.903726666618844,2.7168999999958032,254.75429999983135,25645.866666666665
1788766437,10,GET,GET /articles/{id} (detail),0.500000,0.000000,8,8,11,11,11,11,11,11,11,11,11,4,0,8,7.765200000108052,3.115100000059101,11.398900000131107,3210.75
1788766437,10,POST,[setup] POST /auth/login,0.750000,0.000000,670,670,670,670,670,670,670,670,670,670,670,3,0,430,506.4572333333217,426.1082999998962,666.1658000000443,178.0
1788766437,10,,Aggregated,9.500000,0.000000,6,8,10,12,670,670,680,680,680,680,680,65,0,7,109.23970153846592,2.7168999999958032,682.4123999999756,23807.66153846154
1788766438,10,GET,GET /articles (anon),6.400000,0.000000,6,7,8,8,10,12,13,13,13,13,13,49,0,6,102.02206734695154,3.3140000000457803,682.4123999999756,26731.0
1788766438,10,GET,GET /articles (list),2.000000,0.000000,5,6,7,9,9,9,9,9,9,9,9,17,0,6,35.08286470582789,2.7168999999958032,254.75429999983135,25506.41176470588
1788766438,10,GET,GET /articles/{id} (detail),0.600000,0.000000,8,8,11,11,11,11,11,11,11,11,11,5,0,8,7.442840000067008,3.115100000059101,11.398900000131107,3210.0
1788766438,10,POST,[setup] POST /auth/login,0.600000,0.000000,670,670,670,670,670,670,670,670,670,670,670,3,0,430,506.4572333333217,426.1082999998962,666.1658000000443,178.0
1788766438,10,,Aggregated,9.600000,0.000000,6,8,9,11,670,670,680,680,680,680,680,74,0,6,96.64967432432432,2.7168999999958032,682.4123999999756,23783.945945945947
1788766439,10,GET,GET /articles (anon),6.666667,0.000000,6,7,8,8,9,11,13,13,13,13,13,59,0,6,85.71334237289794,2.8368000000682514,682.4123999999756,26731.0
1788766439,10,GET,GET /articles (list),2.166667,0.000000,5,6,7,7,9,9,9,9,9,9,9,19,0,6,31.92021052627512,2.7168999999958032,254.75429999983135,25565.473684210527
1788766439,10,GET,GET /articles/{id} (detail),0.500000,0.000000,8,8,8,11,11,11,11,11,11,11,11,6,0,8,7.540000000062719,3.115100000059101,11.398900000131107,3258.5
1788766439,10,POST,[setup] POST /auth/login,0.500000,0.000000,670,670,670,670,670,670,670,670,670,670,670,3,0,430,506.4572333333217,426.1082999998962,666.1658000000443,178.0
1788766439,10,,Aggregated,9.833333,0.000000,6,8,9,9,250,670,680,680,680,680,680,87,0,6,83.08256206897181,2.7168999999958032,682.4123999999756,23942.045977011494
1788766440,10,GET,GET /articles (anon),6.571429,0.000000,6,7,8,8,9,11,12,13,13,13,13,64,0,6,79.43328281251993,2.468399999997928,682.4123999999756,26731.0
1788766440,10,GET,GET /articles (list),2.285714,0.000000,5,6,7,8,9,9,9,9,9,9,9,20,0,6,30.728394999960074,2.7168999999958032,254.75429999983135,25396.7
1788766440,10,GET,GET /articles/{id} (detail),0.571429,0.000000,6,8,8,8,11,11,11,11,11,11,11,8,0,6,6.740837500046837,3.115100000059101,11.398900000131107,3072.375
1788766440,10,POST,[setup] POST /auth/login,0.428571,0.000000,670,670,670,670,670,670,670,670,670,670,670,3,0,430,506.4572333333217,426.1082999998962,666.1658000000443,178.0
1788766440,10,,Aggregated,9.857143,0.000000,6,8,9,9,250,670,680,680,680,680,680,95,0,6,76.5431200000086,2.468399999997928,682.4123999999756,23619.273684210526
1788766441,10,GET,GET /articles (anon),6.500000,0.000000,6,7,8,8,9,10,12,13,13,13,13,70,0,6,73.06303857144485,2.3530000000846485,682.4123999999756,26731.0
1788766441,10,GET,GET /articles (list),2.375000,0.000000,5,6,7,8,9,9,9,9,9,9,9,21,0,6,29.415957142819458,2.7168999999958032,254.75429999983135,25244.0
1788766441,10,GET,GET /articles/{id} (detail),0.750000,0.000000,6,7,8,8,11,11,11,11,11,11,11,10,0,6,6.5336400000205686,3.115100000059101,11.398900000131107,2840.6
1788766441,10,POST,[setup] POST /auth/login,0.375000,0.000000,670,670,670,670,670,670,670,670,670,670,670,3,0,430,506.4572333333217,426.1082999998962,666.1658000000443,178.0
1788766441,10,,Aggregated,10.000000,0.000000,6,8,8,9,14,670,680,680,680,680,680,104,0,6,70.35438365385114,2.3530000000846485,682.4123999999756,23367.634615384617
1788766442,10,GET,GET /articles (anon),6.666667,0.000000,6,6,8,8,9,10,12,13,13,13,13,76,0,6,67.69955394737867,2.3530000000846485,682.4123999999756,26731.0
1788766442,10,GET,GET /articles (list),2.222222,0.000000,5,6,8,9,9,9,9,9,9,9,9,23,0,6,27.406130434744977,2.7168999999958032,254.75429999983135,25373.304347826088
1788766442,10,GET,GET /articles/{id} (detail),0.777778,0.000000,7,7,8,8,11,11,11,11,11,11,11,11,0,7,6.603590909104572,3.115100000059101,11.398900000131107,2786.090909090909
1788766442,10,POST,[setup] POST /auth/login,0.333333,0.000000,670,670,670,670,670,670,670,670,670,670,670,3,0,430,506.4572333333217,426.1082999998962,666.1658000000443,178.0
1788766442,10,,Aggregated,10.000000,0.000000,6,7,8,8,9,10,12,13,13,13,13,113,0,6,65.1992769911507,2.3530000000846485,682.4123999999756,23418.78761061947
1788766443,10,GET,GET /articles (anon),6.600000,0.000000,6,6,7,8,9,10,12,13,13,13,13,83,0,6,62.424902409647764,2.3530000000846485,682.4123999999756,26731.0
1788766443,10,GET,GET /articles (list),2.000000,0.000000,5,6,8,9,9,9,9,9,9,9,9,25,0,5,25.511995999959254,2.7168999999958032,254.75429999983135,25481.92
1788766443,10,GET,GET /articles/{id} (detail),0.900000,0.000000,6,7,8,8,8,11,11,11,11,11,11,12,0,6,6.491591666682932,3.115100000059101,11.398900000131107,2800.1666666666665
1788766443,10,POST,[setup] POST /auth/login,0.300000,0.000000,670,670,670,670,670,670,670,670,670,670,670,3,0,430,506.4572333333217,426.1082999998962,666.1658000000443,178.0
1788766443,10,,Aggregated,9.800000,0.000000,5,6,8,8,9,10,12,13,13,13,13,123,0,6,60.29542764227566,2.3530000000846485,682.4123999999756,23494.772357723577
1788766444,10,GET,GET /articles (anon),7.400000,0.000000,5,6,7,8,9,9,10,11,11,11,11,91,0,6,57.38733516484619,2.3530000000846485,682.4123999999756,26731.0
1788766444,10,GET,GET /articles (list),2.200000,0.000000,5,6,8,9,9,9,9,9,9,9,9,28,0,5,23.306357142814704,2.7168999999958032,254.75429999983135,25453.571428571428
1788766444,10,GET,GET /articles/{id} (detail),1.000000,0.000000,7,7,8,8,11,11,11,11,11,11,11,12,0,6,6.491591666682932,3.115100000059101,11.398900000131107,2800.1666666666665
1788766444,10,POST,[setup] POST /auth/login,0.100000,0.000000,670,670,670,670,670,670,670,670,670,670,670,3,0,430,506.4572333333217,426.1082999998962,666.1658000000443,178.0
1788766444,10,,Aggregated,10.700000,0.000000,5,6,7,8,9,9,11,11,11,11,11,134,0,6,55.76191268656698,2.3530000000846485,682.4123999999756,23726.544776119405
1788766445,10,GET,GET /articles (anon),7.200000,0.000000,5,6,7,8,9,9,10,11,11,11,11,97,0,6,54.20754020619637,2.3530000000846485,682.4123999999756,26731.0
1788766445,10,GET,GET /articles (list),2.100000,0.000000,4,6,6,8,9,9,9,9,9,9,9,29,0,5,22.639565517199024,2.7168999999958032,254.75429999983135,25451.862068965518
1788766445,10,GET,GET /articles/{id} (detail),1.200000,0.000000,7,7,8,8,8,11,11,11,11,11,11,14,0,6,6.436714285720362,3.115100000059101,11.398900000131107,2777.0
1788766445,10,POST,[setup] POST /auth/login,0.000000,0.000000,670,670,670,670,670,670,670,670,670,670,670,3,0,430,506.4572333333217,426.1082999998962,666.1658000000443,178.0
1788766445,10,,Aggregated,10.500000,0.000000,5,6,7,8,9,9,11,11,11,11,11,143,0,6,52.616534965034056,2.3530000000846485,682.4123999999756,23569.39160839161
1788766446,10,GET,GET /articles (anon),7.000000,0.000000,6,6,7,8,9,9,10,11,11,11,11,106,0,6,50.2663905660445,2.3530000000846485,682.4123999999756,26731.0
1788766446,10,GET,GET /articles (list),2.200000,0.000000,5,6,7,8,9,10,10,10,10,10,10,31,0,5,21.733599999966064,2.7168999999958032,254.75429999983135,25534.387096774193
1788766446,10,GET,GET /articles/{id} (detail),1.100000,0.000000,6,7,7,7,8,11,11,11,11,11,11,15,0,6,6.401513333351734,3.115100000059101,11.398900000131107,2687.9333333333334
1788766446,10,POST,[setup] POST /auth/login,0.000000,0.000000,670,670,670,670,670,670,670,670,670,670,670,3,0,430,506.4572333333217,426.1082999998962,666.1658000000443,178.0
1788766446,10,,Aggregated,10.300000,0.000000,6,6,7,8,9,10,11,11,11,11,11,155,0,6,49.14434451612843,2.3530000000846485,682.4123999999756,23651.0
1788766447,10,GET,GET /articles (anon),6.800000,0.000000,6,6,6,8,9,9,10,11,11,11,11,112,0,6,47.84498035715095,2.3530000000846485,682.4123999999756,26731.0
1788766447,10,GET,GET /articles (list),2.100000,0.000000,5,6,8,9,10,10,10,10,10,10,10,35,0,5,20.008717142828964,2.7168999999958032,254.75429999983135,25633.22857142857
1788766447,10,GET,GET /articles/{id} (detail),1.200000,0.000000,6,7,7,7,7,8,8,8,8,8,8,15,0,6,6.401513333351734,3.115100000059101,11.398900000131107,2687.9333333333334
1788766447,10,POST,[setup] POST /auth/login,0.000000,0.000000,670,670,670,670,670,670,670,670,670,670,670,3,0,430,506.4572333333217,426.1082999998962,666.1658000000443,178.0
1788766447,10,,Aggregated,10.100000,0.000000,5,6,7,8,9,9,10,11,11,11,11,165,0,6,46.51113515151613,2.3530000000846485,682.4123999999756,23829.62424242424
1788766448,10,GET,GET /articles (anon),6.900000,0.000000,5,6,6,7,8,9,10,11,11,11,11,119,0,6,45.305326890764476,2.3530000000846485,682.4123999999756,26731.0
1788766448,10,GET,GET /articles (list),2.100000,0.000000,5,7,8,9,10,10,10,10,10,10,10,37,0,5,19.266878378353745,2.7168999999958032,254.75429999983135,25620.837837837837
1788766448,10,GET,GET /articles/{id} (detail),1.200000,0.000000,5,6,7,7,7,7,7,7,7,7,7,16,0,6,6.225525000019161,3.115100000059101,11.398900000131107,2703.1875
1788766448,10,POST,[setup] POST /auth/login,0.000000,0.000000,670,670,670,670,670,670,670,670,670,670,670,3,0,430,506.4572333333217,426.1082999998962,666.1658000000443,178.0
1788766448,10,,Aggregated,10.200000,0.000000,5,6,7,7,9,9,10,11,11,11,11,175,0,6,44.13250571428762,2.3530000000846485,682.4123999999756,23844.257142857143
1788766449,10,GET,GET /articles (anon),6.700000,0.000000,5,6,6,6,8,9,10,11,11,11,11,126,0,6,43.05060238095848,2.3530000000846485,682.4123999999756,26731.0
1788766449,10,GET,GET /articles (list),2.000000,0.000000,5,7,8,9,10,10,10,10,10,10,10,39,0,5,18.54378717946649,2.7168999999958032,254.75429999983135,25643.74358974359
1788766449,10,GET,GET /articles/{id} (detail),1.200000,0.000000,6,6,7,7,7,7,7,7,7,7,7,17,0,6,6.215529411787536,3.115100000059101,11.398900000131107,2706.764705882353
1788766449,10,POST,[setup] POST /auth/login,0.000000,0.000000,670,670,670,670,670,670,670,670,670,670,670,3,0,430,506.4572333333217,426.1082999998962,666.1658000000443,178.0
1788766449,10,,Aggregated,9.900000,0.000000,5,6,6,7,8,9,10,11,11,11,11,185,0,6,42.01415837838008,2.3530000000846485,682.4123999999756,23863.572972972972
1788766450,10,GET,GET /articles (anon),6.800000,0.000000,5,6,6,6,8,9,10,11,11,11,11,130,0,6,41.88749384615956,2.3530000000846485,682.4123999999756,26731.0
1788766450,10,GET,GET /articles (list),2.000000,0.000000,5,6,7,8,9,10,10,10,10,10,10,42,0,5,17.542192857122462,2.5362999999742897,254.75429999983135,25505.166666666668
1788766450,10,GET,GET /articles/{id} (detail),1.100000,0.000000,6,6,7,7,7,7,7,7,7,7,7,17,0,6,6.215529411787536,3.115100000059101,11.398900000131107,2706.764705882353
1788766450,10,POST,[setup] POST /auth/login,0.000000,0.000000,0,0,0,0,0,0,0,0,0,0,0,3,0,430,506.4572333333217,426.1082999998962,666.1658000000443,178.0
1788766450,10,,Aggregated,9.900000,0.000000,5,6,6,7,8,9,10,11,11,11,11,192,0,6,40.66240625000125,2.3530000000846485,682.4123999999756,23920.8125
1788766451,10,GET,GET /articles (anon),6.800000,0.000000,6,6,7,8,8,10,11,13,13,13,13,137,0,6,40.18341897810792,2.3530000000846485,682.4123999999756,26731.0
1788766451,10,GET,GET /articles (list),1.900000,0.000000,5,7,8,9,10,10,11,11,11,11,11,43,0,5,17.39217906974984,2.5362999999742897,254.75429999983135,25428.06976744186
1788766451,10,GET,GET /articles/{id} (detail),1.100000,0.000000,6,6,7,7,7,7,7,7,7,7,7,19,0,6,6.2286210526699985,3.115100000059101,11.398900000131107,2722.7368421052633
1788766451,10,POST,[setup] POST /auth/login,0.000000,0.000000,0,0,0,0,0,0,0,0,0,0,0,3,0,430,506.4572333333217,426.1082999998962,666.1658000000443,178.0
1788766451,10,,Aggregated,9.800000,0.000000,6,6,7,8,9,10,11,13,13,13,13,202,0,6,39.06290891089467,2.3530000000846485,682.4123999999756,23801.08910891089
1788766452,10,GET,GET /articles (anon),6.700000,0.000000,6,6,7,7,8,10,11,13,13,13,13,145,0,6,38.2491813793124,2.3530000000846485,682.4123999999756,26731.0
1788766452,10,GET,GET /articles (list),1.900000,0.000000,5,7,8,9,10,10,11,11,11,11,11,47,0,5,16.43630638296174,2.5362999999742897,254.75429999983135,25510.72340425532
1788766452,10,GET,GET /articles/{id} (detail),1.000000,0.000000,6,6,7,7,7,7,7,7,7,7,7,19,0,6,6.2286210526699985,3.115100000059101,11.398900000131107,2722.7368421052633
1788766452,10,POST,[setup] POST /auth/login,0.000000,0.000000,0,0,0,0,0,0,0,0,0,0,0,3,0,430,506.4572333333217,426.1082999998962,666.1658000000443,178.0
1788766452,10,,Aggregated,9.600000,0.000000,6,6,7,7,9,10,11,13,13,13,13,214,0,6,37.17922056074857,2.3530000000846485,682.4123999999756,23959.182242990653
1788766453,10,GET,GET /articles (anon),6.700000,0.000000,6,6,7,7,8,11,11,13,13,13,13,150,0,6,37.16708599999947,2.3530000000846485,682.4123999999756,26731.0
1788766453,10,GET,GET /articles (list),2.200000,0.000000,6,7,8,9,10,10,11,11,11,11,11,49,0,6,16.044399999981003,2.5362999999742897,254.75429999983135,25560.530612244896
1788766453,10,GET,GET /articles/{id} (detail),0.900000,0.000000,6,7,7,7,7,7,7,7,7,7,7,20,0,6,6.286835000037172,3.115100000059101,11.398900000131107,2654.55
1788766453,10,POST,[setup] POST /auth/login,0.000000,0.000000,0,0,0,0,0,0,0,0,0,0,0,3,0,430,506.4572333333217,426.1082999998962,666.1658000000443,178.0
1788766453,10,,Aggregated,9.800000,0.000000,6,6,7,7,9,11,11,13,13,13,13,222,0,6,36.064625675674314,2.3530000000846485,682.4123999999756,23944.77927927928
1788766454,10,GET,GET /articles (anon),6.400000,0.000000,6,6,7,7,8,11,11,13,13,13,13,156,0,6,35.94323076922971,2.3530000000846485,682.4123999999756,26731.0
1788766454,10,GET,GET /articles (list),2.200000,0.000000,6,7,8,9,10,10,11,11,11,11,11,51,0,6,15.647247058803472,2.5362999999742897,254.75429999983135,25606.43137254902
1788766454,10,GET,GET /articles/{id} (detail),0.900000,0.000000,6,6,7,7,7,7,7,7,7,7,7,21,0,6,6.228195238138921,3.115100000059101,11.398900000131107,2644.7619047619046
1788766454,10,POST,[setup] POST /auth/login,0.000000,0.000000,0,0,0,0,0,0,0,0,0,0,0,3,0,430,506.4572333333217,426.1082999998962,666.1658000000443,178.0
1788766454,10,,Aggregated,9.500000,0.000000,6,6,7,8,9,11,11,13,13,13,13,231,0,6,34.871503896102574,2.3530000000846485,682.4123999999756,23948.21645021645
1788766455,10,GET,GET /articles (anon),6.500000,0.000000,5,6,7,7,8,11,11,13,13,13,13,162,0,6,34.84838086419333,2.3530000000846485,682.4123999999756,26731.0
1788766455,10,GET,GET /articles (list),2.400000,0.000000,6,7,8,9,10,11,11,11,11,11,11,51,0,6,15.647247058803472,2.5362999999742897,254.75429999983135,25606.43137254902
1788766455,10,GET,GET /articles/{id} (detail),0.700000,0.000000,6,6,7,7,7,7,7,7,7,7,7,22,0,6,6.141909090956688,3.115100000059101,11.398900000131107,2690.2727272727275
1788766455,10,POST,[setup] POST /auth/login,0.000000,0.000000,0,0,0,0,0,0,0,0,0,0,0,3,0,430,506.4572333333217,426.1082999998962,666.1658000000443,178.0
1788766455,10,,Aggregated,9.600000,0.000000,6,6,7,7,9,11,11,13,13,13,13,238,0,6,34.02496218487105,2.3530000000846485,682.4123999999756,23933.067226890755
1788766456,10,GET,GET /articles (anon),6.500000,0.000000,5,6,7,7,9,11,13,13,13,13,13,171,0,6,33.40022982455705,2.3530000000846485,682.4123999999756,26731.0
1788766456,10,GET,GET /articles (list),2.100000,0.000000,6,8,8,9,10,11,11,11,11,11,11,54,0,6,15.239187037014677,2.5362999999742897,254.75429999983135,25644.333333333332
1788766456,10,GET,GET /articles/{id} (detail),0.800000,0.000000,6,6,7,7,7,7,7,7,7,7,7,23,0,6,6.091465217433205,3.115100000059101,11.398900000131107,2751.8260869565215
1788766456,10,POST,[setup] POST /auth/login,0.000000,0.000000,0,0,0,0,0,0,0,0,0,0,0,3,0,430,506.4572333333217,426.1082999998962,666.1658000000443,178.0
1788766456,10,,Aggregated,9.400000,0.000000,6,6,7,8,9,11,13,13,13,13,13,251,0,6,32.644744223103494,2.3530000000846485,682.4123999999756,23982.553784860556
1788766457,10,GET,GET /articles (anon),6.500000,0.000000,6,7,7,8,9,11,13,13,13,13,13,178,0,6,32.357087640444874,2.3530000000846485,682.4123999999756,26731.0
1788766457,10,GET,GET /articles (list),2.200000,0.000000,6,7,8,8,10,11,11,11,11,11,11,57,0,6,14.79771578945538,2.5362999999742897,254.75429999983135,25678.245614035088
1788766457,10,GET,GET /articles/{id} (detail),0.700000,0.000000,6,6,7,7,7,7,7,7,7,7,7,23,0,6,6.091465217433205,3.115100000059101,11.398900000131107,2751.8260869565215
1788766457,10,POST,[setup] POST /auth/login,0.000000,0.000000,0,0,0,0,0,0,0,0,0,0,0,3,0,430,506.4572333333217,426.1082999998962,666.1658000000443,178.0
1788766457,10,,Aggregated,9.400000,0.000000,6,7,7,8,9,11,13,13,13,13,13,261,0,6,31.65711417624166,2.3530000000846485,682.4123999999756,24082.773946360154
1788766458,10,GET,GET /articles (anon),6.500000,0.000000,6,7,8,8,9,11,13,13,13,13,13,186,0,6,31.252704838706332,2.3530000000846485,682.4123999999756,26731.0
1788766458,10,GET,GET /articles (list),2.200000,0.000000,6,8,8,9,11,11,11,11,11,11,11,58,0,6,14.675301724121804,2.5362999999742897,254.75429999983135,25618.103448275862
1788766458,10,GET,GET /articles/{id} (detail),0.700000,0.000000,6,6,7,7,10,10,10,10,10,10,10,24,0,6,6.243008333370881,3.115100000059101,11.398900000131107,2752.4166666666665
1788766458,10,POST,[setup] POST /auth/login,0.000000,0.000000,0,0,0,0,0,0,0,0,0,0,0,3,0,430,506.4572333333217,426.1082999998962,666.1658000000443,178.0
1788766458,10,,Aggregated,9.400000,0.000000,6,7,8,8,9,11,13,13,13,13,13,271,0,6,30.750459409591546,2.3530000000846485,682.4123999999756,24075.30627306273
1788766459,10,GET,GET /articles (anon),6.700000,0.000000,6,7,8,8,9,11,13,13,13,13,13,194,0,6,30.190661855667056,2.3530000000846485,682.4123999999756,26731.0
1788766459,10,GET,GET /articles (list),2.200000,0.000000,7,8,8,8,10,11,11,11,11,11,11,61,0,6,14.292119672119474,2.5362999999742897,254.75429999983135,25598.39344262295
1788766459,10,GET,GET /articles/{id} (detail),0.800000,0.000000,6,7,7,7,10,10,10,10,10,10,10,24,0,6,6.243008333370881,3.115100000059101,11.398900000131107,2752.4166666666665
1788766459,10,POST,[setup] POST /auth/login,0.000000,0.000000,0,0,0,0,0,0,0,0,0,0,0,3,0,430,506.4572333333217,426.1082999998962,666.1658000000443,178.0
1788766459,10,,Aggregated,9.700000,0.000000,6,7,8,8,9,11,13,13,13,13,13,282,0,6,29.780182978721857,2.3530000000846485,682.4123999999756,24162.794326241135
1788766460,10,GET,GET /articles (anon),6.700000,0.000000,6,7,8,8,9,10,13,13,13,13,13,199,0,6,29.60832613064955,2.3530000000846485,682.4123999999756,26731.0
1788766460,10,GET,GET /articles (list),2.100000,0.000000,8,8,8,9,10,11,11,11,11,11,11,63,0,6,14.111644444432791,2.5362999999742897,254.75429999983135,25634.349206349205
1788766460,10,GET,GET /articles/{id} (detail),0.900000,0.000000,7,7,7,7,10,10,10,10,10,10,10,25,0,6,6.266704000036043,3.115100000059101,11.398900000131107,2786.56
1788766460,10,POST,[setup] POST /auth/login,0.000000,0.000000,0,0,0,0,0,0,0,0,0,0,0,3,0,430,506.4572333333217,426.1082999998962,666.1658000000443,178.0
1788766460,10,,Aggregated,9.700000,0.000000,6,8,8,8,9,11,13,13,13,13,13,290,0,6,29.162516551722046,2.3530000000846485,682.4123999999756,24153.9
1788766461,10,GET,GET /articles (anon),6.800000,0.000000,6,7,8,8,9,10,11,13,13,13,13,206,0,6,28.843175242713787,2.3530000000846485,682.4123999999756,26731.0
1788766461,10,GET,GET /articles (list),2.100000,0.000000,8,8,8,9,10,11,11,11,11,11,11,64,0,6,14.001984374985454,2.5362999999742897,254.75429999983135,25651.484375
1788766461,10,GET,GET /articles/{id} (detail),0.700000,0.000000,7,7,7,7,10,10,10,10,10,10,10,26,0,6,6.287515384647472,3.115100000059101,11.398900000131107,2704.1923076923076
1788766461,10,POST,[setup] POST /auth/login,0.000000,0.000000,0,0,0,0,0,0,0,0,0,0,0,3,0,430,506.4572333333217,426.1082999998962,666.1658000000443,178.0
1788766461,10,,Aggregated,9.600000,0.000000,6,7,8,8,9,10,11,13,13,13,13,299,0,6,28.497218060197017,2.3530000000846485,682.4123999999756,24144.227424749162
1788766462,10,GET,GET /articles (anon),6.800000,0.000000,6,7,8,9,9,10,11,13,13,13,13,211,0,6,28.33941990520888,2.3530000000846485,682.4123999999756,26731.0
1788766462,10,GET,GET /articles (list),2.200000,0.000000,8,8,8,9,10,11,11,11,11,11,11,66,0,6,13.830371212107325,2.5362999999742897,254.75429999983135,25615.39393939394
1788766462,10,GET,GET /articles/{id} (detail),0.800000,0.000000,6,7,7,7,10,10,10,10,10,10,10,28,0,6,6.163314285743127,3.115100000059101,11.398900000131107,2681.464285714286
1788766462,10,POST,[setup] POST /auth/login,0.000000,0.000000,0,0,0,0,0,0,0,0,0,0,0,3,0,430,506.4572333333217,426.1082999998962,666.1658000000443,178.0
1788766462,10,,Aggregated,9.800000,0.000000,7,8,8,8,9,10,11,13,13,13,13,308,0,6,27.871320129866657,2.3530000000846485,682.4123999999756,24046.987012987014
1788766463,10,GET,GET /articles (anon),6.800000,0.000000,6,7,8,9,9,10,10,13,13,13,13,218,0,6,27.63100183485801,2.3530000000846485,682.4123999999756,26731.0
1788766463,10,GET,GET /articles (list),2.200000,0.000000,8,8,8,9,10,11,11,11,11,11,11,67,0,6,13.73481641789411,2.5362999999742897,254.75429999983135,25632.044776119405
1788766463,10,GET,GET /articles/{id} (detail),0.700000,0.000000,6,7,7,9,10,10,10,10,10,10,10,29,0,6,6.268041379340064,3.115100000059101,11.398900000131107,2727.8275862068967
1788766463,10,POST,[setup] POST /auth/login,0.000000,0.000000,0,0,0,0,0,0,0,0,0,0,0,3,0,430,506.4572333333217,426.1082999998962,666.1658000000443,178.0
1788766463,10,,Aggregated,9.700000,0.000000,7,8,8,9,9,10,11,13,13,13,13,317,0,6,27.271091482645993,2.3530000000846485,682.4123999999756,24051.564668769715
1788766464,10,GET,GET /articles (anon),6.900000,0.000000,6,7,8,8,9,10,10,13,13,13,13,226,0,6,26.881058407076704,2.3530000000846485,682.4123999999756,26731.0
1788766464,10,GET,GET /articles (list),2.100000,0.000000,8,8,8,9,10,11,11,11,11,11,11,68,0,6,13.595886764689753,2.5362999999742897,254.75429999983135,25581.426470588234
1788766464,10,GET,GET /articles/{id} (detail),0.800000,0.000000,7,7,9,10,10,10,10,10,10,10,10,31,0,6,6.335048387126657,3.115100000059101,11.398900000131107,2751.967741935484
1788766464,10,POST,[setup] POST /auth/login,0.000000,0.000000,0,0,0,0,0,0,0,0,0,0,0,3,0,430,506.4572333333217,426.1082999998962,666.1658000000443,178.0
1788766464,10,,Aggregated,9.800000,0.000000,7,8,8,9,9,10,11,13,13,13,13,328,0,6,26.57133445121686,2.3530000000846485,682.4123999999756,23983.5
1788766465,10,GET,GET /articles (anon),6.800000,0.000000,6,7,8,8,9,9,10,10,10,10,10,232,0,6,26.330745258617533,2.3530000000846485,682.4123999999756,26731.0
1788766465,10,GET,GET /articles (list),1.800000,0.000000,8,8,8,9,9,10,10,10,10,10,10,70,0,6,13.402065714269286,2.5362999999742897,254.75429999983135,25530.442857142858
1788766465,10,GET,GET /articles/{id} (detail),0.900000,0.000000,7,7,9,10,10,10,10,10,10,10,10,32,0,6,6.26945312502869,3.115100000059101,11.398900000131107,2736.0
1788766465,10,POST,[setup] POST /auth/login,0.000000,0.000000,0,0,0,0,0,0,0,0,0,0,0,3,0,430,506.4572333333217,426.1082999998962,666.1658000000443,178.0
1788766465,10,,Aggregated,9.500000,0.000000,7,7,8,8,9,10,10,10,10,10,10,337,0,6,26.01445608308309,2.3530000000846485,682.4123999999756,23966.792284866468
1788766466,10,GET,GET /articles (anon),6.700000,0.000000,6,7,8,8,9,10,10,10,10,10,10,240,0,6,25.63270999999645,2.3530000000846485,682.4123999999756,26731.0
1788766466,10,GET,GET /articles (list),1.800000,0.000000,8,8,8,9,9,10,10,10,10,10,10,72,0,6,13.22955416665334,2.5362999999742897,254.75429999983135,25545.36111111111
1788766466,10,GET,GET /articles/{id} (detail),1.000000,0.000000,7,7,9,10,10,10,10,10,10,10,10,33,0,6,6.188790909115569,3.115100000059101,11.398900000131107,2747.7272727272725
1788766466,10,POST,[setup] POST /auth/login,0.000000,0.000000,0,0,0,0,0,0,0,0,0,0,0,3,0,430,506.4572333333217,426.1082999998962,666.1658000000443,178.0
1788766466,10,,Aggregated,9.500000,0.000000,7,7,8,8,9,10,10,10,10,10,10,348,0,6,25.36775890804301,2.3530000000846485,682.4123999999756,23982.514367816093
1788766467,10,GET,GET /articles (anon),6.800000,0.000000,6,7,8,8,9,10,10,10,10,10,10,247,0,6,25.048810931171307,2.3530000000846485,682.4123999999756,26731.0
1788766467,10,GET,GET /articles (list),1.700000,0.000000,7,8,8,8,9,9,9,9,9,9,9,75,0,6,12.919190666652867,2.5362999999742897,254.75429999983135,25575.093333333334
1788766467,10,GET,GET /articles/{id} (detail),1.000000,0.000000,7,7,9,10,10,10,10,10,10,10,10,33,0,6,6.188790909115569,3.115100000059101,11.398900000131107,2747.7272727272725
1788766467,10,POST,[setup] POST /auth/login,0.000000,0.000000,0,0,0,0,0,0,0,0,0,0,0,3,0,430,506.4572333333217,426.1082999998962,666.1658000000443,178.0
1788766467,10,,Aggregated,9.500000,0.000000,6,7,8,8,9,10,10,10,10,10,10,358,0,6,24.803344692734793,2.3530000000846485,682.4123999999756,24055.58100558659
1788766468,10,GET,GET /articles (anon),6.700000,0.000000,6,7,7,8,9,10,10,10,10,10,10,254,0,6,24.477385826769495,2.3530000000846485,682.4123999999756,26731.0
1788766468,10,GET,GET /articles (list),1.700000,0.000000,7,8,8,8,9,9,9,9,9,9,9,77,0,6,12.693288311677495,2.5362999999742897,254.75429999983135,25546.14285714286
1788766468,10,GET,GET /articles/{id} (detail),1.100000,0.000000,6,7,7,9,10,10,10,10,10,10,10,34,0,6,6.1067794117929335,3.115100000059101,11.398900000131107,2685.8823529411766
1788766468,10,POST,[setup] POST /auth/login,0.000000,0.000000,0,0,0,0,0,0,0,0,0,0,0,3,0,430,506.4572333333217,426.1082999998962,666.1658000000443,178.0
1788766468,10,,Aggregated,9.500000,0.000000,6,7,7,8,9,10,10,10,10,10,10,368,0,6,24.243590760868326,2.3530000000846485,682.4123999999756,24045.057065217392
1788766469,10,GET,GET /articles (anon),6.900000,0.000000,6,6,7,8,9,10,10,14,14,14,14,261,0,6,23.97386704980654,2.3530000000846485,682.4123999999756,26731.0
1788766469,10,GET,GET /articles (list),1.700000,0.000000,7,7,8,8,9,9,9,9,9,9,9,80,0,6,12.385417499987739,2.4544000000332744,254.75429999983135,25573.9875
1788766469,10,GET,GET /articles/{id} (detail),1.000000,0.000000,6,7,7,9,10,10,10,10,10,10,10,34,0,6,6.1067794117929335,3.115100000059101,11.398900000131107,2685.8823529411766
1788766469,10,POST,[setup] POST /auth/login,0.000000,0.000000,0,0,0,0,0,0,0,0,0,0,0,3,0,430,506.4572333333217,426.1082999998962,666.1658000000443,178.0
1788766469,10,,Aggregated,9.600000,0.000000,6,7,7,8,9,10,10,14,14,14,14,378,0,6,23.743425661374207,2.3530000000846485,682.4123999999756,24112.603174603173
1788766470,10,GET,GET /articles (anon),6.800000,0.000000,5,6,7,7,9,10,10,14,14,14,14,270,0,6,23.332794074072236,2.3530000000846485,682.4123999999756,26731.0
1788766470,10,GET,GET /articles (list),1.800000,0.000000,5,7,7,7,9,9,9,9,9,9,9,84,0,6,11.920679761891236,1.8614000000525266,254.75429999983135,25613.285714285714
1788766470,10,GET,GET /articles/{id} (detail),1.000000,0.000000,4,6,7,9,10,10,10,10,10,10,10,34,0,6,6.1067794117929335,3.115100000059101,11.398900000131107,2685.8823529411766
1788766470,10,POST,[setup] POST /auth/login,0.000000,0.000000,0,0,0,0,0,0,0,0,0,0,0,3,0,430,506.4572333333217,426.1082999998962,666.1658000000443,178.0
1788766470,10,,Aggregated,9.600000,0.000000,5,6,7,7,9,10,10,14,14,14,14,391,0,6,23.09000946291379,1.8614000000525266,682.4123999999756,24196.265984654732
1788766471,10,GET,GET /articles (anon),6.900000,0.000000,5,6,7,7,9,10,10,14,14,14,14,276,0,6,22.923426449272423,2.297700000099212,682.4123999999756,26731.0
1788766471,10,GET,GET /articles (list),1.900000,0.000000,5,7,7,7,9,9,9,9,9,9,9,84,0,6,11.920679761891236,1.8614000000525266,254.75429999983135,25613.285714285714
1788766471,10,GET,GET /articles/{id} (detail),1.000000,0.000000,5,6,6,9,10,10,10,10,10,10,10,36,0,6,6.0507138889155,3.115100000059101,11.398900000131107,2626.6111111111113
1788766471,10,POST,[setup] POST /auth/login,0.000000,0.000000,0,0,0,0,0,0,0,0,0,0,0,3,0,430,506.4572333333217,426.1082999998962,666.1658000000443,178.0
1788766471,10,,Aggregated,9.800000,0.000000,5,6,7,7,9,10,10,14,14,14,14,399,0,6,22.720301253130266,1.8614000000525266,682.4123999999756,24121.213032581454
1788766472,10,GET,GET /articles (anon),6.800000,0.000000,5,6,6,7,9,10,11,14,14,14,14,284,0,6,22.4532232394325,2.297700000099212,682.4123999999756,26731.0
1788766472,10,GET,GET /articles (list),2.000000,0.000000,5,7,7,7,9,9,9,9,9,9,9,87,0,6,11.773383908029633,1.8614000000525266,254.75429999983135,25636.57471264368
1788766472,10,GET,GET /articles/{id} (detail),0.900000,0.000000,4,5,6,9,10,10,10,10,10,10,10,37,0,6,6.004554054083496,3.115100000059101,11.398900000131107,2651.2702702702704
1788766472,10,POST,[setup] POST /auth/login,0.000000,0.000000,0,0,0,0,0,0,0,0,0,0,0,3,0,430,506.4572333333217,426.1082999998962,666.1658000000443,178.0
1788766472,10,,Aggregated,9.700000,0.000000,5,6,7,7,9,10,11,14,14,14,14,411,0,6,22.244622871042488,1.8614000000525266,682.4123999999756,24137.75425790754
1788766473,10,GET,GET /articles (anon),7.000000,0.000000,5,6,6,7,9,10,11,14,14,14,14,292,0,6,22.01358698629728,2.297700000099212,682.4123999999756,26731.0
1788766473,10,GET,GET /articles (list),2.000000,0.000000,5,7,7,7,9,9,10,10,10,10,10,89,0,6,11.695521348298591,1.8614000000525266,254.75429999983135,25631.34831460674
1788766473,10,GET,GET /articles/{id} (detail),0.900000,0.000000,4,5,6,6,10,10,10,10,10,10,10,38,0,6,5.931107894770991,3.115100000059101,11.398900000131107,2611.684210526316
1788766473,10,POST,[setup] POST /auth/login,0.000000,0.000000,0,0,0,0,0,0,0,0,0,0,0,3,0,430,506.4572333333217,426.1082999998962,666.1658000000443,178.0
1788766473,10,,Aggregated,9.900000,0.000000,5,6,6,7,9,10,10,11,14,14,14,422,0,6,21.833228909949394,1.8614000000525266,682.4123999999756,24138.436018957345
1788766474,10,GET,GET /articles (anon),7.000000,0.000000,5,6,6,7,9,10,11,14,14,14,14,296,0,6,21.796394256752464,2.297700000099212,682.4123999999756,26731.0
1788766474,10,GET,GET /articles (list),2.000000,0.000000,5,7,7,7,9,9,10,10,10,10,10,90,0,6,11.604525555539011,1.8614000000525266,254.75429999983135,25643.566666666666
1788766474,10,GET,GET /articles/{id} (detail),0.900000,0.000000,4,5,6,6,6,6,6,6,6,6,6,39,0,6,5.935653846190456,3.115100000059101,11.398900000131107,2649.5641025641025
1788766474,10,POST,[setup] POST /auth/login,0.000000,0.000000,0,0,0,0,0,0,0,0,0,0,0,3,0,430,506.4572333333217,426.1082999998962,666.1658000000443,178.0
1788766474,10,,Aggregated,9.900000,0.000000,5,6,6,7,9,10,11,14,14,14,14,428,0,6,21.60514532709961,1.8614000000525266,682.4123999999756,24121.8785046729
1788766475,10,GET,GET /articles (anon),7.100000,0.000000,5,6,6,7,9,10,11,14,14,14,14,304,0,6,21.390285526311608,2.297700000099212,682.4123999999756,26731.0
1788766475,10,GET,GET /articles (list),2.200000,0.000000,5,7,7,7,9,9,10,10,10,10,10,91,0,6,11.579647252729346,1.8614000000525266,254.75429999983135,25655.516483516483
1788766475,10,GET,GET /articles/{id} (detail),0.900000,0.000000,5,5,6,6,8,8,8,8,8,8,8,41,0,6,5.965595121984379,3.115100000059101,11.398900000131107,2667.951219512195
1788766475,10,POST,[setup] POST /auth/login,0.000000,0.000000,0,0,0,0,0,0,0,0,0,0,0,3,0,430,506.4572333333217,426.1082999998962,666.1658000000443,178.0
1788766475,10,,Aggregated,10.200000,0.000000,5,6,6,7,9,10,11,14,14,14,14,439,0,6,21.23087881548616,1.8614000000525266,682.4123999999756,24079.261958997722
1788766476,10,GET,GET /articles (anon),7.200000,0.000000,5,6,6,7,9,10,11,14,14,14,14,311,0,6,21.02678553054394,2.297700000099212,682.4123999999756,26731.0
1788766476,10,GET,GET /articles (list),2.200000,0.000000,5,6,7,7,9,9,10,10,10,10,10,94,0,6,11.38269148934119,1.8614000000525266,254.75429999983135,25627.41489361702
1788766476,10,GET,GET /articles/{id} (detail),0.800000,0.000000,5,5,6,6,8,8,8,8,8,8,8,42,0,6,5.902861904793272,3.115100000059101,11.398900000131107,2684.285714285714
1788766476,10,POST,[setup] POST /auth/login,0.000000,0.000000,0,0,0,0,0,0,0,0,0,0,0,3,0,430,506.4572333333217,426.1082999998962,666.1658000000443,178.0
1788766476,10,,Aggregated,10.200000,0.000000,5,6,6,7,9,10,11,14,14,14,14,450,0,6,20.83687822221893,1.8614000000525266,682.4123999999756,24079.093333333334
1788766477,10,GET,GET /articles (anon),7.300000,0.000000,5,6,7,7,9,11,11,14,14,14,14,317,0,6,20.769859621446805,2.297700000099212,682.4123999999756,26731.0
1788766477,10,GET,GET /articles (list),2.200000,0.000000,5,6,7,9,9,10,11,11,11,11,11,96,0,6,11.312537499980143,1.8614000000525266,254.75429999983135,25603.104166666668
1788766477,10,GET,GET /articles/{id} (detail),0.800000,0.000000,5,5,6,6,8,8,8,8,8,8,8,42,0,6,5.902861904793272,3.115100000059101,11.398900000131107,2684.285714285714
1788766477,10,POST,[setup] POST /auth/login,0.000000,0.000000,0,0,0,0,0,0,0,0,0,0,0,3,0,430,506.4572333333217,426.1082999998962,666.1658000000443,178.0
1788766477,10,,Aggregated,10.300000,0.000000,5,6,7,7,9,11,11,14,14,14,14,458,0,6,20.605548034930163,1.8614000000525266,682.4123999999756,24115.5
1788766478,10,GET,GET /articles (anon),7.200000,0.000000,5,6,7,7,9,11,11,14,14,14,14,326,0,6,20.352727300609263,2.297700000099212,682.4123999999756,26731.0
1788766478,10,GET,GET /articles (list),2.200000,0.000000,6,8,9,9,10,11,11,11,11,11,11,100,0,6,11.18429699997705,1.8614000000525266,254.75429999983135,25634.95
1788766478,10,GET,GET /articles/{id} (detail),0.900000,0.000000,5,5,6,6,8,8,8,8,8,8,8,43,0,6,5.876683720961685,3.115100000059101,11.398900000131107,2659.767441860465
1788766478,10,POST,[setup] POST /auth/login,0.000000,0.000000,0,0,0,0,0,0,0,0,0,0,0,3,0,430,506.4572333333217,426.1082999998962,666.1658000000443,178.0
1788766478,10,,Aggregated,10.300000,0.000000,5,7,7,8,9,11,11,14,14,14,14,472,0,6,20.181118432198396,1.8614000000525266,682.4123999999756,24137.08686440678
1788766479,10,GET,GET /articles (anon),6.900000,0.000000,6,6,7,7,8,10,11,11,11,11,11,333,0,6,20.033525225221158,2.297700000099212,682.4123999999756,26731.0
1788766479,10,GET,GET /articles (list),2.300000,0.000000,6,8,9,9,11,11,11,11,11,11,11,100,0,6,11.18429699997705,1.8614000000525266,254.75429999983135,25634.95
1788766479,10,GET,GET /articles/{id} (detail),0.900000,0.000000,5,6,6,6,7,8,8,8,8,8,8,45,0,6,5.887946666699564,3.115100000059101,11.398900000131107,2621.4666666666667
1788766479,10,POST,[setup] POST /auth/login,0.000000,0.000000,0,0,0,0,0,0,0,0,0,0,0,3,0,430,506.4572333333217,426.1082999998962,666.1658000000443,178.0
1788766479,10,,Aggregated,10.100000,0.000000,5,6,7,8,9,11,11,11,11,11,11,481,0,6,19.904205613301034,1.8614000000525266,682.4123999999756,24081.950103950105
1788766480,10,GET,GET /articles (anon),6.900000,0.000000,6,7,7,7,9,11,11,12,12,12,12,340,0,6,19.757569117644593,2.297700000099212,682.4123999999756,26731.0
1788766480,10,GET,GET /articles (list),2.200000,0.000000,8,9,10,10,11,14,14,14,14,14,14,103,0,6,11.188693203859781,1.8614000000525266,254.75429999983135,25666.873786407767
1788766480,10,GET,GET /articles/{id} (detail),0.800000,0.000000,5,6,6,6,7,8,8,8,8,8,8,45,0,6,5.887946666699564,3.115100000059101,11.398900000131107,2621.4666666666667
1788766480,10,POST,[setup] POST /auth/login,0.000000,0.000000,0,0,0,0,0,0,0,0,0,0,0,3,0,430,506.4572333333217,426.1082999998962,666.1658000000443,178.0
1788766480,10,,Aggregated,9.900000,0.000000,6,7,8,8,10,11,12,14,14,14,14,491,0,6,19.662603258652066,1.8614000000525266,682.4123999999756,24135.902240325864
1788766481,10,GET,GET /articles (anon),6.900000,0.000000,6,7,7,8,9,11,11,12,12,12,12,346,0,6,19.514543352596842,2.297700000099212,682.4123999999756,26731.0
1788766481,10,GET,GET /articles (list),2.200000,0.000000,8,9,10,10,11,11,14,14,14,14,14,106,0,6,11.059301886770866,1.8614000000525266,254.75429999983135,25641.632075471698
1788766481,10,GET,GET /articles/{id} (detail),1.000000,0.000000,5,5,6,7,8,8,8,8,8,8,8,45,0,6,5.887946666699564,3.115100000059101,11.398900000131107,2621.4666666666667
1788766481,10,POST,[setup] POST /auth/login,0.000000,0.000000,0,0,0,0,0,0,0,0,0,0,0,3,0,430,506.4572333333217,426.1082999998962,666.1658000000443,178.0
1788766481,10,,Aggregated,10.100000,0.000000,6,7,8,8,10,11,12,14,14,14,14,500,0,6,19.41729459999533,1.8614000000525266,682.4123999999756,24170.878
1788766482,10,GET,GET /articles (anon),7.000000,0.000000,6,7,7,8,9,10,11,12,12,12,12,352,0,6,19.258460227268355,2.297700000099212,682.4123999999756,26731.0
1788766482,10,GET,GET /articles (list),1.900000,0.000000,8,9,10,10,11,14,14,14,14,14,14,108,0,6,10.968745370348643,1.8614000000525266,254.75429999983135,25661.805555555555
1788766482,10,GET,GET /articles/{id} (detail),1.100000,0.000000,5,6,7,7,8,8,8,8,8,8,8,45,0,6,5.887946666699564,3.115100000059101,11.398900000131107,2621.4666666666667
1788766482,10,POST,[setup] POST /auth/login,0.000000,0.000000,0,0,0,0,0,0,0,0,0,0,0,3,0,430,506.4572333333217,426.1082999998962,666.1658000000443,178.0
1788766482,10,,Aggregated,10.000000,0.000000,6,7,8,8,10,11,12,14,14,14,14,508,0,6,19.18884212597945,1.8614000000525266,682.4123999999756,24211.194881889765
1788766483,10,GET,GET /articles (anon),7.000000,0.000000,6,7,7,8,10,11,12,18,18,18,18,360,0,6,19.024118055551753,2.297700000099212,682.4123999999756,26731.0
1788766483,10,GET,GET /articles (list),1.900000,0.000000,8,9,10,10,11,14,17,17,17,17,17,110,0,6,11.012966363614396,1.8614000000525266,254.75429999983135,25639.963636363635
1788766483,10,GET,GET /articles/{id} (detail),1.100000,0.000000,5,6,7,7,8,8,8,8,8,8,8,46,0,5,5.868206521768116,3.115100000059101,11.398900000131107,2651.0434782608695
1788766483,10,POST,[setup] POST /auth/login,0.000000,0.000000,0,0,0,0,0,0,0,0,0,0,0,3,0,430,506.4572333333217,426.1082999998962,666.1658000000443,178.0
1788766483,10,,Aggregated,10.000000,0.000000,6,7,8,8,11,12,17,18,18,18,18,519,0,6,18.977684007702337,1.8614000000525266,682.4123999999756,24212.019267822736
1788766484,10,GET,GET /articles (anon),7.000000,0.000000,6,7,7,8,9,11,12,18,18,18,18,366,0,6,18.815164754095264,2.297700000099212,682.4123999999756,26731.0
1788766484,10,GET,GET /articles (list),2.100000,0.000000,8,9,10,10,11,14,17,17,17,17,17,113,0,6,10.893492035379053,1.8614000000525266,254.75429999983135,25668.929203539825
1788766484,10,GET,GET /articles/{id} (detail),0.900000,0.000000,5,5,7,7,8,8,8,8,8,8,8,46,0,5,5.868206521768116,3.115100000059101,11.398900000131107,2651.0434782608695
1788766484,10,POST,[setup] POST /auth/login,0.000000,0.000000,0,0,0,0,0,0,0,0,0,0,0,3,0,430,506.4572333333217,426.1082999998962,666.1658000000443,178.0
1788766484,10,,Aggregated,10.000000,0.000000,6,7,8,8,10,12,17,18,18,18,18,528,0,6,18.762545643935603,1.8614000000525266,682.4123999999756,24254.95643939394
1788766485,10,GET,GET /articles (anon),6.700000,0.000000,6,7,8,8,10,11,12,18,18,18,18,373,0,6,18.597343699728167,2.297700000099212,682.4123999999756,26731.0
1788766485,10,GET,GET /articles (list),2.000000,0.000000,8,9,10,10,11,14,17,17,17,17,17,116,0,6,10.819555172396388,1.8614000000525266,254.75429999983135,25696.396551724138
1788766485,10,GET,GET /articles/{id} (detail),0.900000,0.000000,5,5,7,7,8,8,8,8,8,8,8,47,0,5,5.828319148964085,3.115100000059101,11.398900000131107,2658.851063829787
1788766485,10,POST,[setup] POST /auth/login,0.000000,0.000000,0,0,0,0,0,0,0,0,0,0,0,3,0,430,506.4572333333217,426.1082999998962,666.1658000000443,178.0
1788766485,10,,Aggregated,9.600000,0.000000,6,7,8,8,10,12,17,18,18,18,18,539,0,6,18.52538089053407,1.8614000000525266,682.4123999999756,24261.493506493505
1788766486,10,GET,GET /articles (anon),6.800000,0.000000,6,7,8,8,10,11,12,18,18,18,18,381,0,6,18.351012860889654,2.297700000099212,682.4123999999756,26731.0
1788766486,10,GET,GET /articles (list),2.100000,0.000000,8,10,10,10,11,14,17,17,17,17,17,118,0,6,10.747916101678838,1.8614000000525266,254.75429999983135,25713.93220338983
1788766486,10,GET,GET /articles/{id} (detail),0.800000,0.000000,5,5,6,6,7,7,7,7,7,7,7,48,0,5,5.829352083362475,3.115100000059101,11.398900000131107,2657.5416666666665
1788766486,10,POST,[setup] POST /auth/login,0.000000,0.000000,0,0,0,0,0,0,0,0,0,0,0,3,0,430,506.4572333333217,426.1082999998962,666.1658000000443,178.0
1788766486,10,,Aggregated,9.700000,0.000000,6,8,8,9,10,12,17,18,18,18,18,550,0,6,18.289401090906225,1.8614000000525266,682.4123999999756,24267.00181818182
1788766487,10,GET,GET /articles (anon),6.800000,0.000000,6,7,8,8,9,11,12,18,18,18,18,389,0,6,18.12178149099922,2.297700000099212,682.4123999999756,26731.0
1788766487,10,GET,GET /articles (list),2.400000,0.000000,8,9,10,10,11,14,17,17,17,17,17,120,0,6,10.706491666652104,1.8614000000525266,254.75429999983135,25719.825
1788766487,10,GET,GET /articles/{id} (detail),0.700000,0.000000,5,5,6,6,7,7,7,7,7,7,7,48,0,5,5.829352083362475,3.115100000059101,11.398900000131107,2657.5416666666665
1788766487,10,POST,[setup] POST /auth/login,0.000000,0.000000,0,0,0,0,0,0,0,0,0,0,0,3,0,430,506.4572333333217,426.1082999998962,666.1658000000443,178.0
1788766487,10,,Aggregated,9.900000,0.000000,6,8,8,9,10,12,17,18,18,18,18,560,0,6,18.095236785711272,1.8614000000525266,682.4123999999756,24308.632142857143
1788766488,10,GET,GET /articles (anon),6.800000,0.000000,6,8,9,9,10,12,12,18,18,18,18,397,0,6,17.930059193953163,2.297700000099212,682.4123999999756,26731.0
1788766488,10,GET,GET /articles (list),2.400000,0.000000,8,9,10,10,11,14,17,17,17,17,17,124,0,7,10.62781935482257,1.8614000000525266,254.75429999983135,25705.120967741936
1788766488,10,GET,GET /articles/{id} (detail),0.500000,0.000000,6,6,7,7,7,7,7,7,7,7,7,48,0,5,5.829352083362475,3.115100000059101,11.398900000131107,2657.5416666666665
1788766488,10,POST,[setup] POST /auth/login,0.000000,0.000000,0,0,0,0,0,0,0,0,0,0,0,3,0,430,506.4572333333217,426.1082999998962,666.1658000000443,178.0
1788766488,10,,Aggregated,9.700000,0.000000,7,8,9,9,10,12,17,18,18,18,18,572,0,6,17.893817657340502,1.8614000000525266,682.4123999999756,24349.19230769231
1788766489,10,GET,GET /articles (anon),7.000000,0.000000,6,8,9,9,10,12,12,18,18,18,18,404,0,6,17.704028712869622,2.297700000099212,682.4123999999756,26731.0
1788766489,10,GET,GET /articles (list),2.300000,0.000000,8,9,10,10,10,14,17,17,17,17,17,124,0,7,10.62781935482257,1.8614000000525266,254.75429999983135,25705.120967741936
1788766489,10,GET,GET /articles/{id} (detail),0.600000,0.000000,6,6,7,7,7,7,7,7,7,7,7,50,0,6,5.856514000029165,3.115100000059101,11.398900000131107,2662.26
1788766489,10,POST,[setup] POST /auth/login,0.000000,0.000000,0,0,0,0,0,0,0,0,0,0,0,3,0,430,506.4572333333217,426.1082999998962,666.1658000000443,178.0
1788766489,10,,Aggregated,9.900000,0.000000,7,8,9,9,10,12,17,18,18,18,18,581,0,6,17.69789087779475,1.8614000000525266,682.4123999999756,24303.624784853702
1788766490,10,GET,GET /articles (anon),7.100000,0.000000,6,8,8,9,10,12,12,18,18,18,18,410,0,6,17.516094878046935,2.297700000099212,682.4123999999756,26731.0
1788766490,10,GET,GET /articles (list),2.300000,0.000000,8,9,9,9,10,10,17,17,17,17,17,126,0,7,10.515035714269693,1.8614000000525266,254.75429999983135,25710.873015873014
1788766490,10,GET,GET /articles/{id} (detail),0.600000,0.000000,6,6,6,6,7,7,7,7,7,7,7,51,0,6,5.844996078457032,3.115100000059101,11.398900000131107,2692.6666666666665
1788766490,10,POST,[setup] POST /auth/login,0.000000,0.000000,0,0,0,0,0,0,0,0,0,0,0,3,0,430,506.4572333333217,426.1082999998962,666.1658000000443,178.0
1788766490,10,,Aggregated,10.000000,0.000000,7,8,9,9,10,12,17,18,18,18,18,590,0,6,17.498237118641523,1.8614000000525266,682.4123999999756,24300.237288135595
1788766491,10,GET,GET /articles (anon),7.100000,0.000000,6,7,8,9,10,12,12,18,18,18,18,417,0,6,17.27264604316339,2.297700000099212,682.4123999999756,26731.0
1788766491,10,GET,GET /articles (list),2.400000,0.000000,7,9,9,9,10,10,17,17,17,17,17,127,0,7,10.450112598409474,1.8614000000525266,254.75429999983135,25683.149606299212
1788766491,10,GET,GET /articles/{id} (detail),0.400000,0.000000,5,5,6,6,7,7,7,7,7,7,7,54,0,5,5.691746296322351,2.2598000000471075,11.398900000131107,2674.574074074074
1788766491,10,POST,[setup] POST /auth/login,0.000000,0.000000,0,0,0,0,0,0,0,0,0,0,0,3,0,430,506.4572333333217,426.1082999998962,666.1658000000443,178.0
1788766491,10,,Aggregated,9.900000,0.000000,6,7,8,9,10,12,17,18,18,18,18,601,0,6,17.23225241264311,1.8614000000525266,682.4123999999756,24215.5540765391
1788766492,10,GET,GET /articles (anon),7.100000,0.000000,6,7,8,9,10,12,12,18,18,18,18,422,0,6,17.102528672983258,2.297700000099212,682.4123999999756,26731.0
1788766492,10,GET,GET /articles (list),2.400000,0.000000,7,9,9,9,10,10,17,17,17,17,17,129,0,6,10.329653488356563,1.8614000000525266,254.75429999983135,25689.108527131782
1788766492,10,GET,GET /articles/{id} (detail),0.500000,0.000000,5,5,6,6,7,7,7,7,7,7,7,55,0,5,5.632223636389839,2.2598000000471075,11.398900000131107,2672.3818181818183
1788766492,10,POST,[setup] POST /auth/login,0.000000,0.000000,0,0,0,0,0,0,0,0,0,0,0,3,0,430,506.4572333333217,426.1082999998962,666.1658000000443,178.0
1788766492,10,,Aggregated,10.000000,0.000000,6,7,8,9,10,12,17,18,18,18,18,609,0,6,17.042588505744398,1.8614000000525266,682.4123999999756,24206.71921182266
1788766493,10,GET,GET /articles (anon),6.900000,0.000000,5,7,8,8,9,10,12,12,12,12,12,431,0,6,16.81071183294331,2.297700000099212,682.4123999999756,26731.0
1788766493,10,GET,GET /articles (list),2.300000,0.000000,7,8,9,9,9,10,10,10,10,10,10,131,0,6,10.215941984717283,1.8614000000525266,254.75429999983135,25670.351145038167
1788766493,10,GET,GET /articles/{id} (detail),0.600000,0.000000,4,5,6,6,7,7,7,7,7,7,7,55,0,5,5.632223636389839,2.2598000000471075,11.398900000131107,2672.3818181818183
1788766493,10,POST,[setup] POST /auth/login,0.000000,0.000000,0,0,0,0,0,0,0,0,0,0,0,3,0,430,506.4572333333217,426.1082999998962,666.1658000000443,178.0
1788766493,10,,Aggregated,9.800000,0.000000,5,7,8,8,9,10,11,12,12,12,12,620,0,6,16.7949180645128,1.8614000000525266,682.4123999999756,24244.18064516129
1788766495,10,GET,GET /articles (anon),7.000000,0.000000,4,6,7,8,9,9,12,12,12,12,12,437,0,6,16.62931189930969,2.115499999945314,682.4123999999756,26731.0
1788766495,10,GET,GET /articles (list),2.100000,0.000000,3,7,8,9,10,10,10,10,10,10,10,135,0,6,10.004265185169196,1.8614000000525266,254.75429999983135,25668.140740740742
1788766495,10,GET,GET /articles/{id} (detail),0.900000,0.000000,5,6,6,6,7,7,7,7,7,7,7,55,0,5,5.632223636389839,2.2598000000471075,11.398900000131107,2672.3818181818183
1788766495,10,POST,[setup] POST /auth/login,0.000000,0.000000,0,0,0,0,0,0,0,0,0,0,0,3,0,430,506.4572333333217,426.1082999998962,666.1658000000443,178.0
1788766495,10,,Aggregated,10.000000,0.000000,4,6,7,8,9,10,12,12,12,12,12,630,0,6,16.582109682535847,1.8614000000525266,682.4123999999756,24276.446031746033
1788766496,10,GET,GET /articles (anon),7.000000,0.000000,4,5,5,7,9,9,12,12,12,12,12,443,0,6,16.446108577873872,2.115499999945314,682.4123999999756,26731.0
1788766496,10,GET,GET /articles (list),2.100000,0.000000,3,5,7,8,9,10,10,10,10,10,10,136,0,6,9.949618382337883,1.8614000000525266,254.75429999983135,25675.95588235294
1788766496,10,GET,GET /articles/{id} (detail),0.900000,0.000000,4,5,6,6,7,7,7,7,7,7,7,56,0,5,5.575212500027809,2.2598000000471075,11.398900000131107,2649.3035714285716
1788766496,10,POST,[setup] POST /auth/login,0.000000,0.000000,0,0,0,0,0,0,0,0,0,0,0,3,0,430,506.4572333333217,426.1082999998962,666.1658000000443,178.0
1788766496,10,,Aggregated,10.000000,0.000000,4,5,7,7,9,9,12,12,12,12,12,638,0,6,16.411219122253293,1.8614000000525266,682.4123999999756,24267.489028213167
1788766497,10,GET,GET /articles (anon),7.100000,0.000000,3,4,5,5,8,9,12,12,12,12,12,450,0,5,16.236202444439794,2.115499999945314,682.4123999999756,26731.0
1788766497,10,GET,GET /articles (list),2.100000,0.000000,3,4,5,7,9,10,10,10,10,10,10,138,0,6,9.854231884042893,1.8614000000525266,254.75429999983135,25691.246376811596
1788766497,10,GET,GET /articles/{id} (detail),0.900000,0.000000,3,4,5,6,7,7,7,7,7,7,7,57,0,5,5.517536842134768,2.2598000000471075,11.398900000131107,2664.245614035088
1788766497,10,POST,[setup] POST /auth/login,0.000000,0.000000,0,0,0,0,0,0,0,0,0,0,0,3,0,430,506.4572333333217,426.1082999998962,666.1658000000443,178.0
1788766497,10,,Aggregated,10.100000,0.000000,3,4,5,5,8,9,12,12,12,12,12,648,0,6,16.203775308638075,1.8614000000525266,682.4123999999756,24269.65740740741
1788766498,10,GET,GET /articles (anon),7.000000,0.000000,3,4,5,5,6,7,8,8,8,8,8,457,0,5,16.071414879644546,2.115499999945314,682.4123999999756,26731.0
1788766498,10,GET,GET /articles (list),2.100000,0.000000,3,4,5,7,9,10,10,10,10,10,10,138,0,6,9.854231884042893,1.8614000000525266,254.75429999983135,25691.246376811596
1788766498,10,GET,GET /articles/{id} (detail),0.900000,0.000000,4,5,5,6,7,7,7,7,7,7,7,58,0,5,5.512456896581328,2.2598000000471075,11.398900000131107,2692.793103448276
1788766498,10,POST,[setup] POST /auth/login,0.000000,0.000000,0,0,0,0,0,0,0,0,0,0,0,3,0,430,506.4572333333217,426.1082999998962,666.1658000000443,178.0
1788766498,10,,Aggregated,10.000000,0.000000,3,4,5,5,5,7,8,8,8,8,8,656,0,6,16.072583536581035,1.8614000000525266,682.4123999999756,24265.510670731706
1788766499,10,GET,GET /articles (anon),7.000000,0.000000,3,4,5,5,6,7,7,8,8,8,8,464,0,5,15.909361853443153,2.115499999945314,682.4123999999756,26731.0
1788766499,10,GET,GET /articles (list),2.000000,0.000000,3,3,4,4,5,5,5,5,5,5,5,140,0,6,9.769181428557008,1.8614000000525266,254.75429999983135,25706.1
1788766499,10,GET,GET /articles/{id} (detail),0.900000,0.000000,4,5,5,5,7,7,7,7,7,7,7,60,0,5,5.5263350000283635,2.2598000000471075,11.398900000131107,2703.25
1788766499,10,POST,[setup] POST /auth/login,0.000000,0.000000,0,0,0,0,0,0,0,0,0,0,0,3,0,430,506.4572333333217,426.1082999998962,666.1658000000443,178.0
1788766499,10,,Aggregated,9.900000,0.000000,3,4,5,5,6,6,7,8,8,8,8,667,0,5,15.892925187402206,1.8614000000525266,682.4123999999756,24235.032983508245
1788766500,10,GET,GET /articles (anon),6.800000,0.000000,3,4,5,5,6,6,7,10,10,10,10,472,0,5,15.731572457621889,2.115499999945314,682.4123999999756,26731.0
1788766500,10,GET,GET /articles (list),2.000000,0.000000,3,3,5,5,7,9,9,9,9,9,9,142,0,6,9.742902112661731,1.8614000000525266,254.75429999983135,25720.535211267605
1788766500,10,GET,GET /articles/{id} (detail),0.900000,0.000000,4,5,5,5,7,9,9,9,9,9,9,62,0,5,5.568083870992914,2.2598000000471075,11.398900000131107,2673.435483870968
1788766500,10,POST,[setup] POST /auth/login,0.000000,0.000000,0,0,0,0,0,0,0,0,0,0,0,3,0,430,506.4572333333217,426.1082999998962,666.1658000000443,178.0
1788766500,10,,Aggregated,9.700000,0.000000,3,4,5,5,6,7,9,10,10,10,10,679,0,6,15.71927422679974,1.8614000000525266,682.4123999999756,24205.648011782032
1788766501,10,GET,GET /articles (anon),6.700000,0.000000,4,5,6,6,6,7,8,10,10,10,10,480,0,5,15.570830416661844,2.115499999945314,682.4123999999756,26731.0
1788766501,10,GET,GET /articles (list),1.600000,0.000000,3,4,5,6,8,9,9,9,9,9,9,145,0,6,9.67130689653553,1.8614000000525266,254.75429999983135,25710.124137931034
1788766501,10,GET,GET /articles/{id} (detail),1.200000,0.000000,5,5,7,7,9,9,9,9,9,9,9,62,0,5,5.568083870992914,2.2598000000471075,11.398900000131107,2673.435483870968
1788766501,10,POST,[setup] POST /auth/login,0.000000,0.000000,0,0,0,0,0,0,0,0,0,0,0,3,0,430,506.4572333333217,426.1082999998962,666.1658000000443,178.0
1788766501,10,,Aggregated,9.500000,0.000000,4,5,6,6,7,8,9,10,10,10,10,690,0,6,15.56656666666212,1.8614000000525266,682.4123999999756,24239.32608695652
1788766502,10,GET,GET /articles (anon),6.800000,0.000000,4,5,6,6,7,7,8,10,10,10,10,488,0,5,15.400348155732571,2.115499999945314,682.4123999999756,26731.0
1788766502,10,GET,GET /articles (list),1.800000,0.000000,4,5,6,6,7,8,9,9,9,9,9,150,0,6,9.52275733331741,1.8614000000525266,254.75429999983135,25726.46
1788766502,10,GET,GET /articles/{id} (detail),1.200000,0.000000,5,5,7,7,9,9,9,9,9,9,9,62,0,5,5.568083870992914,2.2598000000471075,11.398900000131107,2673.435483870968
1788766502,10,POST,[setup] POST /auth/login,0.000000,0.000000,0,0,0,0,0,0,0,0,0,0,0,3,0,430,506.4572333333217,426.1082999998962,666.1658000000443,178.0
1788766502,10,,Aggregated,9.800000,0.000000,4,5,6,6,7,8,9,10,10,10,10,703,0,6,15.374646372683687,1.8614000000525266,682.4123999999756,24281.62731152205
1788766503,10,GET,GET /articles (anon),6.800000,0.000000,5,6,6,6,7,7,10,11,11,11,11,493,0,5,15.307355172408593,2.115499999945314,682.4123999999756,26731.0
1788766503,10,GET,GET /articles (list),1.800000,0.000000,5,6,6,7,8,8,9,9,9,9,9,153,0,6,9.476460784297492,1.8614000000525266,254.75429999983135,25737.483660130718
1788766503,10,GET,GET /articles/{id} (detail),1.200000,0.000000,5,5,7,7,9,9,9,9,9,9,9,62,0,5,5.568083870992914,2.2598000000471075,11.398900000131107,2673.435483870968
1788766503,10,POST,[setup] POST /auth/login,0.000000,0.000000,0,0,0,0,0,0,0,0,0,0,0,3,0,430,506.4572333333217,426.1082999998962,666.1658000000443,178.0
1788766503,10,,Aggregated,9.800000,0.000000,5,6,6,6,7,8,10,11,11,11,11,711,0,6,15.27569268635229,1.8614000000525266,682.4123999999756,24307.320675105486
1788766504,10,GET,GET /articles (anon),6.900000,0.000000,5,6,6,6,7,7,10,11,11,11,11,499,0,5,15.18548316632773,2.115499999945314,682.4123999999756,26731.0
1788766504,10,GET,GET /articles (list),1.900000,0.000000,6,6,7,8,9,9,9,9,9,9,9,154,0,6,9.47246103894397,1.8614000000525266,254.75429999983135,25743.935064935064
1788766504,10,GET,GET /articles/{id} (detail),1.100000,0.000000,5,5,7,7,9,9,9,9,9,9,9,63,0,5,5.540774603198929,2.2598000000471075,11.398900000131107,2678.904761904762
1788766504,10,POST,[setup] POST /auth/login,0.000000,0.000000,0,0,0,0,0,0,0,0,0,0,0,3,0,430,506.4572333333217,426.1082999998962,666.1658000000443,178.0
1788766504,10,,Aggregated,9.900000,0.000000,5,6,6,7,7,9,10,11,11,11,11,719,0,6,15.166558553541593,1.8614000000525266,682.4123999999756,24301.307371349096
1788766505,10,GET,GET /articles (anon),7.100000,0.000000,5,6,6,7,8,10,11,11,11,11,11,508,0,5,15.04481535432508,2.115499999945314,682.4123999999756,26731.0
1788766505,10,GET,GET /articles (list),2.400000,0.000000,6,7,7,7,8,9,9,9,9,9,9,157,0,6,9.414660509535471,1.8614000000525266,254.75429999983135,25725.420382165605
1788766505,10,GET,GET /articles/{id} (detail),0.700000,0.000000,5,5,7,7,9,9,9,9,9,9,9,63,0,5,5.540774603198929,2.2598000000471075,11.398900000131107,2678.904761904762
1788766505,10,POST,[setup] POST /auth/login,0.000000,0.000000,0,0,0,0,0,0,0,0,0,0,0,3,0,430,506.4572333333217,426.1082999998962,666.1658000000443,178.0
1788766505,10,,Aggregated,10.200000,0.000000,5,6,7,7,8,10,11,11,11,11,11,731,0,6,15.033253625165125,1.8614000000525266,682.4123999999756,24333.165526675788
1788766506,10,GET,GET /articles (anon),7.100000,0.000000,6,6,7,7,8,10,11,11,11,11,11,515,0,5,14.916541747567235,2.115499999945314,682.4123999999756,26731.0
1788766506,10,GET,GET /articles (list),2.400000,0.000000,6,7,7,8,8,9,9,9,9,9,9,159,0,6,9.370162264133699,1.8614000000525266,254.75429999983135,25709.509433962263
1788766506,10,GET,GET /articles/{id} (detail),0.700000,0.000000,5,5,7,7,9,9,9,9,9,9,9,63,0,5,5.540774603198929,2.2598000000471075,11.398900000131107,2678.904761904762
1788766506,10,POST,[setup] POST /auth/login,0.000000,0.000000,0,0,0,0,0,0,0,0,0,0,0,3,0,430,506.4572333333217,426.1082999998962,666.1658000000443,178.0
1788766506,10,,Aggregated,10.200000,0.000000,6,6,7,7,8,10,11,11,11,11,11,740,0,6,14.919344999994435,1.8614000000525266,682.4123999999756,24356.191891891893
1788766507,10,GET,GET /articles (anon),7.100000,0.000000,6,6,7,7,8,10,11,11,11,11,11,522,0,5,14.795476819917406,2.115499999945314,682.4123999999756,26731.0
1788766507,10,GET,GET /articles (list),2.100000,0.000000,6,7,7,8,8,9,9,9,9,9,9,162,0,6,9.293630864179104,1.8614000000525266,254.75429999983135,25720.234567901236
1788766507,10,GET,GET /articles/{id} (detail),0.800000,0.000000,5,7,7,9,9,9,9,9,9,9,9,63,0,5,5.540774603198929,2.2598000000471075,11.398900000131107,2678.904761904762
1788766507,10,POST,[setup] POST /auth/login,0.000000,0.000000,0,0,0,0,0,0,0,0,0,0,0,3,0,430,506.4572333333217,426.1082999998962,666.1658000000443,178.0
1788766507,10,,Aggregated,10.000000,0.000000,6,6,7,7,8,10,11,11,11,11,11,750,0,6,14.796330133327197,1.8614000000525266,682.4123999999756,24386.086666666666
1788766508,10,GET,GET /articles (anon),7.200000,0.000000,6,6,7,7,8,10,11,11,11,11,11,527,0,6,14.71646963946321,2.115499999945314,682.4123999999756,26731.0
1788766508,10,GET,GET /articles (list),2.300000,0.000000,6,7,7,8,8,9,9,9,9,9,9,165,0,6,9.227015757558162,1.8614000000525266,254.75429999983135,25683.5696969697
1788766508,10,GET,GET /articles/{id} (detail),0.700000,0.000000,5,5,9,9,9,9,9,9,9,9,9,63,0,5,5.540774603198929,2.2598000000471075,11.398900000131107,2678.904761904762
1788766508,10,POST,[setup] POST /auth/login,0.000000,0.000000,0,0,0,0,0,0,0,0,0,0,0,3,0,430,506.4572333333217,426.1082999998962,666.1658000000443,178.0
1788766508,10,,Aggregated,10.200000,0.000000,6,7,7,7,8,10,11,11,11,11,11,758,0,6,14.705115567276657,1.8614000000525266,682.4123999999756,24398.853562005275
1788766509,10,GET,GET /articles (anon),7.100000,0.000000,6,6,7,7,8,10,11,11,11,11,11,535,0,5,14.574357383172126,2.115499999945314,682.4123999999756,26731.0
1788766509,10,GET,GET /articles (list),2.400000,0.000000,6,6,7,7,8,8,9,9,9,9,9,166,0,6,9.210065662632203,1.8614000000525266,254.75429999983135,25681.885542168675
1788766509,10,GET,GET /articles/{id} (detail),0.600000,0.000000,6,6,6,9,9,9,9,9,9,9,9,65,0,5,5.55311076925416,2.2598000000471075,11.398900000131107,2684.753846153846
1788766509,10,POST,[setup] POST /auth/login,0.000000,0.000000,0,0,0,0,0,0,0,0,0,0,0,3,0,430,506.4572333333217,426.1082999998962,666.1658000000443,178.0
1788766509,10,,Aggregated,10.100000,0.000000,6,6,7,7,8,9,11,11,11,11,11,769,0,6,14.57279063718533,1.8614000000525266,682.4123999999756,24368.427828348504
1788766510,10,GET,GET /articles (anon),6.900000,0.000000,5,6,7,7,8,10,11,11,11,11,11,542,0,5,14.444209225087357,2.115499999945314,682.4123999999756,26731.0
1788766510,10,GET,GET /articles (list),2.700000,0.000000,6,6,7,7,8,8,9,9,9,9,9,169,0,6,9.129954437850982,1.8614000000525266,254.75429999983135,25665.78698224852
1788766510,10,GET,GET /articles/{id} (detail),0.500000,0.000000,6,6,6,9,9,9,9,9,9,9,9,65,0,5,5.55311076925416,2.2598000000471075,11.398900000131107,2684.753846153846
1788766510,10,POST,[setup] POST /auth/login,0.000000,0.000000,0,0,0,0,0,0,0,0,0,0,0,3,0,430,506.4572333333217,426.1082999998962,666.1658000000443,178.0
1788766510,10,,Aggregated,10.100000,0.000000,6,6,7,7,8,9,11,11,11,11,11,779,0,6,14.444220282407764,1.8614000000525266,682.4123999999756,24391.223363286266
1788766511,10,GET,GET /articles (anon),6.900000,0.000000,5,6,7,7,8,10,11,11,11,11,11,548,0,5,14.318106021892744,2.115499999945314,682.4123999999756,26731.0
1788766511,10,GET,GET /articles (list),2.700000,0.000000,5,6,7,7,8,8,9,9,9,9,9,172,0,6,9.030555232539502,1.8614000000525266,254.75429999983135,25676.6511627907
1788766511,10,GET,GET /articles/{id} (detail),0.500000,0.000000,6,6,6,6,6,6,6,6,6,6,6,65,0,5,5.55311076925416,2.2598000000471075,11.398900000131107,2684.753846153846
1788766511,10,POST,[setup] POST /auth/login,0.000000,0.000000,0,0,0,0,0,0,0,0,0,0,0,3,0,430,506.4572333333217,426.1082999998962,666.1658000000443,178.0
1788766511,10,,Aggregated,10.100000,0.000000,5,6,7,7,8,9,11,11,11,11,11,788,0,5,14.314595812177036,1.8614000000525266,682.4123999999756,24416.26269035533
1788766512,10,GET,GET /articles (anon),6.900000,0.000000,5,6,7,7,8,9,10,11,11,11,11,555,0,5,14.191150270265073,2.115499999945314,682.4123999999756,26731.0
1788766512,10,GET,GET /articles (list),2.700000,0.000000,5,5,6,7,7,8,9,9,9,9,9,174,0,6,8.957632758601537,1.8614000000525266,254.75429999983135,25636.57471264368
1788766512,10,GET,GET /articles/{id} (detail),0.300000,0.000000,6,6,6,6,6,6,6,6,6,6,6,66,0,5,5.544443939418835,2.2598000000471075,11.398900000131107,2668.4545454545455
1788766512,10,POST,[setup] POST /auth/login,0.000000,0.000000,0,0,0,0,0,0,0,0,0,0,0,3,0,430,506.4572333333217,426.1082999998962,666.1658000000443,178.0
1788766512,10,,Aggregated,9.900000,0.000000,5,6,6,7,8,9,10,11,11,11,11,798,0,5,14.185490601497984,1.8614000000525266,682.4123999999756,24402.407268170427
1788766513,10,GET,GET /articles (anon),6.900000,0.000000,5,6,6,7,8,9,10,11,11,11,11,560,0,5,14.102164999994622,2.115499999945314,682.4123999999756,26731.0
1788766513,10,GET,GET /articles (list),2.700000,0.000000,5,5,6,6,7,7,8,8,8,8,8,175,0,6,8.93046171426639,1.8614000000525266,254.75429999983135,25642.82857142857
1788766513,10,GET,GET /articles/{id} (detail),0.300000,0.000000,5,5,6,6,6,6,6,6,6,6,6,68,0,5,5.489502941198974,2.2598000000471075,11.398900000131107,2664.8382352941176
1788766513,10,POST,[setup] POST /auth/login,0.000000,0.000000,0,0,0,0,0,0,0,0,0,0,0,3,0,430,506.4572333333217,426.1082999998962,666.1658000000443,178.0
1788766513,10,,Aggregated,9.900000,0.000000,5,6,6,7,8,9,10,11,11,11,11,806,0,5,14.085237096768116,1.8614000000525266,682.4123999999756,24365.506203473946
1788766514,10,GET,GET /articles (anon),6.700000,0.000000,5,5,6,6,7,8,9,9,9,9,9,569,0,5,13.957128119501538,2.115499999945314,682.4123999999756,26731.0
1788766514,10,GET,GET /articles (list),2.500000,0.000000,5,5,5,6,7,8,8,8,8,8,8,175,0,6,8.93046171426639,1.8614000000525266,254.75429999983135,25642.82857142857
1788766514,10,GET,GET /articles/{id} (detail),0.400000,0.000000,4,5,6,6,6,6,6,6,6,6,6,70,0,5,5.44895285716588,2.2598000000471075,11.398900000131107,2666.8
1788766514,10,POST,[setup] POST /auth/login,0.000000,0.000000,0,0,0,0,0,0,0,0,0,0,0,3,0,430,506.4572333333217,426.1082999998962,666.1658000000443,178.0
1788766514,10,,Aggregated,9.600000,0.000000,5,5,6,6,7,8,9,9,9,9,9,817,0,5,13.959896083224688,1.8614000000525266,682.4123999999756,24338.609547123622
1788766515,10,GET,GET /articles (anon),6.600000,0.000000,5,6,6,6,7,9,9,9,9,9,9,575,0,5,13.883155652167815,2.115499999945314,682.4123999999756,26731.0
1788766515,10,GET,GET /articles (list),2.200000,0.000000,5,5,5,6,7,9,9,9,9,9,9,176,0,6,8.933540340889708,1.8614000000525266,254.75429999983135,25649.011363636364
1788766515,10,GET,GET /articles/{id} (detail),0.600000,0.000000,6,6,8,9,11,11,11,11,11,11,11,73,0,5,5.601080821942597,2.2598000000471075,11.398900000131107,2708.205479452055
1788766515,10,POST,[setup] POST /auth/login,0.000000,0.000000,0,0,0,0,0,0,0,0,0,0,0,3,0,430,506.4572333333217,426.1082999998962,666.1658000000443,178.0
1788766515,10,,Aggregated,9.400000,0.000000,5,6,6,6,8,9,9,11,11,11,11,827,0,5,13.885572188627396,1.8614000000525266,682.4123999999756,24283.898428053206
1788766516,10,GET,GET /articles (anon),6.800000,0.000000,5,6,6,6,8,9,9,13,13,13,13,582,0,5,13.79717680411805,2.115499999945314,682.4123999999756,26731.0
1788766516,10,GET,GET /articles (list),2.100000,0.000000,5,5,5,6,6,9,9,9,9,9,9,176,0,6,8.933540340889708,1.8614000000525266,254.75429999983135,25649.011363636364
1788766516,10,GET,GET /articles/{id} (detail),0.600000,0.000000,5,6,8,8,9,11,11,11,11,11,11,74,0,5,5.5678945946209675,2.2598000000471075,11.398900000131107,2715.5135135135133
1788766516,10,POST,[setup] POST /auth/login,0.000000,0.000000,0,0,0,0,0,0,0,0,0,0,0,3,0,430,506.4572333333217,426.1082999998962,666.1658000000443,178.0
1788766516,10,,Aggregated,9.500000,0.000000,5,6,6,6,8,9,11,13,13,13,13,835,0,5,13.812761556880492,1.8614000000525266,682.4123999999756,24279.221556886227
1788766517,10,GET,GET /articles (anon),6.600000,0.000000,5,6,6,6,7,9,13,13,13,13,13,590,0,5,13.691037627112395,2.115499999945314,682.4123999999756,26731.0
1788766517,10,GET,GET /articles (list),2.000000,0.000000,4,5,5,5,6,9,9,9,9,9,9,177,0,6,8.909047457607834,1.8614000000525266,254.75429999983135,25629.468926553673
1788766517,10,GET,GET /articles/{id} (detail),0.900000,0.000000,5,6,6,8,9,11,11,11,11,11,11,76,0,5,5.551101315814465,2.2598000000471075,11.398900000131107,2739.434210526316
1788766517,10,POST,[setup] POST /auth/login,0.000000,0.000000,0,0,0,0,0,0,0,0,0,0,0,3,0,430,506.4572333333217,426.1082999998962,666.1658000000443,178.0
1788766517,10,,Aggregated,9.500000,0.000000,5,5,6,6,8,9,13,13,13,13,13,846,0,5,13.706700945620288,1.8614000000525266,682.4123999999756,24251.107565011822
1788766518,10,GET,GET /articles (anon),6.500000,0.000000,5,5,6,6,7,8,13,13,13,13,13,595,0,5,13.618801512598303,2.115499999945314,682.4123999999756,26731.0
1788766518,10,GET,GET /articles (list),1.700000,0.000000,4,5,5,5,7,9,9,9,9,9,9,180,0,6,8.850249999981466,1.8614000000525266,254.75429999983135,25622.6
1788766518,10,GET,GET /articles/{id} (detail),1.100000,0.000000,6,6,8,8,9,11,11,11,11,11,11,77,0,5,5.583358441582903,2.2598000000471075,11.398900000131107,2715.2077922077924
1788766518,10,POST,[setup] POST /auth/login,0.000000,0.000000,0,0,0,0,0,0,0,0,0,0,0,3,0,430,506.4572333333217,426.1082999998962,666.1658000000443,178.0
1788766518,10,,Aggregated,9.300000,0.000000,5,5,6,6,8,9,13,13,13,13,13,855,0,5,13.62049380116316,1.8614000000525266,682.4123999999756,24241.658479532165
1788766519,10,GET,GET /articles (anon),6.700000,0.000000,5,6,6,7,8,9,13,13,13,13,13,603,0,5,13.520493532331622,2.115499999945314,682.4123999999756,26731.0
1788766519,10,GET,GET /articles (list),1.500000,0.000000,4,5,5,7,7,9,9,9,9,9,9,182,0,6,8.819504395585302,1.8614000000525266,254.75429999983135,25627.48901098901
1788766519,10,GET,GET /articles/{id} (detail),1.300000,0.000000,5,7,8,8,9,11,11,11,11,11,11,78,0,5,5.604192307717499,2.2598000000471075,11.398900000131107,2720.948717948718
1788766519,10,POST,[setup] POST /auth/login,0.000000,0.000000,0,0,0,0,0,0,0,0,0,0,0,3,0,430,506.4572333333217,426.1082999998962,666.1658000000443,178.0
1788766519,10,,Aggregated,9.500000,0.000000,5,6,7,7,8,9,13,13,13,13,13,866,0,5,13.527143302533977,1.8614000000525266,682.4123999999756,24244.5311778291
1788766520,10,GET,GET /articles (anon),6.700000,0.000000,5,6,7,7,8,9,13,13,13,13,13,610,0,5,13.434873606550982,2.115499999945314,682.4123999999756,26731.0
1788766520,10,GET,GET /articles (list),1.400000,0.000000,5,6,7,7,7,9,9,9,9,9,9,183,0,6,8.801860109270656,1.8614000000525266,254.75429999983135,25626.26775956284
1788766520,10,GET,GET /articles/{id} (detail),1.300000,0.000000,6,8,8,9,11,11,11,11,11,11,11,79,0,5,5.670084810151222,2.2598000000471075,11.398900000131107,2730.5569620253164
1788766520,10,POST,[setup] POST /auth/login,0.000000,0.000000,0,0,0,0,0,0,0,0,0,0,0,3,0,430,506.4572333333217,426.1082999998962,666.1658000000443,178.0
1788766520,10,,Aggregated,9.400000,0.000000,5,6,7,7,8,9,13,13,13,13,13,875,0,5,13.45522479999376,1.8614000000525266,682.4123999999756,24242.01714285714
1788766521,10,GET,GET /articles (anon),6.900000,0.000000,6,6,7,7,8,9,13,13,13,13,13,617,0,5,13.358135170171675,2.115499999945314,682.4123999999756,26731.0
1788766521,10,GET,GET /articles (list),1.500000,0.000000,6,7,7,7,9,9,9,9,9,9,9,186,0,6,8.764409139766402,1.8614000000525266,254.75429999983135,25605.40322580645
1788766521,10,GET,GET /articles/{id} (detail),1.300000,0.000000,6,8,8,9,11,11,11,11,11,11,11,80,0,5,5.650351250022823,2.2598000000471075,11.398900000131107,2728.35
1788766521,10,POST,[setup] POST /auth/login,0.000000,0.000000,0,0,0,0,0,0,0,0,0,0,0,3,0,430,506.4572333333217,426.1082999998962,666.1658000000443,178.0
1788766521,10,,Aggregated,9.700000,0.000000,6,7,7,7,9,9,13,13,13,13,13,886,0,5,13.367437133176372,1.8614000000525266,682.4123999999756,24237.510158013545
1788766522,10,GET,GET /articles (anon),6.900000,0.000000,6,7,7,7,9,13,13,13,13,13,13,626,0,5,13.27160942491392,2.115499999945314,682.4123999999756,26731.0
1788766522,10,GET,GET /articles (list),1.400000,0.000000,6,7,7,9,9,15,15,15,15,15,15,188,0,6,8.770512234024592,1.8614000000525266,254.75429999983135,25610.31914893617
1788766522,10,GET,GET /articles/{id} (detail),1.300000,0.000000,7,8,9,9,11,11,11,11,11,11,11,81,0,5,5.693759259280723,2.2598000000471075,11.398900000131107,2728.814814814815
1788766522,10,POST,[setup] POST /auth/login,0.000000,0.000000,0,0,0,0,0,0,0,0,0,0,0,3,0,430,506.4572333333217,426.1082999998962,666.1658000000443,178.0
1788766522,10,,Aggregated,9.600000,0.000000,6,7,7,8,9,13,13,15,15,15,15,898,0,5,13.2933741648045,1.8614000000525266,682.4123999999756,24242.66592427617
1788766523,10,GET,GET /articles (anon),6.900000,0.000000,6,7,7,8,9,13,13,13,13,13,13,634,0,5,13.201004731855559,2.115499999945314,682.4123999999756,26731.0
1788766523,10,GET,GET /articles (list),1.200000,0.000000,6,7,7,9,9,15,15,15,15,15,15,189,0,6,8.749983597865485,1.8614000000525266,254.75429999983135,25616.248677248677
1788766523,10,GET,GET /articles/{id} (detail),1.500000,0.000000,8,9,9,9,11,11,11,11,11,11,11,83,0,5,5.72413734941773,2.2598000000471075,11.398900000131107,2692.5180722891564
1788766523,10,POST,[setup] POST /auth/login,0.000000,0.000000,0,0,0,0,0,0,0,0,0,0,0,3,0,430,506.4572333333217,426.1082999998962,666.1658000000443,178.0
1788766523,10,,Aggregated,9.600000,0.000000,6,7,8,9,9,13,13,15,15,15,15,909,0,5,13.22074697469157,1.8614000000525266,682.4123999999756,24216.653465346535
1788766524,10,GET,GET /articles (anon),6.900000,0.000000,6,7,7,8,9,13,13,13,13,13,13,636,0,5,13.177107861630024,2.115499999945314,682.4123999999756,26731.0
1788766524,10,GET,GET /articles (list),1.400000,0.000000,6,7,7,8,9,15,15,15,15,15,15,192,0,6,8.70584687498166,1.8614000000525266,254.75429999983135,25633.666666666668
1788766524,10,GET,GET /articles/{id} (detail),1.500000,0.000000,7,8,9,9,11,11,11,11,11,11,11,84,0,5,5.697475000020058,2.2598000000471075,11.398900000131107,2692.6190476190477
1788766524,10,POST,[setup] POST /auth/login,0.000000,0.000000,0,0,0,0,0,0,0,0,0,0,0,3,0,430,506.4572333333217,426.1082999998962,666.1658000000443,178.0
1788766524,10,,Aggregated,9.800000,0.000000,6,7,8,8,11,13,13,15,15,15,15,915,0,5,13.169533114748441,1.8614000000525266,682.4123999999756,24206.87868852459
1788766525,10,GET,GET /articles (anon),7.000000,0.000000,6,7,7,8,11,13,13,14,14,14,14,644,0,5,13.10077950310052,2.115499999945314,682.4123999999756,26731.0
1788766525,10,GET,GET /articles (list),1.400000,0.000000,6,7,7,8,9,15,15,15,15,15,15,194,0,6,8.680373195857944,1.8614000000525266,254.75429999983135,25644.9793814433
1788766525,10,GET,GET /articles/{id} (detail),1.400000,0.000000,6,8,9,9,9,11,11,11,11,11,11,85,0,5,5.698135294136698,2.2598000000471075,11.398900000131107,2701.635294117647
1788766525,10,POST,[setup] POST /auth/login,0.000000,0.000000,0,0,0,0,0,0,0,0,0,0,0,3,0,430,506.4572333333217,426.1082999998962,666.1658000000443,178.0
1788766525,10,,Aggregated,9.800000,0.000000,6,7,7,8,9,13,14,15,15,15,15,926,0,5,13.093528725696286,1.8614000000525266,682.4123999999756,24211.73110151188
1788766526,10,GET,GET /articles (anon),6.900000,0.000000,7,7,8,8,9,11,13,14,14,14,14,652,0,5,13.025638957050672,2.115499999945314,682.4123999999756,26731.0
1788766526,10,GET,GET /articles (list),1.700000,0.000000,6,7,7,8,9,9,15,15,15,15,15,198,0,6,8.618541414124813,1.8614000000525266,254.75429999983135,25660.217171717173
1788766526,10,GET,GET /articles/{id} (detail),1.400000,0.000000,6,8,9,9,9,11,11,11,11,11,11,85,0,5,5.698135294136698,2.2598000000471075,11.398900000131107,2701.635294117647
1788766526,10,POST,[setup] POST /auth/login,0.000000,0.000000,0,0,0,0,0,0,0,0,0,0,0,3,0,430,506.4572333333217,426.1082999998962,666.1658000000443,178.0
1788766526,10,,Aggregated,10.000000,0.000000,6,7,8,8,9,11,14,15,15,15,15,938,0,6,13.009489339014218,1.8614000000525266,682.4123999999756,24242.545842217485
1788766527,10,GET,GET /articles (anon),7.000000,0.000000,7,7,8,9,10,11,13,14,14,14,14,659,0,6,12.962371623668274,2.115499999945314,682.4123999999756,26731.0
1788766527,10,GET,GET /articles (list),1.700000,0.000000,6,7,9,9,9,15,15,15,15,15,15,199,0,6,8.620277889430504,1.8614000000525266,254.75429999983135,25665.597989949747
1788766527,10,GET,GET /articles/{id} (detail),1.300000,0.000000,7,8,9,9,11,11,11,11,11,11,11,86,0,5,5.692032558158644,2.2598000000471075,11.398900000131107,2712.1511627906975
1788766527,10,POST,[setup] POST /auth/login,0.000000,0.000000,0,0,0,0,0,0,0,0,0,0,0,3,0,430,506.4572333333217,426.1082999998962,666.1658000000443,178.0
1788766527,10,,Aggregated,10.000000,0.000000,7,7,8,9,9,11,14,15,15,15,15,947,0,6,12.953035586056675,1.8614000000525266,682.4123999999756,24241.776135163676
1788766528,10,GET,GET /articles (anon),7.100000,0.000000,7,7,8,9,10,11,13,14,14,14,14,666,0,6,12.903732432427923,2.115499999945314,682.4123999999756,26731.0
1788766528,10,GET,GET /articles (list),2.000000,0.000000,6,7,9,9,9,15,15,15,15,15,15,201,0,6,8.587736815904387,1.8614000000525266,254.75429999983135,25676.199004975126
1788766528,10,GET,GET /articles/{id} (detail),1.100000,0.000000,6,8,9,9,9,11,11,11,11,11,11,87,0,5,5.675310344846868,2.2598000000471075,11.398900000131107,2697.5402298850577
1788766528,10,POST,[setup] POST /auth/login,0.000000,0.000000,0,0,0,0,0,0,0,0,0,0,0,3,0,430,506.4572333333217,426.1082999998962,666.1658000000443,178.0
1788766528,10,,Aggregated,10.200000,0.000000,7,7,8,9,10,11,14,15,15,15,15,957,0,6,12.887298432597097,1.8614000000525266,682.4123999999756,24241.360501567397
1788766529,10,GET,GET /articles (anon),6.900000,0.000000,7,7,8,9,10,11,13,14,14,14,14,672,0,6,12.818279613091207,2.115499999945314,682.4123999999756,26731.0
1788766529,10,GET,GET /articles (list),2.200000,0.000000,5,7,8,9,9,9,15,15,15,15,15,205,0,6,8.478335121935743,1.8614000000525266,254.75429999983135,25683.83414634146
1788766529,10,GET,GET /articles/{id} (detail),0.900000,0.000000,5,6,9,9,11,11,11,11,11,11,11,88,0,5,5.643602272744953,2.2598000000471075,11.398900000131107,2673.9772727272725
1788766529,10,POST,[setup] POST /auth/login,0.000000,0.000000,0,0,0,0,0,0,0,0,0,0,0,3,0,430,506.4572333333217,426.1082999998962,666.1658000000443,178.0
1788766529,10,,Aggregated,10.000000,0.000000,6,7,8,9,10,11,14,15,15,15,15,968,0,6,12.77680919421037,1.8614000000525266,682.4123999999756,24239.94008264463
1788766530,10,GET,GET /articles (anon),7.100000,0.000000,6,7,8,9,10,11,13,14,14,14,14,681,0,5,12.685892804694635,2.115499999945314,682.4123999999756,26731.0
1788766530,10,GET,GET /articles (list),2.200000,0.000000,5,7,8,9,9,9,15,15,15,15,15,206,0,6,8.45362330095584,1.8614000000525266,254.75429999983135,25688.917475728154
1788766530,10,GET,GET /articles/{id} (detail),1.100000,0.000000,5,5,6,9,9,9,9,9,9,9,9,90,0,5,5.580368888905064,2.2598000000471075,11.398900000131107,2655.7
1788766530,10,POST,[setup] POST /auth/login,0.000000,0.000000,0,0,0,0,0,0,0,0,0,0,0,3,0,430,506.4572333333217,426.1082999998962,666.1658000000443,178.0
1788766530,10,,Aggregated,10.400000,0.000000,6,7,8,9,10,11,14,15,15,15,15,980,0,5,12.655249285709562,1.8614000000525266,682.4123999999756,24219.668367346938
1788766531,10,GET,GET /articles (anon),6.900000,0.000000,5,7,8,8,10,11,11,14,14,14,14,687,0,5,12.611142649195132,2.115499999945314,682.4123999999756,26731.0
1788766531,10,GET,GET /articles (list),2.200000,0.000000,4,6,7,8,9,9,9,9,9,9,9,208,0,6,8.419312980754293,1.8614000000525266,254.75429999983135,25692.55769230769
1788766531,10,GET,GET /articles/{id} (detail),1.000000,0.000000,5,5,6,8,9,9,9,9,9,9,9,91,0,5,5.603656043973928,2.2598000000471075,11.398900000131107,2672.813186813187
1788766531,10,POST,[setup] POST /auth/login,0.000000,0.000000,0,0,0,0,0,0,0,0,0,0,0,3,0,430,506.4572333333217,426.1082999998962,666.1658000000443,178.0
1788766531,10,,Aggregated,10.100000,0.000000,5,7,7,8,9,10,11,14,14,14,14,989,0,5,12.5827871587417,1.8614000000525266,682.4123999999756,24218.41152679474
1788766532,10,GET,GET /articles (anon),7.000000,0.000000,5,7,8,8,10,11,11,14,14,14,14,694,0,5,12.538619740629596,2.115499999945314,682.4123999999756,26731.0
1788766532,10,GET,GET /articles (list),2.300000,0.000000,4,6,7,8,9,9,9,9,9,9,9,209,0,6,8.411569377975166,1.8614000000525266,254.75429999983135,25697.526315789473
1788766532,10,GET,GET /articles/{id} (detail),1.200000,0.000000,4,5,6,8,9,9,9,9,9,9,9,91,0,5,5.603656043973928,2.2598000000471075,11.398900000131107,2672.813186813187
1788766532,10,POST,[setup] POST /auth/login,0.000000,0.000000,0,0,0,0,0,0,0,0,0,0,0,3,0,430,506.4572333333217,426.1082999998962,666.1658000000443,178.0
1788766532,10,,Aggregated,10.500000,0.000000,5,7,7,8,9,11,11,14,14,14,14,997,0,5,12.526704613836852,1.8614000000525266,682.4123999999756,24238.572718154464
1788766533,10,GET,GET /articles (anon),6.800000,0.000000,5,7,8,8,10,11,13,14,14,14,14,700,0,5,12.498510999995299,2.115499999945314,682.4123999999756,26731.0
1788766533,10,GET,GET /articles (list),2.300000,0.000000,4,6,7,7,9,9,9,9,9,9,9,211,0,6,8.377506161122648,1.8614000000525266,254.75429999983135,25701.03317535545
1788766533,10,GET,GET /articles/{id} (detail),1.000000,0.000000,3,4,5,6,8,8,8,8,8,8,8,92,0,5,5.5794956521906345,2.2598000000471075,11.398900000131107,2680.217391304348
1788766533,10,POST,[setup] POST /auth/login,0.000000,0.000000,0,0,0,0,0,0,0,0,0,0,0,3,0,430,506.4572333333217,426.1082999998962,666.1658000000443,178.0
1788766533,10,,Aggregated,10.100000,0.000000,5,6,7,8,9,11,13,14,14,14,14,1006,0,5,12.474450099398698,1.8614000000525266,682.4123999999756,24236.314115308152
1788766534,10,GET,GET /articles (anon),6.700000,0.000000,6,7,8,9,10,11,11,13,13,13,13,708,0,5,12.44863121468496,2.115499999945314,682.4123999999756,26731.0
1788766534,10,GET,GET /articles (list),2.000000,0.000000,6,7,7,9,9,11,11,11,11,11,11,215,0,6,8.382252093007653,1.8614000000525266,254.75429999983135,25699.07441860465
1788766534,10,GET,GET /articles/{id} (detail),1.000000,0.000000,3,4,5,6,8,8,8,8,8,8,8,92,0,5,5.5794956521906345,2.2598000000471075,11.398900000131107,2680.217391304348
1788766534,10,POST,[setup] POST /auth/login,0.000000,0.000000,0,0,0,0,0,0,0,0,0,0,0,3,0,430,506.4572333333217,426.1082999998962,666.1658000000443,178.0
1788766534,10,,Aggregated,9.700000,0.000000,5,7,8,8,10,11,11,13,13,13,13,1018,0,5,12.424853045181827,1.8614000000525266,682.4123999999756,24261.260314341846
1788766535,10,GET,GET /articles (anon),6.800000,0.000000,6,7,8,9,10,11,11,13,13,13,13,716,0,5,12.393897905024094,2.115499999945314,682.4123999999756,26731.0
1788766535,10,GET,GET /articles (list),2.200000,0.000000,5,7,7,9,11,11,11,11,11,11,11,215,0,6,8.382252093007653,1.8614000000525266,254.75429999983135,25699.07441860465
1788766535,10,GET,GET /articles/{id} (detail),1.000000,0.000000,4,5,7,7,8,8,8,8,8,8,8,93,0,5,5.597501075286463,2.2598000000471075,11.398900000131107,2666.6666666666665
1788766535,10,POST,[setup] POST /auth/login,0.000000,0.000000,0,0,0,0,0,0,0,0,0,0,0,3,0,430,506.4572333333217,426.1082999998962,666.1658000000443,178.0
1788766535,10,,Aggregated,10.000000,0.000000,5,7,8,9,10,11,11,13,13,13,13,1027,0,6,12.38184459590604,1.8614000000525266,682.4123999999756,24258.258033106133
1788766536,10,GET,GET /articles (anon),7.100000,0.000000,5,7,8,9,10,11,11,13,13,13,13,721,0,5,12.346050485433146,2.115499999945314,682.4123999999756,26731.0
1788766536,10,GET,GET /articles (list),2.100000,0.000000,5,6,7,7,11,11,11,11,11,11,11,218,0,6,8.336027064205439,1.8614000000525266,254.75429999983135,25707.188073394496
1788766536,10,GET,GET /articles/{id} (detail),0.900000,0.000000,4,5,7,8,8,8,8,8,8,8,8,94,0,5,5.627337234060139,2.2598000000471075,11.398900000131107,2679.744680851064
1788766536,10,POST,[setup] POST /auth/login,0.000000,0.000000,0,0,0,0,0,0,0,0,0,0,0,3,0,430,506.4572333333217,426.1082999998962,666.1658000000443,178.0
1788766536,10,,Aggregated,10.100000,0.000000,5,7,7,8,10,11,11,13,13,13,13,1036,0,5,12.32345337837423,1.8614000000525266,682.4123999999756,24256.41698841699
1788766537,10,GET,GET /articles (anon),7.000000,0.000000,5,7,9,9,10,11,11,13,13,13,13,729,0,6,12.305935665291358,2.115499999945314,682.4123999999756,26731.0
1788766537,10,GET,GET /articles (list),2.200000,0.000000,5,6,7,7,11,11,11,11,11,11,11,220,0,6,8.331145454529963,1.8614000000525266,254.75429999983135,25704.43181818182
1788766537,10,GET,GET /articles/{id} (detail),0.700000,0.000000,3,7,8,8,8,8,8,8,8,8,8,94,0,5,5.627337234060139,2.2598000000471075,11.398900000131107,2679.744680851064
1788766537,10,POST,[setup] POST /auth/login,0.000000,0.000000,0,0,0,0,0,0,0,0,0,0,0,3,0,430,506.4572333333217,426.1082999998962,666.1658000000443,178.0
1788766537,10,,Aggregated,9.900000,0.000000,5,7,8,9,10,11,11,13,13,13,13,1046,0,6,12.287017686420278,1.8614000000525266,682.4123999999756,24277.53728489484
1788766538,10,GET,GET /articles (anon),7.000000,0.000000,6,8,9,9,11,11,12,13,13,13,13,738,0,6,12.228195799454518,2.115499999945314,682.4123999999756,26731.0
1788766538,10,GET,GET /articles (list),2.200000,0.000000,5,6,7,7,11,11,11,11,11,11,11,223,0,6,8.27776457397565,1.8614000000525266,254.75429999983135,25718.242152466366
1788766538,10,GET,GET /articles/{id} (detail),0.800000,0.000000,4,7,8,8,8,8,8,8,8,8,8,95,0,5,5.611340000017376,2.2598000000471075,11.398900000131107,2670.2526315789473
1788766538,10,POST,[setup] POST /auth/login,0.000000,0.000000,0,0,0,0,0,0,0,0,0,0,0,3,0,430,506.4572333333217,426.1082999998962,666.1658000000443,178.0
1788766538,10,,Aggregated,10.000000,0.000000,5,7,8,9,10,11,12,13,13,13,13,1059,0,6,12.202831916898603,1.8614000000525266,682.4123999999756,24284.092540132202
1788766539,10,GET,GET /articles (anon),7.100000,0.000000,6,8,9,9,11,11,12,13,13,13,13,745,0,6,12.161802818788766,2.115499999945314,682.4123999999756,26731.0
1788766539,10,GET,GET /articles (list),2.000000,0.000000,6,7,7,7,11,11,11,11,11,11,11,223,0,6,8.27776457397565,1.8614000000525266,254.75429999983135,25718.242152466366
1788766539,10,GET,GET /articles/{id} (detail),0.900000,0.000000,4,7,8,8,8,8,8,8,8,8,8,95,0,5,5.611340000017376,2.2598000000471075,11.398900000131107,2670.2526315789473
1788766539,10,POST,[setup] POST /auth/login,0.000000,0.000000,0,0,0,0,0,0,0,0,0,0,0,3,0,430,506.4572333333217,426.1082999998962,666.1658000000443,178.0
1788766539,10,,Aggregated,10.000000,0.000000,6,8,9,9,11,11,12,13,13,13,13,1066,0,6,12.156598123823468,1.8614000000525266,682.4123999999756,24300.160412757974
1788766540,10,GET,GET /articles (anon),7.300000,0.000000,7,8,9,9,11,11,12,13,13,13,13,751,0,6,12.117639147799977,2.115499999945314,682.4123999999756,26731.0
1788766540,10,GET,GET /articles (list),2.000000,0.000000,6,7,7,7,11,11,11,11,11,11,11,227,0,6,8.225134801746348,1.8614000000525266,254.75429999983135,25716.08370044053
1788766540,10,GET,GET /articles/{id} (detail),0.700000,0.000000,7,8,8,8,9,9,9,9,9,9,9,97,0,5,5.640844329913232,2.2598000000471075,11.398900000131107,2666.9896907216494
1788766540,10,POST,[setup] POST /auth/login,0.000000,0.000000,0,0,0,0,0,0,0,0,0,0,0,3,0,430,506.4572333333217,426.1082999998962,666.1658000000443,178.0
1788766540,10,,Aggregated,10.000000,0.000000,6,8,9,9,10,11,12,13,13,13,13,1078,0,6,12.09089628942092,1.8614000000525266,682.4123999999756,24278.074211502782
1788766541,10,GET,GET /articles (anon),7.100000,0.000000,7,8,9,9,10,11,12,13,13,13,13,757,0,6,12.061022192863764,2.115499999945314,682.4123999999756,26731.0
1788766541,10,GET,GET /articles (list),2.000000,0.000000,5,7,7,7,11,11,11,11,11,11,11,227,0,6,8.225134801746348,1.8614000000525266,254.75429999983135,25716.08370044053
1788766541,10,GET,GET /articles/{id} (detail),0.700000,0.000000,7,8,9,9,10,10,10,10,10,10,10,98,0,5,5.686536734710249,2.2598000000471075,11.398900000131107,2656.408163265306
1788766541,10,POST,[setup] POST /auth/login,0.000000,0.000000,0,0,0,0,0,0,0,0,0,0,0,3,0,430,506.4572333333217,426.1082999998962,666.1658000000443,178.0
1788766541,10,,Aggregated,9.800000,0.000000,6,7,9,9,10,11,12,13,13,13,13,1085,0,6,12.049725069120608,1.8614000000525266,682.4123999999756,24270.764976958526
1788766542,10,GET,GET /articles (anon),6.800000,0.000000,7,8,9,9,10,11,12,13,13,13,13,765,0,6,12.007794901958382,2.115499999945314,682.4123999999756,26731.0
1788766542,10,GET,GET /articles (list),1.900000,0.000000,6,7,8,9,11,15,15,15,15,15,15,230,0,6,8.252866956505663,1.8614000000525266,254.75429999983135,25709.578260869566
1788766542,10,GET,GET /articles/{id} (detail),0.600000,0.000000,7,8,9,9,10,10,10,10,10,10,10,99,0,5,5.700990909107614,2.2598000000471075,11.398900000131107,2645.8282828282827
1788766542,10,POST,[setup] POST /auth/login,0.000000,0.000000,0,0,0,0,0,0,0,0,0,0,0,3,0,430,506.4572333333217,426.1082999998962,666.1658000000443,178.0
1788766542,10,,Aggregated,9.300000,0.000000,7,8,9,9,10,11,13,15,15,15,15,1097,0,6,12.003548131263521,1.8614000000525266,682.4123999999756,24270.637192342754
1788766543,10,GET,GET /articles (anon),7.100000,0.000000,7,8,9,9,10,11,12,13,13,13,13,771,0,6,11.967645136183878,2.115499999945314,682.4123999999756,26731.0
1788766543,10,GET,GET /articles (list),2.000000,0.000000,6,7,8,8,11,15,15,15,15,15,15,232,0,6,8.240696120673153,1.8614000000525266,254.75429999983135,25718.383620689656
1788766543,10,GET,GET /articles/{id} (detail),0.700000,0.000000,8,9,10,10,12,12,12,12,12,12,12,100,0,5,5.760569000017313,2.2598000000471075,11.658800000077463,2637.56
1788766543,10,POST,[setup] POST /auth/login,0.000000,0.000000,0,0,0,0,0,0,0,0,0,0,0,3,0,430,506.4572333333217,426.1082999998962,666.1658000000443,178.0
1788766543,10,,Aggregated,9.800000,0.000000,7,8,9,9,10,11,13,15,15,15,15,1106,0,6,11.965935352618116,1.8614000000525266,682.4123999999756,24268.133815551537
1788766544,10,GET,GET /articles (anon),7.200000,0.000000,6,7,9,9,10,10,12,13,13,13,13,779,0,6,11.909545827981951,2.115499999945314,682.4123999999756,26731.0
1788766544,10,GET,GET /articles (list),2.100000,0.000000,6,7,8,8,9,15,15,15,15,15,15,234,0,6,8.227682905966402,1.8614000000525266,254.75429999983135,25727.03846153846
1788766544,10,GET,GET /articles/{id} (detail),0.700000,0.000000,8,8,9,10,12,12,12,12,12,12,12,101,0,5,5.786739603977502,2.2598000000471075,11.658800000077463,2635.90099009901
1788766544,10,POST,[setup] POST /auth/login,0.000000,0.000000,0,0,0,0,0,0,0,0,0,0,0,3,0,430,506.4572333333217,426.1082999998962,666.1658000000443,178.0
1788766544,10,,Aggregated,10.000000,0.000000,6,7,8,9,10,11,13,15,15,15,15,1117,0,6,11.912843688447422,1.8614000000525266,682.4123999999756,24270.667860340196
1788766545,10,GET,GET /articles (anon),7.200000,0.000000,6,7,8,9,10,10,12,13,13,13,13,784,0,6,11.872428443874592,2.115499999945314,682.4123999999756,26731.0
1788766545,10,GET,GET /articles (list),2.000000,0.000000,6,7,8,8,9,15,15,15,15,15,15,235,0,6,8.209133617004982,1.8614000000525266,254.75429999983135,25731.310638297873
1788766545,10,GET,GET /articles/{id} (detail),0.700000,0.000000,8,9,10,10,11,12,12,12,12,12,12,104,0,5,5.8328471154009796,2.2598000000471075,11.658800000077463,2630.5673076923076
1788766545,10,POST,[setup] POST /auth/login,0.000000,0.000000,0,0,0,0,0,0,0,0,0,0,0,3,0,430,506.4572333333217,426.1082999998962,666.1658000000443,178.0
1788766545,10,,Aggregated,9.900000,0.000000,6,7,8,9,10,11,13,15,15,15,15,1126,0,6,11.86777806393918,1.8614000000525266,682.4123999999756,24225.643872113676
1788766546,10,GET,GET /articles (anon),6.600000,0.000000,6,7,7,7,9,10,12,13,13,13,13,792,0,6,11.809736489896803,2.1058000002085464,682.4123999999756,26731.0
1788766546,10,GET,GET /articles (list),2.100000,0.000000,6,7,7,8,8,15,15,15,15,15,15,236,0,6,8.186147457611357,1.8614000000525266,254.75429999983135,25735.54661016949
1788766546,10,GET,GET /articles/{id} (detail),0.800000,0.000000,8,9,10,10,11,12,12,12,12,12,12,104,0,5,5.8328471154009796,2.2598000000471075,11.658800000077463,2630.5673076923076
1788766546,10,POST,[setup] POST /auth/login,0.000000,0.000000,0,0,0,0,0,0,0,0,0,0,0,3,0,430,506.4572333333217,426.1082999998962,666.1658000000443,178.0
1788766546,10,,Aggregated,9.500000,0.000000,6,7,7,8,9,11,13,15,15,15,15,1135,0,6,11.81606158589975,1.8614000000525266,682.4123999999756,24245.51013215859
1788766547,10,GET,GET /articles (anon),6.800000,0.000000,6,7,7,8,10,12,12,13,13,13,13,797,0,6,11.792045922206515,2.1058000002085464,682.4123999999756,26731.0
1788766547,10,GET,GET /articles (list),1.900000,0.000000,6,7,7,8,8,15,15,15,15,15,15,239,0,6,8.157859832620728,1.8614000000525266,254.75429999983135,25691.041841004186
1788766547,10,GET,GET /articles/{id} (detail),1.000000,0.000000,8,9,10,11,12,12,12,12,12,12,12,104,0,5,5.8328471154009796,2.2598000000471075,11.658800000077463,2630.5673076923076
1788766547,10,POST,[setup] POST /auth/login,0.000000,0.000000,0,0,0,0,0,0,0,0,0,0,0,3,0,430,506.4572333333217,426.1082999998962,666.1658000000443,178.0
1788766547,10,,Aggregated,9.700000,0.000000,6,7,8,8,10,12,13,15,15,15,15,1143,0,6,11.788256255465104,1.8614000000525266,682.4123999999756,24250.987751531058
1788766548,10,GET,GET /articles (anon),6.800000,0.000000,6,7,8,9,10,11,12,13,13,13,13,806,0,6,11.750371215878761,2.1058000002085464,682.4123999999756,26731.0
1788766548,10,GET,GET /articles (list),1.800000,0.000000,7,7,8,8,12,15,15,15,15,15,15,243,0,6,8.162511934142083,1.8614000000525266,254.75429999983135,25689.473251028805
1788766548,10,GET,GET /articles/{id} (detail),1.100000,0.000000,8,9,10,11,12,12,12,12,12,12,12,104,0,5,5.8328471154009796,2.2598000000471075,11.658800000077463,2630.5673076923076
1788766548,10,POST,[setup] POST /auth/login,0.000000,0.000000,0,0,0,0,0,0,0,0,0,0,0,3,0,430,506.4572333333217,426.1082999998962,666.1658000000443,178.0
1788766548,10,,Aggregated,9.700000,0.000000,7,7,8,9,11,12,13,15,15,15,15,1156,0,6,11.747644809685532,1.8614000000525266,682.4123999999756,24274.948961937716
1788766549,10,GET,GET /articles (anon),6.800000,0.000000,7,7,8,9,12,14,20,20,20,20,20,813,0,6,11.766728290280554,2.1058000002085464,682.4123999999756,26731.0
1788766549,10,GET,GET /articles (list),2.000000,0.000000,7,8,8,9,15,21,21,21,21,21,21,245,0,6,8.219595102026483,1.8614000000525266,254.75429999983135,25697.97551020408
1788766549,10,GET,GET /articles/{id} (detail),1.000000,0.000000,9,10,11,11,12,12,12,12,12,12,12,104,0,5,5.8328471154009796,2.2598000000471075,11.658800000077463,2630.5673076923076
1788766549,10,POST,[setup] POST /auth/login,0.000000,0.000000,0,0,0,0,0,0,0,0,0,0,0,3,0,430,506.4572333333217,426.1082999998962,666.1658000000443,178.0
1788766549,10,,Aggregated,9.800000,0.000000,7,8,9,9,12,15,20,21,21,21,21,1165,0,6,11.764925922743558,1.8614000000525266,682.4123999999756,24293.922746781114
1788766550,10,GET,GET /articles (anon),6.500000,0.000000,7,8,9,10,12,14,20,20,20,20,20,820,0,6,11.724192073168291,2.1058000002085464,682.4123999999756,26731.0
1788766550,10,GET,GET /articles (list),2.100000,0.000000,7,8,8,8,12,15,21,21,21,21,21,248,0,6,8.173053225793902,1.8614000000525266,254.75429999983135,25705.120967741936
1788766550,10,GET,GET /articles/{id} (detail),1.000000,0.000000,9,10,11,11,12,12,12,12,12,12,12,105,0,5,5.862086666684263,2.2598000000471075,11.658800000077463,2612.657142857143
1788766550,10,POST,[setup] POST /auth/login,0.000000,0.000000,0,0,0,0,0,0,0,0,0,0,0,3,0,430,506.4572333333217,426.1082999998962,666.1658000000443,178.0
1788766550,10,,Aggregated,9.600000,0.000000,7,8,9,10,12,15,20,21,21,21,21,1176,0,6,11.713984268704676,1.8614000000525266,682.4123999999756,24293.497448979593
1788766551,10,GET,GET /articles (anon),6.600000,0.000000,7,7,8,9,12,14,20,20,20,20,20,825,0,6,11.682727030300597,2.1058000002085464,682.4123999999756,26731.0
1788766551,10,GET,GET /articles (list),2.100000,0.000000,7,7,8,8,9,12,21,21,21,21,21,250,0,6,8.14231759998711,1.8614000000525266,254.75429999983135,25695.164
1788766551,10,GET,GET /articles/{id} (detail),0.900000,0.000000,8,9,11,11,12,12,12,12,12,12,12,106,0,5,5.873012264169978,2.2598000000471075,11.658800000077463,2619.8490566037735
1788766551,10,POST,[setup] POST /auth/login,0.000000,0.000000,0,0,0,0,0,0,0,0,0,0,0,3,0,430,506.4572333333217,426.1082999998962,666.1658000000443,178.0
1788766551,10,,Aggregated,9.600000,0.000000,7,7,8,9,12,14,20,21,21,21,21,1184,0,6,11.668699493240501,1.8614000000525266,682.4123999999756,24286.405405405407
1788766552,20,GET,GET /articles (anon),6.700000,0.000000,7,8,9,11,13,18,20,20,20,20,20,832,0,6,11.666960096151458,2.1058000002085464,682.4123999999756,26731.0
1788766552,20,GET,GET /articles (list),2.200000,0.000000,6,7,7,8,9,12,21,21,21,21,21,252,0,6,8.117203174591063,1.8614000000525266,254.75429999983135,25698.119047619046
1788766552,20,GET,GET /articles/{id} (detail),0.800000,0.000000,8,9,11,11,12,12,12,12,12,12,12,106,0,5,5.873012264169978,2.2598000000471075,11.658800000077463,2619.8490566037735
1788766552,20,POST,[setup] POST /auth/login,0.000000,0.000000,0,0,0,0,0,0,0,0,0,0,0,3,0,430,506.4572333333217,426.1082999998962,666.1658000000443,178.0
1788766552,20,,Aggregated,9.700000,0.000000,7,8,9,10,12,18,20,21,21,21,21,1193,0,6,11.64656915339224,1.8614000000525266,682.4123999999756,24303.73512154233
1788766553,30,GET,GET /articles (anon),6.600000,0.000000,7,11,12,20,720,960,980,980,980,980,980,843,0,6,21.277661803082047,2.1058000002085464,979.716499999995,26731.0
1788766553,30,GET,GET /articles (list),2.300000,0.000000,7,8,21,32,720,790,820,820,820,820,820,258,0,6,19.19364457363326,1.8614000000525266,816.8512000002011,25699.39534883721
1788766553,30,GET,GET /articles/{id} (detail),0.900000,0.000000,8,9,11,11,240,240,240,240,240,240,240,107,0,5,8.083612149552652,2.2598000000471075,242.40720000011606,2634.1495327102803
1788766553,30,POST,[setup] POST /auth/login,0.000000,0.000000,750,750,960,960,960,960,960,960,960,960,960,7,0,670,604.3556428571394,264.8451000000023,955.6044000000838,178.0
1788766553,30,,Aggregated,9.800000,0.000000,7,11,18,240,750,960,960,980,980,980,980,1215,0,6,23.03248164608861,1.8614000000525266,979.716499999995,24236.853497942386
1788766554,40,GET,GET /articles (anon),6.700000,0.000000,9,20,420,720,820,960,980,980,980,980,980,856,0,6,30.047321144857584,2.1058000002085464,979.716499999995,26731.0
1788766554,40,GET,GET /articles (list),2.300000,0.000000,7,22,67,240,720,790,820,820,820,820,820,263,0,6,20.97886273763263,1.8614000000525266,816.8512000002011,25708.916349809886
1788766554,40,GET,GET /articles/{id} (detail),0.800000,0.000000,11,21,240,240,550,550,550,550,550,550,550,109,0,6,13.2161311926816,2.2598000000471075,554.4374000000971,2634.623853211009
1788766554,40,POST,[setup] POST /auth/login,0.000000,0.000000,750,810,810,810,960,960,960,960,960,960,960,10,0,670,611.4022199999908,264.8451000000023,955.6044000000838,178.0
1788766554,40,,Aggregated,9.800000,0.000000,11,67,360,650,810,960,960,980,980,980,980,1238,0,6,31.334837075927034,1.8614000000525266,979.716499999995,24177.815024232634
1788766555,50,GET,GET /articles (anon),6.300000,0.000000,26,500,690,720,820,960,980,980,980,980,980,877,0,6,40.2736432155055,2.1058000002085464,979.716499999995,26731.0
1788766555,50,GET,GET /articles (list),2.100000,0.000000,12,56,240,280,700,790,820,820,820,820,820,269,0,6,26.411958364302897,1.8614000000525266,816.8512000002011,25693.018587360595
1788766555,50,GET,GET /articles/{id} (detail),0.700000,0.000000,21,47,250,250,510,550,550,550,550,550,550,114,0,6,19.779577193006798,2.2598000000471075,554.4374000000971,2630.2017543859647
1788766555,50,POST,[setup] POST /auth/login,0.100000,0.000000,750,750,810,810,960,960,960,960,960,960,960,13,0,670,600.9384307692296,264.8451000000023,955.6044000000838,178.46153846153845
1788766555,50,,Aggregated,9.200000,0.000000,32,420,610,710,810,820,960,980,980,980,980,1273,0,6,41.234778711703505,1.8614000000525266,979.716499999995,24082.22466614297
1788766556,50,GET,GET /articles (anon),7.000000,0.000000,360,710,770,810,960,1000,1100,1100,1100,1100,1100,890,0,6,53.10511011235763,2.1058000002085464,1141.036799999938,26731.0
1788766556,50,GET,GET /articles (list),2.400000,0.000000,51,280,520,550,790,830,960,960,960,960,960,274,0,6,37.98632956203533,1.8614000000525266,961.0112000000299,25695.38686131387
1788766556,50,GET,GET /articles/{id} (detail),0.700000,0.000000,47,250,510,550,620,750,750,750,750,750,750,116,0,6,31.178194827608923,2.2598000000471075,745.1759000000493,2632.5086206896553
1788766556,50,POST,[setup] POST /auth/login,0.500000,0.000000,760,760,810,810,960,1100,1100,1100,1100,1100,1100,17,0,750,657.3296823529317,264.8451000000023,1079.990399999815,178.8235294117647
1788766556,50,,Aggregated,10.600000,0.000000,260,650,750,770,880,980,1100,1100,1100,1100,1100,1297,0,6,55.86975905936655,1.8614000000525266,1141.036799999938,24008.895142636855
1788766557,50,GET,GET /articles (anon),7.800000,0.000000,170,610,720,770,960,1000,1100,1100,1200,1200,1200,930,0,6,60.08062860214889,2.1058000002085464,1159.6885999999813,26731.0
1788766557,50,GET,GET /articles (list),2.900000,0.000000,65,250,520,550,820,880,960,960,960,960,960,282,0,6,41.24135035460155,1.8614000000525266,961.0112000000299,25715.35460992908
1788766557,50,GET,GET /articles/{id} (detail),0.700000,0.000000,240,450,540,550,750,800,1100,1100,1100,1100,1100,127,0,6,57.99645826773557,2.259500000036496,1126.4698999998473,2636.0866141732286
1788766557,50,POST,[setup] POST /auth/login,1.000000,0.000000,760,760,810,810,960,1100,1100,1100,1100,1100,1100,17,0,750,657.3296823529317,264.8451000000023,1079.990399999815,178.8235294117647
1788766557,50,,Aggregated,12.400000,0.000000,240,540,720,760,880,980,1100,1100,1200,1200,1200,1356,0,6,63.45516238937928,1.8614000000525266,1159.6885999999813,23930.223451327434
1788766558,50,GET,GET /articles (anon),8.800000,0.000000,20,420,680,720,880,990,1100,1100,1200,1200,1200,967,0,6,58.08669865563501,2.1058000002085464,1159.6885999999813,26731.0
1788766558,50,GET,GET /articles (list),3.300000,0.000000,22,200,300,520,790,830,960,960,960,960,960,291,0,6,40.17477525772438,1.8614000000525266,961.0112000000299,25690.831615120274
1788766558,50,GET,GET /articles/{id} (detail),1.000000,0.000000,21,340,510,540,750,800,1100,1100,1100,1100,1100,131,0,6,56.48078015268981,2.259500000036496,1126.4698999998473,2596.259541984733
1788766558,50,POST,[setup] POST /auth/login,1.000000,0.000000,760,760,810,810,960,1100,1100,1100,1100,1100,1100,17,0,750,657.3296823529317,264.8451000000023,1079.990399999815,178.8235294117647
1788766558,50,,Aggregated,14.100000,0.000000,33,420,650,720,820,970,1100,1100,1200,1200,1200,1406,0,6,61.475308677097374,1.8614000000525266,1159.6885999999813,23945.987908961593
1788766559,50,GET,GET /articles (anon),11.500000,0.000000,11,170,510,710,820,980,1100,1100,1200,1200,1200,1004,0,6,56.19874501991944,2.0554999998694257,1159.6885999999813,26731.0
1788766559,50,GET,GET /articles (list),3.900000,0.000000,9,51,200,280,700,820,880,960,960,960,960,309,0,6,38.16718252426383,1.8614000000525266,961.0112000000299,25679.757281553397
1788766559,50,GET,GET /articles/{id} (detail),1.800000,0.000000,17,250,450,540,750,800,1100,1100,1100,1100,1100,134,0,6,55.287352985092454,2.1443000000545,1126.4698999998473,2607.723880597015
1788766559,50,POST,[setup] POST /auth/login,1.400000,0.000000,760,760,810,810,960,1100,1100,1100,1100,1100,1100,17,0,750,657.3296823529317,264.8451000000023,1079.990399999815,178.8235294117647
1788766559,50,,Aggregated,18.600000,0.000000,12,240,510,690,810,960,1100,1100,1200,1200,1200,1464,0,6,59.28982875682971,1.8614000000525266,1159.6885999999813,23992.789617486338
1788766560,50,GET,GET /articles (anon),15.100000,0.000000,10,43,420,630,810,970,1100,1100,1200,1200,1200,1036,0,6,54.69256254826113,2.0554999998694257,1159.6885999999813,26731.0
1788766560,50,GET,GET /articles (list),4.700000,0.000000,9,32,150,250,700,820,880,960,960,960,960,317,0,6,37.40281703469299,1.8614000000525266,961.0112000000299,25654.940063091482
1788766560,50,GET,GET /articles/{id} (detail),2.700000,0.000000,9,47,340,450,620,800,1100,1100,1100,1100,1100,141,0,6,52.89863687944844,2.1443000000545,1126.4698999998473,2631.1347517730496
1788766560,50,POST,[setup] POST /auth/login,1.400000,0.000000,760,760,810,810,960,1100,1100,1100,1100,1100,1100,17,0,750,657.3296823529317,264.8451000000023,1079.990399999815,178.8235294117647
1788766560,50,,Aggregated,23.900000,0.000000,10,98,450,550,800,960,1100,1100,1200,1200,1200,1511,0,6,57.67802792852294,1.8614000000525266,1159.6885999999813,23957.618795499668
1788766561,50,GET,GET /articles (anon),18.300000,0.000000,9,19,250,500,780,960,1100,1100,1200,1200,1200,1070,0,6,53.142163084110635,2.0554999998694257,1159.6885999999813,26731.0
1788766561,50,GET,GET /articles (list),5.900000,0.000000,8,13,65,200,550,820,880,960,960,960,960,327,0,6,36.51259847094135,1.8614000000525266,961.0112000000299,25653.669724770643
1788766561,50,GET,GET /articles/{id} (detail),2.800000,0.000000,9,21,250,450,550,750,1100,1100,1100,1100,1100,147,0,6,50.969476190489544,1.8880000000081054,1126.4698999998473,2636.0272108843537
1788766561,50,POST,[setup] POST /auth/login,1.400000,0.000000,760,760,810,810,960,1100,1100,1100,1100,1100,1100,17,0,750,657.3296823529317,264.8451000000023,1079.990399999815,178.8235294117647
1788766561,50,,Aggregated,28.400000,0.000000,9,27,280,510,770,930,1000,1100,1200,1200,1200,1561,0,6,56.0338576553478,1.8614000000525266,1159.6885999999813,23947.121076233183
1788766562,50,GET,GET /articles (anon),20.700000,0.000000,8,13,150,420,770,960,1000,1100,1200,1200,1200,1104,0,6,51.71604329709978,2.0554999998694257,1159.6885999999813,26731.0
1788766562,50,GET,GET /articles (list),6.700000,0.000000,7,10,22,67,520,790,880,960,960,960,960,345,0,6,34.94832695651446,1.8614000000525266,961.0112000000299,25681.33043478261
1788766562,50,GET,GET /articles/{id} (detail),3.400000,0.000000,9,17,250,450,550,750,1100,1100,1100,1100,1100,148,0,6,50.65386554055313,1.8880000000081054,1126.4698999998473,2646.1283783783783
1788766562,50,POST,[setup] POST /auth/login,1.400000,0.000000,760,760,810,810,960,1100,1100,1100,1100,1100,1100,17,0,750,657.3296823529317,264.8451000000023,1079.990399999815,178.8235294117647
1788766562,50,,Aggregated,32.200000,0.000000,8,14,170,450,760,880,1000,1100,1200,1200,1200,1614,0,6,54.413296964062745,1.8614000000525266,1159.6885999999813,24018.43246592317
1788766563,50,GET,GET /articles (anon),23.200000,0.000000,8,11,17,83,710,820,1000,1100,1200,1200,1200,1134,0,6,50.531573368605585,2.0554999998694257,1159.6885999999813,26731.0
1788766563,50,GET,GET /articles (list),7.300000,0.000000,7,9,11,16,250,550,880,960,960,960,960,357,0,6,34.02432352940634,1.8614000000525266,961.0112000000299,25654.58263305322
1788766563,50,GET,GET /articles/{id} (detail),3.900000,0.000000,7,10,47,340,550,750,1100,1100,1100,1100,1100,154,0,6,48.968403896115625,1.8880000000081054,1126.4698999998473,2634.551948051948
1788766563,50,POST,[setup] POST /auth/login,1.400000,0.000000,760,760,810,810,1100,1100,1100,1100,1100,1100,1100,17,0,750,657.3296823529317,264.8451000000023,1079.990399999815,178.8235294117647
1788766563,50,,Aggregated,35.800000,0.000000,7,11,19,130,700,810,1000,1100,1200,1200,1200,1662,0,6,53.04766937424689,1.8614000000525266,1159.6885999999813,23995.427797833934
1788766564,50,GET,GET /articles (anon),25.200000,0.000000,7,10,12,16,450,720,1000,1100,1200,1200,1200,1165,0,6,49.41795253218806,2.0554999998694257,1159.6885999999813,26731.0
1788766564,50,GET,GET /articles (list),8.400000,0.000000,6,8,10,11,98,550,830,880,960,960,960,368,0,6,33.16790135869002,1.8614000000525266,961.0112000000299,25659.994565217392
1788766564,50,GET,GET /articles/{id} (detail),4.200000,0.000000,7,9,14,250,540,750,1100,1100,1100,1100,1100,158,0,6,47.911731645579295,1.8880000000081054,1126.4698999998473,2657.272151898734
1788766564,50,POST,[setup] POST /auth/login,1.400000,0.000000,760,760,810,810,1100,1100,1100,1100,1100,1100,1100,17,0,750,657.3296823529317,264.8451000000023,1079.990399999815,178.8235294117647
1788766564,50,,Aggregated,39.200000,0.000000,7,9,12,16,490,760,990,1100,1200,1200,1200,1708,0,6,51.828079976579765,1.8614000000525266,1159.6885999999813,24009.005854800937
1788766565,50,GET,GET /articles (anon),28.400000,0.000000,7,9,11,12,33,720,1000,1100,1200,1200,1200,1199,0,6,48.26438882401876,2.0554999998694257,1159.6885999999813,26731.0
1788766565,50,GET,GET /articles (list),9.900000,0.000000,6,8,9,10,15,420,830,880,960,960,960,380,0,6,32.3483299999955,1.8614000000525266,961.0112000000299,25635.53947368421
1788766565,50,GET,GET /articles/{id} (detail),4.400000,0.000000,7,9,10,14,540,750,1100,1100,1100,1100,1100,164,0,6,46.48078414634977,1.8880000000081054,1126.4698999998473,2651.9695121951218
1788766565,50,POST,[setup] POST /auth/login,1.300000,0.000000,760,760,1100,1100,1100,1100,1100,1100,1100,1100,1100,17,0,750,657.3296823529317,264.8451000000023,1079.990399999815,178.8235294117647
1788766565,50,,Aggregated,44.000000,0.000000,7,9,11,12,98,750,990,1100,1200,1200,1200,1760,0,6,50.54478454545334,1.8614000000525266,1159.6885999999813,23994.282386363637
1788766566,50,GET,GET /articles (anon),30.400000,0.000000,7,8,9,10,12,15,20,21,35,35,35,1231,0,6,47.185978229080945,2.0554999998694257,1159.6885999999813,26731.0
1788766566,50,GET,GET /articles (list),10.400000,0.000000,6,7,8,9,10,12,15,16,19,19,19,392,0,6,31.521008163260994,1.8614000000525266,961.0112000000299,25630.936224489797
1788766566,50,GET,GET /articles/{id} (detail),4.900000,0.000000,7,8,9,9,11,13,17,17,17,17,17,170,0,6,45.106767058833235,1.8880000000081054,1126.4698999998473,2653.3411764705884
1788766566,50,POST,[setup] POST /auth/login,0.900000,0.000000,760,760,1100,1100,1100,1100,1100,1100,1100,1100,1100,17,0,750,657.3296823529317,264.8451000000023,1079.990399999815,178.8235294117647
1788766566,50,,Aggregated,46.600000,0.000000,6,8,9,10,12,15,19,20,35,35,35,1810,0,6,49.328690276242185,1.8614000000525266,1159.6885999999813,23981.93149171271
1788766567,50,GET,GET /articles (anon),32.000000,0.000000,7,8,9,10,12,15,17,19,21,21,21,1263,0,6,46.22219754552525,2.0554999998694257,1159.6885999999813,26731.0
1788766567,50,GET,GET /articles (list),11.300000,0.000000,6,7,8,9,10,12,13,16,19,19,19,401,0,6,30.976922194508745,1.8614000000525266,961.0112000000299,25634.374064837906
1788766567,50,GET,GET /articles/{id} (detail),5.100000,0.000000,7,9,9,9,11,13,18,18,18,18,18,176,0,6,43.900077840917945,1.8880000000081054,1126.4698999998473,2639.9772727272725
1788766567,50,POST,[setup] POST /auth/login,0.400000,0.000000,760,760,1100,1100,1100,1100,1100,1100,1100,1100,1100,17,0,750,657.3296823529317,264.8451000000023,1079.990399999815,178.8235294117647
1788766567,50,,Aggregated,48.800000,0.000000,7,8,9,10,12,14,16,19,21,21,21,1857,0,6,48.30446935918025,1.8614000000525266,1159.6885999999813,23967.858373721054
1788766568,50,GET,GET /articles (anon),33.500000,0.000000,7,8,10,10,12,15,16,18,21,21,21,1296,0,6,45.25779459876459,2.0554999998694257,1159.6885999999813,26731.0
1788766568,50,GET,GET /articles (list),11.400000,0.000000,6,8,9,9,12,13,16,19,20,20,20,416,0,6,30.244577884610308,1.8614000000525266,961.0112000000299,25628.408653846152
1788766568,50,GET,GET /articles/{id} (detail),5.300000,0.000000,7,9,9,9,13,14,18,18,18,18,18,180,0,6,43.11027277778597,1.8880000000081054,1126.4698999998473,2647.866666666667
1788766568,50,POST,[setup] POST /auth/login,0.400000,0.000000,760,760,1100,1100,1100,1100,1100,1100,1100,1100,1100,17,0,750,657.3296823529317,264.8451000000023,1079.990399999815,178.8235294117647
1788766568,50,,Aggregated,50.600000,0.000000,7,8,9,10,12,14,16,19,21,21,21,1909,0,6,47.234311105289706,1.8614000000525266,1159.6885999999813,23983.473022524882
1788766569,50,GET,GET /articles (anon),33.300000,0.000000,7,8,10,11,12,15,16,18,21,21,21,1330,0,6,44.297515714285176,2.0554999998694257,1159.6885999999813,26731.0
1788766569,50,GET,GET /articles (list),11.900000,0.000000,7,8,9,9,12,15,16,19,20,20,20,428,0,6,29.644196495322827,1.8614000000525266,961.0112000000299,25633.21028037383
1788766569,50,GET,GET /articles/{id} (detail),4.900000,0.000000,7,9,9,10,13,14,18,18,18,18,18,184,0,6,42.38078913044403,1.8880000000081054,1126.4698999998473,2652.820652173913
1788766569,50,POST,[setup] POST /auth/login,0.000000,0.000000,760,760,1100,1100,1100,1100,1100,1100,1100,1100,1100,17,0,750,657.3296823529317,264.8451000000023,1079.990399999815,178.8235294117647
1788766569,50,,Aggregated,50.100000,0.000000,7,8,9,10,12,15,16,19,21,21,21,1959,0,6,46.235876365492054,1.8614000000525266,1159.6885999999813,23999.184788157225
1788766570,50,GET,GET /articles (anon),32.600000,0.000000,7,8,10,10,12,15,16,18,21,21,21,1362,0,6,43.40176681350913,2.0554999998694257,1159.6885999999813,26731.0
1788766570,50,GET,GET /articles (list),11.900000,0.000000,6,8,8,9,12,13,16,16,20,20,20,440,0,6,28.96587749999588,1.8614000000525266,961.0112000000299,25608.53181818182
1788766570,50,GET,GET /articles/{id} (detail),4.600000,0.000000,6,9,9,10,13,14,18,18,18,18,18,188,0,6,41.57940691490399,1.8880000000081054,1126.4698999998473,2662.781914893617
1788766570,50,POST,[setup] POST /auth/login,0.000000,0.000000,760,760,1100,1100,1100,1100,1100,1100,1100,1100,1100,17,0,750,657.3296823529317,264.8451000000023,1079.990399999815,178.8235294117647
1788766570,50,,Aggregated,49.100000,0.000000,7,8,9,10,12,14,16,18,21,21,21,2007,0,6,45.26643029397077,1.8614000000525266,1159.6885999999813,24005.49028400598
1788766571,50,GET,GET /articles (anon),32.400000,0.000000,7,8,10,10,12,15,16,18,21,21,21,1398,0,6,42.449254792560865,1.9912000000203989,1159.6885999999813,26731.0
1788766571,50,GET,GET /articles (list),11.600000,0.000000,6,8,9,9,12,15,16,19,20,20,20,453,0,6,28.38472494480737,1.8614000000525266,961.0112000000299,25617.76600441501
1788766571,50,GET,GET /articles/{id} (detail),5.000000,0.000000,7,9,10,11,14,16,18,18,18,18,18,192,0,6,40.90580312500928,1.8880000000081054,1126.4698999998473,2654.4010416666665
1788766571,50,POST,[setup] POST /auth/login,0.000000,0.000000,760,760,1100,1100,1100,1100,1100,1100,1100,1100,1100,17,0,750,657.3296823529317,264.8451000000023,1079.990399999815,178.8235294117647
1788766571,50,,Aggregated,49.000000,0.000000,7,8,9,10,12,15,16,19,21,21,21,2060,0,6,44.28682398058223,1.8614000000525266,1159.6885999999813,24023.04417475728
1788766572,50,GET,GET /articles (anon),31.800000,0.000000,7,9,10,10,12,15,16,18,21,21,21,1427,0,6,41.72614519971992,1.9912000000203989,1159.6885999999813,26731.0
1788766572,50,GET,GET /articles (list),12.100000,0.000000,6,8,9,11,13,16,19,19,20,20,20,468,0,6,27.710227564098087,1.8614000000525266,961.0112000000299,25612.995726495727
1788766572,50,GET,GET /articles/{id} (detail),4.700000,0.000000,7,9,10,12,14,16,18,18,18,18,18,195,0,6,40.43773282052289,1.8880000000081054,1126.4698999998473,2657.948717948718
1788766572,50,POST,[setup] POST /auth/login,0.000000,0.000000,760,760,1100,1100,1100,1100,1100,1100,1100,1100,1100,17,0,750,657.3296823529317,264.8451000000023,1079.990399999815,178.8235294117647
1788766572,50,,Aggregated,48.600000,0.000000,7,8,10,11,12,15,18,19,21,21,21,2107,0,6,43.46063512102516,1.8614000000525266,1159.6885999999813,24040.512102515426
1788766573,50,GET,GET /articles (anon),31.800000,0.000000,7,8,10,10,12,15,18,19,21,21,21,1459,0,6,40.96854338588125,1.9912000000203989,1159.6885999999813,26731.0
1788766573,50,GET,GET /articles (list),12.400000,0.000000,6,8,9,11,12,15,19,19,20,20,20,477,0,6,27.295709853244674,1.8614000000525266,961.0112000000299,25621.78825995807
1788766573,50,GET,GET /articles/{id} (detail),4.500000,0.000000,7,9,10,12,14,16,18,18,18,18,18,205,0,6,38.796758048790544,1.8880000000081054,1126.4698999998473,2648.2048780487803
1788766573,50,POST,[setup] POST /auth/login,0.000000,0.000000,760,760,1100,1100,1100,1100,1100,1100,1100,1100,1100,17,0,750,657.3296823529317,264.8451000000023,1079.990399999815,178.8235294117647
1788766573,50,,Aggregated,48.700000,0.000000,7,8,9,10,12,15,18,19,21,21,21,2158,0,6,42.59550435588526,1.8614000000525266,1159.6885999999813,23988.898980537535
1788766574,50,GET,GET /articles (anon),32.900000,0.000000,7,8,9,10,12,14,18,19,21,21,21,1486,0,6,40.364516352624975,1.9912000000203989,1159.6885999999813,26731.0
1788766574,50,GET,GET /articles (list),12.200000,0.000000,7,9,9,11,13,15,19,19,20,20,20,490,0,6,26.787624693872427,1.8614000000525266,961.0112000000299,25602.17142857143
1788766574,50,GET,GET /articles/{id} (detail),4.400000,0.000000,7,9,10,11,14,16,18,18,18,18,18,211,0,6,37.93068957346917,1.8880000000081054,1126.4698999998473,2661.9763033175354
1788766574,50,POST,[setup] POST /auth/login,0.000000,0.000000,0,0,0,0,0,0,0,0,0,0,0,17,0,750,657.3296823529317,264.8451000000023,1079.990399999815,178.8235294117647
1788766574,50,,Aggregated,49.500000,0.000000,7,9,9,10,12,15,18,19,21,21,21,2204,0,6,41.871863656987344,1.8614000000525266,1159.6885999999813,23970.983212341198
1788766575,50,GET,GET /articles (anon),32.300000,0.000000,6,8,9,10,12,13,16,18,19,19,19,1522,0,6,39.535309855453264,1.9912000000203989,1159.6885999999813,26731.0
1788766575,50,GET,GET /articles (list),12.100000,0.000000,6,8,9,11,13,15,19,19,20,20,20,498,0,6,26.433689156621664,1.8614000000525266,961.0112000000299,25617.640562248995
1788766575,50,GET,GET /articles/{id} (detail),4.900000,0.000000,7,9,10,12,14,16,18,18,18,18,18,217,0,6,37.099679723511265,1.8880000000081054,1126.4698999998473,2676.041474654378
1788766575,50,POST,[setup] POST /auth/login,0.000000,0.000000,0,0,0,0,0,0,0,0,0,0,0,17,0,750,657.3296823529317,264.8451000000023,1079.990399999815,178.8235294117647
1788766575,50,,Aggregated,49.300000,0.000000,6,8,9,10,12,14,18,19,20,20,20,2254,0,6,41.06564059449838,1.8614000000525266,1159.6885999999813,23968.90328305235
1788766576,50,GET,GET /articles (anon),32.400000,0.000000,6,8,9,10,12,13,16,18,19,19,19,1555,0,6,38.83456816720238,1.9912000000203989,1159.6885999999813,26731.0
1788766576,50,GET,GET /articles (list),11.800000,0.000000,7,8,9,11,13,15,19,19,20,20,20,511,0,6,25.92335420743202,1.8614000000525266,961.0112000000299,25619.305283757338
1788766576,50,GET,GET /articles/{id} (detail),5.100000,0.000000,7,9,10,12,14,16,18,18,18,18,18,222,0,6,36.41466351351986,1.8880000000081054,1126.4698999998473,2680.310810810811
1788766576,50,POST,[setup] POST /auth/login,0.000000,0.000000,0,0,0,0,0,0,0,0,0,0,0,17,0,750,657.3296823529317,264.8451000000023,1079.990399999815,178.8235294117647
1788766576,50,,Aggregated,49.300000,0.000000,6,8,9,10,12,14,18,19,20,20,20,2305,0,6,40.30075809110578,1.8614000000525266,1159.6885999999813,23972.337960954446
1788766577,50,GET,GET /articles (anon),31.800000,0.000000,6,8,9,9,11,13,16,18,19,19,19,1586,0,6,38.20659104665795,1.7863999999008229,1159.6885999999813,26731.0
1788766577,50,GET,GET /articles (list),11.600000,0.000000,7,8,9,10,12,14,19,19,20,20,20,520,0,6,25.614039807687906,1.8614000000525266,961.0112000000299,25619.60576923077
1788766577,50,GET,GET /articles/{id} (detail),5.200000,0.000000,7,9,10,12,13,16,16,18,18,18,18,231,0,6,35.27163376623801,1.8880000000081054,1126.4698999998473,2679.4155844155844
1788766577,50,POST,[setup] POST /auth/login,0.000000,0.000000,0,0,0,0,0,0,0,0,0,0,0,17,0,750,657.3296823529317,264.8451000000023,1079.990399999815,178.8235294117647
1788766577,50,,Aggregated,48.600000,0.000000,6,8,9,9,12,14,16,19,20,20,20,2354,0,6,39.608031478333956,1.7863999999008229,1159.6885999999813,23933.536958368735
1788766578,50,GET,GET /articles (anon),32.000000,0.000000,6,8,8,9,10,14,17,18,19,19,19,1619,0,6,37.59451630636166,1.7863999999008229,1159.6885999999813,26731.0
1788766578,50,GET,GET /articles (list),12.300000,0.000000,7,8,9,10,11,14,16,19,19,19,19,534,0,6,25.1383810861382,1.8614000000525266,961.0112000000299,25607.2734082397
1788766578,50,GET,GET /articles/{id} (detail),5.100000,0.000000,6,8,9,10,12,16,16,18,18,18,18,233,0,6,35.02255236051891,1.8880000000081054,1126.4698999998473,2671.8583690987125
1788766578,50,POST,[setup] POST /auth/login,0.000000,0.000000,0,0,0,0,0,0,0,0,0,0,0,17,0,750,657.3296823529317,264.8451000000023,1079.990399999815,178.8235294117647
1788766578,50,,Aggregated,49.400000,0.000000,6,8,9,9,11,14,17,18,19,19,19,2403,0,6,38.96141352475995,1.7863999999008229,1159.6885999999813,23960.614232209737
1788766579,50,GET,GET /articles (anon),32.500000,0.000000,6,8,9,9,11,14,17,18,19,19,19,1655,0,6,36.96211891238609,1.7863999999008229,1159.6885999999813,26731.0
1788766579,50,GET,GET /articles (list),11.700000,0.000000,7,8,9,10,12,14,16,19,19,19,19,546,0,6,24.77975311354933,1.8614000000525266,961.0112000000299,25608.045787545787
1788766579,50,GET,GET /articles/{id} (detail),5.500000,0.000000,7,9,10,11,12,16,17,18,18,18,18,237,0,6,34.630016877639996,1.8880000000081054,1126.4698999998473,2668.8143459915614
1788766579,50,POST,[setup] POST /auth/login,0.000000,0.000000,0,0,0,0,0,0,0,0,0,0,0,17,0,750,657.3296823529317,264.8451000000023,1079.990399999815,178.8235294117647
1788766579,50,,Aggregated,49.700000,0.000000,6,8,9,9,12,14,17,18,19,19,19,2455,0,6,38.32340961303363,1.7863999999008229,1159.6885999999813,23974.479429735235
1788766580,50,GET,GET /articles (anon),31.900000,0.000000,6,8,9,9,11,14,18,19,28,28,28,1685,0,6,36.45386231453919,1.7863999999008229,1159.6885999999813,26731.0
1788766580,50,GET,GET /articles (list),11.600000,0.000000,7,9,9,10,12,14,16,19,19,19,19,558,0,6,24.415521863795146,1.8614000000525266,961.0112000000299,25592.508960573476
1788766580,50,GET,GET /articles/{id} (detail),5.500000,0.000000,7,9,10,12,12,16,17,18,18,18,18,242,0,6,34.0899181818204,1.8880000000081054,1126.4698999998473,2656.1322314049585
1788766580,50,POST,[setup] POST /auth/login,0.000000,0.000000,0,0,0,0,0,0,0,0,0,0,0,17,0,750,657.3296823529317,264.8451000000023,1079.990399999815,178.8235294117647
1788766580,50,,Aggregated,49.000000,0.000000,6,8,9,10,12,14,18,19,28,28,28,2502,0,6,37.75898641086999,1.7863999999008229,1159.6885999999813,23968.09712230216
1788766581,50,GET,GET /articles (anon),31.700000,0.000000,6,8,9,9,11,14,18,19,28,28,28,1721,0,6,35.8392291690872,1.7863999999008229,1159.6885999999813,26731.0
1788766581,50,GET,GET /articles (list),11.800000,0.000000,7,9,9,10,12,13,15,16,19,19,19,568,0,6,24.140952640840716,1.8614000000525266,961.0112000000299,25591.890845070422
1788766581,50,GET,GET /articles/{id} (detail),5.100000,0.000000,7,9,10,11,12,14,17,18,18,18,18,245,0,6,33.75431102040981,1.8880000000081054,1126.4698999998473,2655.8326530612244
1788766581,50,POST,[setup] POST /auth/login,0.000000,0.000000,0,0,0,0,0,0,0,0,0,0,0,17,0,750,657.3296823529317,264.8451000000023,1079.990399999815,178.8235294117647
1788766581,50,,Aggregated,48.600000,0.000000,7,8,9,10,12,14,17,19,28,28,28,2551,0,6,37.17592524500078,1.7863999999008229,1159.6885999999813,23988.225793806352
1788766582,50,GET,GET /articles (anon),32.300000,0.000000,6,8,9,9,11,14,17,18,28,28,28,1753,0,6,35.315914546491264,1.7863999999008229,1159.6885999999813,26731.0
1788766582,50,GET,GET /articles (list),11.400000,0.000000,7,9,9,10,12,13,15,15,16,16,16,583,0,6,23.708984905656656,1.8614000000525266,961.0112000000299,25562.123499142366
1788766582,50,GET,GET /articles/{id} (detail),5.400000,0.000000,7,9,9,10,12,12,17,17,17,17,17,249,0,6,33.32803373494054,1.8880000000081054,1126.4698999998473,2647.710843373494
1788766582,50,POST,[setup] POST /auth/login,0.000000,0.000000,0,0,0,0,0,0,0,0,0,0,0,17,0,750,657.3296823529317,264.8451000000023,1079.990399999815,178.8235294117647
1788766582,50,,Aggregated,49.100000,0.000000,7,8,9,10,11,13,16,18,28,28,28,2602,0,6,36.58893981552546,1.7863999999008229,1159.6885999999813,23990.961183704843
1788766583,50,GET,GET /articles (anon),32.500000,0.000000,6,8,9,9,11,14,17,18,28,28,28,1791,0,6,34.71102473478468,1.7863999999008229,1159.6885999999813,26731.0
1788766583,50,GET,GET /articles (list),11.300000,0.000000,7,9,10,11,12,14,15,16,17,17,17,595,0,6,23.415445546214784,1.8614000000525266,961.0112000000299,25575.835294117645
1788766583,50,GET,GET /articles/{id} (detail),5.300000,0.000000,7,9,10,10,12,12,17,17,17,17,17,253,0,6,32.91020750988206,1.8880000000081054,1126.4698999998473,2656.122529644269
1788766583,50,POST,[setup] POST /auth/login,0.000000,0.000000,0,0,0,0,0,0,0,0,0,0,0,17,0,750,657.3296823529317,264.8451000000023,1079.990399999815,178.8235294117647
1788766583,50,,Aggregated,49.100000,0.000000,7,8,9,10,12,13,16,17,28,28,28,2656,0,6,35.99417262801105,1.7863999999008229,1159.6885999999813,24008.99171686747
1788766584,50,GET,GET /articles (anon),32.200000,0.000000,6,8,9,9,11,14,17,18,28,28,28,1822,0,6,34.23832656421504,1.7863999999008229,1159.6885999999813,26731.0
1788766584,50,GET,GET /articles (list),11.600000,0.000000,7,9,10,11,12,13,15,16,17,17,17,605,0,6,23.140528760327356,1.8614000000525266,961.0112000000299,25575.530578512396
1788766584,50,GET,GET /articles/{id} (detail),5.400000,0.000000,7,8,10,10,12,13,31,31,31,31,31,259,0,6,32.383485328184996,1.8880000000081054,1126.4698999998473,2666.911196911197
1788766584,50,POST,[setup] POST /auth/login,0.000000,0.000000,0,0,0,0,0,0,0,0,0,0,0,17,0,750,657.3296823529317,264.8451000000023,1079.990399999815,178.8235294117647
1788766584,50,,Aggregated,49.200000,0.000000,7,8,9,10,12,14,17,18,31,31,31,2703,0,6,35.4954414354413,1.7863999999008229,1159.6885999999813,23999.573806881242
1788766585,50,GET,GET /articles (anon),32.700000,0.000000,6,8,9,10,12,15,17,18,28,28,28,1852,0,6,33.79062246220302,1.7863999999008229,1159.6885999999813,26731.0
1788766585,50,GET,GET /articles (list),11.400000,0.000000,8,9,10,11,12,13,15,16,17,17,17,617,0,6,22.845029659639167,1.8614000000525266,961.0112000000299,25574.68071312804
1788766585,50,GET,GET /articles/{id} (detail),5.000000,0.000000,7,8,9,10,12,13,31,31,31,31,31,263,0,6,32.00249543726106,1.8880000000081054,1126.4698999998473,2666.4068441064637
1788766585,50,POST,[setup] POST /auth/login,0.000000,0.000000,0,0,0,0,0,0,0,0,0,0,0,17,0,750,657.3296823529317,264.8451000000023,1079.990399999815,178.8235294117647
1788766585,50,,Aggregated,49.100000,0.000000,7,8,9,10,12,14,17,18,31,31,31,2749,0,6,35.018871225899254,1.7863999999008229,1159.6885999999813,24004.981811567843
1788766586,50,GET,GET /articles (anon),32.600000,0.000000,6,8,9,10,12,15,17,18,28,28,28,1885,0,6,33.32025915119351,1.7863999999008229,1159.6885999999813,26731.0
1788766586,50,GET,GET /articles (list),12.100000,0.000000,8,10,10,11,12,13,15,16,17,17,17,631,0,6,22.490133438980976,1.8614000000525266,961.0112000000299,25577.53090332805
1788766586,50,GET,GET /articles/{id} (detail),4.700000,0.000000,7,8,9,10,12,13,31,31,31,31,31,268,0,6,31.50773395522258,1.8880000000081054,1126.4698999998473,2663.3694029850744
1788766586,50,POST,[setup] POST /auth/login,0.000000,0.000000,0,0,0,0,0,0,0,0,0,0,0,17,0,750,657.3296823529317,264.8451000000023,1079.990399999815,178.8235294117647
1788766586,50,,Aggregated,49.400000,0.000000,7,8,9,10,12,15,17,18,31,31,31,2801,0,6,34.49433773652143,1.7863999999008229,1159.6885999999813,24007.2045697965
1788766587,50,GET,GET /articles (anon),33.200000,0.000000,6,8,9,10,12,14,17,18,28,28,28,1921,0,6,32.8245481520037,1.7863999999008229,1159.6885999999813,26731.0
1788766587,50,GET,GET /articles (list),11.900000,0.000000,7,9,10,11,12,13,15,16,17,17,17,643,0,6,22.199468273711997,1.8614000000525266,961.0112000000299,25574.61430793157
1788766587,50,GET,GET /articles/{id} (detail),4.800000,0.000000,7,8,8,9,12,13,31,31,31,31,31,273,0,6,31.03952051281876,1.8880000000081054,1126.4698999998473,2673.5347985347985
1788766587,50,POST,[setup] POST /auth/login,0.000000,0.000000,0,0,0,0,0,0,0,0,0,0,0,17,0,750,657.3296823529317,264.8451000000023,1079.990399999815,178.8235294117647
1788766587,50,,Aggregated,49.900000,0.000000,7,8,9,10,12,14,17,18,31,31,31,2854,0,6,33.97989096005451,1.7863999999008229,1159.6885999999813,24011.087245970568
1788766588,50,GET,GET /articles (anon),33.000000,0.000000,6,8,9,9,12,14,17,20,28,28,28,1959,0,6,32.31766916794234,1.7863999999008229,1159.6885999999813,26731.0
1788766588,50,GET,GET /articles (list),11.400000,0.000000,7,9,10,11,12,13,15,16,17,17,17,656,0,6,21.867114939019864,1.8614000000525266,961.0112000000299,25566.649390243903
1788766588,50,GET,GET /articles/{id} (detail),4.800000,0.000000,7,8,8,9,12,13,31,31,31,31,31,279,0,6,30.50576738351132,1.8880000000081054,1126.4698999998473,2665.401433691756
1788766588,50,POST,[setup] POST /auth/login,0.000000,0.000000,0,0,0,0,0,0,0,0,0,0,0,17,0,750,657.3296823529317,264.8451000000023,1079.990399999815,178.8235294117647
1788766588,50,,Aggregated,49.200000,0.000000,6,8,9,10,12,13,17,20,31,31,31,2911,0,6,33.43897457918099,1.7863999999008229,1159.6885999999813,24007.020954998283
1788766589,50,GET,GET /articles (anon),33.000000,0.000000,6,8,9,9,12,14,17,20,28,28,28,1988,0,6,31.94855452716285,1.7863999999008229,1159.6885999999813,26731.0
1788766589,50,GET,GET /articles (list),12.100000,0.000000,6,8,10,10,12,13,15,15,17,17,17,667,0,6,21.59473643177853,1.8614000000525266,961.0112000000299,25568.256371814092
1788766589,50,GET,GET /articles/{id} (detail),4.200000,0.000000,6,8,8,8,10,12,31,31,31,31,31,282,0,6,30.21742198581386,1.8880000000081054,1126.4698999998473,2671.148936170213
1788766589,50,POST,[setup] POST /auth/login,0.000000,0.000000,0,0,0,0,0,0,0,0,0,0,0,17,0,750,657.3296823529317,264.8451000000023,1079.990399999815,178.8235294117647
1788766589,50,,Aggregated,49.300000,0.000000,6,8,9,9,12,13,17,20,31,31,31,2954,0,6,33.044459444819104,1.7863999999008229,1159.6885999999813,24018.808056872036
1788766590,50,GET,GET /articles (anon),33.300000,0.000000,6,8,9,10,12,15,17,18,21,21,21,2015,0,6,31.634093349875755,1.7863999999008229,1159.6885999999813,26731.0
1788766590,50,GET,GET /articles (list),12.200000,0.000000,7,8,9,10,11,13,15,15,17,17,17,680,0,6,21.32401647058306,1.8614000000525266,961.0112000000299,25566.548529411764
1788766590,50,GET,GET /articles/{id} (detail),4.200000,0.000000,6,8,8,8,11,13,31,31,31,31,31,289,0,6,29.67391799307863,1.8880000000081054,1126.4698999998473,2664.4740484429067
1788766590,50,POST,[setup] POST /auth/login,0.000000,0.000000,0,0,0,0,0,0,0,0,0,0,0,17,0,750,657.3296823529317,264.8451000000023,1079.990399999815,178.8235294117647
1788766590,50,,Aggregated,49.700000,0.000000,6,8,9,10,12,13,17,18,31,31,31,3001,0,6,32.65358087304095,1.7863999999008229,1159.6885999999813,23999.0973008997
1788766591,50,GET,GET /articles (anon),33.600000,0.000000,6,8,9,10,13,14,17,18,25,25,25,2053,0,6,31.222423770091936,1.7863999999008229,1159.6885999999813,26731.0
1788766591,50,GET,GET /articles (list),12.000000,0.000000,6,8,9,10,11,12,13,15,17,17,17,690,0,6,21.133516376806032,1.8614000000525266,961.0112000000299,25561.757971014493
1788766591,50,GET,GET /articles/{id} (detail),4.600000,0.000000,6,7,8,8,9,11,31,31,31,31,31,296,0,6,29.11263614864873,1.8880000000081054,1126.4698999998473,2654.375
1788766591,50,POST,[setup] POST /auth/login,0.000000,0.000000,0,0,0,0,0,0,0,0,0,0,0,17,0,750,657.3296823529317,264.8451000000023,1079.990399999815,178.8235294117647
1788766591,50,,Aggregated,50.200000,0.000000,6,8,9,10,12,13,17,18,31,31,31,3056,0,6,32.22307172774705,1.7863999999008229,1159.6885999999813,23987.267997382198
1788766592,50,GET,GET /articles (anon),33.300000,0.000000,7,8,9,10,13,15,17,18,25,25,25,2085,0,6,30.86917808153407,1.7863999999008229,1159.6885999999813,26731.0
1788766592,50,GET,GET /articles (list),12.000000,0.000000,6,8,9,10,11,12,13,13,17,17,17,704,0,6,20.854595170448935,1.8614000000525266,961.0112000000299,25560.004261363636
1788766592,50,GET,GET /articles/{id} (detail),4.600000,0.000000,6,7,8,8,9,11,31,31,31,31,31,298,0,6,28.947277852349366,1.8880000000081054,1126.4698999998473,2650.530201342282
1788766592,50,POST,[setup] POST /auth/login,0.000000,0.000000,0,0,0,0,0,0,0,0,0,0,0,17,0,750,657.3296823529317,264.8451000000023,1079.990399999815,178.8235294117647
1788766592,50,,Aggregated,49.900000,0.000000,7,8,9,10,12,13,17,18,31,31,31,3104,0,6,31.84431852448284,1.7863999999008229,1159.6885999999813,24008.143041237112
1788766593,50,GET,GET /articles (anon),33.200000,0.000000,7,8,9,10,13,14,17,18,25,25,25,2115,0,6,30.525152576831804,1.7863999999008229,1159.6885999999813,26731.0
1788766593,50,GET,GET /articles (list),12.400000,0.000000,7,8,9,10,11,12,13,13,13,13,13,718,0,6,20.605359610022767,1.8614000000525266,961.0112000000299,25558.318941504178
1788766593,50,GET,GET /articles/{id} (detail),4.800000,0.000000,7,8,8,8,9,11,31,31,31,31,31,303,0,6,28.597520792079283,1.8880000000081054,1126.4698999998473,2651.5214521452144
1788766593,50,POST,[setup] POST /auth/login,0.000000,0.000000,0,0,0,0,0,0,0,0,0,0,0,17,0,750,657.3296823529317,264.8451000000023,1079.990399999815,178.8235294117647
1788766593,50,,Aggregated,50.400000,0.000000,7,8,9,10,12,13,16,18,31,31,31,3153,0,6,31.460513574372236,1.7863999999008229,1159.6885999999813,24006.783698065334
1788766594,50,GET,GET /articles (anon),32.600000,0.000000,7,9,10,10,13,15,17,18,25,25,25,2151,0,6,30.14715727568557,1.7863999999008229,1159.6885999999813,26731.0
1788766594,50,GET,GET /articles (list),11.900000,0.000000,6,8,9,10,11,12,13,13,14,14,14,726,0,6,20.465570523410474,1.8614000000525266,961.0112000000299,25558.73140495868
1788766594,50,GET,GET /articles/{id} (detail),5.000000,0.000000,6,8,8,8,9,11,13,14,14,14,14,312,0,6,27.970752884615333,1.8880000000081054,1126.4698999998473,2664.625
1788766594,50,POST,[setup] POST /auth/login,0.000000,0.000000,0,0,0,0,0,0,0,0,0,0,0,17,0,750,657.3296823529317,264.8451000000023,1079.990399999815,178.8235294117647
1788766594,50,,Aggregated,49.500000,0.000000,7,8,9,10,12,13,16,18,25,25,25,3206,0,6,31.06862726138355,1.7863999999008229,1159.6885999999813,23982.664691203994
1788766595,50,GET,GET /articles (anon),32.700000,0.000000,7,9,10,11,13,15,16,18,25,25,25,2183,0,6,29.827058360054913,1.7863999999008229,1159.6885999999813,26731.0
1788766595,50,GET,GET /articles (list),12.000000,0.000000,7,8,9,10,11,13,14,16,17,17,17,739,0,6,20.265812449249463,1.8614000000525266,961.0112000000299,25569.61705006766
1788766595,50,GET,GET /articles/{id} (detail),4.900000,0.000000,7,8,8,8,11,11,14,14,14,14,14,314,0,6,27.84198694267532,1.8880000000081054,1126.4698999998473,2671.0891719745223
1788766595,50,POST,[setup] POST /auth/login,0.000000,0.000000,0,0,0,0,0,0,0,0,0,0,0,17,0,750,657.3296823529317,264.8451000000023,1079.990399999815,178.8235294117647
1788766595,50,,Aggregated,49.600000,0.000000,7,8,10,10,12,14,16,18,25,25,25,3253,0,6,30.742665939131662,1.7863999999008229,1159.6885999999813,24005.988933292345
1788766596,50,GET,GET /articles (anon),32.400000,0.000000,7,9,10,11,13,15,16,17,25,25,25,2219,0,6,29.46684204596648,1.7863999999008229,1159.6885999999813,26731.0
1788766596,50,GET,GET /articles (list),11.900000,0.000000,6,8,9,10,11,13,14,16,17,17,17,754,0,6,19.991592705563423,1.8614000000525266,961.0112000000299,25572.893899204246
1788766596,50,GET,GET /articles/{id} (detail),5.200000,0.000000,6,8,8,8,11,12,13,14,14,14,14,319,0,6,27.501288714733146,1.8880000000081054,1126.4698999998473,2664.335423197492
1788766596,50,POST,[setup] POST /auth/login,0.000000,0.000000,0,0,0,0,0,0,0,0,0,0,0,17,0,750,657.3296823529317,264.8451000000023,1079.990399999815,178.8235294117647
1788766596,50,,Aggregated,49.500000,0.000000,7,8,10,10,12,14,16,17,25,25,25,3309,0,6,30.34394049561631,1.7863999999008229,1159.6885999999813,24010.58144454518
1788766597,50,GET,GET /articles (anon),32.300000,0.000000,7,9,10,11,13,15,17,18,25,25,25,2249,0,6,29.190415073365944,1.7863999999008229,1159.6885999999813,26731.0
1788766597,50,GET,GET /articles (list),11.900000,0.000000,6,8,9,10,11,13,16,17,17,17,17,760,0,6,19.903484210519345,1.8614000000525266,961.0112000000299,25580.290789473685
1788766597,50,GET,GET /articles/{id} (detail),5.200000,0.000000,6,8,8,9,11,12,13,14,14,14,14,325,0,6,27.13298707692397,1.8880000000081054,1126.4698999998473,2660.7015384615383
1788766597,50,POST,[setup] POST /auth/login,0.000000,0.000000,0,0,0,0,0,0,0,0,0,0,0,17,0,750,657.3296823529317,264.8451000000023,1079.990399999815,178.8235294117647
1788766597,50,,Aggregated,49.400000,0.000000,7,9,10,11,13,15,17,18,25,25,25,3351,0,6,30.07123751118923,1.7863999999008229,1159.6885999999813,24000.83795881826
1788766598,50,GET,GET /articles (anon),33.000000,0.000000,7,9,10,11,13,15,17,18,25,25,25,2284,0,6,28.871222197898778,1.7863999999008229,1159.6885999999813,26731.0
1788766598,50,GET,GET /articles (list),12.400000,0.000000,7,9,10,10,12,13,16,17,17,17,17,773,0,6,19.724945795594465,1.8614000000525266,961.0112000000299,25580.302716688228
1788766598,50,GET,GET /articles/{id} (detail),4.900000,0.000000,7,8,9,10,12,13,18,18,18,18,18,329,0,6,26.924031610943008,1.8880000000081054,1126.4698999998473,2661.969604863222
1788766598,50,POST,[setup] POST /auth/login,0.000000,0.000000,0,0,0,0,0,0,0,0,0,0,0,17,0,750,657.3296823529317,264.8451000000023,1079.990399999815,178.8235294117647
1788766598,50,,Aggregated,50.300000,0.000000,7,9,10,11,13,15,17,18,25,25,25,3403,0,6,29.74489144872046,1.7863999999008229,1159.6885999999813,24009.992947399354
1788766599,50,GET,GET /articles (anon),32.300000,0.000000,7,9,10,11,13,15,17,18,25,25,25,2315,0,6,28.572775161987195,1.7863999999008229,1159.6885999999813,26731.0
1788766599,50,GET,GET /articles (list),12.000000,0.000000,7,9,10,10,12,13,16,17,17,17,17,788,0,6,19.462160279181205,1.8614000000525266,961.0112000000299,25574.104060913705
1788766599,50,GET,GET /articles/{id} (detail),5.200000,0.000000,6,8,8,9,12,12,18,18,18,18,18,334,0,6,26.573975149701344,1.8880000000081054,1126.4698999998473,2655.0718562874254
1788766599,50,POST,[setup] POST /auth/login,0.000000,0.000000,0,0,0,0,0,0,0,0,0,0,0,17,0,750,657.3296823529317,264.8451000000023,1079.990399999815,178.8235294117647
1788766599,50,,Aggregated,49.500000,0.000000,7,9,10,11,13,14,17,18,25,25,25,3454,0,6,29.39561931094254,1.7863999999008229,1159.6885999999813,24008.249276201506
1788766600,50,GET,GET /articles (anon),32.300000,0.000000,7,9,10,11,13,15,17,18,25,25,25,2345,0,6,28.28508904051182,1.7863999999008229,1159.6885999999813,26731.0
1788766600,50,GET,GET /articles (list),11.700000,0.000000,7,9,10,10,12,13,16,17,17,17,17,803,0,6,19.22409912826239,1.8614000000525266,961.0112000000299,25565.787048567872
1788766600,50,GET,GET /articles/{id} (detail),5.200000,0.000000,6,8,8,9,12,12,18,18,18,18,18,339,0,6,26.2668247787621,1.8880000000081054,1126.4698999998473,2661.336283185841
1788766600,50,POST,[setup] POST /auth/login,0.000000,0.000000,0,0,0,0,0,0,0,0,0,0,0,17,0,750,657.3296823529317,264.8451000000023,1079.990399999815,178.8235294117647
1788766600,50,,Aggregated,49.200000,0.000000,7,9,10,11,13,14,17,18,25,25,25,3504,0,6,29.065223630135677,1.7863999999008229,1159.6885999999813,24006.494006849316
1788766601,50,GET,GET /articles (anon),32.100000,0.000000,7,8,10,10,13,15,16,17,20,20,20,2375,0,6,28.002469768420806,1.7863999999008229,1159.6885999999813,26731.0
1788766601,50,GET,GET /articles (list),12.200000,0.000000,7,8,9,10,12,13,16,17,17,17,17,813,0,6,19.042895325946805,1.8614000000525266,961.0112000000299,25564.051660516605
1788766601,50,GET,GET /articles/{id} (detail),5.200000,0.000000,6,7,8,9,12,12,18,18,18,18,18,344,0,6,25.935489534884805,1.8880000000081054,1126.4698999998473,2665.281976744186
1788766601,50,POST,[setup] POST /auth/login,0.000000,0.000000,0,0,0,0,0,0,0,0,0,0,0,17,0,750,657.3296823529317,264.8451000000023,1079.990399999815,178.8235294117647
1788766601,50,,Aggregated,49.500000,0.000000,7,8,9,10,12,14,16,17,20,20,20,3549,0,6,28.764201916031194,1.7863999999008229,1159.6885999999813,24003.830938292478
1788766602,50,GET,GET /articles (anon),32.500000,0.000000,7,8,9,10,13,14,16,17,20,20,20,2409,0,6,27.704014362805783,1.7863999999008229,1159.6885999999813,26731.0
1788766602,50,GET,GET /articles (list),12.100000,0.000000,7,8,10,10,13,14,17,17,17,17,17,825,0,6,18.87728399999353,1.8614000000525266,961.0112000000299,25554.18303030303
1788766602,50,GET,GET /articles/{id} (detail),5.000000,0.000000,6,8,9,10,12,12,18,18,18,18,18,348,0,6,25.72053045977079,1.8880000000081054,1126.4698999998473,2658.9454022988507
1788766602,50,POST,[setup] POST /auth/login,0.000000,0.000000,0,0,0,0,0,0,0,0,0,0,0,17,0,750,657.3296823529317,264.8451000000023,1079.990399999815,178.8235294117647
1788766602,50,,Aggregated,49.600000,0.000000,7,8,9,10,12,14,16,17,20,20,20,3599,0,6,28.462928341204275,1.7863999999008229,1159.6885999999813,24008.205890525147
1788766603,50,GET,GET /articles (anon),32.100000,0.000000,7,8,9,10,13,14,16,17,20,20,20,2444,0,6,27.3893659574465,1.7863999999008229,1159.6885999999813,26731.0
1788766603,50,GET,GET /articles (list),12.100000,0.000000,6,8,9,10,13,15,17,17,17,17,17,836,0,6,18.734400239228115,1.8614000000525266,961.0112000000299,25550.197368421053
1788766603,50,GET,GET /articles/{id} (detail),4.900000,0.000000,5,7,9,10,12,12,18,18,18,18,18,354,0,6,25.387594632768867,1.8880000000081054,1126.4698999998473,2655.9858757062148
1788766603,50,POST,[setup] POST /auth/login,0.000000,0.000000,0,0,0,0,0,0,0,0,0,0,0,17,0,750,657.3296823529317,264.8451000000023,1079.990399999815,178.8235294117647
1788766603,50,,Aggregated,49.100000,0.000000,6,8,9,10,12,14,16,17,20,20,20,3651,0,6,28.146639852093752,1.7863999999008229,1159.6885999999813,24002.680909339906
1788766604,50,GET,GET /articles (anon),32.700000,0.000000,6,8,9,10,12,14,17,18,21,21,21,2479,0,6,27.108678136345304,1.7863999999008229,1159.6885999999813,26731.0
1788766604,50,GET,GET /articles (list),12.200000,0.000000,6,8,9,10,13,15,17,17,17,17,17,848,0,6,18.55205884433343,1.8614000000525266,961.0112000000299,25563.77712264151
1788766604,50,GET,GET /articles/{id} (detail),4.900000,0.000000,5,7,9,10,12,12,18,18,18,18,18,359,0,6,25.110078272981223,1.8880000000081054,1126.4698999998473,2662.3036211699164
1788766604,50,POST,[setup] POST /auth/login,0.000000,0.000000,0,0,0,0,0,0,0,0,0,0,0,17,0,750,657.3296823529317,264.8451000000023,1079.990399999815,178.8235294117647
1788766604,50,,Aggregated,49.800000,0.000000,6,8,9,10,12,14,17,18,21,21,21,3703,0,6,27.848685309207436,1.7863999999008229,1159.6885999999813,24008.382122603296
1788766605,50,GET,GET /articles (anon),32.300000,0.000000,6,8,9,10,12,14,16,18,21,21,21,2514,0,6,26.832535600636536,1.7863999999008229,1159.6885999999813,26731.0
1788766605,50,GET,GET /articles (list),12.200000,0.000000,6,8,9,11,13,15,17,17,17,17,17,864,0,6,18.35309016203118,1.8614000000525266,961.0112000000299,25571.809027777777
1788766605,50,GET,GET /articles/{id} (detail),5.200000,0.000000,5,6,8,9,12,12,18,18,18,18,18,363,0,6,24.880710468319357,1.8880000000081054,1126.4698999998473,2670.884297520661
1788766605,50,POST,[setup] POST /auth/login,0.000000,0.000000,0,0,0,0,0,0,0,0,0,0,0,17,0,750,657.3296823529317,264.8451000000023,1079.990399999815,178.8235294117647
1788766605,50,,Aggregated,49.700000,0.000000,6,8,9,10,12,14,17,18,21,21,21,3758,0,6,27.54666495476192,1.7863999999008229,1159.6885999999813,24020.31612559872
1788766606,50,GET,GET /articles (anon),32.800000,0.000000,6,7,8,9,12,14,16,18,21,21,21,2548,0,6,26.5638541208792,1.7863999999008229,1159.6885999999813,26731.0
1788766606,50,GET,GET /articles (list),11.900000,0.000000,6,8,9,10,13,15,17,17,17,17,17,875,0,6,18.19666765713659,1.8614000000525266,961.0112000000299,25583.34857142857
1788766606,50,GET,GET /articles/{id} (detail),4.900000,0.000000,5,7,8,9,11,12,18,18,18,18,18,369,0,6,24.583948509484983,1.8880000000081054,1126.4698999998473,2665.978319783198
1788766606,50,POST,[setup] POST /auth/login,0.000000,0.000000,0,0,0,0,0,0,0,0,0,0,0,17,0,750,657.3296823529317,264.8451000000023,1079.990399999815,178.8235294117647
1788766606,50,,Aggregated,49.600000,0.000000,6,7,9,10,12,14,17,18,21,21,21,3809,0,6,27.265126306115743,1.7863999999008229,1159.6885999999813,24017.53846153846
1788766607,50,GET,GET /articles (anon),33.000000,0.000000,6,7,8,9,11,13,14,15,21,21,21,2578,0,6,26.32495857253692,1.7863999999008229,1159.6885999999813,26731.0
1788766607,50,GET,GET /articles (list),12.100000,0.000000,6,7,8,9,12,14,15,17,17,17,17,885,0,6,18.0673379660955,1.8614000000525266,961.0112000000299,25591.818079096047
1788766607,50,GET,GET /articles/{id} (detail),4.800000,0.000000,5,7,9,9,11,12,18,18,18,18,18,374,0,6,24.37594759358266,1.8880000000081054,1126.4698999998473,2664.042780748663
1788766607,50,POST,[setup] POST /auth/login,0.000000,0.000000,0,0,0,0,0,0,0,0,0,0,0,17,0,750,657.3296823529317,264.8451000000023,1079.990399999815,178.8235294117647
1788766607,50,,Aggregated,49.900000,0.000000,6,7,8,9,11,13,15,17,21,21,21,3854,0,6,27.022975168654582,1.7863999999008229,1159.6885999999813,24016.77970939284
1788766608,50,GET,GET /articles (anon),32.500000,0.000000,6,7,8,9,11,13,14,15,21,21,21,2616,0,6,26.039214564220597,1.7863999999008229,1159.6885999999813,26731.0
1788766608,50,GET,GET /articles (list),12.200000,0.000000,6,7,8,9,12,14,15,17,17,17,17,894,0,6,17.948054026839827,1.8614000000525266,961.0112000000299,25601.802013422817
1788766608,50,GET,GET /articles/{id} (detail),4.900000,0.000000,5,6,8,9,11,12,13,14,14,14,14,382,0,6,24.003755759164118,1.8880000000081054,1126.4698999998473,2664.7329842931936
1788766608,50,POST,[setup] POST /auth/login,0.000000,0.000000,0,0,0,0,0,0,0,0,0,0,0,17,0,750,657.3296823529317,264.8451000000023,1079.990399999815,178.8235294117647
1788766608,50,,Aggregated,49.600000,0.000000,6,7,8,9,11,13,15,15,21,21,21,3909,0,6,26.735273701713158,1.7863999999008229,1159.6885999999813,24005.442568431823
1788766609,50,GET,GET /articles (anon),32.900000,0.000000,6,7,8,9,11,13,14,15,21,21,21,2648,0,6,25.7931759063448,1.7863999999008229,1159.6885999999813,26731.0
1788766609,50,GET,GET /articles (list),12.000000,0.000000,6,7,8,10,12,14,15,17,17,17,17,904,0,6,17.82649977875543,1.8614000000525266,961.0112000000299,25591.264380530974
1788766609,50,GET,GET /articles/{id} (detail),4.900000,0.000000,5,6,8,9,11,12,13,14,14,14,14,387,0,6,23.73863669250798,1.8880000000081054,1126.4698999998473,2663.801033591731
1788766609,50,POST,[setup] POST /auth/login,0.000000,0.000000,0,0,0,0,0,0,0,0,0,0,0,17,0,750,657.3296823529317,264.8451000000023,1079.990399999815,178.8235294117647
1788766609,50,,Aggregated,49.800000,0.000000,6,7,8,9,11,13,15,15,21,21,21,3956,0,6,26.48557699696579,1.7863999999008229,1159.6885999999813,24002.053083923154
1788766610,50,GET,GET /articles (anon),32.900000,0.000000,6,7,8,9,11,13,14,15,21,21,21,2680,0,6,25.56988257462735,1.7863999999008229,1159.6885999999813,26731.0
1788766610,50,GET,GET /articles (list),12.300000,0.000000,5,7,8,10,13,15,17,17,17,17,17,915,0,6,17.69237814207119,1.8614000000525266,961.0112000000299,25590.68961748634
1788766610,50,GET,GET /articles/{id} (detail),5.100000,0.000000,5,7,9,10,11,12,13,14,14,14,14,395,0,6,23.41704481012855,1.8880000000081054,1126.4698999998473,2667.8708860759493
1788766610,50,POST,[setup] POST /auth/login,0.000000,0.000000,0,0,0,0,0,0,0,0,0,0,0,17,0,750,657.3296823529317,264.8451000000023,1079.990399999815,178.8235294117647
1788766610,50,,Aggregated,50.300000,0.000000,6,7,8,9,11,13,15,17,21,21,21,4007,0,6,26.23911869228784,1.7863999999008229,1159.6885999999813,23985.87721487397
1788766611,50,GET,GET /articles (anon),33.100000,0.000000,6,7,8,9,12,13,15,20,25,25,25,2714,0,6,25.352312122329025,1.7863999999008229,1159.6885999999813,26731.0
1788766611,50,GET,GET /articles (list),11.600000,0.000000,6,7,9,10,14,15,17,22,23,23,23,927,0,6,17.591337756197785,1.8614000000525266,961.0112000000299,25592.790722761598
1788766611,50,GET,GET /articles/{id} (detail),5.200000,0.000000,6,8,9,10,11,12,13,14,14,14,14,401,0,6,23.183042643393858,1.8880000000081054,1126.4698999998473,2665.3965087281795
1788766611,50,POST,[setup] POST /auth/login,0.000000,0.000000,0,0,0,0,0,0,0,0,0,0,0,17,0,750,657.3296823529317,264.8451000000023,1079.990399999815,178.8235294117647
1788766611,50,,Aggregated,49.900000,0.000000,6,7,9,9,12,14,17,21,25,25,25,4059,0,6,26.012404508498985,1.7863999999008229,1159.6885999999813,23982.339246119733
1788766612,50,GET,GET /articles (anon),33.100000,0.000000,6,7,8,9,11,14,18,20,25,25,25,2748,0,6,25.14395647743847,1.7863999999008229,1159.6885999999813,26731.0
1788766612,50,GET,GET /articles (list),11.500000,0.000000,6,7,9,10,13,15,17,22,23,23,23,939,0,6,17.4568432374818,1.8614000000525266,961.0112000000299,25593.424920127796
1788766612,50,GET,GET /articles/{id} (detail),5.400000,0.000000,6,8,9,9,11,12,13,14,14,14,14,406,0,6,23.00246477832635,1.8880000000081054,1126.4698999998473,2664.795566502463
1788766612,50,POST,[setup] POST /auth/login,0.000000,0.000000,0,0,0,0,0,0,0,0,0,0,0,17,0,750,657.3296823529317,264.8451000000023,1079.990399999815,178.8235294117647
1788766612,50,,Aggregated,50.000000,0.000000,6,7,9,9,12,14,17,21,25,25,25,4110,0,6,25.791039781021155,1.7863999999008229,1159.6885999999813,23983.93211678832
1788766613,50,GET,GET /articles (anon),33.500000,0.000000,6,8,9,10,12,14,18,20,25,25,25,2787,0,6,24.898358091138018,1.7863999999008229,1159.6885999999813,26731.0
1788766613,50,GET,GET /articles (list),11.200000,0.000000,6,7,9,10,12,15,17,22,23,23,23,950,0,6,17.326007789469212,1.8614000000525266,961.0112000000299,25592.846315789473
1788766613,50,GET,GET /articles/{id} (detail),5.700000,0.000000,6,8,9,10,11,12,13,14,14,14,14,410,0,6,22.836701219513287,1.8880000000081054,1126.4698999998473,2659.7195121951218
1788766613,50,POST,[setup] POST /auth/login,0.000000,0.000000,0,0,0,0,0,0,0,0,0,0,0,17,0,750,657.3296823529317,264.8451000000023,1079.990399999815,178.8235294117647
1788766613,50,,Aggregated,50.400000,0.000000,6,8,9,10,12,14,17,20,25,25,25,4164,0,6,25.5497318683953,1.7863999999008229,1159.6885999999813,23992.80163304515
1788766614,50,GET,GET /articles (anon),33.300000,0.000000,6,7,9,9,12,14,16,20,25,25,25,2813,0,6,24.71762733736259,1.7863999999008229,1159.6885999999813,26731.0
1788766614,50,GET,GET /articles (list),11.200000,0.000000,6,7,9,10,12,15,17,22,23,23,23,962,0,6,17.18945623700164,1.8614000000525266,961.0112000000299,25581.265072765073
1788766614,50,GET,GET /articles/{id} (detail),5.600000,0.000000,6,8,9,10,11,12,13,14,14,14,14,413,0,6,22.71640629540114,1.8880000000081054,1126.4698999998473,2668.358353510896
1788766614,50,POST,[setup] POST /auth/login,0.000000,0.000000,0,0,0,0,0,0,0,0,0,0,0,17,0,750,657.3296823529317,264.8451000000023,1079.990399999815,178.8235294117647
1788766614,50,,Aggregated,50.100000,0.000000,6,7,9,9,12,14,17,20,25,25,25,4205,0,6,25.356343162900693,1.7863999999008229,1159.6885999999813,23997.277526753864
1788766615,50,GET,GET /articles (anon),33.400000,0.000000,6,7,9,9,12,14,16,20,25,25,25,2850,0,6,24.490882385964966,1.7863999999008229,1159.6885999999813,26731.0
1788766615,50,GET,GET /articles (list),11.400000,0.000000,6,8,9,10,13,15,18,22,23,23,23,975,0,6,17.092895179482813,1.8614000000525266,961.0112000000299,25582.410256410258
1788766615,50,GET,GET /articles/{id} (detail),5.600000,0.000000,7,8,9,10,11,12,13,14,14,14,14,416,0,6,22.59729975961733,1.8880000000081054,1126.4698999998473,2673.6009615384614
1788766615,50,POST,[setup] POST /auth/login,0.000000,0.000000,0,0,0,0,0,0,0,0,0,0,0,17,0,750,657.3296823529317,264.8451000000023,1079.990399999815,178.8235294117647
1788766615,50,,Aggregated,50.400000,0.000000,6,8,9,10,12,14,17,20,25,25,25,4258,0,6,25.138484945983304,1.7863999999008229,1159.6885999999813,24011.615312353217
1788766616,50,GET,GET /articles (anon),33.800000,0.000000,6,8,9,9,12,14,17,20,25,25,25,2881,0,6,24.30529281499493,1.7863999999008229,1159.6885999999813,26731.0
1788766616,50,GET,GET /articles (list),11.200000,0.000000,6,7,9,10,13,15,18,22,23,23,23,987,0,6,16.968420567371954,1.8614000000525266,961.0112000000299,25582.572441742654
1788766616,50,GET,GET /articles/{id} (detail),5.500000,0.000000,6,8,9,10,11,12,13,14,14,14,14,420,0,6,22.42233928571598,1.8880000000081054,1126.4698999998473,2678.6761904761906
1788766616,50,POST,[setup] POST /auth/login,0.000000,0.000000,0,0,0,0,0,0,0,0,0,0,0,17,0,750,657.3296823529317,264.8451000000023,1079.990399999815,178.8235294117647
1788766616,50,,Aggregated,50.500000,0.000000,6,8,9,10,12,14,17,20,25,25,25,4305,0,6,24.939225737513926,1.7863999999008229,1159.6885999999813,24016.28199767712
1788766617,50,GET,GET /articles (anon),33.200000,0.000000,6,8,9,10,12,14,17,20,25,25,25,2913,0,6,24.111909371781852,1.7863999999008229,1159.6885999999813,26731.0
1788766617,50,GET,GET /articles (list),11.400000,0.000000,6,8,10,10,13,16,18,22,23,23,23,1000,0,6,16.852346099996335,1.8614000000525266,961.0112000000299,25585.766
1788766617,50,GET,GET /articles/{id} (detail),5.300000,0.000000,6,7,9,9,11,12,13,13,13,13,13,425,0,6,22.229137176471554,1.8880000000081054,1126.4698999998473,2681.4729411764706
1788766617,50,POST,[setup] POST /auth/login,0.000000,0.000000,0,0,0,0,0,0,0,0,0,0,0,17,0,750,657.3296823529317,264.8451000000023,1079.990399999815,178.8235294117647
1788766617,50,,Aggregated,49.900000,0.000000,6,8,9,10,12,14,17,20,25,25,25,4355,0,6,24.733025487944317,1.7863999999008229,1159.6885999999813,24017.413318025257
1788766618,50,GET,GET /articles (anon),33.600000,0.000000,6,8,9,9,12,14,17,20,25,25,25,2946,0,6,23.91606530889356,1.7863999999008229,1159.6885999999813,26731.0
1788766618,50,GET,GET /articles (list),11.000000,0.000000,6,8,9,10,13,16,18,22,23,23,23,1012,0,6,16.71417845849392,1.8614000000525266,961.0112000000299,25592.7895256917
1788766618,50,GET,GET /articles/{id} (detail),5.200000,0.000000,6,8,9,9,11,12,13,13,13,13,13,430,0,6,22.040709534884584,1.8880000000081054,1126.4698999998473,2678.148837209302
1788766618,50,POST,[setup] POST /auth/login,0.000000,0.000000,0,0,0,0,0,0,0,0,0,0,0,17,0,750,657.3296823529317,264.8451000000023,1079.990399999815,178.8235294117647
1788766618,50,,Aggregated,49.800000,0.000000,6,8,9,10,12,14,17,20,25,25,25,4405,0,6,24.5229481725305,1.7863999999008229,1159.6885999999813,24019.085811577752
1788766619,50,GET,GET /articles (anon),33.300000,0.000000,6,8,9,10,12,14,17,20,25,25,25,2981,0,6,23.715634015430815,1.7863999999008229,1159.6885999999813,26731.0
1788766619,50,GET,GET /articles (list),11.200000,0.000000,6,8,9,10,12,16,18,22,23,23,23,1023,0,6,16.602996578685747,1.8614000000525266,961.0112000000299,25596.15053763441
1788766619,50,GET,GET /articles/{id} (detail),5.300000,0.000000,6,7,8,9,11,12,13,13,13,13,13,438,0,6,21.724965068493646,1.8880000000081054,1126.4698999998473,2669.961187214612
1788766619,50,POST,[setup] POST /auth/login,0.000000,0.000000,0,0,0,0,0,0,0,0,0,0,0,17,0,750,657.3296823529317,264.8451000000023,1079.990399999815,178.8235294117647
1788766619,50,,Aggregated,49.800000,0.000000,6,8,9,10,12,14,17,20,25,25,25,4459,0,6,24.303949271135945,1.7863999999008229,1159.6885999999813,24005.933168871943
1788766620,50,GET,GET /articles (anon),33.300000,0.000000,6,8,9,10,12,14,17,20,25,25,25,3015,0,6,23.534041260364653,1.7863999999008229,1159.6885999999813,26731.0
1788766620,50,GET,GET /articles (list),11.600000,0.000000,6,8,9,10,14,17,22,23,33,33,33,1035,0,6,16.536726280188475,1.8614000000525266,961.0112000000299,25591.75845410628
1788766620,50,GET,GET /articles/{id} (detail),4.800000,0.000000,6,7,8,8,10,11,13,13,13,13,13,443,0,6,21.551477426636815,1.8880000000081054,1126.4698999998473,2660.981941309255
1788766620,50,POST,[setup] POST /auth/login,0.000000,0.000000,0,0,0,0,0,0,0,0,0,0,0,17,0,750,657.3296823529317,264.8451000000023,1079.990399999815,178.8235294117647
1788766620,50,,Aggregated,49.700000,0.000000,6,8,9,10,12,14,18,22,33,33,33,4510,0,6,24.12251778270394,1.7863999999008229,1159.6885999999813,24005.164079822618
1788766621,50,GET,GET /articles (anon),33.300000,0.000000,6,8,9,10,12,14,20,26,30,30,30,3047,0,6,23.403861306202845,1.7863999999008229,1159.6885999999813,26731.0
1788766621,50,GET,GET /articles (list),11.800000,0.000000,6,8,9,10,12,16,18,18,33,33,33,1043,0,6,16.462492138058632,1.8614000000525266,961.0112000000299,25590.51677852349
1788766621,50,GET,GET /articles/{id} (detail),4.700000,0.000000,6,7,8,8,9,11,13,13,13,13,13,448,0,6,21.387813616071988,1.8880000000081054,1126.4698999998473,2658.151785714286
1788766621,50,POST,[setup] POST /auth/login,0.000000,0.000000,0,0,0,0,0,0,0,0,0,0,0,17,0,750,657.3296823529317,264.8451000000023,1079.990399999815,178.8235294117647
1788766621,50,,Aggregated,49.800000,0.000000,6,8,9,10,12,14,18,26,33,33,33,4555,0,6,23.98206142700234,1.7863999999008229,1159.6885999999813,24003.108232711307
1788766622,50,GET,GET /articles (anon),33.100000,0.000000,6,8,9,10,12,14,23,26,30,30,30,3078,0,6,23.260431189083928,1.7863999999008229,1159.6885999999813,26731.0
1788766622,50,GET,GET /articles (list),11.900000,0.000000,6,8,9,10,12,16,18,18,33,33,33,1058,0,6,16.32276153118633,1.8614000000525266,961.0112000000299,25592.55576559546
1788766622,50,GET,GET /articles/{id} (detail),4.900000,0.000000,5,7,8,8,9,11,13,13,13,13,13,451,0,6,21.301458536586193,1.8880000000081054,1126.4698999998473,2660.1263858093125
1788766622,50,POST,[setup] POST /auth/login,0.000000,0.000000,0,0,0,0,0,0,0,0,0,0,0,17,0,750,657.3296823529317,264.8451000000023,1079.990399999815,178.8235294117647
1788766622,50,,Aggregated,49.900000,0.000000,6,8,9,10,12,14,18,26,33,33,33,4604,0,6,23.81551939617638,1.7863999999008229,1159.6885999999813,24013.401172893136
1788766623,50,GET,GET /articles (anon),33.100000,0.000000,6,8,9,10,13,15,23,26,30,30,30,3112,0,6,23.10055787275053,1.7863999999008229,1159.6885999999813,26731.0
1788766623,50,GET,GET /articles (list),11.800000,0.000000,6,8,9,11,14,18,23,31,33,33,33,1070,0,6,16.26252130840691,1.8614000000525266,961.0112000000299,25596.83551401869
1788766623,50,GET,GET /articles/{id} (detail),4.600000,0.000000,6,7,8,8,9,11,13,13,13,13,13,457,0,6,21.111677461707927,1.8880000000081054,1126.4698999998473,2657.039387308534
1788766623,50,POST,[setup] POST /auth/login,0.000000,0.000000,0,0,0,0,0,0,0,0,0,0,0,17,0,750,657.3296823529317,264.8451000000023,1079.990399999815,178.8235294117647
1788766623,50,,Aggregated,49.500000,0.000000,6,8,9,10,12,16,23,26,33,33,33,4656,0,6,23.649586576459573,1.7863999999008229,1159.6885999999813,24010.47959621993
1788766624,50,GET,GET /articles (anon),32.900000,0.000000,7,8,9,10,12,15,23,26,30,30,30,3145,0,6,22.92832279809215,1.7863999999008229,1159.6885999999813,26731.0
1788766624,50,GET,GET /articles (list),11.600000,0.000000,6,8,9,10,13,18,23,31,33,33,33,1083,0,6,16.131314035083655,1.8614000000525266,961.0112000000299,25599.613111726685
1788766624,50,GET,GET /articles/{id} (detail),4.700000,0.000000,5,7,7,8,9,10,13,13,13,13,13,463,0,6,20.891639308856472,1.8880000000081054,1126.4698999998473,2664.075593952484
1788766624,50,POST,[setup] POST /auth/login,0.000000,0.000000,0,0,0,0,0,0,0,0,0,0,0,17,0,750,657.3296823529317,264.8451000000023,1079.990399999815,178.8235294117647
1788766624,50,,Aggregated,49.200000,0.000000,6,8,9,10,12,15,23,26,33,33,33,4708,0,6,23.455229800339037,1.7863999999008229,1159.6885999999813,24008.046516567545
1788766625,50,GET,GET /articles (anon),32.800000,0.000000,6,8,9,10,12,15,23,26,30,30,30,3179,0,6,22.739934318968018,1.7863999999008229,1159.6885999999813,26731.0
1788766625,50,GET,GET /articles (list),11.700000,0.000000,6,7,8,9,12,16,23,31,33,33,33,1098,0,6,15.974829052818949,1.8614000000525266,961.0112000000299,25601.963570127504
1788766625,50,GET,GET /articles/{id} (detail),4.500000,0.000000,5,7,8,8,9,10,11,13,13,13,13,467,0,6,20.763905139187905,1.8880000000081054,1126.4698999998473,2659.1434689507496
1788766625,50,POST,[setup] POST /auth/login,0.000000,0.000000,0,0,0,0,0,0,0,0,0,0,0,17,0,750,657.3296823529317,264.8451000000023,1079.990399999815,178.8235294117647
1788766625,50,,Aggregated,49.000000,0.000000,6,8,9,9,12,14,23,26,33,33,33,4761,0,6,23.251829825665922,1.7863999999008229,1159.6885999999813,24014.63243016173
1788766627,50,GET,GET /articles (anon),32.500000,0.000000,6,8,9,10,12,16,25,26,30,30,30,3207,0,6,22.588379544745585,1.7863999999008229,1159.6885999999813,26731.0
1788766627,50,GET,GET /articles (list),11.900000,0.000000,6,7,8,9,12,16,23,31,33,33,33,1110,0,6,15.869343333329079,1.8614000000525266,961.0112000000299,25598.30990990991
1788766627,50,GET,GET /articles/{id} (detail),4.700000,0.000000,6,7,8,8,9,10,13,13,13,13,13,471,0,6,20.640131422507284,1.8880000000081054,1126.4698999998473,2660.808917197452
1788766627,50,POST,[setup] POST /auth/login,0.000000,0.000000,0,0,0,0,0,0,0,0,0,0,0,17,0,750,657.3296823529317,264.8451000000023,1079.990399999815,178.8235294117647
1788766627,50,,Aggregated,49.100000,0.000000,6,8,9,9,12,14,23,26,33,33,33,4805,0,6,23.09094917793871,1.7863999999008229,1159.6885999999813,24015.96711758585
1788766628,50,GET,GET /articles (anon),33.100000,0.000000,6,8,9,10,12,14,25,26,30,30,30,3243,0,6,22.419788220782902,1.7863999999008229,1159.6885999999813,26731.0
1788766628,50,GET,GET /articles (list),11.800000,0.000000,6,7,9,9,12,16,23,31,33,33,33,1121,0,6,15.7967780553035,1.8614000000525266,961.0112000000299,25600.63871543265
1788766628,50,GET,GET /articles/{id} (detail),5.000000,0.000000,6,7,8,8,9,10,13,13,13,13,13,477,0,6,20.46708406708821,1.8880000000081054,1126.4698999998473,2670.748427672956
1788766628,50,POST,[setup] POST /auth/login,0.000000,0.000000,0,0,0,0,0,0,0,0,0,0,0,17,0,750,657.3296823529317,264.8451000000023,1079.990399999815,178.8235294117647
1788766628,50,,Aggregated,49.900000,0.000000,6,8,9,9,12,14,23,26,33,33,33,4858,0,6,22.92156547962031,1.7863999999008229,1159.6885999999813,24014.80773981062
1788766629,50,GET,GET /articles (anon),32.300000,0.000000,7,8,9,10,12,16,25,26,30,30,30,3275,0,6,22.28266106870201,1.7863999999008229,1159.6885999999813,26731.0
1788766629,50,GET,GET /articles (list),12.300000,0.000000,6,8,9,10,12,16,23,31,33,33,33,1131,0,6,15.731839434124899,1.8614000000525266,961.0112000000299,25599.08311229001
1788766629,50,GET,GET /articles/{id} (detail),4.900000,0.000000,7,8,8,9,10,11,13,13,13,13,13,486,0,6,20.21666810699837,1.8880000000081054,1126.4698999998473,2680.2263374485597
1788766629,50,POST,[setup] POST /auth/login,0.000000,0.000000,0,0,0,0,0,0,0,0,0,0,0,17,0,750,657.3296823529317,264.8451000000023,1079.990399999815,178.8235294117647
1788766629,50,,Aggregated,49.500000,0.000000,6,8,9,10,12,14,23,26,33,33,33,4909,0,6,22.76804455082415,1.7863999999008229,1159.6885999999813,23997.192503564882
1788766630,50,GET,GET /articles (anon),32.300000,0.000000,7,9,9,10,13,16,25,26,30,30,30,3307,0,6,22.14979068642247,1.7863999999008229,1159.6885999999813,26731.0
1788766630,50,GET,GET /articles (list),12.300000,0.000000,6,8,9,10,12,14,21,23,31,31,31,1139,0,6,15.700080860399925,1.8614000000525266,961.0112000000299,25599.551360842845
1788766630,50,GET,GET /articles/{id} (detail),4.900000,0.000000,7,8,8,9,10,11,13,13,13,13,13,491,0,6,20.083253564157594,1.8880000000081054,1126.4698999998473,2683.5560081466397
1788766630,50,POST,[setup] POST /auth/login,0.000000,0.000000,0,0,0,0,0,0,0,0,0,0,0,17,0,750,657.3296823529317,264.8451000000023,1079.990399999815,178.8235294117647
1788766630,50,,Aggregated,49.500000,0.000000,7,8,9,10,12,15,23,26,31,31,31,4954,0,6,22.641750504641955,1.7863999999008229,1159.6885999999813,23996.36092046831
1788766631,50,GET,GET /articles (anon),32.300000,0.000000,6,8,9,10,12,15,20,23,26,26,26,3334,0,6,22.03761505698839,1.7863999999008229,1159.6885999999813,26731.0
1788766631,50,GET,GET /articles (list),11.700000,0.000000,6,8,9,10,14,18,21,23,31,31,31,1156,0,6,15.617957352937013,1.8614000000525266,961.0112000000299,25607.670415224915
1788766631,50,GET,GET /articles/{id} (detail),5.600000,0.000000,6,7,8,9,10,11,13,13,13,13,13,493,0,6,20.021350709941608,1.8880000000081054,1126.4698999998473,2687.553752535497
1788766631,50,POST,[setup] POST /auth/login,0.000000,0.000000,0,0,0,0,0,0,0,0,0,0,0,17,0,750,657.3296823529317,264.8451000000023,1079.990399999815,178.8235294117647
1788766631,50,,Aggregated,49.600000,0.000000,6,8,9,10,12,16,20,23,31,31,31,5000,0,6,22.5145795599992,1.7863999999008229,1159.6885999999813,24010.325
1788766632,50,GET,GET /articles (anon),32.300000,0.000000,6,8,9,10,12,15,20,22,26,26,26,3371,0,6,21.887112221892323,1.7863999999008229,1159.6885999999813,26731.0
1788766632,50,GET,GET /articles (list),11.700000,0.000000,7,9,10,11,16,19,21,21,23,23,23,1169,0,6,15.56413704020107,1.8614000000525266,961.0112000000299,25607.37382378101
1788766632,50,GET,GET /articles/{id} (detail),5.600000,0.000000,6,7,8,8,10,12,13,13,13,13,13,496,0,6,19.94213991935708,1.8880000000081054,1126.4698999998473,2692.0887096774195
1788766632,50,POST,[setup] POST /auth/login,0.000000,0.000000,0,0,0,0,0,0,0,0,0,0,0,17,0,750,657.3296823529317,264.8451000000023,1079.990399999815,178.8235294117647
1788766632,50,,Aggregated,49.600000,0.000000,6,8,9,10,12,16,20,21,26,26,26,5053,0,6,22.371232436175642,1.7863999999008229,1159.6885999999813,24022.073421729667
1788766633,50,GET,GET /articles (anon),32.400000,0.000000,7,9,10,10,12,15,19,20,23,23,23,3402,0,6,21.78436766607872,1.7863999999008229,1159.6885999999813,26731.0
1788766633,50,GET,GET /articles (list),11.500000,0.000000,7,9,10,11,14,18,21,21,21,21,21,1183,0,6,15.466631107349746,1.8614000000525266,961.0112000000299,25604.668639053256
1788766633,50,GET,GET /articles/{id} (detail),5.300000,0.000000,6,7,8,9,12,12,17,17,17,17,17,499,0,6,19.905733466936557,1.8880000000081054,1126.4698999998473,2687.6092184368736
1788766633,50,POST,[setup] POST /auth/login,0.000000,0.000000,0,0,0,0,0,0,0,0,0,0,0,17,0,750,657.3296823529317,264.8451000000023,1079.990399999815,178.8235294117647
1788766633,50,,Aggregated,49.200000,0.000000,7,8,10,10,12,16,19,21,23,23,23,5101,0,6,22.253481474219992,1.7863999999008229,1159.6885999999813,24029.27700450892
1788766634,50,GET,GET /articles (anon),32.400000,0.000000,7,9,10,11,14,16,20,21,23,23,23,3438,0,6,21.65303632926106,1.7863999999008229,1159.6885999999813,26731.0
1788766634,50,GET,GET /articles (list),12.600000,0.000000,7,9,10,11,14,19,21,21,21,21,21,1195,0,6,15.391824267778158,1.8614000000525266,961.0112000000299,25598.558158995816
1788766634,50,GET,GET /articles/{id} (detail),4.800000,0.000000,7,8,9,10,12,13,17,17,17,17,17,502,0,6,19.828418725102306,1.8880000000081054,1126.4698999998473,2692.0019920318723
1788766634,50,POST,[setup] POST /auth/login,0.000000,0.000000,0,0,0,0,0,0,0,0,0,0,0,17,0,750,657.3296823529317,264.8451000000023,1079.990399999815,178.8235294117647
1788766634,50,,Aggregated,49.800000,0.000000,7,9,10,11,14,16,20,21,23,23,23,5152,0,6,22.120504600154515,1.7863999999008229,1159.6885999999813,24038.408385093167
1788766635,50,GET,GET /articles (anon),32.400000,0.000000,8,9,11,11,14,16,20,21,23,23,23,3471,0,6,21.525511840967898,1.7863999999008229,1159.6885999999813,26731.0
1788766635,50,GET,GET /articles (list),12.400000,0.000000,8,10,11,12,16,19,21,21,32,32,32,1207,0,6,15.332678707534935,1.8614000000525266,961.0112000000299,25601.19304059652
1788766635,50,GET,GET /articles/{id} (detail),4.800000,0.000000,7,8,9,10,12,13,17,17,17,17,17,507,0,6,19.686091715979206,1.8880000000081054,1126.4698999998473,2696.244575936884
1788766635,50,POST,[setup] POST /auth/login,0.000000,0.000000,0,0,0,0,0,0,0,0,0,0,0,17,0,750,657.3296823529317,264.8451000000023,1079.990399999815,178.8235294117647
1788766635,50,,Aggregated,49.600000,0.000000,7,9,10,11,14,17,20,21,32,32,32,5202,0,6,21.98712954632756,1.7863999999008229,1159.6885999999813,24039.595732410613
1788766636,50,GET,GET /articles (anon),32.500000,0.000000,8,10,11,11,14,17,20,22,26,26,26,3503,0,6,21.403483556951166,1.7863999999008229,1159.6885999999813,26731.0
1788766636,50,GET,GET /articles (list),12.500000,0.000000,8,10,11,12,16,19,21,21,32,32,32,1218,0,6,15.264690804593776,1.8614000000525266,961.0112000000299,25601.76108374384
1788766636,50,GET,GET /articles/{id} (detail),4.500000,0.000000,7,8,9,11,12,17,22,22,22,22,22,511,0,6,19.609385127204156,1.8880000000081054,1126.4698999998473,2699.091976516634
1788766636,50,POST,[setup] POST /auth/login,0.000000,0.000000,0,0,0,0,0,0,0,0,0,0,0,17,0,750,657.3296823529317,264.8451000000023,1079.990399999815,178.8235294117647
1788766636,50,,Aggregated,49.500000,0.000000,8,10,11,12,15,18,21,22,32,32,32,5249,0,6,21.8639353591154,1.7863999999008229,1159.6885999999813,24043.420461040198
1788766637,50,GET,GET /articles (anon),32.100000,0.000000,8,10,11,12,15,19,22,22,26,26,26,3538,0,6,21.287444290559744,1.7863999999008229,1159.6885999999813,26731.0
1788766637,50,GET,GET /articles (list),12.300000,0.000000,8,10,11,12,17,19,21,21,32,32,32,1231,0,6,15.195456945569045,1.8614000000525266,961.0112000000299,25603.074735987004
1788766637,50,GET,GET /articles/{id} (detail),4.400000,0.000000,7,8,9,10,12,17,22,22,22,22,22,513,0,6,19.554291228072735,1.8880000000081054,1126.4698999998473,2700.5360623781676
1788766637,50,POST,[setup] POST /auth/login,0.000000,0.000000,0,0,0,0,0,0,0,0,0,0,0,17,0,750,657.3296823529317,264.8451000000023,1079.990399999815,178.8235294117647
1788766637,50,,Aggregated,48.800000,0.000000,8,10,11,12,15,19,21,22,32,32,32,5299,0,6,21.74495969050716,1.7863999999008229,1159.6885999999813,24057.38403472353
1788766638,50,GET,GET /articles (anon),32.100000,0.000000,8,10,12,13,16,19,22,23,26,26,26,3570,0,6,21.194853081232605,1.7863999999008229,1159.6885999999813,26731.0
1788766638,50,GET,GET /articles (list),12.000000,0.000000,8,10,11,12,17,20,21,21,32,32,32,1242,0,6,15.137945088563226,1.8614000000525266,961.0112000000299,25588.99033816425
1788766638,50,GET,GET /articles/{id} (detail),4.400000,0.000000,7,9,11,12,17,19,22,22,22,22,22,523,0,6,19.378718355642768,1.8880000000081054,1126.4698999998473,2701.516252390057
1788766638,50,POST,[setup] POST /auth/login,0.000000,0.000000,0,0,0,0,0,0,0,0,0,0,0,17,0,750,657.3296823529317,264.8451000000023,1079.990399999815,178.8235294117647
1788766638,50,,Aggregated,48.500000,0.000000,8,10,11,12,16,19,22,23,32,32,32,5352,0,6,21.632404260089192,1.7863999999008229,1159.6885999999813,24033.469544095664
1788766639,50,GET,GET /articles (anon),32.100000,0.000000,8,10,11,13,16,19,22,23,26,26,26,3601,0,6,21.08144762565969,1.7863999999008229,1159.6885999999813,26731.0
1788766639,50,GET,GET /articles (list),12.000000,0.000000,8,10,12,12,18,21,21,23,32,32,32,1251,0,6,15.122595683449719,1.8614000000525266,961.0112000000299,25587.82494004796
1788766639,50,GET,GET /articles/{id} (detail),4.400000,0.000000,7,9,11,12,17,19,22,22,22,22,22,530,0,6,19.217211886794793,1.8880000000081054,1126.4698999998473,2703.256603773585
1788766639,50,POST,[setup] POST /auth/login,0.000000,0.000000,0,0,0,0,0,0,0,0,0,0,0,17,0,750,657.3296823529317,264.8451000000023,1079.990399999815,178.8235294117647
1788766639,50,,Aggregated,48.500000,0.000000,8,10,11,13,16,20,22,23,32,32,32,5399,0,6,21.52109409149799,1.7863999999008229,1159.6885999999813,24023.79440637155
1788766640,50,GET,GET /articles (anon),32.600000,0.000000,8,10,11,13,15,18,22,23,26,26,26,3639,0,6,20.94749051937363,1.7863999999008229,1159.6885999999813,26731.0
1788766640,50,GET,GET /articles (list),12.100000,0.000000,8,10,11,12,16,20,21,23,32,32,32,1260,0,6,15.085450714282192,1.8614000000525266,961.0112000000299,25572.260317460317
1788766640,50,GET,GET /articles/{id} (detail),4.600000,0.000000,7,9,11,12,15,17,22,22,22,22,22,540,0,6,18.995677037038924,1.8880000000081054,1126.4698999998473,2706.774074074074
1788766640,50,POST,[setup] POST /auth/login,0.000000,0.000000,0,0,0,0,0,0,0,0,0,0,0,17,0,750,657.3296823529317,264.8451000000023,1079.990399999815,178.8235294117647
1788766640,50,,Aggregated,49.300000,0.000000,8,10,11,12,16,19,22,23,32,32,32,5456,0,6,21.38340471041011,1.7863999999008229,1159.6885999999813,24002.905975073314
1788766641,50,GET,GET /articles (anon),32.600000,0.000000,8,10,11,13,16,18,22,23,26,26,26,3668,0,6,20.841953898582837,1.7863999999008229,1159.6885999999813,26731.0
1788766641,50,GET,GET /articles (list),12.100000,0.000000,7,9,11,11,15,20,21,23,32,32,32,1275,0,6,14.973882980388858,1.8614000000525266,961.0112000000299,25563.482352941177
1788766641,50,GET,GET /articles/{id} (detail),4.600000,0.000000,7,9,11,11,15,17,22,22,22,22,22,543,0,6,18.918533149173566,1.8880000000081054,1126.4698999998473,2707.987108655617
1788766641,50,POST,[setup] POST /auth/login,0.000000,0.000000,0,0,0,0,0,0,0,0,0,0,0,17,0,750,657.3296823529317,264.8451000000023,1079.990399999815,178.8235294117647
1788766641,50,,Aggregated,49.300000,0.000000,8,10,11,12,15,18,22,23,32,32,32,5503,0,6,21.258832600399643,1.7863999999008229,1159.6885999999813,24008.03652553153
1788766642,50,GET,GET /articles (anon),32.900000,0.000000,7,10,11,12,15,17,22,23,26,26,26,3707,0,6,20.701837388724407,1.7863999999008229,1159.6885999999813,26731.0
1788766642,50,GET,GET /articles (list),12.100000,0.000000,7,9,11,11,15,20,21,23,32,32,32,1284,0,6,14.926491822426224,1.8614000000525266,961.0112000000299,25563.995327102803
1788766642,50,GET,GET /articles/{id} (detail),4.700000,0.000000,7,9,10,10,14,17,19,22,22,22,22,551,0,6,18.76390617060088,1.8880000000081054,1126.4698999998473,2708.6352087114337
1788766642,50,POST,[setup] POST /auth/login,0.000000,0.000000,0,0,0,0,0,0,0,0,0,0,0,17,0,750,657.3296823529317,264.8451000000023,1079.990399999815,178.8235294117647
1788766642,50,,Aggregated,49.700000,0.000000,7,9,11,12,15,18,22,23,32,32,32,5559,0,6,21.122655801402786,1.7863999999008229,1159.6885999999813,23999.187803561792
1788766643,50,GET,GET /articles (anon),33.600000,0.000000,7,9,11,12,15,17,22,23,26,26,26,3737,0,6,20.596748675408488,1.7863999999008229,1159.6885999999813,26731.0
1788766643,50,GET,GET /articles (list),11.900000,0.000000,7,9,10,11,15,19,21,23,32,32,32,1296,0,6,14.84911844135394,1.8614000000525266,961.0112000000299,25563.697530864196
1788766643,50,GET,GET /articles/{id} (detail),5.000000,0.000000,7,9,10,11,15,17,19,22,22,22,22,556,0,6,18.668519784174848,1.8880000000081054,1126.4698999998473,2707.4028776978416
1788766643,50,POST,[setup] POST /auth/login,0.000000,0.000000,0,0,0,0,0,0,0,0,0,0,0,17,0,750,657.3296823529317,264.8451000000023,1079.990399999815,178.8235294117647
1788766643,50,,Aggregated,50.500000,0.000000,7,9,11,11,15,17,22,23,32,32,32,5606,0,6,21.007636264715988,1.7863999999008229,1159.6885999999813,23997.976275419194
1788766644,50,GET,GET /articles (anon),33.400000,0.000000,7,9,11,12,15,18,23,25,27,27,27,3778,0,6,20.479298994177363,1.7863999999008229,1159.6885999999813,26731.0
1788766644,50,GET,GET /articles (list),11.500000,0.000000,7,9,10,11,14,17,21,21,23,23,23,1307,0,6,14.786746595252524,1.8614000000525266,961.0112000000299,25556.578423871462
1788766644,50,GET,GET /articles/{id} (detail),5.500000,0.000000,7,9,10,11,15,17,19,22,22,22,22,562,0,6,18.519894128116434,1.8880000000081054,1126.4698999998473,2714.7829181494662
1788766644,50,POST,[setup] POST /auth/login,0.000000,0.000000,0,0,0,0,0,0,0,0,0,0,0,17,0,750,657.3296823529317,264.8451000000023,1079.990399999815,178.8235294117647
1788766644,50,,Aggregated,50.400000,0.000000,7,9,11,11,15,17,22,24,27,27,27,5664,0,6,20.882742673022413,1.7863999999008229,1159.6885999999813,23997.336511299436
1788766645,50,GET,GET /articles (anon),33.200000,0.000000,7,9,11,12,15,17,23,24,27,27,27,3807,0,6,20.376447071185368,1.7863999999008229,1159.6885999999813,26731.0
1788766645,50,GET,GET /articles (list),11.200000,0.000000,7,9,10,11,15,19,21,23,23,23,23,1318,0,6,14.730404476475412,1.8614000000525266,961.0112000000299,25552.016691957513
1788766645,50,GET,GET /articles/{id} (detail),5.700000,0.000000,7,8,10,11,15,16,17,19,19,19,19,568,0,6,18.38900616197362,1.8880000000081054,1126.4698999998473,2721.5140845070423
1788766645,50,POST,[setup] POST /auth/login,0.000000,0.000000,0,0,0,0,0,0,0,0,0,0,0,17,0,750,657.3296823529317,264.8451000000023,1079.990399999815,178.8235294117647
1788766645,50,,Aggregated,50.100000,0.000000,7,9,10,11,15,17,22,23,27,27,27,5710,0,6,20.771868161120608,1.7863999999008229,1159.6885999999813,23991.477232924695
1788766646,50,GET,GET /articles (anon),33.800000,0.000000,7,9,10,12,14,17,23,25,27,27,27,3837,0,6,20.27486750065198,1.7863999999008229,1159.6885999999813,26731.0
1788766646,50,GET,GET /articles (list),11.000000,0.000000,7,8,10,10,14,17,21,23,23,23,23,1328,0,6,14.668446084333713,1.8614000000525266,961.0112000000299,25546.217620481926
1788766646,50,GET,GET /articles/{id} (detail),5.900000,0.000000,7,8,10,11,15,16,17,19,19,19,19,573,0,6,18.288807155324662,1.8880000000081054,1126.4698999998473,2722.1849912739967
1788766646,50,POST,[setup] POST /auth/login,0.000000,0.000000,0,0,0,0,0,0,0,0,0,0,0,17,0,750,657.3296823529317,264.8451000000023,1079.990399999815,178.8235294117647
1788766646,50,,Aggregated,50.700000,0.000000,7,9,10,11,14,16,21,23,27,27,27,5755,0,6,20.6652396350996,1.7863999999008229,1159.6885999999813,23988.71867940921
1788766647,50,GET,GET /articles (anon),33.500000,0.000000,7,9,10,11,13,15,19,24,27,27,27,3874,0,6,20.148858776458855,1.7863999999008229,1159.6885999999813,26731.0
1788766647,50,GET,GET /articles (list),11.100000,0.000000,7,8,10,10,13,15,20,21,23,23,23,1345,0,6,14.5733081784352,1.8614000000525266,961.0112000000299,25544.311524163568
1788766647,50,GET,GET /articles/{id} (detail),5.900000,0.000000,6,8,9,10,14,15,15,16,16,16,16,576,0,6,18.235215104168628,1.8880000000081054,1126.4698999998473,2714.9357638888887
1788766647,50,POST,[setup] POST /auth/login,0.000000,0.000000,0,0,0,0,0,0,0,0,0,0,0,17,0,750,657.3296823529317,264.8451000000023,1079.990399999815,178.8235294117647
1788766647,50,,Aggregated,50.500000,0.000000,7,9,10,10,13,15,19,23,27,27,27,5812,0,6,20.53266808327571,1.7863999999008229,1159.6885999999813,23998.59532002753
1788766648,50,GET,GET /articles (anon),33.400000,0.000000,7,9,10,11,13,15,18,23,27,27,27,3906,0,6,20.05144871991828,1.7863999999008229,1159.6885999999813,26731.0
1788766648,50,GET,GET /articles (list),10.600000,0.000000,7,8,9,10,12,14,15,16,17,17,17,1358,0,6,14.51141531663875,1.8614000000525266,961.0112000000299,25546.05228276878
1788766648,50,GET,GET /articles/{id} (detail),6.200000,0.000000,6,8,9,10,15,15,15,16,16,16,16,583,0,6,18.12452915952176,1.8880000000081054,1126.4698999998473,2710.704974271012
1788766648,50,POST,[setup] POST /auth/login,0.000000,0.000000,0,0,0,0,0,0,0,0,0,0,0,17,0,750,657.3296823529317,264.8451000000023,1079.990399999815,178.8235294117647
1788766648,50,,Aggregated,50.200000,0.000000,7,8,10,10,13,15,17,20,27,27,27,5864,0,6,20.42439730559307,1.7863999999008229,1159.6885999999813,23991.508526603
1788766649,50,GET,GET /articles (anon),33.100000,0.000000,7,9,10,11,14,17,22,23,27,27,27,3941,0,6,19.95575990865304,1.7863999999008229,1159.6885999999813,26731.0
1788766649,50,GET,GET /articles (list),11.100000,0.000000,6,8,9,10,12,13,14,15,17,17,17,1368,0,6,14.45506578947011,1.8614000000525266,961.0112000000299,25548.484649122805
1788766649,50,GET,GET /articles/{id} (detail),6.300000,0.000000,7,9,9,10,15,15,15,16,16,16,16,589,0,6,18.027275042447332,1.8880000000081054,1126.4698999998473,2706.2988115449916
1788766649,50,POST,[setup] POST /auth/login,0.000000,0.000000,0,0,0,0,0,0,0,0,0,0,0,17,0,750,657.3296823529317,264.8451000000023,1079.990399999815,178.8235294117647
1788766649,50,,Aggregated,50.500000,0.000000,7,8,10,10,13,15,19,23,27,27,27,5915,0,6,20.323389585798576,1.7863999999008229,1159.6885999999813,23988.88385460693
1788766650,50,GET,GET /articles (anon),33.300000,0.000000,7,8,9,10,13,16,21,23,27,27,27,3971,0,6,19.841218937295974,1.7863999999008229,1159.6885999999813,26731.0
1788766650,50,GET,GET /articles (list),11.400000,0.000000,6,8,9,10,12,13,14,15,17,17,17,1377,0,6,14.393161365283492,1.8614000000525266,961.0112000000299,25543.42919389978
1788766650,50,GET,GET /articles/{id} (detail),5.800000,0.000000,6,7,9,10,15,15,15,16,16,16,16,596,0,6,17.860832885908213,1.8880000000081054,1126.4698999998473,2712.9379194630874
1788766650,50,POST,[setup] POST /auth/login,0.000000,0.000000,0,0,0,0,0,0,0,0,0,0,0,17,0,750,657.3296823529317,264.8451000000023,1079.990399999815,178.8235294117647
1788766650,50,,Aggregated,50.500000,0.000000,7,8,9,10,13,15,18,22,27,27,27,5961,0,6,20.202738567354363,1.7863999999008229,1159.6885999999813,23979.54269417883
1788766651,50,GET,GET /articles (anon),33.300000,0.000000,7,8,9,10,13,16,22,25,27,27,27,4000,0,6,19.744402975000646,1.7863999999008229,1159.6885999999813,26731.0
1788766651,50,GET,GET /articles (list),11.700000,0.000000,6,8,9,10,12,13,14,14,15,15,15,1386,0,6,14.342823809520697,1.8614000000525266,961.0112000000299,25546.906926406926
1788766651,50,GET,GET /articles/{id} (detail),5.600000,0.000000,6,7,9,9,11,15,15,15,15,15,15,602,0,6,17.731919933557222,1.8880000000081054,1126.4698999998473,2714.109634551495
1788766651,50,POST,[setup] POST /auth/login,0.000000,0.000000,0,0,0,0,0,0,0,0,0,0,0,17,0,750,657.3296823529317,264.8451000000023,1079.990399999815,178.8235294117647
1788766651,50,,Aggregated,50.600000,0.000000,6,8,9,10,13,15,19,22,27,27,27,6005,0,6,20.100913588676118,1.7863999999008229,1159.6885999999813,23974.845462114903
1788766652,50,GET,GET /articles (anon),33.300000,0.000000,6,8,9,10,12,16,21,23,27,27,27,4036,0,6,19.62202333994111,1.7863999999008229,1159.6885999999813,26731.0
1788766652,50,GET,GET /articles (list),11.600000,0.000000,7,8,9,10,12,13,14,15,15,15,15,1395,0,6,14.292947598562986,1.8614000000525266,961.0112000000299,25543.829390681003
1788766652,50,GET,GET /articles/{id} (detail),5.700000,0.000000,5,7,9,9,11,15,15,15,15,15,15,607,0,6,17.630793739705517,1.8880000000081054,1126.4698999998473,2715.845140032949
1788766652,50,POST,[setup] POST /auth/login,0.000000,0.000000,0,0,0,0,0,0,0,0,0,0,0,17,0,750,657.3296823529317,264.8451000000023,1079.990399999815,178.8235294117647
1788766652,50,,Aggregated,50.600000,0.000000,6,8,9,10,12,15,18,22,27,27,27,6055,0,6,19.98507753922367,1.7863999999008229,1159.6885999999813,23975.477456647397
1788766653,50,GET,GET /articles (anon),33.000000,0.000000,6,8,9,9,12,15,18,22,23,23,23,4073,0,6,19.514094574024742,1.7863999999008229,1159.6885999999813,26731.0
1788766653,50,GET,GET /articles (list),11.000000,0.000000,7,8,9,9,11,13,14,14,15,15,15,1412,0,6,14.205530099146642,1.8614000000525266,961.0112000000299,25544.715297450424
1788766653,50,GET,GET /articles/{id} (detail),5.800000,0.000000,6,7,9,9,11,15,15,15,15,15,15,610,0,6,17.57530459016581,1.8880000000081054,1126.4698999998473,2713.8508196721314
1788766653,50,POST,[setup] POST /auth/login,0.000000,0.000000,0,0,0,0,0,0,0,0,0,0,0,17,0,750,657.3296823529317,264.8451000000023,1079.990399999815,178.8235294117647
1788766653,50,,Aggregated,49.800000,0.000000,6,8,9,9,11,14,16,20,23,23,23,6112,0,6,19.8682356184554,1.7863999999008229,1159.6885999999813,23986.09129581152
1788766654,50,GET,GET /articles (anon),32.600000,0.000000,6,8,9,10,12,15,19,22,27,27,27,4104,0,6,19.440024488304974,1.7863999999008229,1159.6885999999813,26731.0
1788766654,50,GET,GET /articles (list),11.100000,0.000000,7,8,9,9,11,13,14,15,21,21,21,1423,0,6,14.174202108218871,1.8614000000525266,961.0112000000299,25538.323260716796
1788766654,50,GET,GET /articles/{id} (detail),5.600000,0.000000,6,8,9,10,15,15,30,30,30,30,30,615,0,6,17.55247886178994,1.8880000000081054,1126.4698999998473,2712.359349593496
1788766654,50,POST,[setup] POST /auth/login,0.000000,0.000000,0,0,0,0,0,0,0,0,0,0,0,17,0,750,657.3296823529317,264.8451000000023,1079.990399999815,178.8235294117647
1788766654,50,,Aggregated,49.300000,0.000000,6,8,9,10,12,15,18,22,30,30,30,6159,0,6,19.79560467608383,1.7863999999008229,1159.6885999999813,23983.79590842669
1788766655,50,GET,GET /articles (anon),33.400000,0.000000,6,8,9,10,12,15,19,22,27,27,27,4138,0,6,19.347172692122545,1.7863999999008229,1159.6885999999813,26731.0
1788766655,50,GET,GET /articles (list),11.500000,0.000000,7,8,9,10,11,13,14,14,21,21,21,1436,0,6,14.112259261835442,1.8614000000525266,961.0112000000299,25536.861420612815
1788766655,50,GET,GET /articles/{id} (detail),5.400000,0.000000,6,9,10,11,15,15,30,30,30,30,30,622,0,6,17.433056913184455,1.8880000000081054,1126.4698999998473,2711.0257234726687
1788766655,50,POST,[setup] POST /auth/login,0.000000,0.000000,0,0,0,0,0,0,0,0,0,0,0,17,0,750,657.3296823529317,264.8451000000023,1079.990399999815,178.8235294117647
1788766655,50,,Aggregated,50.300000,0.000000,6,8,9,10,12,15,18,22,30,30,30,6213,0,6,19.69125557701592,1.7863999999008229,1159.6885999999813,23977.645098986
1788766656,50,GET,GET /articles (anon),31.800000,0.000000,7,8,9,10,12,15,21,23,27,27,27,4168,0,6,19.262904582534222,1.7863999999008229,1159.6885999999813,26731.0
1788766656,50,GET,GET /articles (list),11.700000,0.000000,7,8,9,9,11,12,14,14,21,21,21,1446,0,6,14.0618966113387,1.8614000000525266,961.0112000000299,25532.945366528354
1788766656,50,GET,GET /articles/{id} (detail),5.400000,0.000000,6,9,10,11,12,15,17,30,30,30,30,627,0,6,17.3503393939398,1.8880000000081054,1126.4698999998473,2707.8676236044657
1788766656,50,POST,[setup] POST /auth/login,0.000000,0.000000,0,0,0,0,0,0,0,0,0,0,0,17,0,750,657.3296823529317,264.8451000000023,1079.990399999815,178.8235294117647
1788766656,50,,Aggregated,48.900000,0.000000,7,8,9,10,12,14,18,22,30,30,30,6258,0,6,19.602837360178828,1.7863999999008229,1159.6885999999813,23975.123042505595
1788766657,50,GET,GET /articles (anon),33.000000,0.000000,6,8,9,10,12,15,19,22,27,27,27,4206,0,6,19.148383808844947,1.7863999999008229,1159.6885999999813,26731.0
1788766657,50,GET,GET /articles (list),11.300000,0.000000,7,9,9,10,12,12,15,21,21,21,21,1456,0,6,14.02327699175529,1.8614000000525266,961.0112000000299,25535.32074175824
1788766657,50,GET,GET /articles/{id} (detail),5.400000,0.000000,6,9,10,11,12,15,17,30,30,30,30,633,0,6,17.25949320695143,1.8880000000081054,1126.4698999998473,2701.306477093207
1788766657,50,POST,[setup] POST /auth/login,0.000000,0.000000,0,0,0,0,0,0,0,0,0,0,0,17,0,750,657.3296823529317,264.8451000000023,1079.990399999815,178.8235294117647
1788766657,50,,Aggregated,49.700000,0.000000,6,8,9,10,12,14,19,22,30,30,30,6312,0,6,19.495541413180966,1.7863999999008229,1159.6885999999813,23973.856147021546
1788766658,50,GET,GET /articles (anon),32.800000,0.000000,6,8,9,9,12,14,18,22,27,27,27,4238,0,6,19.06494044360603,1.7863999999008229,1159.6885999999813,26731.0
1788766658,50,GET,GET /articles (list),11.800000,0.000000,7,8,9,9,12,13,17,21,21,21,21,1468,0,6,13.971524114438553,1.8614000000525266,961.0112000000299,25540.57493188011
1788766658,50,GET,GET /articles/{id} (detail),5.300000,0.000000,6,8,9,10,12,13,17,30,30,30,30,638,0,6,17.18762695924829,1.8880000000081054,1126.4698999998473,2704.4075235109717
1788766658,50,POST,[setup] POST /auth/login,0.000000,0.000000,0,0,0,0,0,0,0,0,0,0,0,17,0,750,657.3296823529317,264.8451000000023,1079.990399999815,178.8235294117647
1788766658,50,,Aggregated,49.900000,0.000000,6,8,9,9,12,13,17,22,30,30,30,6361,0,6,19.406968338311437,1.7863999999008229,1159.6885999999813,23975.474610910234
1788766659,50,GET,GET /articles (anon),33.000000,0.000000,7,9,9,10,13,15,19,25,35,35,35,4273,0,6,18.99869618535043,1.7863999999008229,1159.6885999999813,26731.0
1788766659,50,GET,GET /articles (list),11.400000,0.000000,7,9,9,10,12,15,20,21,35,35,35,1480,0,6,13.95727824324038,1.8614000000525266,961.0112000000299,25536.160810810812
1788766659,50,GET,GET /articles/{id} (detail),5.400000,0.000000,7,9,10,11,12,13,30,30,30,30,30,641,0,6,17.147564430578004,1.8880000000081054,1126.4698999998473,2707.5039001560062
1788766659,50,POST,[setup] POST /auth/login,0.000000,0.000000,0,0,0,0,0,0,0,0,0,0,0,17,0,750,657.3296823529317,264.8451000000023,1079.990399999815,178.8235294117647
1788766659,50,,Aggregated,49.800000,0.000000,7,9,9,10,13,15,19,25,35,35,35,6411,0,6,19.34244174075794,1.7863999999008229,1159.6885999999813,23982.78443300577
1788766660,50,GET,GET /articles (anon),32.900000,0.000000,7,9,10,11,13,15,19,25,35,35,35,4306,0,6,18.913916465397786,1.7863999999008229,1159.6885999999813,26731.0
1788766660,50,GET,GET /articles (list),11.000000,0.000000,7,9,9,10,12,15,20,21,35,35,35,1489,0,6,13.921083814637791,1.8614000000525266,961.0112000000299,25534.609805238415
1788766660,50,GET,GET /articles/{id} (detail),5.600000,0.000000,7,9,11,11,12,13,30,30,30,30,30,649,0,6,17.024563174115002,1.8880000000081054,1126.4698999998473,2709.6101694915255
1788766660,50,POST,[setup] POST /auth/login,0.000000,0.000000,0,0,0,0,0,0,0,0,0,0,0,17,0,750,657.3296823529317,264.8451000000023,1079.990399999815,178.8235294117647
1788766660,50,,Aggregated,49.500000,0.000000,7,9,10,11,13,15,19,25,35,35,35,6461,0,6,19.253267946138326,1.7863999999008229,1159.6885999999813,23972.496053242532
1788766661,50,GET,GET /articles (anon),33.100000,0.000000,7,9,10,11,13,15,19,25,35,35,35,4336,0,6,18.82770062269429,1.7863999999008229,1159.6885999999813,26731.0
1788766661,50,GET,GET /articles (list),10.900000,0.000000,7,9,9,10,12,15,20,21,35,35,35,1506,0,6,13.839106507301562,1.8614000000525266,961.0112000000299,25541.203187250994
1788766661,50,GET,GET /articles/{id} (detail),5.500000,0.000000,7,10,11,11,12,13,30,30,30,30,30,650,0,6,17.005872307693327,1.8880000000081054,1126.4698999998473,2710.2784615384617
1788766661,50,POST,[setup] POST /auth/login,0.000000,0.000000,0,0,0,0,0,0,0,0,0,0,0,17,0,750,657.3296823529317,264.8451000000023,1079.990399999815,178.8235294117647
1788766661,50,,Aggregated,49.500000,0.000000,7,9,10,11,13,15,19,25,35,35,35,6509,0,6,19.15916821324317,1.7863999999008229,1159.6885999999813,23987.615455523122
1788766662,50,GET,GET /articles (anon),32.600000,0.000000,8,9,10,11,13,16,19,25,35,35,35,4369,0,6,18.754495559625372,1.7863999999008229,1159.6885999999813,26731.0
1788766662,50,GET,GET /articles (list),11.000000,0.000000,7,9,9,10,13,16,20,21,35,35,35,1516,0,6,13.795715765168843,1.8614000000525266,961.0112000000299,25541.310026385225
1788766662,50,GET,GET /articles/{id} (detail),5.300000,0.000000,8,10,11,12,13,17,30,30,30,30,30,656,0,6,16.943132621952582,1.8880000000081054,1126.4698999998473,2713.0548780487807
1788766662,50,POST,[setup] POST /auth/login,0.000000,0.000000,0,0,0,0,0,0,0,0,0,0,0,17,0,750,657.3296823529317,264.8451000000023,1079.990399999815,178.8235294117647
1788766662,50,,Aggregated,48.900000,0.000000,7,9,10,11,13,16,20,25,35,35,35,6558,0,6,19.082341537054077,1.7863999999008229,1159.6885999999813,23984.62473315035
1788766663,50,GET,GET /articles (anon),33.200000,0.000000,7,9,10,11,13,16,19,24,35,35,35,4404,0,6,18.659494255223244,1.7863999999008229,1159.6885999999813,26731.0
1788766663,50,GET,GET /articles (list),11.700000,0.000000,7,9,9,10,12,15,18,20,35,35,35,1527,0,6,13.742824230514712,1.8614000000525266,961.0112000000299,25533.27308447937
1788766663,50,GET,GET /articles/{id} (detail),4.900000,0.000000,7,10,11,11,12,13,21,21,21,21,21,661,0,6,16.872880786687553,1.8880000000081054,1126.4698999998473,2716.9727685325265
1788766663,50,POST,[setup] POST /auth/login,0.000000,0.000000,0,0,0,0,0,0,0,0,0,0,0,17,0,750,657.3296823529317,264.8451000000023,1079.990399999815,178.8235294117647
1788766663,50,,Aggregated,49.800000,0.000000,7,9,10,11,12,15,19,24,35,35,35,6609,0,6,18.9876356634892,1.7863999999008229,1159.6885999999813,23984.201997276443
1788766664,50,GET,GET /articles (anon),33.400000,0.000000,7,9,9,10,12,16,19,19,35,35,35,4436,0,6,18.569940554554453,1.7863999999008229,1159.6885999999813,26731.0
1788766664,50,GET,GET /articles (list),11.900000,0.000000,7,8,9,9,12,15,18,20,35,35,35,1533,0,6,13.710445662097776,1.8614000000525266,961.0112000000299,25532.036529680365
1788766664,50,GET,GET /articles/{id} (detail),4.500000,0.000000,7,9,10,10,12,13,21,21,21,21,21,667,0,6,16.788729235382956,1.8880000000081054,1126.4698999998473,2719.293853073463
1788766664,50,POST,[setup] POST /auth/login,0.000000,0.000000,0,0,0,0,0,0,0,0,0,0,0,17,0,750,657.3296823529317,264.8451000000023,1079.990399999815,178.8235294117647
1788766664,50,,Aggregated,49.800000,0.000000,7,9,9,10,12,15,19,21,35,35,35,6653,0,6,18.903811288140748,1.7863999999008229,1159.6885999999813,23979.57868630693
1788766665,50,GET,GET /articles (anon),32.700000,0.000000,7,9,10,11,14,16,19,20,35,35,35,4469,0,6,18.508068516447405,1.7863999999008229,1159.6885999999813,26731.0
1788766665,50,GET,GET /articles (list),11.300000,0.000000,7,8,9,10,12,16,20,35,35,35,35,1542,0,6,13.671283073927288,1.8614000000525266,961.0112000000299,25528.47859922179
1788766665,50,GET,GET /articles/{id} (detail),5.100000,0.000000,8,9,10,11,13,14,21,21,21,21,21,676,0,6,16.684482544379,1.8880000000081054,1126.4698999998473,2726.2100591715975
1788766665,50,POST,[setup] POST /auth/login,0.000000,0.000000,0,0,0,0,0,0,0,0,0,0,0,17,0,750,657.3296823529317,264.8451000000023,1079.990399999815,178.8235294117647
1788766665,50,,Aggregated,49.100000,0.000000,7,9,10,11,13,16,19,21,35,35,35,6704,0,6,18.831591810859198,1.7863999999008229,1159.6885999999813,23966.54400357995
1788766666,50,GET,GET /articles (anon),33.300000,0.000000,8,9,10,11,15,17,19,23,35,35,35,4502,0,6,18.450338382941748,1.7863999999008229,1159.6885999999813,26731.0
1788766666,50,GET,GET /articles (list),11.100000,0.000000,7,9,9,11,14,18,20,35,35,35,35,1554,0,6,13.655913899611171,1.8614000000525266,961.0112000000299,25530.212355212356
1788766666,50,GET,GET /articles/{id} (detail),5.100000,0.000000,8,9,11,11,14,17,27,27,27,27,27,680,0,6,16.671064117647415,1.8880000000081054,1126.4698999998473,2721.994117647059
1788766666,50,POST,[setup] POST /auth/login,0.000000,0.000000,0,0,0,0,0,0,0,0,0,0,0,17,0,750,657.3296823529317,264.8451000000023,1079.990399999815,178.8235294117647
1788766666,50,,Aggregated,49.500000,0.000000,7,9,10,11,14,17,20,24,35,35,35,6753,0,6,18.77619455057016,1.7863999999008229,1159.6885999999813,23970.221827335998
1788766667,50,GET,GET /articles (anon),32.800000,0.000000,7,9,11,12,15,17,19,23,35,35,35,4533,0,6,18.375336421796565,1.6885000000002037,1159.6885999999813,26731.0
1788766667,50,GET,GET /articles (list),10.900000,0.000000,7,9,10,11,14,18,20,35,35,35,35,1565,0,6,13.614828626195102,1.8614000000525266,961.0112000000299,25534.054952076676
1788766667,50,GET,GET /articles/{id} (detail),5.400000,0.000000,8,9,11,11,14,17,27,27,27,27,27,684,0,6,16.60275263157949,1.8880000000081054,1126.4698999998473,2724.7295321637425
1788766667,50,POST,[setup] POST /auth/login,0.000000,0.000000,0,0,0,0,0,0,0,0,0,0,0,17,0,750,657.3296823529317,264.8451000000023,1079.990399999815,178.8235294117647
1788766667,50,,Aggregated,49.100000,0.000000,7,9,11,11,15,17,20,24,35,35,35,6799,0,6,18.69885191939992,1.6885000000002037,1159.6885999999813,23973.992351816443
1788766668,50,GET,GET /articles (anon),33.200000,0.000000,7,9,10,11,14,16,18,19,23,23,23,4567,0,6,18.290193168382615,1.6885000000002037,1159.6885999999813,26731.0
1788766668,50,GET,GET /articles (list),10.500000,0.000000,7,9,9,10,11,15,19,20,20,20,20,1576,0,6,13.572108375631363,1.8614000000525266,961.0112000000299,25537.0019035533
1788766668,50,GET,GET /articles/{id} (detail),5.300000,0.000000,8,9,10,11,14,17,27,27,27,27,27,691,0,6,16.516770767004395,1.8880000000081054,1126.4698999998473,2722.7959479015917
1788766668,50,POST,[setup] POST /auth/login,0.000000,0.000000,0,0,0,0,0,0,0,0,0,0,0,17,0,750,657.3296823529317,264.8451000000023,1079.990399999815,178.8235294117647
1788766668,50,,Aggregated,49.000000,0.000000,7,9,10,11,14,16,18,20,27,27,27,6851,0,6,18.611684162895784,1.6885000000002037,1159.6885999999813,23968.9511020289
1788766669,50,GET,GET /articles (anon),33.000000,0.000000,7,9,10,11,14,16,18,19,23,23,23,4599,0,6,18.215518112633767,1.6885000000002037,1159.6885999999813,26731.0
1788766669,50,GET,GET /articles (list),10.700000,0.000000,7,8,9,10,11,14,18,19,20,20,20,1588,0,6,13.525804345085142,1.8614000000525266,961.0112000000299,25532.91498740554
1788766669,50,GET,GET /articles/{id} (detail),5.200000,0.000000,8,9,11,11,14,17,27,27,27,27,27,695,0,6,16.473151654676087,1.8880000000081054,1126.4698999998473,2722.856115107914
1788766669,50,POST,[setup] POST /auth/login,0.000000,0.000000,0,0,0,0,0,0,0,0,0,0,0,17,0,750,657.3296823529317,264.8451000000023,1079.990399999815,178.8235294117647
1788766669,50,,Aggregated,48.900000,0.000000,7,9,10,11,13,16,18,20,27,27,27,6899,0,6,18.535380504420687,1.6885000000002037,1159.6885999999813,23971.2368459197
1788766670,50,GET,GET /articles (anon),32.700000,0.000000,7,9,10,12,14,17,18,19,23,23,23,4631,0,6,18.14377959404088,1.6885000000002037,1159.6885999999813,26731.0
1788766670,50,GET,GET /articles (list),10.800000,0.000000,7,8,9,10,11,15,18,19,20,20,20,1605,0,6,13.453414828657468,1.8614000000525266,961.0112000000299,25525.322118380063
1788766670,50,GET,GET /articles/{id} (detail),5.300000,0.000000,9,10,11,12,17,21,27,27,27,27,27,700,0,6,16.440501142857165,1.8880000000081054,1126.4698999998473,2723.2214285714285
1788766670,50,POST,[setup] POST /auth/login,0.000000,0.000000,0,0,0,0,0,0,0,0,0,0,0,17,0,750,657.3296823529317,264.8451000000023,1079.990399999815,178.8235294117647
1788766670,50,,Aggregated,48.800000,0.000000,7,9,10,11,14,17,19,21,27,27,27,6953,0,6,18.452398892564236,1.6885000000002037,1159.6885999999813,23970.760535020854
1788766671,50,GET,GET /articles (anon),32.400000,0.000000,7,9,10,11,14,16,18,19,23,23,23,4667,0,6,18.06786158131633,1.6885000000002037,1159.6885999999813,26731.0
1788766671,50,GET,GET /articles (list),10.900000,0.000000,7,8,10,10,11,15,16,19,20,20,20,1618,0,7,13.414223485782237,1.8614000000525266,961.0112000000299,25527.75587144623
1788766671,50,GET,GET /articles/{id} (detail),5.400000,0.000000,9,10,11,12,15,20,22,27,27,27,27,703,0,6,16.4238994310102,1.8880000000081054,1126.4698999998473,2724.2076813655763
1788766671,50,POST,[setup] POST /auth/login,0.000000,0.000000,0,0,0,0,0,0,0,0,0,0,0,17,0,750,657.3296823529317,264.8451000000023,1079.990399999815,178.8235294117647
1788766671,50,,Aggregated,48.700000,0.000000,7,9,10,11,14,16,19,20,27,27,27,7005,0,6,18.379376088508163,1.6885000000002037,1159.6885999999813,23979.392433975732
1788766672,60,GET,GET /articles (anon),32.800000,0.000000,7,9,10,12,14,16,18,20,23,23,23,4676,0,6,18.04705609495365,1.6885000000002037,1159.6885999999813,26731.0
1788766672,60,GET,GET /articles (list),11.200000,0.000000,7,9,10,10,12,15,19,20,20,20,20,1620,0,7,13.40544660493554,1.8614000000525266,961.0112000000299,25528.422222222223
1788766672,60,GET,GET /articles/{id} (detail),4.900000,0.000000,9,11,12,13,19,22,270,270,270,270,270,706,0,6,16.752875779036877,1.8880000000081054,1126.4698999998473,2725.182719546742
1788766672,60,POST,[setup] POST /auth/login,0.000000,0.000000,600,600,600,600,600,600,600,600,600,600,600,19,0,710,633.8846105263177,264.8451000000023,1079.990399999815,178.94736842105263
1788766672,60,,Aggregated,48.900000,0.000000,7,9,10,11,14,17,20,23,600,600,600,7021,0,7,18.51249048568575,1.6885000000002037,1159.6885999999813,23967.750890186584
1788766673,70,GET,GET /articles (anon),32.800000,0.000000,8,11,13,15,350,740,860,870,880,880,880,4714,0,7,22.516792002546463,1.6885000000002037,1159.6885999999813,26731.0
1788766673,70,GET,GET /articles (list),11.200000,0.000000,8,10,11,11,20,460,750,840,840,840,840,1630,0,7,16.009669141101504,1.8614000000525266,961.0112000000299,25523.842331288342
1788766673,70,GET,GET /articles/{id} (detail),4.900000,0.000000,10,12,15,19,410,650,740,740,740,740,740,712,0,6,20.933866994382466,1.8880000000081054,1126.4698999998473,2728.8483146067415
1788766673,70,POST,[setup] POST /auth/login,0.000000,0.000000,600,600,850,850,850,850,850,850,850,850,850,20,0,710,644.4972649999954,264.8451000000023,1079.990399999815,179.0
1788766673,70,,Aggregated,48.900000,0.000000,8,11,13,15,340,670,850,860,880,880,880,7076,0,7,22.616559751271947,1.6885000000002037,1159.6885999999813,23962.735585076316
1788766674,80,GET,GET /articles (anon),32.900000,0.000000,9,12,16,30,610,740,860,870,880,880,880,4742,0,7,24.06065683256086,1.6885000000002037,1159.6885999999813,26731.0
1788766674,80,GET,GET /articles (list),11.000000,0.000000,8,10,12,16,190,470,710,750,840,840,840,1644,0,7,16.93697980535038,1.8614000000525266,961.0112000000299,25525.36922141119
1788766674,80,GET,GET /articles/{id} (detail),5.200000,0.000000,11,13,20,27,580,670,740,740,740,740,740,715,0,6,22.184231748252177,1.8880000000081054,1126.4698999998473,2728.9132867132867
1788766674,80,POST,[setup] POST /auth/login,0.000000,0.000000,670,670,670,670,850,850,850,850,850,850,850,23,0,670,648.1741521739008,264.8451000000023,1079.990399999815,178.8695652173913
1788766674,80,,Aggregated,49.100000,0.000000,9,12,16,36,580,710,850,860,880,880,880,7124,0,7,24.243368992139285,1.6885000000002037,1159.6885999999813,23958.08478382931
1788766675,90,GET,GET /articles (anon),31.100000,0.000000,9,13,22,250,700,850,860,870,880,880,880,4748,0,7,25.119277148273802,1.6885000000002037,1159.6885999999813,26731.0
1788766675,90,GET,GET /articles (list),10.600000,0.000000,8,10,14,20,350,640,840,860,860,860,860,1645,0,7,17.449027781152523,1.8614000000525266,961.0112000000299,25525.295440729482
1788766675,90,GET,GET /articles/{id} (detail),5.400000,0.000000,11,13,22,260,650,690,740,740,740,740,740,715,0,6,22.184231748252177,1.8880000000081054,1126.4698999998473,2728.9132867132867
1788766675,90,POST,[setup] POST /auth/login,0.100000,0.000000,670,670,670,830,850,850,850,850,850,850,850,27,0,670,652.2832370370301,264.8451000000023,1079.990399999815,178.74074074074073
1788766675,90,,Aggregated,47.200000,0.000000,9,13,30,250,670,830,860,870,880,880,880,7135,0,7,25.430042284513053,1.6885000000002037,1159.6885999999813,23947.28773651016
1788766676,100,GET,GET /articles (anon),31.100000,0.000000,9,14,140,350,720,860,870,870,880,880,880,4748,0,7,25.119277148273802,1.6885000000002037,1159.6885999999813,26731.0
1788766676,100,GET,GET /articles (list),10.600000,0.000000,8,10,15,40,360,640,840,860,860,860,860,1645,0,7,17.449027781152523,1.8614000000525266,961.0112000000299,25525.295440729482
1788766676,100,GET,GET /articles/{id} (detail),5.400000,0.000000,11,13,22,270,650,690,740,740,740,740,740,715,0,6,22.184231748252177,1.8880000000081054,1126.4698999998473,2728.9132867132867
1788766676,100,POST,[setup] POST /auth/login,0.100000,0.000000,670,670,670,830,850,850,850,850,850,850,850,27,0,670,652.2832370370301,264.8451000000023,1079.990399999815,178.74074074074073
1788766676,100,,Aggregated,47.200000,0.000000,9,14,110,350,690,840,860,870,880,880,880,7135,0,7,25.430042284513053,1.6885000000002037,1159.6885999999813,23947.28773651016
1788766677,100,GET,GET /articles (anon),31.100000,0.000000,9,20,280,550,760,860,870,870,880,880,880,4748,0,7,25.119277148273802,1.6885000000002037,1159.6885999999813,26731.0
1788766677,100,GET,GET /articles (list),10.600000,0.000000,8,10,36,82,460,710,840,860,860,860,860,1645,0,7,17.449027781152523,1.8614000000525266,961.0112000000299,25525.295440729482
1788766677,100,GET,GET /articles/{id} (detail),5.400000,0.000000,12,22,270,580,670,690,740,740,740,740,740,715,0,6,22.184231748252177,1.8880000000081054,1126.4698999998473,2728.9132867132867
1788766677,100,POST,[setup] POST /auth/login,0.100000,0.000000,670,670,670,830,850,850,850,850,850,850,850,27,0,670,652.2832370370301,264.8451000000023,1079.990399999815,178.74074074074073
1788766677,100,,Aggregated,47.200000,0.000000,10,22,280,540,710,850,860,870,880,880,880,7135,0,7,25.430042284513053,1.6885000000002037,1159.6885999999813,23947.28773651016
1788766678,100,GET,GET /articles (anon),31.100000,0.000000,12,140,540,630,840,860,870,870,880,880,880,4748,0,7,25.119277148273802,1.6885000000002037,1159.6885999999813,26731.0
1788766678,100,GET,GET /articles (list),10.600000,0.000000,9,15,82,190,560,750,840,860,860,860,860,1645,0,7,17.449027781152523,1.8614000000525266,961.0112000000299,25525.295440729482
1788766678,100,GET,GET /articles/{id} (detail),5.400000,0.000000,20,270,580,650,690,740,740,740,740,740,740,715,0,6,22.184231748252177,1.8880000000081054,1126.4698999998473,2728.9132867132867
1788766678,100,POST,[setup] POST /auth/login,0.100000,0.000000,670,670,670,830,850,850,850,850,850,850,850,27,0,670,652.2832370370301,264.8451000000023,1079.990399999815,178.74074074074073
1788766678,100,,Aggregated,47.200000,0.000000,12,140,460,620,750,850,870,870,880,880,880,7135,0,7,25.430042284513053,1.6885000000002037,1159.6885999999813,23947.28773651016
1788766679,100,GET,GET /articles (anon),31.100000,0.000000,30,360,630,700,850,860,870,870,880,880,880,4748,0,7,25.119277148273802,1.6885000000002037,1159.6885999999813,26731.0
1788766679,100,GET,GET /articles (list),10.600000,0.000000,10,56,190,350,640,750,860,860,860,860,860,1645,0,7,17.449027781152523,1.8614000000525266,961.0112000000299,25525.295440729482
1788766679,100,GET,GET /articles/{id} (detail),5.400000,0.000000,22,270,580,650,690,740,740,740,740,740,740,715,0,6,22.184231748252177,1.8880000000081054,1126.4698999998473,2728.9132867132867
1788766679,100,POST,[setup] POST /auth/login,0.100000,0.000000,670,670,670,830,850,850,850,850,850,850,850,27,0,670,652.2832370370301,264.8451000000023,1079.990399999815,178.74074074074073
1788766679,100,,Aggregated,47.200000,0.000000,30,350,620,670,830,860,870,870,880,880,880,7135,0,7,25.430042284513053,1.6885000000002037,1159.6885999999813,23947.28773651016
1788766680,100,GET,GET /articles (anon),31.100000,0.000000,340,650,710,780,860,870,870,880,880,880,880,4748,0,7,25.119277148273802,1.6885000000002037,1159.6885999999813,26731.0
1788766680,100,GET,GET /articles (list),10.600000,0.000000,40,190,360,470,710,840,860,860,860,860,860,1645,0,7,17.449027781152523,1.8614000000525266,961.0112000000299,25525.295440729482
1788766680,100,GET,GET /articles/{id} (detail),5.400000,0.000000,270,580,650,670,690,740,740,740,740,740,740,715,0,6,22.184231748252177,1.8880000000081054,1126.4698999998473,2728.9132867132867
1788766680,100,POST,[setup] POST /auth/login,0.100000,0.000000,670,670,670,830,850,850,850,850,850,850,850,27,0,670,652.2832370370301,264.8451000000023,1079.990399999815,178.74074074074073
1788766680,100,,Aggregated,47.200000,0.000000,300,620,690,710,850,860,870,870,880,880,880,7135,0,7,25.430042284513053,1.6885000000002037,1159.6885999999813,23947.28773651016
1788766681,100,GET,GET /articles (anon),31.100000,0.000000,600,700,780,850,860,870,870,880,880,880,880,4748,0,7,25.119277148273802,1.6885000000002037,1159.6885999999813,26731.0
1788766681,100,GET,GET /articles (list),10.600000,0.000000,100,360,470,640,750,840,860,860,860,860,860,1645,0,7,17.449027781152523,1.8614000000525266,961.0112000000299,25525.295440729482
1788766681,100,GET,GET /articles/{id} (detail),5.400000,0.000000,580,650,670,690,740,740,740,740,740,740,740,715,0,6,22.184231748252177,1.8880000000081054,1126.4698999998473,2728.9132867132867
1788766681,100,POST,[setup] POST /auth/login,0.100000,0.000000,670,670,670,830,850,850,850,850,850,850,850,27,0,670,652.2832370370301,264.8451000000023,1079.990399999815,178.74074074074073
1788766681,100,,Aggregated,47.200000,0.000000,550,670,710,760,860,860,870,870,880,880,880,7135,0,7,25.430042284513053,1.6885000000002037,1159.6885999999813,23947.28773651016
1788766682,100,GET,GET /articles (anon),31.100000,0.000000,280,690,700,710,860,870,870,870,870,870,870,4748,0,7,25.119277148273802,1.6885000000002037,1159.6885999999813,26731.0
1788766682,100,GET,GET /articles (list),10.600000,0.000000,40,82,190,560,640,860,860,860,860,860,860,1645,0,7,17.449027781152523,1.8614000000525266,961.0112000000299,25525.295440729482
1788766682,100,GET,GET /articles/{id} (detail),5.400000,0.000000,260,260,690,690,690,690,690,690,690,690,690,715,0,6,22.184231748252177,1.8880000000081054,1126.4698999998473,2728.9132867132867
1788766682,100,POST,[setup] POST /auth/login,0.100000,0.000000,670,670,670,670,830,830,830,830,830,830,830,27,0,670,652.2832370370301,264.8451000000023,1079.990399999815,178.74074074074073
1788766682,100,,Aggregated,47.200000,0.000000,260,640,690,700,860,860,870,870,870,870,870,7135,0,7,25.430042284513053,1.6885000000002037,1159.6885999999813,23947.28773651016
1788766683,100,GET,GET /articles (anon),31.100000,0.000000,860,860,870,870,870,870,870,870,870,870,870,4748,0,7,25.119277148273802,1.6885000000002037,1159.6885999999813,26731.0
1788766683,100,GET,GET /articles (list),10.600000,0.000000,860,860,860,860,860,860,860,860,860,860,860,1645,0,7,17.449027781152523,1.8614000000525266,961.0112000000299,25525.295440729482
1788766683,100,GET,GET /articles/{id} (detail),5.400000,0.000000,260,260,690,690,690,690,690,690,690,690,690,715,0,6,22.184231748252177,1.8880000000081054,1126.4698999998473,2728.9132867132867
1788766683,100,POST,[setup] POST /auth/login,0.100000,0.000000,620,620,830,830,830,830,830,830,830,830,830,27,0,670,652.2832370370301,264.8451000000023,1079.990399999815,178.74074074074073
1788766683,100,,Aggregated,47.200000,0.000000,860,860,860,860,870,870,870,870,870,870,870,7135,0,7,25.430042284513053,1.6885000000002037,1159.6885999999813,23947.28773651016
1788766684,100,GET,GET /articles (anon),31.100000,0.000000,860,860,870,870,870,870,870,870,870,870,870,4748,0,7,25.119277148273802,1.6885000000002037,1159.6885999999813,26731.0
1788766684,100,GET,GET /articles (list),10.600000,0.000000,860,860,860,860,860,860,860,860,860,860,860,1645,0,7,17.449027781152523,1.8614000000525266,961.0112000000299,25525.295440729482
1788766684,100,GET,GET /articles/{id} (detail),5.400000,0.000000,260,260,690,690,690,690,690,690,690,690,690,715,0,6,22.184231748252177,1.8880000000081054,1126.4698999998473,2728.9132867132867
1788766684,100,POST,[setup] POST /auth/login,0.100000,0.000000,620,620,830,830,830,830,830,830,830,830,830,27,0,670,652.2832370370301,264.8451000000023,1079.990399999815,178.74074074074073
1788766684,100,,Aggregated,47.200000,0.000000,860,860,860,860,870,870,870,870,870,870,870,7135,0,7,25.430042284513053,1.6885000000002037,1159.6885999999813,23947.28773651016
1788766685,100,GET,GET /articles (anon),31.100000,0.000000,860,860,870,870,870,870,870,870,870,870,870,4748,0,7,25.119277148273802,1.6885000000002037,1159.6885999999813,26731.0
1788766685,100,GET,GET /articles (list),10.600000,0.000000,860,860,860,860,860,860,860,860,860,860,860,1645,0,7,17.449027781152523,1.8614000000525266,961.0112000000299,25525.295440729482
1788766685,100,GET,GET /articles/{id} (detail),5.400000,0.000000,260,260,690,690,690,690,690,690,690,690,690,715,0,6,22.184231748252177,1.8880000000081054,1126.4698999998473,2728.9132867132867
1788766685,100,POST,[setup] POST /auth/login,0.100000,0.000000,620,620,830,830,830,830,830,830,830,830,830,27,0,670,652.2832370370301,264.8451000000023,1079.990399999815,178.74074074074073
1788766685,100,,Aggregated,47.200000,0.000000,860,860,860,860,870,870,870,870,870,870,870,7135,0,7,25.430042284513053,1.6885000000002037,1159.6885999999813,23947.28773651016
1788766686,100,GET,GET /articles (anon),31.100000,0.000000,860,860,870,870,870,870,870,870,870,870,870,4748,0,7,25.119277148273802,1.6885000000002037,1159.6885999999813,26731.0
1788766686,100,GET,GET /articles (list),10.600000,0.000000,860,860,860,860,860,860,860,860,860,860,860,1645,0,7,17.449027781152523,1.8614000000525266,961.0112000000299,25525.295440729482
1788766686,100,GET,GET /articles/{id} (detail),5.400000,0.000000,260,260,690,690,690,690,690,690,690,690,690,715,0,6,22.184231748252177,1.8880000000081054,1126.4698999998473,2728.9132867132867
1788766686,100,POST,[setup] POST /auth/login,0.100000,0.000000,620,620,830,830,830,830,830,830,830,830,830,27,0,670,652.2832370370301,264.8451000000023,1079.990399999815,178.74074074074073
1788766686,100,,Aggregated,47.200000,0.000000,860,860,860,860,870,870,870,870,870,870,870,7135,0,7,25.430042284513053,1.6885000000002037,1159.6885999999813,23947.28773651016
1788766687,100,GET,GET /articles (anon),31.100000,0.000000,860,860,870,870,870,870,870,870,870,870,870,4748,0,7,25.119277148273802,1.6885000000002037,1159.6885999999813,26731.0
1788766687,100,GET,GET /articles (list),10.600000,0.000000,860,860,860,860,860,860,860,860,860,860,860,1645,0,7,17.449027781152523,1.8614000000525266,961.0112000000299,25525.295440729482
1788766687,100,GET,GET /articles/{id} (detail),5.400000,0.000000,260,260,690,690,690,690,690,690,690,690,690,715,0,6,22.184231748252177,1.8880000000081054,1126.4698999998473,2728.9132867132867
1788766687,100,POST,[setup] POST /auth/login,0.100000,0.000000,620,620,830,830,830,830,830,830,830,830,830,27,0,670,652.2832370370301,264.8451000000023,1079.990399999815,178.74074074074073
1788766687,100,,Aggregated,47.200000,0.000000,860,860,860,860,870,870,870,870,870,870,870,7135,0,7,25.430042284513053,1.6885000000002037,1159.6885999999813,23947.28773651016
1788766688,100,GET,GET /articles (anon),31.100000,0.000000,860,860,870,870,870,870,870,870,870,870,870,4748,0,7,25.119277148273802,1.6885000000002037,1159.6885999999813,26731.0
1788766688,100,GET,GET /articles (list),10.600000,0.000000,860,860,860,860,860,860,860,860,860,860,860,1645,0,7,17.449027781152523,1.8614000000525266,961.0112000000299,25525.295440729482
1788766688,100,GET,GET /articles/{id} (detail),5.400000,0.000000,260,260,690,690,690,690,690,690,690,690,690,715,0,6,22.184231748252177,1.8880000000081054,1126.4698999998473,2728.9132867132867
1788766688,100,POST,[setup] POST /auth/login,0.100000,0.000000,620,620,830,830,830,830,830,830,830,830,830,27,0,670,652.2832370370301,264.8451000000023,1079.990399999815,178.74074074074073
1788766688,100,,Aggregated,47.200000,0.000000,860,860,860,860,870,870,870,870,870,870,870,7135,0,7,25.430042284513053,1.6885000000002037,1159.6885999999813,23947.28773651016
1788766689,100,GET,GET /articles (anon),31.100000,0.000000,860,860,870,870,870,870,870,870,870,870,870,4748,0,7,25.119277148273802,1.6885000000002037,1159.6885999999813,26731.0
1788766689,100,GET,GET /articles (list),10.600000,0.000000,860,860,860,860,860,860,860,860,860,860,860,1645,0,7,17.449027781152523,1.8614000000525266,961.0112000000299,25525.295440729482
1788766689,100,GET,GET /articles/{id} (detail),5.400000,0.000000,260,260,690,690,690,690,690,690,690,690,690,715,0,6,22.184231748252177,1.8880000000081054,1126.4698999998473,2728.9132867132867
1788766689,100,POST,[setup] POST /auth/login,0.100000,0.000000,620,620,830,830,830,830,830,830,830,830,830,27,0,670,652.2832370370301,264.8451000000023,1079.990399999815,178.74074074074073
1788766689,100,,Aggregated,47.200000,0.000000,860,860,860,860,870,870,870,870,870,870,870,7135,0,7,25.430042284513053,1.6885000000002037,1159.6885999999813,23947.28773651016
1788766690,100,GET,GET /articles (anon),31.100000,0.000000,860,860,870,870,870,870,870,870,870,870,870,4748,0,7,25.119277148273802,1.6885000000002037,1159.6885999999813,26731.0
1788766690,100,GET,GET /articles (list),10.600000,0.000000,860,860,860,860,860,860,860,860,860,860,860,1645,0,7,17.449027781152523,1.8614000000525266,961.0112000000299,25525.295440729482
1788766690,100,GET,GET /articles/{id} (detail),5.400000,0.000000,260,260,690,690,690,690,690,690,690,690,690,715,0,6,22.184231748252177,1.8880000000081054,1126.4698999998473,2728.9132867132867
1788766690,100,POST,[setup] POST /auth/login,0.100000,0.000000,620,620,830,830,830,830,830,830,830,830,830,27,0,670,652.2832370370301,264.8451000000023,1079.990399999815,178.74074074074073
1788766690,100,,Aggregated,47.200000,0.000000,860,860,860,860,870,870,870,870,870,870,870,7135,0,7,25.430042284513053,1.6885000000002037,1159.6885999999813,23947.28773651016
1788766691,100,GET,GET /articles (anon),31.100000,0.000000,860,860,870,870,870,870,870,870,870,870,870,4748,0,7,25.119277148273802,1.6885000000002037,1159.6885999999813,26731.0
1788766691,100,GET,GET /articles (list),10.600000,0.000000,860,860,860,860,860,860,860,860,860,860,860,1645,0,7,17.449027781152523,1.8614000000525266,961.0112000000299,25525.295440729482
1788766691,100,GET,GET /articles/{id} (detail),5.400000,0.000000,0,0,0,0,0,0,0,0,0,0,0,715,0,6,22.184231748252177,1.8880000000081054,1126.4698999998473,2728.9132867132867
1788766691,100,POST,[setup] POST /auth/login,0.100000,0.000000,620,620,830,830,830,830,830,830,830,830,830,27,0,670,652.2832370370301,264.8451000000023,1079.990399999815,178.74074074074073
1788766691,100,,Aggregated,47.200000,0.000000,860,860,860,860,870,870,870,870,870,870,870,7135,0,7,25.430042284513053,1.6885000000002037,1159.6885999999813,23947.28773651016
1788766692,100,GET,GET /articles (anon),31.100000,0.000000,0,0,0,0,0,0,0,0,0,0,0,4748,0,7,25.119277148273802,1.6885000000002037,1159.6885999999813,26731.0
1788766692,100,GET,GET /articles (list),10.600000,0.000000,0,0,0,0,0,0,0,0,0,0,0,1645,0,7,17.449027781152523,1.8614000000525266,961.0112000000299,25525.295440729482
1788766692,100,GET,GET /articles/{id} (detail),5.400000,0.000000,0,0,0,0,0,0,0,0,0,0,0,715,0,6,22.184231748252177,1.8880000000081054,1126.4698999998473,2728.9132867132867
1788766692,100,POST,[setup] POST /auth/login,0.100000,0.000000,0,0,0,0,0,0,0,0,0,0,0,27,0,670,652.2832370370301,264.8451000000023,1079.990399999815,178.74074074074073
1788766692,100,,Aggregated,47.200000,0.000000,0,0,0,0,0,0,0,0,0,0,0,7135,0,7,25.430042284513053,1.6885000000002037,1159.6885999999813,23947.28773651016
1788766693,100,GET,GET /articles (anon),31.100000,0.000000,0,0,0,0,0,0,0,0,0,0,0,4748,0,7,25.119277148273802,1.6885000000002037,1159.6885999999813,26731.0
1788766693,100,GET,GET /articles (list),10.600000,0.000000,0,0,0,0,0,0,0,0,0,0,0,1645,0,7,17.449027781152523,1.8614000000525266,961.0112000000299,25525.295440729482
1788766693,100,GET,GET /articles/{id} (detail),5.400000,0.000000,0,0,0,0,0,0,0,0,0,0,0,715,0,6,22.184231748252177,1.8880000000081054,1126.4698999998473,2728.9132867132867
1788766693,100,POST,[setup] POST /auth/login,0.100000,0.000000,0,0,0,0,0,0,0,0,0,0,0,27,0,670,652.2832370370301,264.8451000000023,1079.990399999815,178.74074074074073
1788766693,100,,Aggregated,47.200000,0.000000,0,0,0,0,0,0,0,0,0,0,0,7135,0,7,25.430042284513053,1.6885000000002037,1159.6885999999813,23947.28773651016
1788766694,100,GET,GET /articles (anon),31.100000,0.000000,0,0,0,0,0,0,0,0,0,0,0,4748,0,7,25.119277148273802,1.6885000000002037,1159.6885999999813,26731.0
1788766694,100,GET,GET /articles (list),10.600000,0.000000,0,0,0,0,0,0,0,0,0,0,0,1645,0,7,17.449027781152523,1.8614000000525266,961.0112000000299,25525.295440729482
1788766694,100,GET,GET /articles/{id} (detail),5.400000,0.000000,0,0,0,0,0,0,0,0,0,0,0,715,0,6,22.184231748252177,1.8880000000081054,1126.4698999998473,2728.9132867132867
1788766694,100,POST,[setup] POST /auth/login,0.100000,0.000000,0,0,0,0,0,0,0,0,0,0,0,27,0,670,652.2832370370301,264.8451000000023,1079.990399999815,178.74074074074073
1788766694,100,,Aggregated,47.200000,0.000000,0,0,0,0,0,0,0,0,0,0,0,7135,0,7,25.430042284513053,1.6885000000002037,1159.6885999999813,23947.28773651016
1788766695,100,GET,GET /articles (anon),31.100000,0.000000,0,0,0,0,0,0,0,0,0,0,0,4748,0,7,25.119277148273802,1.6885000000002037,1159.6885999999813,26731.0
1788766695,100,GET,GET /articles (list),10.600000,0.000000,0,0,0,0,0,0,0,0,0,0,0,1645,0,7,17.449027781152523,1.8614000000525266,961.0112000000299,25525.295440729482
1788766695,100,GET,GET /articles/{id} (detail),5.400000,0.000000,0,0,0,0,0,0,0,0,0,0,0,715,0,6,22.184231748252177,1.8880000000081054,1126.4698999998473,2728.9132867132867
1788766695,100,POST,[setup] POST /auth/login,0.100000,0.000000,0,0,0,0,0,0,0,0,0,0,0,27,0,670,652.2832370370301,264.8451000000023,1079.990399999815,178.74074074074073
1788766695,100,,Aggregated,47.200000,0.000000,0,0,0,0,0,0,0,0,0,0,0,7135,0,7,25.430042284513053,1.6885000000002037,1159.6885999999813,23947.28773651016
1788766696,100,GET,GET /articles (anon),31.100000,0.000000,0,0,0,0,0,0,0,0,0,0,0,4748,0,7,25.119277148273802,1.6885000000002037,1159.6885999999813,26731.0
1788766696,100,GET,GET /articles (list),10.600000,0.000000,0,0,0,0,0,0,0,0,0,0,0,1645,0,7,17.449027781152523,1.8614000000525266,961.0112000000299,25525.295440729482
1788766696,100,GET,GET /articles/{id} (detail),5.400000,0.000000,0,0,0,0,0,0,0,0,0,0,0,715,0,6,22.184231748252177,1.8880000000081054,1126.4698999998473,2728.9132867132867
1788766696,100,POST,[setup] POST /auth/login,0.100000,0.000000,0,0,0,0,0,0,0,0,0,0,0,27,0,670,652.2832370370301,264.8451000000023,1079.990399999815,178.74074074074073
1788766696,100,,Aggregated,47.200000,0.000000,0,0,0,0,0,0,0,0,0,0,0,7135,0,7,25.430042284513053,1.6885000000002037,1159.6885999999813,23947.28773651016
1788766697,100,GET,GET /articles (anon),31.100000,0.000000,0,0,0,0,0,0,0,0,0,0,0,4748,0,7,25.119277148273802,1.6885000000002037,1159.6885999999813,26731.0
1788766697,100,GET,GET /articles (list),10.600000,0.000000,0,0,0,0,0,0,0,0,0,0,0,1645,0,7,17.449027781152523,1.8614000000525266,961.0112000000299,25525.295440729482
1788766697,100,GET,GET /articles/{id} (detail),5.400000,0.000000,0,0,0,0,0,0,0,0,0,0,0,715,0,6,22.184231748252177,1.8880000000081054,1126.4698999998473,2728.9132867132867
1788766697,100,POST,[setup] POST /auth/login,0.100000,0.000000,0,0,0,0,0,0,0,0,0,0,0,27,0,670,652.2832370370301,264.8451000000023,1079.990399999815,178.74074074074073
1788766697,100,,Aggregated,47.200000,0.000000,0,0,0,0,0,0,0,0,0,0,0,7135,0,7,25.430042284513053,1.6885000000002037,1159.6885999999813,23947.28773651016
1788766698,100,GET,GET /articles (anon),31.100000,0.000000,0,0,0,0,0,0,0,0,0,0,0,4748,0,7,25.119277148273802,1.6885000000002037,1159.6885999999813,26731.0
1788766698,100,GET,GET /articles (list),10.600000,0.000000,0,0,0,0,0,0,0,0,0,0,0,1645,0,7,17.449027781152523,1.8614000000525266,961.0112000000299,25525.295440729482
1788766698,100,GET,GET /articles/{id} (detail),5.400000,0.000000,0,0,0,0,0,0,0,0,0,0,0,715,0,6,22.184231748252177,1.8880000000081054,1126.4698999998473,2728.9132867132867
1788766698,100,POST,[setup] POST /auth/login,0.100000,0.000000,0,0,0,0,0,0,0,0,0,0,0,27,0,670,652.2832370370301,264.8451000000023,1079.990399999815,178.74074074074073
1788766698,100,,Aggregated,47.200000,0.000000,0,0,0,0,0,0,0,0,0,0,0,7135,0,7,25.430042284513053,1.6885000000002037,1159.6885999999813,23947.28773651016
1788766699,100,GET,GET /articles (anon),31.100000,0.000000,0,0,0,0,0,0,0,0,0,0,0,4748,0,7,25.119277148273802,1.6885000000002037,1159.6885999999813,26731.0
1788766699,100,GET,GET /articles (list),10.600000,0.000000,0,0,0,0,0,0,0,0,0,0,0,1645,0,7,17.449027781152523,1.8614000000525266,961.0112000000299,25525.295440729482
1788766699,100,GET,GET /articles/{id} (detail),5.400000,0.000000,0,0,0,0,0,0,0,0,0,0,0,715,0,6,22.184231748252177,1.8880000000081054,1126.4698999998473,2728.9132867132867
1788766699,100,POST,[setup] POST /auth/login,0.100000,0.000000,0,0,0,0,0,0,0,0,0,0,0,27,0,670,652.2832370370301,264.8451000000023,1079.990399999815,178.74074074074073
1788766699,100,,Aggregated,47.200000,0.000000,0,0,0,0,0,0,0,0,0,0,0,7135,0,7,25.430042284513053,1.6885000000002037,1159.6885999999813,23947.28773651016
1788766700,100,GET,GET /articles (anon),31.100000,0.000000,0,0,0,0,0,0,0,0,0,0,0,4748,0,7,25.119277148273802,1.6885000000002037,1159.6885999999813,26731.0
1788766700,100,GET,GET /articles (list),10.600000,0.000000,0,0,0,0,0,0,0,0,0,0,0,1645,0,7,17.449027781152523,1.8614000000525266,961.0112000000299,25525.295440729482
1788766700,100,GET,GET /articles/{id} (detail),5.400000,0.000000,0,0,0,0,0,0,0,0,0,0,0,715,0,6,22.184231748252177,1.8880000000081054,1126.4698999998473,2728.9132867132867
1788766700,100,POST,[setup] POST /auth/login,0.100000,0.000000,0,0,0,0,0,0,0,0,0,0,0,27,0,670,652.2832370370301,264.8451000000023,1079.990399999815,178.74074074074073
1788766700,100,,Aggregated,47.200000,0.000000,0,0,0,0,0,0,0,0,0,0,0,7135,0,7,25.430042284513053,1.6885000000002037,1159.6885999999813,23947.28773651016
1788766701,100,GET,GET /articles (anon),31.100000,0.000000,0,0,0,0,0,0,0,0,0,0,0,4748,0,7,25.119277148273802,1.6885000000002037,1159.6885999999813,26731.0
1788766701,100,GET,GET /articles (list),10.600000,0.000000,0,0,0,0,0,0,0,0,0,0,0,1645,0,7,17.449027781152523,1.8614000000525266,961.0112000000299,25525.295440729482
1788766701,100,GET,GET /articles/{id} (detail),5.400000,0.000000,0,0,0,0,0,0,0,0,0,0,0,715,0,6,22.184231748252177,1.8880000000081054,1126.4698999998473,2728.9132867132867
1788766701,100,POST,[setup] POST /auth/login,0.100000,0.000000,0,0,0,0,0,0,0,0,0,0,0,27,0,670,652.2832370370301,264.8451000000023,1079.990399999815,178.74074074074073
1788766701,100,,Aggregated,47.200000,0.000000,0,0,0,0,0,0,0,0,0,0,0,7135,0,7,25.430042284513053,1.6885000000002037,1159.6885999999813,23947.28773651016
1788766702,100,GET,GET /articles (anon),31.100000,0.000000,0,0,0,0,0,0,0,0,0,0,0,4748,0,7,25.119277148273802,1.6885000000002037,1159.6885999999813,26731.0
1788766702,100,GET,GET /articles (list),10.600000,0.000000,0,0,0,0,0,0,0,0,0,0,0,1645,0,7,17.449027781152523,1.8614000000525266,961.0112000000299,25525.295440729482
1788766702,100,GET,GET /articles/{id} (detail),5.400000,0.000000,0,0,0,0,0,0,0,0,0,0,0,715,0,6,22.184231748252177,1.8880000000081054,1126.4698999998473,2728.9132867132867
1788766702,100,POST,[setup] POST /auth/login,0.100000,0.000000,0,0,0,0,0,0,0,0,0,0,0,27,0,670,652.2832370370301,264.8451000000023,1079.990399999815,178.74074074074073
1788766702,100,,Aggregated,47.200000,0.000000,0,0,0,0,0,0,0,0,0,0,0,7135,0,7,25.430042284513053,1.6885000000002037,1159.6885999999813,23947.28773651016
1788766703,100,GET,GET /articles (anon),31.100000,0.000000,0,0,0,0,0,0,0,0,0,0,0,4748,0,7,25.119277148273802,1.6885000000002037,1159.6885999999813,26731.0
1788766703,100,GET,GET /articles (list),10.600000,0.000000,0,0,0,0,0,0,0,0,0,0,0,1645,0,7,17.449027781152523,1.8614000000525266,961.0112000000299,25525.295440729482
1788766703,100,GET,GET /articles/{id} (detail),5.400000,0.000000,0,0,0,0,0,0,0,0,0,0,0,715,0,6,22.184231748252177,1.8880000000081054,1126.4698999998473,2728.9132867132867
1788766703,100,POST,[setup] POST /auth/login,0.100000,0.000000,0,0,0,0,0,0,0,0,0,0,0,27,0,670,652.2832370370301,264.8451000000023,1079.990399999815,178.74074074074073
1788766703,100,,Aggregated,47.200000,0.000000,0,0,0,0,0,0,0,0,0,0,0,7135,0,7,25.430042284513053,1.6885000000002037,1159.6885999999813,23947.28773651016
1788766704,100,GET,GET /articles (anon),31.100000,0.000000,0,0,0,0,0,0,0,0,0,0,0,4748,0,7,25.119277148273802,1.6885000000002037,1159.6885999999813,26731.0
1788766704,100,GET,GET /articles (list),10.600000,0.000000,0,0,0,0,0,0,0,0,0,0,0,1645,0,7,17.449027781152523,1.8614000000525266,961.0112000000299,25525.295440729482
1788766704,100,GET,GET /articles/{id} (detail),5.400000,0.000000,0,0,0,0,0,0,0,0,0,0,0,715,0,6,22.184231748252177,1.8880000000081054,1126.4698999998473,2728.9132867132867
1788766704,100,POST,[setup] POST /auth/login,0.100000,0.000000,0,0,0,0,0,0,0,0,0,0,0,27,0,670,652.2832370370301,264.8451000000023,1079.990399999815,178.74074074074073
1788766704,100,,Aggregated,47.200000,0.000000,0,0,0,0,0,0,0,0,0,0,0,7135,0,7,25.430042284513053,1.6885000000002037,1159.6885999999813,23947.28773651016
1788766705,100,GET,GET /articles (anon),0.000000,0.000000,31000,31000,31000,31000,31000,31000,31000,31000,31000,31000,31000,4749,1,7,31.61973097494294,1.6885000000002037,30895.774500000014,26725.37565803327
1788766705,100,GET,GET /articles (list),0.000000,0.000000,0,0,0,0,0,0,0,0,0,0,0,1645,0,7,17.449027781152523,1.8614000000525266,961.0112000000299,25525.295440729482
1788766705,100,GET,GET /articles/{id} (detail),0.000000,0.000000,0,0,0,0,0,0,0,0,0,0,0,715,0,6,22.184231748252177,1.8880000000081054,1126.4698999998473,2728.9132867132867
1788766705,100,POST,[setup] POST /auth/login,0.000000,0.000000,0,0,0,0,0,0,0,0,0,0,0,27,0,670,652.2832370370301,264.8451000000023,1079.990399999815,178.74074074074073
1788766705,100,,Aggregated,0.000000,0.000000,31000,31000,31000,31000,31000,31000,31000,31000,31000,31000,31000,7136,1,7,29.756043469731033,1.6885000000002037,30895.774500000014,23943.934837443947
1788766706,100,GET,GET /articles (anon),0.000000,0.000000,31000,31000,31000,31000,31000,31000,31000,31000,31000,31000,31000,4749,1,7,31.61973097494294,1.6885000000002037,30895.774500000014,26725.37565803327
1788766706,100,GET,GET /articles (list),0.000000,0.000000,0,0,0,0,0,0,0,0,0,0,0,1645,0,7,17.449027781152523,1.8614000000525266,961.0112000000299,25525.295440729482
1788766706,100,GET,GET /articles/{id} (detail),0.000000,0.000000,0,0,0,0,0,0,0,0,0,0,0,715,0,6,22.184231748252177,1.8880000000081054,1126.4698999998473,2728.9132867132867
1788766706,100,POST,[setup] POST /auth/login,0.000000,0.000000,0,0,0,0,0,0,0,0,0,0,0,27,0,670,652.2832370370301,264.8451000000023,1079.990399999815,178.74074074074073
1788766706,100,,Aggregated,0.000000,0.000000,31000,31000,31000,31000,31000,31000,31000,31000,31000,31000,31000,7136,1,7,29.756043469731033,1.6885000000002037,30895.774500000014,23943.934837443947
1788766707,100,GET,GET /articles (anon),0.000000,0.000000,31000,31000,31000,31000,31000,31000,31000,31000,31000,31000,31000,4749,1,7,31.61973097494294,1.6885000000002037,30895.774500000014,26725.37565803327
1788766707,100,GET,GET /articles (list),0.000000,0.000000,0,0,0,0,0,0,0,0,0,0,0,1645,0,7,17.449027781152523,1.8614000000525266,961.0112000000299,25525.295440729482
1788766707,100,GET,GET /articles/{id} (detail),0.000000,0.000000,0,0,0,0,0,0,0,0,0,0,0,715,0,6,22.184231748252177,1.8880000000081054,1126.4698999998473,2728.9132867132867
1788766707,100,POST,[setup] POST /auth/login,0.000000,0.000000,0,0,0,0,0,0,0,0,0,0,0,27,0,670,652.2832370370301,264.8451000000023,1079.990399999815,178.74074074074073
1788766707,100,,Aggregated,0.000000,0.000000,31000,31000,31000,31000,31000,31000,31000,31000,31000,31000,31000,7136,1,7,29.756043469731033,1.6885000000002037,30895.774500000014,23943.934837443947
1788766708,100,GET,GET /articles (anon),0.000000,0.000000,31000,31000,31000,31000,31000,31000,31000,31000,31000,31000,31000,4749,1,7,31.61973097494294,1.6885000000002037,30895.774500000014,26725.37565803327
1788766708,100,GET,GET /articles (list),0.000000,0.000000,0,0,0,0,0,0,0,0,0,0,0,1645,0,7,17.449027781152523,1.8614000000525266,961.0112000000299,25525.295440729482
1788766708,100,GET,GET /articles/{id} (detail),0.000000,0.000000,0,0,0,0,0,0,0,0,0,0,0,715,0,6,22.184231748252177,1.8880000000081054,1126.4698999998473,2728.9132867132867
1788766708,100,POST,[setup] POST /auth/login,0.000000,0.000000,0,0,0,0,0,0,0,0,0,0,0,27,0,670,652.2832370370301,264.8451000000023,1079.990399999815,178.74074074074073
1788766708,100,,Aggregated,0.000000,0.000000,31000,31000,31000,31000,31000,31000,31000,31000,31000,31000,31000,7136,1,7,29.756043469731033,1.6885000000002037,30895.774500000014,23943.934837443947
1788766709,100,GET,GET /articles (anon),0.000000,0.000000,31000,31000,31000,31000,31000,31000,31000,31000,31000,31000,31000,4749,1,7,31.61973097494294,1.6885000000002037,30895.774500000014,26725.37565803327
1788766709,100,GET,GET /articles (list),0.000000,0.000000,0,0,0,0,0,0,0,0,0,0,0,1645,0,7,17.449027781152523,1.8614000000525266,961.0112000000299,25525.295440729482
1788766709,100,GET,GET /articles/{id} (detail),0.000000,0.000000,0,0,0,0,0,0,0,0,0,0,0,715,0,6,22.184231748252177,1.8880000000081054,1126.4698999998473,2728.9132867132867
1788766709,100,POST,[setup] POST /auth/login,0.000000,0.000000,0,0,0,0,0,0,0,0,0,0,0,27,0,670,652.2832370370301,264.8451000000023,1079.990399999815,178.74074074074073
1788766709,100,,Aggregated,0.000000,0.000000,31000,31000,31000,31000,31000,31000,31000,31000,31000,31000,31000,7136,1,7,29.756043469731033,1.6885000000002037,30895.774500000014,23943.934837443947
1788766710,100,GET,GET /articles (anon),0.000000,0.000000,31000,31000,31000,31000,31000,31000,31000,31000,31000,31000,31000,4749,1,7,31.61973097494294,1.6885000000002037,30895.774500000014,26725.37565803327
1788766710,100,GET,GET /articles (list),0.000000,0.000000,0,0,0,0,0,0,0,0,0,0,0,1645,0,7,17.449027781152523,1.8614000000525266,961.0112000000299,25525.295440729482
1788766710,100,GET,GET /articles/{id} (detail),0.000000,0.000000,0,0,0,0,0,0,0,0,0,0,0,715,0,6,22.184231748252177,1.8880000000081054,1126.4698999998473,2728.9132867132867
1788766710,100,POST,[setup] POST /auth/login,0.000000,0.000000,0,0,0,0,0,0,0,0,0,0,0,27,0,670,652.2832370370301,264.8451000000023,1079.990399999815,178.74074074074073
1788766710,100,,Aggregated,0.000000,0.000000,31000,31000,31000,31000,31000,31000,31000,31000,31000,31000,31000,7136,1,7,29.756043469731033,1.6885000000002037,30895.774500000014,23943.934837443947
1788766711,100,GET,GET /articles (anon),0.000000,0.000000,31000,31000,31000,31000,31000,31000,31000,31000,31000,31000,31000,4749,1,7,31.61973097494294,1.6885000000002037,30895.774500000014,26725.37565803327
1788766711,100,GET,GET /articles (list),0.000000,0.000000,0,0,0,0,0,0,0,0,0,0,0,1645,0,7,17.449027781152523,1.8614000000525266,961.0112000000299,25525.295440729482
1788766711,100,GET,GET /articles/{id} (detail),0.000000,0.000000,0,0,0,0,0,0,0,0,0,0,0,715,0,6,22.184231748252177,1.8880000000081054,1126.4698999998473,2728.9132867132867
1788766711,100,POST,[setup] POST /auth/login,0.000000,0.000000,0,0,0,0,0,0,0,0,0,0,0,27,0,670,652.2832370370301,264.8451000000023,1079.990399999815,178.74074074074073
1788766711,100,,Aggregated,0.000000,0.000000,31000,31000,31000,31000,31000,31000,31000,31000,31000,31000,31000,7136,1,7,29.756043469731033,1.6885000000002037,30895.774500000014,23943.934837443947
1788766712,100,GET,GET /articles (anon),0.000000,0.000000,31000,31000,31000,31000,31000,31000,31000,31000,31000,31000,31000,4749,1,7,31.61973097494294,1.6885000000002037,30895.774500000014,26725.37565803327
1788766712,100,GET,GET /articles (list),0.000000,0.000000,0,0,0,0,0,0,0,0,0,0,0,1645,0,7,17.449027781152523,1.8614000000525266,961.0112000000299,25525.295440729482
1788766712,100,GET,GET /articles/{id} (detail),0.000000,0.000000,0,0,0,0,0,0,0,0,0,0,0,715,0,6,22.184231748252177,1.8880000000081054,1126.4698999998473,2728.9132867132867
1788766712,100,POST,[setup] POST /auth/login,0.000000,0.000000,0,0,0,0,0,0,0,0,0,0,0,27,0,670,652.2832370370301,264.8451000000023,1079.990399999815,178.74074074074073
1788766712,100,,Aggregated,0.000000,0.000000,31000,31000,31000,31000,31000,31000,31000,31000,31000,31000,31000,7136,1,7,29.756043469731033,1.6885000000002037,30895.774500000014,23943.934837443947
1788766713,100,GET,GET /articles (anon),0.000000,0.000000,31000,31000,31000,31000,31000,31000,31000,31000,31000,31000,31000,4749,1,7,31.61973097494294,1.6885000000002037,30895.774500000014,26725.37565803327
1788766713,100,GET,GET /articles (list),0.000000,0.000000,0,0,0,0,0,0,0,0,0,0,0,1645,0,7,17.449027781152523,1.8614000000525266,961.0112000000299,25525.295440729482
1788766713,100,GET,GET /articles/{id} (detail),0.000000,0.000000,0,0,0,0,0,0,0,0,0,0,0,715,0,6,22.184231748252177,1.8880000000081054,1126.4698999998473,2728.9132867132867
1788766713,100,POST,[setup] POST /auth/login,0.000000,0.000000,0,0,0,0,0,0,0,0,0,0,0,27,0,670,652.2832370370301,264.8451000000023,1079.990399999815,178.74074074074073
1788766713,100,,Aggregated,0.000000,0.000000,31000,31000,31000,31000,31000,31000,31000,31000,31000,31000,31000,7136,1,7,29.756043469731033,1.6885000000002037,30895.774500000014,23943.934837443947
1788766714,100,GET,GET /articles (anon),0.000000,0.000000,31000,31000,31000,31000,31000,31000,31000,31000,31000,31000,31000,4749,1,7,31.61973097494294,1.6885000000002037,30895.774500000014,26725.37565803327
1788766714,100,GET,GET /articles (list),0.000000,0.000000,0,0,0,0,0,0,0,0,0,0,0,1645,0,7,17.449027781152523,1.8614000000525266,961.0112000000299,25525.295440729482
1788766714,100,GET,GET /articles/{id} (detail),0.000000,0.000000,0,0,0,0,0,0,0,0,0,0,0,715,0,6,22.184231748252177,1.8880000000081054,1126.4698999998473,2728.9132867132867
1788766714,100,POST,[setup] POST /auth/login,0.000000,0.000000,0,0,0,0,0,0,0,0,0,0,0,27,0,670,652.2832370370301,264.8451000000023,1079.990399999815,178.74074074074073
1788766714,100,,Aggregated,0.000000,0.000000,31000,31000,31000,31000,31000,31000,31000,31000,31000,31000,31000,7136,1,7,29.756043469731033,1.6885000000002037,30895.774500000014,23943.934837443947
1788766715,100,GET,GET /articles (anon),0.000000,0.000000,31000,31000,31000,31000,31000,31000,31000,31000,31000,31000,31000,4749,1,7,31.61973097494294,1.6885000000002037,30895.774500000014,26725.37565803327
1788766715,100,GET,GET /articles (list),0.000000,0.000000,0,0,0,0,0,0,0,0,0,0,0,1645,0,7,17.449027781152523,1.8614000000525266,961.0112000000299,25525.295440729482
1788766715,100,GET,GET /articles/{id} (detail),0.000000,0.000000,0,0,0,0,0,0,0,0,0,0,0,715,0,6,22.184231748252177,1.8880000000081054,1126.4698999998473,2728.9132867132867
1788766715,100,POST,[setup] POST /auth/login,0.000000,0.000000,0,0,0,0,0,0,0,0,0,0,0,27,0,670,652.2832370370301,264.8451000000023,1079.990399999815,178.74074074074073
1788766715,100,,Aggregated,0.000000,0.000000,31000,31000,31000,31000,31000,31000,31000,31000,31000,31000,31000,7136,1,7,29.756043469731033,1.6885000000002037,30895.774500000014,23943.934837443947
1788766716,100,GET,GET /articles (anon),0.000000,0.000000,31000,31000,31000,31000,31000,31000,31000,31000,31000,31000,31000,4749,1,7,31.61973097494294,1.6885000000002037,30895.774500000014,26725.37565803327
1788766716,100,GET,GET /articles (list),0.000000,0.000000,0,0,0,0,0,0,0,0,0,0,0,1645,0,7,17.449027781152523,1.8614000000525266,961.0112000000299,25525.295440729482
1788766716,100,GET,GET /articles/{id} (detail),0.000000,0.000000,0,0,0,0,0,0,0,0,0,0,0,715,0,6,22.184231748252177,1.8880000000081054,1126.4698999998473,2728.9132867132867
1788766716,100,POST,[setup] POST /auth/login,0.000000,0.000000,0,0,0,0,0,0,0,0,0,0,0,27,0,670,652.2832370370301,264.8451000000023,1079.990399999815,178.74074074074073
1788766716,100,,Aggregated,0.000000,0.000000,31000,31000,31000,31000,31000,31000,31000,31000,31000,31000,31000,7136,1,7,29.756043469731033,1.6885000000002037,30895.774500000014,23943.934837443947
1788766717,100,GET,GET /articles (anon),0.000000,0.000000,31000,31000,31000,31000,31000,31000,31000,31000,31000,31000,31000,4749,1,7,31.61973097494294,1.6885000000002037,30895.774500000014,26725.37565803327
1788766717,100,GET,GET /articles (list),0.000000,0.000000,0,0,0,0,0,0,0,0,0,0,0,1645,0,7,17.449027781152523,1.8614000000525266,961.0112000000299,25525.295440729482
1788766717,100,GET,GET /articles/{id} (detail),0.000000,0.000000,0,0,0,0,0,0,0,0,0,0,0,715,0,6,22.184231748252177,1.8880000000081054,1126.4698999998473,2728.9132867132867
1788766717,100,POST,[setup] POST /auth/login,0.000000,0.000000,0,0,0,0,0,0,0,0,0,0,0,27,0,670,652.2832370370301,264.8451000000023,1079.990399999815,178.74074074074073
1788766717,100,,Aggregated,0.000000,0.000000,31000,31000,31000,31000,31000,31000,31000,31000,31000,31000,31000,7136,1,7,29.756043469731033,1.6885000000002037,30895.774500000014,23943.934837443947
1788766718,100,GET,GET /articles (anon),0.000000,0.000000,31000,31000,31000,31000,31000,31000,31000,31000,31000,31000,31000,4749,1,7,31.61973097494294,1.6885000000002037,30895.774500000014,26725.37565803327
1788766718,100,GET,GET /articles (list),0.000000,0.000000,0,0,0,0,0,0,0,0,0,0,0,1645,0,7,17.449027781152523,1.8614000000525266,961.0112000000299,25525.295440729482
1788766718,100,GET,GET /articles/{id} (detail),0.000000,0.000000,0,0,0,0,0,0,0,0,0,0,0,715,0,6,22.184231748252177,1.8880000000081054,1126.4698999998473,2728.9132867132867
1788766718,100,POST,[setup] POST /auth/login,0.000000,0.000000,0,0,0,0,0,0,0,0,0,0,0,27,0,670,652.2832370370301,264.8451000000023,1079.990399999815,178.74074074074073
1788766718,100,,Aggregated,0.000000,0.000000,31000,31000,31000,31000,31000,31000,31000,31000,31000,31000,31000,7136,1,7,29.756043469731033,1.6885000000002037,30895.774500000014,23943.934837443947
1788766719,100,GET,GET /articles (anon),0.000000,0.000000,31000,31000,31000,31000,31000,31000,31000,31000,31000,31000,31000,4749,1,7,31.61973097494294,1.6885000000002037,30895.774500000014,26725.37565803327
1788766719,100,GET,GET /articles (list),0.000000,0.000000,0,0,0,0,0,0,0,0,0,0,0,1645,0,7,17.449027781152523,1.8614000000525266,961.0112000000299,25525.295440729482
1788766719,100,GET,GET /articles/{id} (detail),0.000000,0.000000,0,0,0,0,0,0,0,0,0,0,0,715,0,6,22.184231748252177,1.8880000000081054,1126.4698999998473,2728.9132867132867
1788766719,100,POST,[setup] POST /auth/login,0.000000,0.000000,0,0,0,0,0,0,0,0,0,0,0,27,0,670,652.2832370370301,264.8451000000023,1079.990399999815,178.74074074074073
1788766719,100,,Aggregated,0.000000,0.000000,31000,31000,31000,31000,31000,31000,31000,31000,31000,31000,31000,7136,1,7,29.756043469731033,1.6885000000002037,30895.774500000014,23943.934837443947
1788766720,100,GET,GET /articles (anon),0.000000,0.000000,31000,31000,31000,31000,31000,31000,31000,31000,31000,31000,31000,4749,1,7,31.61973097494294,1.6885000000002037,30895.774500000014,26725.37565803327
1788766720,100,GET,GET /articles (list),0.000000,0.000000,0,0,0,0,0,0,0,0,0,0,0,1645,0,7,17.449027781152523,1.8614000000525266,961.0112000000299,25525.295440729482
1788766720,100,GET,GET /articles/{id} (detail),0.000000,0.000000,0,0,0,0,0,0,0,0,0,0,0,715,0,6,22.184231748252177,1.8880000000081054,1126.4698999998473,2728.9132867132867
1788766720,100,POST,[setup] POST /auth/login,0.000000,0.000000,0,0,0,0,0,0,0,0,0,0,0,27,0,670,652.2832370370301,264.8451000000023,1079.990399999815,178.74074074074073
1788766720,100,,Aggregated,0.000000,0.000000,31000,31000,31000,31000,31000,31000,31000,31000,31000,31000,31000,7136,1,7,29.756043469731033,1.6885000000002037,30895.774500000014,23943.934837443947
1788766721,100,GET,GET /articles (anon),0.000000,0.000000,31000,31000,31000,31000,31000,31000,31000,31000,31000,31000,31000,4749,1,7,31.61973097494294,1.6885000000002037,30895.774500000014,26725.37565803327
1788766721,100,GET,GET /articles (list),0.000000,0.000000,0,0,0,0,0,0,0,0,0,0,0,1645,0,7,17.449027781152523,1.8614000000525266,961.0112000000299,25525.295440729482
1788766721,100,GET,GET /articles/{id} (detail),0.000000,0.000000,0,0,0,0,0,0,0,0,0,0,0,715,0,6,22.184231748252177,1.8880000000081054,1126.4698999998473,2728.9132867132867
1788766721,100,POST,[setup] POST /auth/login,0.000000,0.000000,0,0,0,0,0,0,0,0,0,0,0,27,0,670,652.2832370370301,264.8451000000023,1079.990399999815,178.74074074074073
1788766721,100,,Aggregated,0.000000,0.000000,31000,31000,31000,31000,31000,31000,31000,31000,31000,31000,31000,7136,1,7,29.756043469731033,1.6885000000002037,30895.774500000014,23943.934837443947
1788766722,100,GET,GET /articles (anon),0.000000,0.000000,0,0,0,0,0,0,0,0,0,0,0,4749,1,7,31.61973097494294,1.6885000000002037,30895.774500000014,26725.37565803327
1788766722,100,GET,GET /articles (list),0.000000,0.000000,0,0,0,0,0,0,0,0,0,0,0,1645,0,7,17.449027781152523,1.8614000000525266,961.0112000000299,25525.295440729482
1788766722,100,GET,GET /articles/{id} (detail),0.000000,0.000000,0,0,0,0,0,0,0,0,0,0,0,715,0,6,22.184231748252177,1.8880000000081054,1126.4698999998473,2728.9132867132867
1788766722,100,POST,[setup] POST /auth/login,0.000000,0.000000,0,0,0,0,0,0,0,0,0,0,0,27,0,670,652.2832370370301,264.8451000000023,1079.990399999815,178.74074074074073
1788766722,100,,Aggregated,0.000000,0.000000,0,0,0,0,0,0,0,0,0,0,0,7136,1,7,29.756043469731033,1.6885000000002037,30895.774500000014,23943.934837443947
1788766723,100,GET,GET /articles (anon),0.000000,0.000000,0,0,0,0,0,0,0,0,0,0,0,4749,1,7,31.61973097494294,1.6885000000002037,30895.774500000014,26725.37565803327
1788766723,100,GET,GET /articles (list),0.000000,0.000000,0,0,0,0,0,0,0,0,0,0,0,1645,0,7,17.449027781152523,1.8614000000525266,961.0112000000299,25525.295440729482
1788766723,100,GET,GET /articles/{id} (detail),0.000000,0.000000,0,0,0,0,0,0,0,0,0,0,0,715,0,6,22.184231748252177,1.8880000000081054,1126.4698999998473,2728.9132867132867
1788766723,100,POST,[setup] POST /auth/login,0.000000,0.000000,0,0,0,0,0,0,0,0,0,0,0,27,0,670,652.2832370370301,264.8451000000023,1079.990399999815,178.74074074074073
1788766723,100,,Aggregated,0.000000,0.000000,0,0,0,0,0,0,0,0,0,0,0,7136,1,7,29.756043469731033,1.6885000000002037,30895.774500000014,23943.934837443947
1788766724,100,GET,GET /articles (anon),0.000000,0.000000,0,0,0,0,0,0,0,0,0,0,0,4749,1,7,31.61973097494294,1.6885000000002037,30895.774500000014,26725.37565803327
1788766724,100,GET,GET /articles (list),0.000000,0.000000,0,0,0,0,0,0,0,0,0,0,0,1645,0,7,17.449027781152523,1.8614000000525266,961.0112000000299,25525.295440729482
1788766724,100,GET,GET /articles/{id} (detail),0.000000,0.000000,0,0,0,0,0,0,0,0,0,0,0,715,0,6,22.184231748252177,1.8880000000081054,1126.4698999998473,2728.9132867132867
1788766724,100,POST,[setup] POST /auth/login,0.000000,0.000000,0,0,0,0,0,0,0,0,0,0,0,27,0,670,652.2832370370301,264.8451000000023,1079.990399999815,178.74074074074073
1788766724,100,,Aggregated,0.000000,0.000000,0,0,0,0,0,0,0,0,0,0,0,7136,1,7,29.756043469731033,1.6885000000002037,30895.774500000014,23943.934837443947
1788766725,100,GET,GET /articles (anon),0.000000,0.000000,0,0,0,0,0,0,0,0,0,0,0,4749,1,7,31.61973097494294,1.6885000000002037,30895.774500000014,26725.37565803327
1788766725,100,GET,GET /articles (list),0.000000,0.000000,0,0,0,0,0,0,0,0,0,0,0,1645,0,7,17.449027781152523,1.8614000000525266,961.0112000000299,25525.295440729482
1788766725,100,GET,GET /articles/{id} (detail),0.000000,0.000000,0,0,0,0,0,0,0,0,0,0,0,715,0,6,22.184231748252177,1.8880000000081054,1126.4698999998473,2728.9132867132867
1788766725,100,POST,[setup] POST /auth/login,0.000000,0.000000,0,0,0,0,0,0,0,0,0,0,0,27,0,670,652.2832370370301,264.8451000000023,1079.990399999815,178.74074074074073
1788766725,100,,Aggregated,0.000000,0.000000,0,0,0,0,0,0,0,0,0,0,0,7136,1,7,29.756043469731033,1.6885000000002037,30895.774500000014,23943.934837443947
1788766726,100,GET,GET /articles (anon),0.000000,0.000000,0,0,0,0,0,0,0,0,0,0,0,4749,1,7,31.61973097494294,1.6885000000002037,30895.774500000014,26725.37565803327
1788766726,100,GET,GET /articles (list),0.000000,0.000000,0,0,0,0,0,0,0,0,0,0,0,1645,0,7,17.449027781152523,1.8614000000525266,961.0112000000299,25525.295440729482
1788766726,100,GET,GET /articles/{id} (detail),0.000000,0.000000,0,0,0,0,0,0,0,0,0,0,0,715,0,6,22.184231748252177,1.8880000000081054,1126.4698999998473,2728.9132867132867
1788766726,100,POST,[setup] POST /auth/login,0.000000,0.000000,0,0,0,0,0,0,0,0,0,0,0,27,0,670,652.2832370370301,264.8451000000023,1079.990399999815,178.74074074074073
1788766726,100,,Aggregated,0.000000,0.000000,0,0,0,0,0,0,0,0,0,0,0,7136,1,7,29.756043469731033,1.6885000000002037,30895.774500000014,23943.934837443947
1788766727,100,GET,GET /articles (anon),0.000000,0.000000,0,0,0,0,0,0,0,0,0,0,0,4749,1,7,31.61973097494294,1.6885000000002037,30895.774500000014,26725.37565803327
1788766727,100,GET,GET /articles (list),0.000000,0.000000,0,0,0,0,0,0,0,0,0,0,0,1645,0,7,17.449027781152523,1.8614000000525266,961.0112000000299,25525.295440729482
1788766727,100,GET,GET /articles/{id} (detail),0.000000,0.000000,0,0,0,0,0,0,0,0,0,0,0,715,0,6,22.184231748252177,1.8880000000081054,1126.4698999998473,2728.9132867132867
1788766727,100,POST,[setup] POST /auth/login,0.000000,0.000000,0,0,0,0,0,0,0,0,0,0,0,27,0,670,652.2832370370301,264.8451000000023,1079.990399999815,178.74074074074073
1788766727,100,,Aggregated,0.000000,0.000000,0,0,0,0,0,0,0,0,0,0,0,7136,1,7,29.756043469731033,1.6885000000002037,30895.774500000014,23943.934837443947
1788766728,100,GET,GET /articles (anon),0.000000,0.000000,0,0,0,0,0,0,0,0,0,0,0,4749,1,7,31.61973097494294,1.6885000000002037,30895.774500000014,26725.37565803327
1788766728,100,GET,GET /articles (list),0.000000,0.000000,0,0,0,0,0,0,0,0,0,0,0,1645,0,7,17.449027781152523,1.8614000000525266,961.0112000000299,25525.295440729482
1788766728,100,GET,GET /articles/{id} (detail),0.000000,0.000000,0,0,0,0,0,0,0,0,0,0,0,715,0,6,22.184231748252177,1.8880000000081054,1126.4698999998473,2728.9132867132867
1788766728,100,POST,[setup] POST /auth/login,0.000000,0.000000,0,0,0,0,0,0,0,0,0,0,0,27,0,670,652.2832370370301,264.8451000000023,1079.990399999815,178.74074074074073
1788766728,100,,Aggregated,0.000000,0.000000,0,0,0,0,0,0,0,0,0,0,0,7136,1,7,29.756043469731033,1.6885000000002037,30895.774500000014,23943.934837443947
1788766729,100,GET,GET /articles (anon),0.000000,0.000000,0,0,0,0,0,0,0,0,0,0,0,4749,1,7,31.61973097494294,1.6885000000002037,30895.774500000014,26725.37565803327
1788766729,100,GET,GET /articles (list),0.000000,0.000000,0,0,0,0,0,0,0,0,0,0,0,1645,0,7,17.449027781152523,1.8614000000525266,961.0112000000299,25525.295440729482
1788766729,100,GET,GET /articles/{id} (detail),0.000000,0.000000,0,0,0,0,0,0,0,0,0,0,0,715,0,6,22.184231748252177,1.8880000000081054,1126.4698999998473,2728.9132867132867
1788766729,100,POST,[setup] POST /auth/login,0.000000,0.000000,0,0,0,0,0,0,0,0,0,0,0,27,0,670,652.2832370370301,264.8451000000023,1079.990399999815,178.74074074074073
1788766729,100,,Aggregated,0.000000,0.000000,0,0,0,0,0,0,0,0,0,0,0,7136,1,7,29.756043469731033,1.6885000000002037,30895.774500000014,23943.934837443947
1788766730,100,GET,GET /articles (anon),0.000000,0.000000,0,0,0,0,0,0,0,0,0,0,0,4749,1,7,31.61973097494294,1.6885000000002037,30895.774500000014,26725.37565803327
1788766730,100,GET,GET /articles (list),0.000000,0.000000,0,0,0,0,0,0,0,0,0,0,0,1645,0,7,17.449027781152523,1.8614000000525266,961.0112000000299,25525.295440729482
1788766730,100,GET,GET /articles/{id} (detail),0.000000,0.000000,0,0,0,0,0,0,0,0,0,0,0,715,0,6,22.184231748252177,1.8880000000081054,1126.4698999998473,2728.9132867132867
1788766730,100,POST,[setup] POST /auth/login,0.000000,0.000000,0,0,0,0,0,0,0,0,0,0,0,27,0,670,652.2832370370301,264.8451000000023,1079.990399999815,178.74074074074073
1788766730,100,,Aggregated,0.000000,0.000000,0,0,0,0,0,0,0,0,0,0,0,7136,1,7,29.756043469731033,1.6885000000002037,30895.774500000014,23943.934837443947
1788766731,100,GET,GET /articles (anon),0.000000,0.000000,0,0,0,0,0,0,0,0,0,0,0,4749,1,7,31.61973097494294,1.6885000000002037,30895.774500000014,26725.37565803327
1788766731,100,GET,GET /articles (list),0.000000,0.000000,0,0,0,0,0,0,0,0,0,0,0,1645,0,7,17.449027781152523,1.8614000000525266,961.0112000000299,25525.295440729482
1788766731,100,GET,GET /articles/{id} (detail),0.000000,0.000000,0,0,0,0,0,0,0,0,0,0,0,715,0,6,22.184231748252177,1.8880000000081054,1126.4698999998473,2728.9132867132867
1788766731,100,POST,[setup] POST /auth/login,0.000000,0.000000,0,0,0,0,0,0,0,0,0,0,0,27,0,670,652.2832370370301,264.8451000000023,1079.990399999815,178.74074074074073
1788766731,100,,Aggregated,0.000000,0.000000,0,0,0,0,0,0,0,0,0,0,0,7136,1,7,29.756043469731033,1.6885000000002037,30895.774500000014,23943.934837443947
1788766732,100,GET,GET /articles (anon),0.000000,0.000000,0,0,0,0,0,0,0,0,0,0,0,4749,1,7,31.61973097494294,1.6885000000002037,30895.774500000014,26725.37565803327
1788766732,100,GET,GET /articles (list),0.000000,0.000000,0,0,0,0,0,0,0,0,0,0,0,1645,0,7,17.449027781152523,1.8614000000525266,961.0112000000299,25525.295440729482
1788766732,100,GET,GET /articles/{id} (detail),0.000000,0.000000,0,0,0,0,0,0,0,0,0,0,0,715,0,6,22.184231748252177,1.8880000000081054,1126.4698999998473,2728.9132867132867
1788766732,100,POST,[setup] POST /auth/login,0.000000,0.000000,0,0,0,0,0,0,0,0,0,0,0,27,0,670,652.2832370370301,264.8451000000023,1079.990399999815,178.74074074074073
1788766732,100,,Aggregated,0.000000,0.000000,0,0,0,0,0,0,0,0,0,0,0,7136,1,7,29.756043469731033,1.6885000000002037,30895.774500000014,23943.934837443947
1788766733,100,GET,GET /articles (anon),0.000000,0.000000,0,0,0,0,0,0,0,0,0,0,0,4749,1,7,31.61973097494294,1.6885000000002037,30895.774500000014,26725.37565803327
1788766733,100,GET,GET /articles (list),0.000000,0.000000,0,0,0,0,0,0,0,0,0,0,0,1645,0,7,17.449027781152523,1.8614000000525266,961.0112000000299,25525.295440729482
1788766733,100,GET,GET /articles/{id} (detail),0.000000,0.000000,0,0,0,0,0,0,0,0,0,0,0,715,0,6,22.184231748252177,1.8880000000081054,1126.4698999998473,2728.9132867132867
1788766733,100,POST,[setup] POST /auth/login,0.000000,0.000000,0,0,0,0,0,0,0,0,0,0,0,27,0,670,652.2832370370301,264.8451000000023,1079.990399999815,178.74074074074073
1788766733,100,,Aggregated,0.000000,0.000000,0,0,0,0,0,0,0,0,0,0,0,7136,1,7,29.756043469731033,1.6885000000002037,30895.774500000014,23943.934837443947
1788766734,100,GET,GET /articles (anon),0.000000,0.000000,0,0,0,0,0,0,0,0,0,0,0,4749,1,7,31.61973097494294,1.6885000000002037,30895.774500000014,26725.37565803327
1788766734,100,GET,GET /articles (list),0.000000,0.000000,0,0,0,0,0,0,0,0,0,0,0,1645,0,7,17.449027781152523,1.8614000000525266,961.0112000000299,25525.295440729482
1788766734,100,GET,GET /articles/{id} (detail),0.000000,0.000000,0,0,0,0,0,0,0,0,0,0,0,715,0,6,22.184231748252177,1.8880000000081054,1126.4698999998473,2728.9132867132867
1788766734,100,POST,[setup] POST /auth/login,0.000000,0.000000,0,0,0,0,0,0,0,0,0,0,0,27,0,670,652.2832370370301,264.8451000000023,1079.990399999815,178.74074074074073
1788766734,100,,Aggregated,0.000000,0.000000,0,0,0,0,0,0,0,0,0,0,0,7136,1,7,29.756043469731033,1.6885000000002037,30895.774500000014,23943.934837443947
1788766735,100,GET,GET /articles (anon),0.000000,0.000000,0,0,0,0,0,0,0,0,0,0,0,4749,1,7,31.61973097494294,1.6885000000002037,30895.774500000014,26725.37565803327
1788766735,100,GET,GET /articles (list),0.000000,0.000000,0,0,0,0,0,0,0,0,0,0,0,1645,0,7,17.449027781152523,1.8614000000525266,961.0112000000299,25525.295440729482
1788766735,100,GET,GET /articles/{id} (detail),0.000000,0.000000,0,0,0,0,0,0,0,0,0,0,0,715,0,6,22.184231748252177,1.8880000000081054,1126.4698999998473,2728.9132867132867
1788766735,100,POST,[setup] POST /auth/login,0.000000,0.000000,0,0,0,0,0,0,0,0,0,0,0,27,0,670,652.2832370370301,264.8451000000023,1079.990399999815,178.74074074074073
1788766735,100,,Aggregated,0.000000,0.000000,0,0,0,0,0,0,0,0,0,0,0,7136,1,7,29.756043469731033,1.6885000000002037,30895.774500000014,23943.934837443947
1788766736,100,GET,GET /articles (anon),0.000000,0.000000,0,0,0,0,0,0,0,0,0,0,0,4749,1,7,31.61973097494294,1.6885000000002037,30895.774500000014,26725.37565803327
1788766736,100,GET,GET /articles (list),0.000000,0.000000,0,0,0,0,0,0,0,0,0,0,0,1645,0,7,17.449027781152523,1.8614000000525266,961.0112000000299,25525.295440729482
1788766736,100,GET,GET /articles/{id} (detail),0.000000,0.000000,0,0,0,0,0,0,0,0,0,0,0,715,0,6,22.184231748252177,1.8880000000081054,1126.4698999998473,2728.9132867132867
1788766736,100,POST,[setup] POST /auth/login,0.000000,0.000000,0,0,0,0,0,0,0,0,0,0,0,27,0,670,652.2832370370301,264.8451000000023,1079.990399999815,178.74074074074073
1788766736,100,,Aggregated,0.000000,0.000000,0,0,0,0,0,0,0,0,0,0,0,7136,1,7,29.756043469731033,1.6885000000002037,30895.774500000014,23943.934837443947
1788766737,100,GET,GET /articles (anon),0.000000,0.000000,0,0,0,0,0,0,0,0,0,0,0,4749,1,7,31.61973097494294,1.6885000000002037,30895.774500000014,26725.37565803327
1788766737,100,GET,GET /articles (list),0.000000,0.000000,0,0,0,0,0,0,0,0,0,0,0,1645,0,7,17.449027781152523,1.8614000000525266,961.0112000000299,25525.295440729482
1788766737,100,GET,GET /articles/{id} (detail),0.000000,0.000000,0,0,0,0,0,0,0,0,0,0,0,715,0,6,22.184231748252177,1.8880000000081054,1126.4698999998473,2728.9132867132867
1788766737,100,POST,[setup] POST /auth/login,0.000000,0.000000,0,0,0,0,0,0,0,0,0,0,0,27,0,670,652.2832370370301,264.8451000000023,1079.990399999815,178.74074074074073
1788766737,100,,Aggregated,0.000000,0.000000,0,0,0,0,0,0,0,0,0,0,0,7136,1,7,29.756043469731033,1.6885000000002037,30895.774500000014,23943.934837443947
1788766738,100,GET,GET /articles (anon),0.000000,0.000000,0,0,0,0,0,0,0,0,0,0,0,4749,1,7,31.61973097494294,1.6885000000002037,30895.774500000014,26725.37565803327
1788766738,100,GET,GET /articles (list),0.000000,0.000000,0,0,0,0,0,0,0,0,0,0,0,1645,0,7,17.449027781152523,1.8614000000525266,961.0112000000299,25525.295440729482
1788766738,100,GET,GET /articles/{id} (detail),0.000000,0.000000,0,0,0,0,0,0,0,0,0,0,0,715,0,6,22.184231748252177,1.8880000000081054,1126.4698999998473,2728.9132867132867
1788766738,100,POST,[setup] POST /auth/login,0.000000,0.000000,0,0,0,0,0,0,0,0,0,0,0,27,0,670,652.2832370370301,264.8451000000023,1079.990399999815,178.74074074074073
1788766738,100,,Aggregated,0.000000,0.000000,0,0,0,0,0,0,0,0,0,0,0,7136,1,7,29.756043469731033,1.6885000000002037,30895.774500000014,23943.934837443947
1788766739,100,GET,GET /articles (anon),0.000000,0.000000,0,0,0,0,0,0,0,0,0,0,0,4749,1,7,31.61973097494294,1.6885000000002037,30895.774500000014,26725.37565803327
1788766739,100,GET,GET /articles (list),0.000000,0.000000,0,0,0,0,0,0,0,0,0,0,0,1645,0,7,17.449027781152523,1.8614000000525266,961.0112000000299,25525.295440729482
1788766739,100,GET,GET /articles/{id} (detail),0.000000,0.000000,0,0,0,0,0,0,0,0,0,0,0,715,0,6,22.184231748252177,1.8880000000081054,1126.4698999998473,2728.9132867132867
1788766739,100,POST,[setup] POST /auth/login,0.000000,0.000000,0,0,0,0,0,0,0,0,0,0,0,27,0,670,652.2832370370301,264.8451000000023,1079.990399999815,178.74074074074073
1788766739,100,,Aggregated,0.000000,0.000000,0,0,0,0,0,0,0,0,0,0,0,7136,1,7,29.756043469731033,1.6885000000002037,30895.774500000014,23943.934837443947
1788766740,100,GET,GET /articles (anon),0.000000,0.000000,0,0,0,0,0,0,0,0,0,0,0,4749,1,7,31.61973097494294,1.6885000000002037,30895.774500000014,26725.37565803327
1788766740,100,GET,GET /articles (list),0.000000,0.000000,0,0,0,0,0,0,0,0,0,0,0,1645,0,7,17.449027781152523,1.8614000000525266,961.0112000000299,25525.295440729482
1788766740,100,GET,GET /articles/{id} (detail),0.000000,0.000000,0,0,0,0,0,0,0,0,0,0,0,715,0,6,22.184231748252177,1.8880000000081054,1126.4698999998473,2728.9132867132867
1788766740,100,POST,[setup] POST /auth/login,0.000000,0.000000,0,0,0,0,0,0,0,0,0,0,0,27,0,670,652.2832370370301,264.8451000000023,1079.990399999815,178.74074074074073
1788766740,100,,Aggregated,0.000000,0.000000,0,0,0,0,0,0,0,0,0,0,0,7136,1,7,29.756043469731033,1.6885000000002037,30895.774500000014,23943.934837443947
1788766741,100,GET,GET /articles (anon),0.000000,0.000000,0,0,0,0,0,0,0,0,0,0,0,4749,1,7,31.61973097494294,1.6885000000002037,30895.774500000014,26725.37565803327
1788766741,100,GET,GET /articles (list),0.000000,0.000000,0,0,0,0,0,0,0,0,0,0,0,1645,0,7,17.449027781152523,1.8614000000525266,961.0112000000299,25525.295440729482
1788766741,100,GET,GET /articles/{id} (detail),0.000000,0.000000,0,0,0,0,0,0,0,0,0,0,0,715,0,6,22.184231748252177,1.8880000000081054,1126.4698999998473,2728.9132867132867
1788766741,100,POST,[setup] POST /auth/login,0.000000,0.000000,0,0,0,0,0,0,0,0,0,0,0,27,0,670,652.2832370370301,264.8451000000023,1079.990399999815,178.74074074074073
1788766741,100,,Aggregated,0.000000,0.000000,0,0,0,0,0,0,0,0,0,0,0,7136,1,7,29.756043469731033,1.6885000000002037,30895.774500000014,23943.934837443947
1788766742,100,GET,GET /articles (anon),0.000000,0.000000,0,0,0,0,0,0,0,0,0,0,0,4749,1,7,31.61973097494294,1.6885000000002037,30895.774500000014,26725.37565803327
1788766742,100,GET,GET /articles (list),0.000000,0.000000,0,0,0,0,0,0,0,0,0,0,0,1645,0,7,17.449027781152523,1.8614000000525266,961.0112000000299,25525.295440729482
1788766742,100,GET,GET /articles/{id} (detail),0.000000,0.000000,0,0,0,0,0,0,0,0,0,0,0,715,0,6,22.184231748252177,1.8880000000081054,1126.4698999998473,2728.9132867132867
1788766742,100,POST,[setup] POST /auth/login,0.000000,0.000000,0,0,0,0,0,0,0,0,0,0,0,27,0,670,652.2832370370301,264.8451000000023,1079.990399999815,178.74074074074073
1788766742,100,,Aggregated,0.000000,0.000000,0,0,0,0,0,0,0,0,0,0,0,7136,1,7,29.756043469731033,1.6885000000002037,30895.774500000014,23943.934837443947
1788766743,100,GET,GET /articles (anon),0.000000,0.000000,0,0,0,0,0,0,0,0,0,0,0,4749,1,7,31.61973097494294,1.6885000000002037,30895.774500000014,26725.37565803327
1788766743,100,GET,GET /articles (list),0.000000,0.000000,0,0,0,0,0,0,0,0,0,0,0,1645,0,7,17.449027781152523,1.8614000000525266,961.0112000000299,25525.295440729482
1788766743,100,GET,GET /articles/{id} (detail),0.000000,0.000000,0,0,0,0,0,0,0,0,0,0,0,715,0,6,22.184231748252177,1.8880000000081054,1126.4698999998473,2728.9132867132867
1788766743,100,POST,[setup] POST /auth/login,0.000000,0.000000,0,0,0,0,0,0,0,0,0,0,0,27,0,670,652.2832370370301,264.8451000000023,1079.990399999815,178.74074074074073
1788766743,100,,Aggregated,0.000000,0.000000,0,0,0,0,0,0,0,0,0,0,0,7136,1,7,29.756043469731033,1.6885000000002037,30895.774500000014,23943.934837443947
1788766744,100,GET,GET /articles (anon),0.000000,0.000000,0,0,0,0,0,0,0,0,0,0,0,4749,1,7,31.61973097494294,1.6885000000002037,30895.774500000014,26725.37565803327
1788766744,100,GET,GET /articles (list),0.000000,0.000000,0,0,0,0,0,0,0,0,0,0,0,1645,0,7,17.449027781152523,1.8614000000525266,961.0112000000299,25525.295440729482
1788766744,100,GET,GET /articles/{id} (detail),0.000000,0.000000,0,0,0,0,0,0,0,0,0,0,0,715,0,6,22.184231748252177,1.8880000000081054,1126.4698999998473,2728.9132867132867
1788766744,100,POST,[setup] POST /auth/login,0.000000,0.000000,0,0,0,0,0,0,0,0,0,0,0,27,0,670,652.2832370370301,264.8451000000023,1079.990399999815,178.74074074074073
1788766744,100,,Aggregated,0.000000,0.000000,0,0,0,0,0,0,0,0,0,0,0,7136,1,7,29.756043469731033,1.6885000000002037,30895.774500000014,23943.934837443947
1788766745,100,GET,GET /articles (anon),0.000000,0.000000,0,0,0,0,0,0,0,0,0,0,0,4749,1,7,31.61973097494294,1.6885000000002037,30895.774500000014,26725.37565803327
1788766745,100,GET,GET /articles (list),0.000000,0.000000,0,0,0,0,0,0,0,0,0,0,0,1645,0,7,17.449027781152523,1.8614000000525266,961.0112000000299,25525.295440729482
1788766745,100,GET,GET /articles/{id} (detail),0.000000,0.000000,0,0,0,0,0,0,0,0,0,0,0,715,0,6,22.184231748252177,1.8880000000081054,1126.4698999998473,2728.9132867132867
1788766745,100,POST,[setup] POST /auth/login,0.000000,0.000000,0,0,0,0,0,0,0,0,0,0,0,27,0,670,652.2832370370301,264.8451000000023,1079.990399999815,178.74074074074073
1788766745,100,,Aggregated,0.000000,0.000000,0,0,0,0,0,0,0,0,0,0,0,7136,1,7,29.756043469731033,1.6885000000002037,30895.774500000014,23943.934837443947
1788766746,100,GET,GET /articles (anon),0.000000,0.000000,0,0,0,0,0,0,0,0,0,0,0,4749,1,7,31.61973097494294,1.6885000000002037,30895.774500000014,26725.37565803327
1788766746,100,GET,GET /articles (list),0.000000,0.000000,0,0,0,0,0,0,0,0,0,0,0,1645,0,7,17.449027781152523,1.8614000000525266,961.0112000000299,25525.295440729482
1788766746,100,GET,GET /articles/{id} (detail),0.000000,0.000000,0,0,0,0,0,0,0,0,0,0,0,715,0,6,22.184231748252177,1.8880000000081054,1126.4698999998473,2728.9132867132867
1788766746,100,POST,[setup] POST /auth/login,0.000000,0.000000,0,0,0,0,0,0,0,0,0,0,0,27,0,670,652.2832370370301,264.8451000000023,1079.990399999815,178.74074074074073
1788766746,100,,Aggregated,0.000000,0.000000,0,0,0,0,0,0,0,0,0,0,0,7136,1,7,29.756043469731033,1.6885000000002037,30895.774500000014,23943.934837443947
1788766747,100,GET,GET /articles (anon),0.000000,0.000000,0,0,0,0,0,0,0,0,0,0,0,4749,1,7,31.61973097494294,1.6885000000002037,30895.774500000014,26725.37565803327
1788766747,100,GET,GET /articles (list),0.000000,0.000000,0,0,0,0,0,0,0,0,0,0,0,1645,0,7,17.449027781152523,1.8614000000525266,961.0112000000299,25525.295440729482
1788766747,100,GET,GET /articles/{id} (detail),0.000000,0.000000,0,0,0,0,0,0,0,0,0,0,0,715,0,6,22.184231748252177,1.8880000000081054,1126.4698999998473,2728.9132867132867
1788766747,100,POST,[setup] POST /auth/login,0.000000,0.000000,0,0,0,0,0,0,0,0,0,0,0,27,0,670,652.2832370370301,264.8451000000023,1079.990399999815,178.74074074074073
1788766747,100,,Aggregated,0.000000,0.000000,0,0,0,0,0,0,0,0,0,0,0,7136,1,7,29.756043469731033,1.6885000000002037,30895.774500000014,23943.934837443947
1788766748,100,GET,GET /articles (anon),0.000000,0.000000,0,0,0,0,0,0,0,0,0,0,0,4749,1,7,31.61973097494294,1.6885000000002037,30895.774500000014,26725.37565803327
1788766748,100,GET,GET /articles (list),0.000000,0.000000,0,0,0,0,0,0,0,0,0,0,0,1645,0,7,17.449027781152523,1.8614000000525266,961.0112000000299,25525.295440729482
1788766748,100,GET,GET /articles/{id} (detail),0.000000,0.000000,0,0,0,0,0,0,0,0,0,0,0,715,0,6,22.184231748252177,1.8880000000081054,1126.4698999998473,2728.9132867132867
1788766748,100,POST,[setup] POST /auth/login,0.000000,0.000000,0,0,0,0,0,0,0,0,0,0,0,27,0,670,652.2832370370301,264.8451000000023,1079.990399999815,178.74074074074073
1788766748,100,,Aggregated,0.000000,0.000000,0,0,0,0,0,0,0,0,0,0,0,7136,1,7,29.756043469731033,1.6885000000002037,30895.774500000014,23943.934837443947
1788766749,100,GET,GET /articles (anon),0.000000,0.000000,0,0,0,0,0,0,0,0,0,0,0,4749,1,7,31.61973097494294,1.6885000000002037,30895.774500000014,26725.37565803327
1788766749,100,GET,GET /articles (list),0.000000,0.000000,0,0,0,0,0,0,0,0,0,0,0,1645,0,7,17.449027781152523,1.8614000000525266,961.0112000000299,25525.295440729482
1788766749,100,GET,GET /articles/{id} (detail),0.000000,0.000000,0,0,0,0,0,0,0,0,0,0,0,715,0,6,22.184231748252177,1.8880000000081054,1126.4698999998473,2728.9132867132867
1788766749,100,POST,[setup] POST /auth/login,0.000000,0.000000,0,0,0,0,0,0,0,0,0,0,0,27,0,670,652.2832370370301,264.8451000000023,1079.990399999815,178.74074074074073
1788766749,100,,Aggregated,0.000000,0.000000,0,0,0,0,0,0,0,0,0,0,0,7136,1,7,29.756043469731033,1.6885000000002037,30895.774500000014,23943.934837443947
1788766750,100,GET,GET /articles (anon),0.000000,0.000000,0,0,0,0,0,0,0,0,0,0,0,4749,1,7,31.61973097494294,1.6885000000002037,30895.774500000014,26725.37565803327
1788766750,100,GET,GET /articles (list),0.000000,0.000000,0,0,0,0,0,0,0,0,0,0,0,1645,0,7,17.449027781152523,1.8614000000525266,961.0112000000299,25525.295440729482
1788766750,100,GET,GET /articles/{id} (detail),0.000000,0.000000,0,0,0,0,0,0,0,0,0,0,0,715,0,6,22.184231748252177,1.8880000000081054,1126.4698999998473,2728.9132867132867
1788766750,100,POST,[setup] POST /auth/login,0.000000,0.000000,0,0,0,0,0,0,0,0,0,0,0,27,0,670,652.2832370370301,264.8451000000023,1079.990399999815,178.74074074074073
1788766750,100,,Aggregated,0.000000,0.000000,0,0,0,0,0,0,0,0,0,0,0,7136,1,7,29.756043469731033,1.6885000000002037,30895.774500000014,23943.934837443947
1788766751,100,GET,GET /articles (anon),0.000000,0.000000,0,0,0,0,0,0,0,0,0,0,0,4749,1,7,31.61973097494294,1.6885000000002037,30895.774500000014,26725.37565803327
1788766751,100,GET,GET /articles (list),0.000000,0.000000,0,0,0,0,0,0,0,0,0,0,0,1645,0,7,17.449027781152523,1.8614000000525266,961.0112000000299,25525.295440729482
1788766751,100,GET,GET /articles/{id} (detail),0.000000,0.000000,0,0,0,0,0,0,0,0,0,0,0,715,0,6,22.184231748252177,1.8880000000081054,1126.4698999998473,2728.9132867132867
1788766751,100,POST,[setup] POST /auth/login,0.000000,0.000000,0,0,0,0,0,0,0,0,0,0,0,27,0,670,652.2832370370301,264.8451000000023,1079.990399999815,178.74074074074073
1788766751,100,,Aggregated,0.000000,0.000000,0,0,0,0,0,0,0,0,0,0,0,7136,1,7,29.756043469731033,1.6885000000002037,30895.774500000014,23943.934837443947
1788766752,100,GET,GET /articles (anon),0.000000,0.000000,0,0,0,0,0,0,0,0,0,0,0,4749,1,7,31.61973097494294,1.6885000000002037,30895.774500000014,26725.37565803327
1788766752,100,GET,GET /articles (list),0.000000,0.000000,0,0,0,0,0,0,0,0,0,0,0,1645,0,7,17.449027781152523,1.8614000000525266,961.0112000000299,25525.295440729482
1788766752,100,GET,GET /articles/{id} (detail),0.000000,0.000000,0,0,0,0,0,0,0,0,0,0,0,715,0,6,22.184231748252177,1.8880000000081054,1126.4698999998473,2728.9132867132867
1788766752,100,POST,[setup] POST /auth/login,0.000000,0.000000,0,0,0,0,0,0,0,0,0,0,0,27,0,670,652.2832370370301,264.8451000000023,1079.990399999815,178.74074074074073
1788766752,100,,Aggregated,0.000000,0.000000,0,0,0,0,0,0,0,0,0,0,0,7136,1,7,29.756043469731033,1.6885000000002037,30895.774500000014,23943.934837443947
1788766753,100,GET,GET /articles (anon),0.000000,0.000000,0,0,0,0,0,0,0,0,0,0,0,4749,1,7,31.61973097494294,1.6885000000002037,30895.774500000014,26725.37565803327
1788766753,100,GET,GET /articles (list),0.000000,0.000000,0,0,0,0,0,0,0,0,0,0,0,1645,0,7,17.449027781152523,1.8614000000525266,961.0112000000299,25525.295440729482
1788766753,100,GET,GET /articles/{id} (detail),0.000000,0.000000,0,0,0,0,0,0,0,0,0,0,0,715,0,6,22.184231748252177,1.8880000000081054,1126.4698999998473,2728.9132867132867
1788766753,100,POST,[setup] POST /auth/login,0.000000,0.000000,0,0,0,0,0,0,0,0,0,0,0,27,0,670,652.2832370370301,264.8451000000023,1079.990399999815,178.74074074074073
1788766753,100,,Aggregated,0.000000,0.000000,0,0,0,0,0,0,0,0,0,0,0,7136,1,7,29.756043469731033,1.6885000000002037,30895.774500000014,23943.934837443947
1788766754,100,GET,GET /articles (anon),0.000000,0.000000,0,0,0,0,0,0,0,0,0,0,0,4749,1,7,31.61973097494294,1.6885000000002037,30895.774500000014,26725.37565803327
1788766754,100,GET,GET /articles (list),0.000000,0.000000,0,0,0,0,0,0,0,0,0,0,0,1645,0,7,17.449027781152523,1.8614000000525266,961.0112000000299,25525.295440729482
1788766754,100,GET,GET /articles/{id} (detail),0.000000,0.000000,0,0,0,0,0,0,0,0,0,0,0,715,0,6,22.184231748252177,1.8880000000081054,1126.4698999998473,2728.9132867132867
1788766754,100,POST,[setup] POST /auth/login,0.000000,0.000000,0,0,0,0,0,0,0,0,0,0,0,27,0,670,652.2832370370301,264.8451000000023,1079.990399999815,178.74074074074073
1788766754,100,,Aggregated,0.000000,0.000000,0,0,0,0,0,0,0,0,0,0,0,7136,1,7,29.756043469731033,1.6885000000002037,30895.774500000014,23943.934837443947
1788766756,100,GET,GET /articles (anon),0.000000,0.000000,0,0,0,0,0,0,0,0,0,0,0,4749,1,7,31.61973097494294,1.6885000000002037,30895.774500000014,26725.37565803327
1788766756,100,GET,GET /articles (list),0.000000,0.000000,0,0,0,0,0,0,0,0,0,0,0,1645,0,7,17.449027781152523,1.8614000000525266,961.0112000000299,25525.295440729482
1788766756,100,GET,GET /articles/{id} (detail),0.000000,0.000000,0,0,0,0,0,0,0,0,0,0,0,715,0,6,22.184231748252177,1.8880000000081054,1126.4698999998473,2728.9132867132867
1788766756,100,POST,[setup] POST /auth/login,0.000000,0.000000,0,0,0,0,0,0,0,0,0,0,0,27,0,670,652.2832370370301,264.8451000000023,1079.990399999815,178.74074074074073
1788766756,100,,Aggregated,0.000000,0.000000,0,0,0,0,0,0,0,0,0,0,0,7136,1,7,29.756043469731033,1.6885000000002037,30895.774500000014,23943.934837443947
1788766757,100,GET,GET /articles (anon),0.000000,0.000000,0,0,0,0,0,0,0,0,0,0,0,4749,1,7,31.61973097494294,1.6885000000002037,30895.774500000014,26725.37565803327
1788766757,100,GET,GET /articles (list),0.000000,0.000000,0,0,0,0,0,0,0,0,0,0,0,1645,0,7,17.449027781152523,1.8614000000525266,961.0112000000299,25525.295440729482
1788766757,100,GET,GET /articles/{id} (detail),0.000000,0.000000,0,0,0,0,0,0,0,0,0,0,0,715,0,6,22.184231748252177,1.8880000000081054,1126.4698999998473,2728.9132867132867
1788766757,100,POST,[setup] POST /auth/login,0.000000,0.000000,0,0,0,0,0,0,0,0,0,0,0,27,0,670,652.2832370370301,264.8451000000023,1079.990399999815,178.74074074074073
1788766757,100,,Aggregated,0.000000,0.000000,0,0,0,0,0,0,0,0,0,0,0,7136,1,7,29.756043469731033,1.6885000000002037,30895.774500000014,23943.934837443947
1788766758,100,GET,GET /articles (anon),0.000000,0.000000,0,0,0,0,0,0,0,0,0,0,0,4749,1,7,31.61973097494294,1.6885000000002037,30895.774500000014,26725.37565803327
1788766758,100,GET,GET /articles (list),0.000000,0.000000,0,0,0,0,0,0,0,0,0,0,0,1645,0,7,17.449027781152523,1.8614000000525266,961.0112000000299,25525.295440729482
1788766758,100,GET,GET /articles/{id} (detail),0.000000,0.000000,0,0,0,0,0,0,0,0,0,0,0,715,0,6,22.184231748252177,1.8880000000081054,1126.4698999998473,2728.9132867132867
1788766758,100,POST,[setup] POST /auth/login,0.000000,0.000000,0,0,0,0,0,0,0,0,0,0,0,27,0,670,652.2832370370301,264.8451000000023,1079.990399999815,178.74074074074073
1788766758,100,,Aggregated,0.000000,0.000000,0,0,0,0,0,0,0,0,0,0,0,7136,1,7,29.756043469731033,1.6885000000002037,30895.774500000014,23943.934837443947
1788766759,100,GET,GET /articles (anon),0.000000,0.000000,0,0,0,0,0,0,0,0,0,0,0,4749,1,7,31.61973097494294,1.6885000000002037,30895.774500000014,26725.37565803327
1788766759,100,GET,GET /articles (list),0.000000,0.000000,0,0,0,0,0,0,0,0,0,0,0,1645,0,7,17.449027781152523,1.8614000000525266,961.0112000000299,25525.295440729482
1788766759,100,GET,GET /articles/{id} (detail),0.000000,0.000000,0,0,0,0,0,0,0,0,0,0,0,715,0,6,22.184231748252177,1.8880000000081054,1126.4698999998473,2728.9132867132867
1788766759,100,POST,[setup] POST /auth/login,0.000000,0.000000,0,0,0,0,0,0,0,0,0,0,0,27,0,670,652.2832370370301,264.8451000000023,1079.990399999815,178.74074074074073
1788766759,100,,Aggregated,0.000000,0.000000,0,0,0,0,0,0,0,0,0,0,0,7136,1,7,29.756043469731033,1.6885000000002037,30895.774500000014,23943.934837443947
1788766760,100,GET,GET /articles (anon),0.000000,0.000000,0,0,0,0,0,0,0,0,0,0,0,4749,1,7,31.61973097494294,1.6885000000002037,30895.774500000014,26725.37565803327
1788766760,100,GET,GET /articles (list),0.000000,0.000000,0,0,0,0,0,0,0,0,0,0,0,1645,0,7,17.449027781152523,1.8614000000525266,961.0112000000299,25525.295440729482
1788766760,100,GET,GET /articles/{id} (detail),0.000000,0.000000,0,0,0,0,0,0,0,0,0,0,0,715,0,6,22.184231748252177,1.8880000000081054,1126.4698999998473,2728.9132867132867
1788766760,100,POST,[setup] POST /auth/login,0.000000,0.000000,0,0,0,0,0,0,0,0,0,0,0,27,0,670,652.2832370370301,264.8451000000023,1079.990399999815,178.74074074074073
1788766760,100,,Aggregated,0.000000,0.000000,0,0,0,0,0,0,0,0,0,0,0,7136,1,7,29.756043469731033,1.6885000000002037,30895.774500000014,23943.934837443947
1788766761,100,GET,GET /articles (anon),0.000000,0.000000,0,0,0,0,0,0,0,0,0,0,0,4749,1,7,31.61973097494294,1.6885000000002037,30895.774500000014,26725.37565803327
1788766761,100,GET,GET /articles (list),0.000000,0.000000,0,0,0,0,0,0,0,0,0,0,0,1645,0,7,17.449027781152523,1.8614000000525266,961.0112000000299,25525.295440729482
1788766761,100,GET,GET /articles/{id} (detail),0.000000,0.000000,0,0,0,0,0,0,0,0,0,0,0,715,0,6,22.184231748252177,1.8880000000081054,1126.4698999998473,2728.9132867132867
1788766761,100,POST,[setup] POST /auth/login,0.000000,0.000000,0,0,0,0,0,0,0,0,0,0,0,27,0,670,652.2832370370301,264.8451000000023,1079.990399999815,178.74074074074073
1788766761,100,,Aggregated,0.000000,0.000000,0,0,0,0,0,0,0,0,0,0,0,7136,1,7,29.756043469731033,1.6885000000002037,30895.774500000014,23943.934837443947
1788766762,100,GET,GET /articles (anon),0.000000,0.000000,0,0,0,0,0,0,0,0,0,0,0,4749,1,7,31.61973097494294,1.6885000000002037,30895.774500000014,26725.37565803327
1788766762,100,GET,GET /articles (list),0.000000,0.000000,0,0,0,0,0,0,0,0,0,0,0,1645,0,7,17.449027781152523,1.8614000000525266,961.0112000000299,25525.295440729482
1788766762,100,GET,GET /articles/{id} (detail),0.000000,0.000000,0,0,0,0,0,0,0,0,0,0,0,715,0,6,22.184231748252177,1.8880000000081054,1126.4698999998473,2728.9132867132867
1788766762,100,POST,[setup] POST /auth/login,0.000000,0.000000,0,0,0,0,0,0,0,0,0,0,0,27,0,670,652.2832370370301,264.8451000000023,1079.990399999815,178.74074074074073
1788766762,100,,Aggregated,0.000000,0.000000,0,0,0,0,0,0,0,0,0,0,0,7136,1,7,29.756043469731033,1.6885000000002037,30895.774500000014,23943.934837443947
1788766763,100,GET,GET /articles (anon),0.000000,0.000000,0,0,0,0,0,0,0,0,0,0,0,4749,1,7,31.61973097494294,1.6885000000002037,30895.774500000014,26725.37565803327
1788766763,100,GET,GET /articles (list),0.000000,0.000000,0,0,0,0,0,0,0,0,0,0,0,1645,0,7,17.449027781152523,1.8614000000525266,961.0112000000299,25525.295440729482
1788766763,100,GET,GET /articles/{id} (detail),0.000000,0.000000,0,0,0,0,0,0,0,0,0,0,0,715,0,6,22.184231748252177,1.8880000000081054,1126.4698999998473,2728.9132867132867
1788766763,100,POST,[setup] POST /auth/login,0.000000,0.000000,0,0,0,0,0,0,0,0,0,0,0,27,0,670,652.2832370370301,264.8451000000023,1079.990399999815,178.74074074074073
1788766763,100,,Aggregated,0.000000,0.000000,0,0,0,0,0,0,0,0,0,0,0,7136,1,7,29.756043469731033,1.6885000000002037,30895.774500000014,23943.934837443947
1788766764,100,GET,GET /articles (anon),0.000000,0.000000,0,0,0,0,0,0,0,0,0,0,0,4749,1,7,31.61973097494294,1.6885000000002037,30895.774500000014,26725.37565803327
1788766764,100,GET,GET /articles (list),0.000000,0.000000,0,0,0,0,0,0,0,0,0,0,0,1645,0,7,17.449027781152523,1.8614000000525266,961.0112000000299,25525.295440729482
1788766764,100,GET,GET /articles/{id} (detail),0.000000,0.000000,0,0,0,0,0,0,0,0,0,0,0,715,0,6,22.184231748252177,1.8880000000081054,1126.4698999998473,2728.9132867132867
1788766764,100,POST,[setup] POST /auth/login,0.000000,0.000000,0,0,0,0,0,0,0,0,0,0,0,27,0,670,652.2832370370301,264.8451000000023,1079.990399999815,178.74074074074073
1788766764,100,,Aggregated,0.000000,0.000000,0,0,0,0,0,0,0,0,0,0,0,7136,1,7,29.756043469731033,1.6885000000002037,30895.774500000014,23943.934837443947
1788766765,100,GET,GET /articles (anon),0.000000,0.000000,0,0,0,0,0,0,0,0,0,0,0,4749,1,7,31.61973097494294,1.6885000000002037,30895.774500000014,26725.37565803327
1788766765,100,GET,GET /articles (list),0.000000,0.000000,0,0,0,0,0,0,0,0,0,0,0,1645,0,7,17.449027781152523,1.8614000000525266,961.0112000000299,25525.295440729482
1788766765,100,GET,GET /articles/{id} (detail),0.000000,0.000000,0,0,0,0,0,0,0,0,0,0,0,715,0,6,22.184231748252177,1.8880000000081054,1126.4698999998473,2728.9132867132867
1788766765,100,POST,[setup] POST /auth/login,0.000000,0.000000,0,0,0,0,0,0,0,0,0,0,0,27,0,670,652.2832370370301,264.8451000000023,1079.990399999815,178.74074074074073
1788766765,100,,Aggregated,0.000000,0.000000,0,0,0,0,0,0,0,0,0,0,0,7136,1,7,29.756043469731033,1.6885000000002037,30895.774500000014,23943.934837443947
1788766766,100,GET,GET /articles (anon),0.000000,0.000000,0,0,0,0,0,0,0,0,0,0,0,4749,1,7,31.61973097494294,1.6885000000002037,30895.774500000014,26725.37565803327
1788766766,100,GET,GET /articles (list),0.000000,0.000000,0,0,0,0,0,0,0,0,0,0,0,1645,0,7,17.449027781152523,1.8614000000525266,961.0112000000299,25525.295440729482
1788766766,100,GET,GET /articles/{id} (detail),0.000000,0.000000,0,0,0,0,0,0,0,0,0,0,0,715,0,6,22.184231748252177,1.8880000000081054,1126.4698999998473,2728.9132867132867
1788766766,100,POST,[setup] POST /auth/login,0.000000,0.000000,0,0,0,0,0,0,0,0,0,0,0,27,0,670,652.2832370370301,264.8451000000023,1079.990399999815,178.74074074074073
1788766766,100,,Aggregated,0.000000,0.000000,0,0,0,0,0,0,0,0,0,0,0,7136,1,7,29.756043469731033,1.6885000000002037,30895.774500000014,23943.934837443947
1788766767,100,GET,GET /articles (anon),0.000000,0.000000,0,0,0,0,0,0,0,0,0,0,0,4749,1,7,31.61973097494294,1.6885000000002037,30895.774500000014,26725.37565803327
1788766767,100,GET,GET /articles (list),0.000000,0.000000,0,0,0,0,0,0,0,0,0,0,0,1645,0,7,17.449027781152523,1.8614000000525266,961.0112000000299,25525.295440729482
1788766767,100,GET,GET /articles/{id} (detail),0.000000,0.000000,0,0,0,0,0,0,0,0,0,0,0,715,0,6,22.184231748252177,1.8880000000081054,1126.4698999998473,2728.9132867132867
1788766767,100,POST,[setup] POST /auth/login,0.000000,0.000000,0,0,0,0,0,0,0,0,0,0,0,27,0,670,652.2832370370301,264.8451000000023,1079.990399999815,178.74074074074073
1788766767,100,,Aggregated,0.000000,0.000000,0,0,0,0,0,0,0,0,0,0,0,7136,1,7,29.756043469731033,1.6885000000002037,30895.774500000014,23943.934837443947
1788766768,100,GET,GET /articles (anon),0.000000,0.000000,0,0,0,0,0,0,0,0,0,0,0,4749,1,7,31.61973097494294,1.6885000000002037,30895.774500000014,26725.37565803327
1788766768,100,GET,GET /articles (list),0.000000,0.000000,0,0,0,0,0,0,0,0,0,0,0,1645,0,7,17.449027781152523,1.8614000000525266,961.0112000000299,25525.295440729482
1788766768,100,GET,GET /articles/{id} (detail),0.000000,0.000000,0,0,0,0,0,0,0,0,0,0,0,715,0,6,22.184231748252177,1.8880000000081054,1126.4698999998473,2728.9132867132867
1788766768,100,POST,[setup] POST /auth/login,0.000000,0.000000,0,0,0,0,0,0,0,0,0,0,0,27,0,670,652.2832370370301,264.8451000000023,1079.990399999815,178.74074074074073
1788766768,100,,Aggregated,0.000000,0.000000,0,0,0,0,0,0,0,0,0,0,0,7136,1,7,29.756043469731033,1.6885000000002037,30895.774500000014,23943.934837443947
1788766769,100,GET,GET /articles (anon),0.000000,0.000000,0,0,0,0,0,0,0,0,0,0,0,4749,1,7,31.61973097494294,1.6885000000002037,30895.774500000014,26725.37565803327
1788766769,100,GET,GET /articles (list),0.000000,0.000000,0,0,0,0,0,0,0,0,0,0,0,1645,0,7,17.449027781152523,1.8614000000525266,961.0112000000299,25525.295440729482
1788766769,100,GET,GET /articles/{id} (detail),0.000000,0.000000,0,0,0,0,0,0,0,0,0,0,0,715,0,6,22.184231748252177,1.8880000000081054,1126.4698999998473,2728.9132867132867
1788766769,100,POST,[setup] POST /auth/login,0.000000,0.000000,0,0,0,0,0,0,0,0,0,0,0,27,0,670,652.2832370370301,264.8451000000023,1079.990399999815,178.74074074074073
1788766769,100,,Aggregated,0.000000,0.000000,0,0,0,0,0,0,0,0,0,0,0,7136,1,7,29.756043469731033,1.6885000000002037,30895.774500000014,23943.934837443947
1788766770,100,GET,GET /articles (anon),0.000000,0.000000,0,0,0,0,0,0,0,0,0,0,0,4749,1,7,31.61973097494294,1.6885000000002037,30895.774500000014,26725.37565803327
1788766770,100,GET,GET /articles (list),0.000000,0.000000,0,0,0,0,0,0,0,0,0,0,0,1645,0,7,17.449027781152523,1.8614000000525266,961.0112000000299,25525.295440729482
1788766770,100,GET,GET /articles/{id} (detail),0.000000,0.000000,0,0,0,0,0,0,0,0,0,0,0,715,0,6,22.184231748252177,1.8880000000081054,1126.4698999998473,2728.9132867132867
1788766770,100,POST,[setup] POST /auth/login,0.000000,0.000000,0,0,0,0,0,0,0,0,0,0,0,27,0,670,652.2832370370301,264.8451000000023,1079.990399999815,178.74074074074073
1788766770,100,,Aggregated,0.000000,0.000000,0,0,0,0,0,0,0,0,0,0,0,7136,1,7,29.756043469731033,1.6885000000002037,30895.774500000014,23943.934837443947
1788766771,100,GET,GET /articles (anon),0.000000,0.000000,0,0,0,0,0,0,0,0,0,0,0,4749,1,7,31.61973097494294,1.6885000000002037,30895.774500000014,26725.37565803327
1788766771,100,GET,GET /articles (list),0.000000,0.000000,0,0,0,0,0,0,0,0,0,0,0,1645,0,7,17.449027781152523,1.8614000000525266,961.0112000000299,25525.295440729482
1788766771,100,GET,GET /articles/{id} (detail),0.000000,0.000000,0,0,0,0,0,0,0,0,0,0,0,715,0,6,22.184231748252177,1.8880000000081054,1126.4698999998473,2728.9132867132867
1788766771,100,POST,[setup] POST /auth/login,0.000000,0.000000,0,0,0,0,0,0,0,0,0,0,0,27,0,670,652.2832370370301,264.8451000000023,1079.990399999815,178.74074074074073
1788766771,100,,Aggregated,0.000000,0.000000,0,0,0,0,0,0,0,0,0,0,0,7136,1,7,29.756043469731033,1.6885000000002037,30895.774500000014,23943.934837443947
1788766772,100,GET,GET /articles (anon),0.000000,0.000000,0,0,0,0,0,0,0,0,0,0,0,4749,1,7,31.61973097494294,1.6885000000002037,30895.774500000014,26725.37565803327
1788766772,100,GET,GET /articles (list),0.000000,0.000000,0,0,0,0,0,0,0,0,0,0,0,1645,0,7,17.449027781152523,1.8614000000525266,961.0112000000299,25525.295440729482
1788766772,100,GET,GET /articles/{id} (detail),0.000000,0.000000,0,0,0,0,0,0,0,0,0,0,0,715,0,6,22.184231748252177,1.8880000000081054,1126.4698999998473,2728.9132867132867
1788766772,100,POST,[setup] POST /auth/login,0.000000,0.000000,0,0,0,0,0,0,0,0,0,0,0,27,0,670,652.2832370370301,264.8451000000023,1079.990399999815,178.74074074074073
1788766772,100,,Aggregated,0.000000,0.000000,0,0,0,0,0,0,0,0,0,0,0,7136,1,7,29.756043469731033,1.6885000000002037,30895.774500000014,23943.934837443947
1788766773,100,GET,GET /articles (anon),0.000000,0.000000,0,0,0,0,0,0,0,0,0,0,0,4749,1,7,31.61973097494294,1.6885000000002037,30895.774500000014,26725.37565803327
1788766773,100,GET,GET /articles (list),0.000000,0.000000,0,0,0,0,0,0,0,0,0,0,0,1645,0,7,17.449027781152523,1.8614000000525266,961.0112000000299,25525.295440729482
1788766773,100,GET,GET /articles/{id} (detail),0.000000,0.000000,0,0,0,0,0,0,0,0,0,0,0,715,0,6,22.184231748252177,1.8880000000081054,1126.4698999998473,2728.9132867132867
1788766773,100,POST,[setup] POST /auth/login,0.000000,0.000000,0,0,0,0,0,0,0,0,0,0,0,27,0,670,652.2832370370301,264.8451000000023,1079.990399999815,178.74074074074073
1788766773,100,,Aggregated,0.000000,0.000000,0,0,0,0,0,0,0,0,0,0,0,7136,1,7,29.756043469731033,1.6885000000002037,30895.774500000014,23943.934837443947
1788766774,100,GET,GET /articles (anon),0.000000,0.000000,0,0,0,0,0,0,0,0,0,0,0,4749,1,7,31.61973097494294,1.6885000000002037,30895.774500000014,26725.37565803327
1788766774,100,GET,GET /articles (list),0.000000,0.000000,0,0,0,0,0,0,0,0,0,0,0,1645,0,7,17.449027781152523,1.8614000000525266,961.0112000000299,25525.295440729482
1788766774,100,GET,GET /articles/{id} (detail),0.000000,0.000000,0,0,0,0,0,0,0,0,0,0,0,715,0,6,22.184231748252177,1.8880000000081054,1126.4698999998473,2728.9132867132867
1788766774,100,POST,[setup] POST /auth/login,0.000000,0.000000,0,0,0,0,0,0,0,0,0,0,0,27,0,670,652.2832370370301,264.8451000000023,1079.990399999815,178.74074074074073
1788766774,100,,Aggregated,0.000000,0.000000,0,0,0,0,0,0,0,0,0,0,0,7136,1,7,29.756043469731033,1.6885000000002037,30895.774500000014,23943.934837443947
1788766775,100,GET,GET /articles (anon),0.000000,0.000000,0,0,0,0,0,0,0,0,0,0,0,4749,1,7,31.61973097494294,1.6885000000002037,30895.774500000014,26725.37565803327
1788766775,100,GET,GET /articles (list),0.000000,0.000000,0,0,0,0,0,0,0,0,0,0,0,1645,0,7,17.449027781152523,1.8614000000525266,961.0112000000299,25525.295440729482
1788766775,100,GET,GET /articles/{id} (detail),0.000000,0.000000,0,0,0,0,0,0,0,0,0,0,0,715,0,6,22.184231748252177,1.8880000000081054,1126.4698999998473,2728.9132867132867
1788766775,100,POST,[setup] POST /auth/login,0.000000,0.000000,0,0,0,0,0,0,0,0,0,0,0,27,0,670,652.2832370370301,264.8451000000023,1079.990399999815,178.74074074074073
1788766775,100,,Aggregated,0.000000,0.000000,0,0,0,0,0,0,0,0,0,0,0,7136,1,7,29.756043469731033,1.6885000000002037,30895.774500000014,23943.934837443947
1788766776,100,GET,GET /articles (anon),0.000000,0.000000,0,0,0,0,0,0,0,0,0,0,0,4749,1,7,31.61973097494294,1.6885000000002037,30895.774500000014,26725.37565803327
1788766776,100,GET,GET /articles (list),0.000000,0.000000,0,0,0,0,0,0,0,0,0,0,0,1645,0,7,17.449027781152523,1.8614000000525266,961.0112000000299,25525.295440729482
1788766776,100,GET,GET /articles/{id} (detail),0.000000,0.000000,0,0,0,0,0,0,0,0,0,0,0,715,0,6,22.184231748252177,1.8880000000081054,1126.4698999998473,2728.9132867132867
1788766776,100,POST,[setup] POST /auth/login,0.000000,0.000000,0,0,0,0,0,0,0,0,0,0,0,27,0,670,652.2832370370301,264.8451000000023,1079.990399999815,178.74074074074073
1788766776,100,,Aggregated,0.000000,0.000000,0,0,0,0,0,0,0,0,0,0,0,7136,1,7,29.756043469731033,1.6885000000002037,30895.774500000014,23943.934837443947
1788766777,100,GET,GET /articles (anon),0.000000,0.000000,0,0,0,0,0,0,0,0,0,0,0,4749,1,7,31.61973097494294,1.6885000000002037,30895.774500000014,26725.37565803327
1788766777,100,GET,GET /articles (list),0.000000,0.000000,0,0,0,0,0,0,0,0,0,0,0,1645,0,7,17.449027781152523,1.8614000000525266,961.0112000000299,25525.295440729482
1788766777,100,GET,GET /articles/{id} (detail),0.000000,0.000000,0,0,0,0,0,0,0,0,0,0,0,715,0,6,22.184231748252177,1.8880000000081054,1126.4698999998473,2728.9132867132867
1788766777,100,POST,[setup] POST /auth/login,0.000000,0.000000,0,0,0,0,0,0,0,0,0,0,0,27,0,670,652.2832370370301,264.8451000000023,1079.990399999815,178.74074074074073
1788766777,100,,Aggregated,0.000000,0.000000,0,0,0,0,0,0,0,0,0,0,0,7136,1,7,29.756043469731033,1.6885000000002037,30895.774500000014,23943.934837443947
1788766778,100,GET,GET /articles (anon),0.000000,0.000000,0,0,0,0,0,0,0,0,0,0,0,4749,1,7,31.61973097494294,1.6885000000002037,30895.774500000014,26725.37565803327
1788766778,100,GET,GET /articles (list),0.000000,0.000000,0,0,0,0,0,0,0,0,0,0,0,1645,0,7,17.449027781152523,1.8614000000525266,961.0112000000299,25525.295440729482
1788766778,100,GET,GET /articles/{id} (detail),0.000000,0.000000,0,0,0,0,0,0,0,0,0,0,0,715,0,6,22.184231748252177,1.8880000000081054,1126.4698999998473,2728.9132867132867
1788766778,100,POST,[setup] POST /auth/login,0.000000,0.000000,0,0,0,0,0,0,0,0,0,0,0,27,0,670,652.2832370370301,264.8451000000023,1079.990399999815,178.74074074074073
1788766778,100,,Aggregated,0.000000,0.000000,0,0,0,0,0,0,0,0,0,0,0,7136,1,7,29.756043469731033,1.6885000000002037,30895.774500000014,23943.934837443947
1788766779,100,GET,GET /articles (anon),0.000000,0.000000,0,0,0,0,0,0,0,0,0,0,0,4749,1,7,31.61973097494294,1.6885000000002037,30895.774500000014,26725.37565803327
1788766779,100,GET,GET /articles (list),0.000000,0.000000,0,0,0,0,0,0,0,0,0,0,0,1645,0,7,17.449027781152523,1.8614000000525266,961.0112000000299,25525.295440729482
1788766779,100,GET,GET /articles/{id} (detail),0.000000,0.000000,0,0,0,0,0,0,0,0,0,0,0,715,0,6,22.184231748252177,1.8880000000081054,1126.4698999998473,2728.9132867132867
1788766779,100,POST,[setup] POST /auth/login,0.000000,0.000000,0,0,0,0,0,0,0,0,0,0,0,27,0,670,652.2832370370301,264.8451000000023,1079.990399999815,178.74074074074073
1788766779,100,,Aggregated,0.000000,0.000000,0,0,0,0,0,0,0,0,0,0,0,7136,1,7,29.756043469731033,1.6885000000002037,30895.774500000014,23943.934837443947
1788766780,100,GET,GET /articles (anon),0.000000,0.000000,0,0,0,0,0,0,0,0,0,0,0,4749,1,7,31.61973097494294,1.6885000000002037,30895.774500000014,26725.37565803327
1788766780,100,GET,GET /articles (list),0.000000,0.000000,0,0,0,0,0,0,0,0,0,0,0,1645,0,7,17.449027781152523,1.8614000000525266,961.0112000000299,25525.295440729482
1788766780,100,GET,GET /articles/{id} (detail),0.000000,0.000000,0,0,0,0,0,0,0,0,0,0,0,715,0,6,22.184231748252177,1.8880000000081054,1126.4698999998473,2728.9132867132867
1788766780,100,POST,[setup] POST /auth/login,0.000000,0.000000,0,0,0,0,0,0,0,0,0,0,0,27,0,670,652.2832370370301,264.8451000000023,1079.990399999815,178.74074074074073
1788766780,100,,Aggregated,0.000000,0.000000,0,0,0,0,0,0,0,0,0,0,0,7136,1,7,29.756043469731033,1.6885000000002037,30895.774500000014,23943.934837443947
1788766781,100,GET,GET /articles (anon),0.000000,0.000000,0,0,0,0,0,0,0,0,0,0,0,4749,1,7,31.61973097494294,1.6885000000002037,30895.774500000014,26725.37565803327
1788766781,100,GET,GET /articles (list),0.000000,0.000000,0,0,0,0,0,0,0,0,0,0,0,1645,0,7,17.449027781152523,1.8614000000525266,961.0112000000299,25525.295440729482
1788766781,100,GET,GET /articles/{id} (detail),0.000000,0.000000,0,0,0,0,0,0,0,0,0,0,0,715,0,6,22.184231748252177,1.8880000000081054,1126.4698999998473,2728.9132867132867
1788766781,100,POST,[setup] POST /auth/login,0.000000,0.000000,0,0,0,0,0,0,0,0,0,0,0,27,0,670,652.2832370370301,264.8451000000023,1079.990399999815,178.74074074074073
1788766781,100,,Aggregated,0.000000,0.000000,0,0,0,0,0,0,0,0,0,0,0,7136,1,7,29.756043469731033,1.6885000000002037,30895.774500000014,23943.934837443947
1788766782,100,GET,GET /articles (anon),0.000000,0.000000,0,0,0,0,0,0,0,0,0,0,0,4749,1,7,31.61973097494294,1.6885000000002037,30895.774500000014,26725.37565803327
1788766782,100,GET,GET /articles (list),0.000000,0.000000,0,0,0,0,0,0,0,0,0,0,0,1645,0,7,17.449027781152523,1.8614000000525266,961.0112000000299,25525.295440729482
1788766782,100,GET,GET /articles/{id} (detail),0.000000,0.000000,0,0,0,0,0,0,0,0,0,0,0,715,0,6,22.184231748252177,1.8880000000081054,1126.4698999998473,2728.9132867132867
1788766782,100,POST,[setup] POST /auth/login,0.000000,0.000000,0,0,0,0,0,0,0,0,0,0,0,27,0,670,652.2832370370301,264.8451000000023,1079.990399999815,178.74074074074073
1788766782,100,,Aggregated,0.000000,0.000000,0,0,0,0,0,0,0,0,0,0,0,7136,1,7,29.756043469731033,1.6885000000002037,30895.774500000014,23943.934837443947
1788766783,100,GET,GET /articles (anon),0.000000,0.000000,0,0,0,0,0,0,0,0,0,0,0,4749,1,7,31.61973097494294,1.6885000000002037,30895.774500000014,26725.37565803327
1788766783,100,GET,GET /articles (list),0.000000,0.000000,0,0,0,0,0,0,0,0,0,0,0,1645,0,7,17.449027781152523,1.8614000000525266,961.0112000000299,25525.295440729482
1788766783,100,GET,GET /articles/{id} (detail),0.000000,0.000000,0,0,0,0,0,0,0,0,0,0,0,715,0,6,22.184231748252177,1.8880000000081054,1126.4698999998473,2728.9132867132867
1788766783,100,POST,[setup] POST /auth/login,0.000000,0.000000,0,0,0,0,0,0,0,0,0,0,0,27,0,670,652.2832370370301,264.8451000000023,1079.990399999815,178.74074074074073
1788766783,100,,Aggregated,0.000000,0.000000,0,0,0,0,0,0,0,0,0,0,0,7136,1,7,29.756043469731033,1.6885000000002037,30895.774500000014,23943.934837443947
1788766784,100,GET,GET /articles (anon),0.000000,0.000000,0,0,0,0,0,0,0,0,0,0,0,4749,1,7,31.61973097494294,1.6885000000002037,30895.774500000014,26725.37565803327
1788766784,100,GET,GET /articles (list),0.000000,0.000000,0,0,0,0,0,0,0,0,0,0,0,1645,0,7,17.449027781152523,1.8614000000525266,961.0112000000299,25525.295440729482
1788766784,100,GET,GET /articles/{id} (detail),0.000000,0.000000,0,0,0,0,0,0,0,0,0,0,0,715,0,6,22.184231748252177,1.8880000000081054,1126.4698999998473,2728.9132867132867
1788766784,100,POST,[setup] POST /auth/login,0.000000,0.000000,0,0,0,0,0,0,0,0,0,0,0,27,0,670,652.2832370370301,264.8451000000023,1079.990399999815,178.74074074074073
1788766784,100,,Aggregated,0.000000,0.000000,0,0,0,0,0,0,0,0,0,0,0,7136,1,7,29.756043469731033,1.6885000000002037,30895.774500000014,23943.934837443947
1788766785,100,GET,GET /articles (anon),0.000000,0.000000,0,0,0,0,0,0,0,0,0,0,0,4749,1,7,31.61973097494294,1.6885000000002037,30895.774500000014,26725.37565803327
1788766785,100,GET,GET /articles (list),0.000000,0.000000,0,0,0,0,0,0,0,0,0,0,0,1645,0,7,17.449027781152523,1.8614000000525266,961.0112000000299,25525.295440729482
1788766785,100,GET,GET /articles/{id} (detail),0.000000,0.000000,0,0,0,0,0,0,0,0,0,0,0,715,0,6,22.184231748252177,1.8880000000081054,1126.4698999998473,2728.9132867132867
1788766785,100,POST,[setup] POST /auth/login,0.000000,0.000000,0,0,0,0,0,0,0,0,0,0,0,27,0,670,652.2832370370301,264.8451000000023,1079.990399999815,178.74074074074073
1788766785,100,,Aggregated,0.000000,0.000000,0,0,0,0,0,0,0,0,0,0,0,7136,1,7,29.756043469731033,1.6885000000002037,30895.774500000014,23943.934837443947
1788766786,100,GET,GET /articles (anon),0.000000,0.000000,0,0,0,0,0,0,0,0,0,0,0,4749,1,7,31.61973097494294,1.6885000000002037,30895.774500000014,26725.37565803327
1788766786,100,GET,GET /articles (list),0.000000,0.000000,0,0,0,0,0,0,0,0,0,0,0,1645,0,7,17.449027781152523,1.8614000000525266,961.0112000000299,25525.295440729482
1788766786,100,GET,GET /articles/{id} (detail),0.000000,0.000000,0,0,0,0,0,0,0,0,0,0,0,715,0,6,22.184231748252177,1.8880000000081054,1126.4698999998473,2728.9132867132867
1788766786,100,POST,[setup] POST /auth/login,0.000000,0.000000,0,0,0,0,0,0,0,0,0,0,0,27,0,670,652.2832370370301,264.8451000000023,1079.990399999815,178.74074074074073
1788766786,100,,Aggregated,0.000000,0.000000,0,0,0,0,0,0,0,0,0,0,0,7136,1,7,29.756043469731033,1.6885000000002037,30895.774500000014,23943.934837443947
1788766787,100,GET,GET /articles (anon),0.000000,0.000000,0,0,0,0,0,0,0,0,0,0,0,4749,1,7,31.61973097494294,1.6885000000002037,30895.774500000014,26725.37565803327
1788766787,100,GET,GET /articles (list),0.000000,0.000000,0,0,0,0,0,0,0,0,0,0,0,1645,0,7,17.449027781152523,1.8614000000525266,961.0112000000299,25525.295440729482
1788766787,100,GET,GET /articles/{id} (detail),0.000000,0.000000,0,0,0,0,0,0,0,0,0,0,0,715,0,6,22.184231748252177,1.8880000000081054,1126.4698999998473,2728.9132867132867
1788766787,100,POST,[setup] POST /auth/login,0.000000,0.000000,0,0,0,0,0,0,0,0,0,0,0,27,0,670,652.2832370370301,264.8451000000023,1079.990399999815,178.74074074074073
1788766787,100,,Aggregated,0.000000,0.000000,0,0,0,0,0,0,0,0,0,0,0,7136,1,7,29.756043469731033,1.6885000000002037,30895.774500000014,23943.934837443947
1788766788,100,GET,GET /articles (anon),0.000000,0.000000,0,0,0,0,0,0,0,0,0,0,0,4749,1,7,31.61973097494294,1.6885000000002037,30895.774500000014,26725.37565803327
1788766788,100,GET,GET /articles (list),0.000000,0.000000,0,0,0,0,0,0,0,0,0,0,0,1645,0,7,17.449027781152523,1.8614000000525266,961.0112000000299,25525.295440729482
1788766788,100,GET,GET /articles/{id} (detail),0.000000,0.000000,0,0,0,0,0,0,0,0,0,0,0,715,0,6,22.184231748252177,1.8880000000081054,1126.4698999998473,2728.9132867132867
1788766788,100,POST,[setup] POST /auth/login,0.000000,0.000000,0,0,0,0,0,0,0,0,0,0,0,27,0,670,652.2832370370301,264.8451000000023,1079.990399999815,178.74074074074073
1788766788,100,,Aggregated,0.000000,0.000000,0,0,0,0,0,0,0,0,0,0,0,7136,1,7,29.756043469731033,1.6885000000002037,30895.774500000014,23943.934837443947
1788766789,100,GET,GET /articles (anon),0.000000,0.000000,0,0,0,0,0,0,0,0,0,0,0,4749,1,7,31.61973097494294,1.6885000000002037,30895.774500000014,26725.37565803327
1788766789,100,GET,GET /articles (list),0.000000,0.000000,0,0,0,0,0,0,0,0,0,0,0,1645,0,7,17.449027781152523,1.8614000000525266,961.0112000000299,25525.295440729482
1788766789,100,GET,GET /articles/{id} (detail),0.000000,0.000000,0,0,0,0,0,0,0,0,0,0,0,715,0,6,22.184231748252177,1.8880000000081054,1126.4698999998473,2728.9132867132867
1788766789,100,POST,[setup] POST /auth/login,0.000000,0.000000,0,0,0,0,0,0,0,0,0,0,0,27,0,670,652.2832370370301,264.8451000000023,1079.990399999815,178.74074074074073
1788766789,100,,Aggregated,0.000000,0.000000,0,0,0,0,0,0,0,0,0,0,0,7136,1,7,29.756043469731033,1.6885000000002037,30895.774500000014,23943.934837443947
1788766790,100,GET,GET /articles (anon),0.000000,0.000000,0,0,0,0,0,0,0,0,0,0,0,4749,1,7,31.61973097494294,1.6885000000002037,30895.774500000014,26725.37565803327
1788766790,100,GET,GET /articles (list),0.000000,0.000000,0,0,0,0,0,0,0,0,0,0,0,1645,0,7,17.449027781152523,1.8614000000525266,961.0112000000299,25525.295440729482
1788766790,100,GET,GET /articles/{id} (detail),0.000000,0.000000,0,0,0,0,0,0,0,0,0,0,0,715,0,6,22.184231748252177,1.8880000000081054,1126.4698999998473,2728.9132867132867
1788766790,100,POST,[setup] POST /auth/login,0.000000,0.000000,0,0,0,0,0,0,0,0,0,0,0,27,0,670,652.2832370370301,264.8451000000023,1079.990399999815,178.74074074074073
1788766790,100,,Aggregated,0.000000,0.000000,0,0,0,0,0,0,0,0,0,0,0,7136,1,7,29.756043469731033,1.6885000000002037,30895.774500000014,23943.934837443947
1788766791,100,GET,GET /articles (anon),0.000000,0.000000,0,0,0,0,0,0,0,0,0,0,0,4749,1,7,31.61973097494294,1.6885000000002037,30895.774500000014,26725.37565803327
1788766791,100,GET,GET /articles (list),0.000000,0.000000,0,0,0,0,0,0,0,0,0,0,0,1645,0,7,17.449027781152523,1.8614000000525266,961.0112000000299,25525.295440729482
1788766791,100,GET,GET /articles/{id} (detail),0.000000,0.000000,0,0,0,0,0,0,0,0,0,0,0,715,0,6,22.184231748252177,1.8880000000081054,1126.4698999998473,2728.9132867132867
1788766791,100,POST,[setup] POST /auth/login,0.000000,0.000000,0,0,0,0,0,0,0,0,0,0,0,27,0,670,652.2832370370301,264.8451000000023,1079.990399999815,178.74074074074073
1788766791,100,,Aggregated,0.000000,0.000000,0,0,0,0,0,0,0,0,0,0,0,7136,1,7,29.756043469731033,1.6885000000002037,30895.774500000014,23943.934837443947
1788766792,110,GET,GET /articles (anon),0.000000,0.000000,0,0,0,0,0,0,0,0,0,0,0,4749,1,7,31.61973097494294,1.6885000000002037,30895.774500000014,26725.37565803327
1788766792,110,GET,GET /articles (list),0.000000,0.000000,0,0,0,0,0,0,0,0,0,0,0,1645,0,7,17.449027781152523,1.8614000000525266,961.0112000000299,25525.295440729482
1788766792,110,GET,GET /articles/{id} (detail),0.000000,0.000000,0,0,0,0,0,0,0,0,0,0,0,715,0,6,22.184231748252177,1.8880000000081054,1126.4698999998473,2728.9132867132867
1788766792,110,POST,[setup] POST /auth/login,0.000000,0.000000,0,0,0,0,0,0,0,0,0,0,0,27,0,670,652.2832370370301,264.8451000000023,1079.990399999815,178.74074074074073
1788766792,110,,Aggregated,0.000000,0.000000,0,0,0,0,0,0,0,0,0,0,0,7136,1,7,29.756043469731033,1.6885000000002037,30895.774500000014,23943.934837443947
1788766793,120,GET,GET /articles (anon),0.000000,0.000000,0,0,0,0,0,0,0,0,0,0,0,4749,1,7,31.61973097494294,1.6885000000002037,30895.774500000014,26725.37565803327
1788766793,120,GET,GET /articles (list),0.000000,0.000000,0,0,0,0,0,0,0,0,0,0,0,1645,0,7,17.449027781152523,1.8614000000525266,961.0112000000299,25525.295440729482
1788766793,120,GET,GET /articles/{id} (detail),0.000000,0.000000,0,0,0,0,0,0,0,0,0,0,0,715,0,6,22.184231748252177,1.8880000000081054,1126.4698999998473,2728.9132867132867
1788766793,120,POST,[setup] POST /auth/login,0.000000,0.000000,0,0,0,0,0,0,0,0,0,0,0,27,0,670,652.2832370370301,264.8451000000023,1079.990399999815,178.74074074074073
1788766793,120,,Aggregated,0.000000,0.000000,0,0,0,0,0,0,0,0,0,0,0,7136,1,7,29.756043469731033,1.6885000000002037,30895.774500000014,23943.934837443947
1788766794,130,GET,GET /articles (anon),0.000000,0.000000,0,0,0,0,0,0,0,0,0,0,0,4749,1,7,31.61973097494294,1.6885000000002037,30895.774500000014,26725.37565803327
1788766794,130,GET,GET /articles (list),0.000000,0.000000,0,0,0,0,0,0,0,0,0,0,0,1645,0,7,17.449027781152523,1.8614000000525266,961.0112000000299,25525.295440729482
1788766794,130,GET,GET /articles/{id} (detail),0.000000,0.000000,0,0,0,0,0,0,0,0,0,0,0,715,0,6,22.184231748252177,1.8880000000081054,1126.4698999998473,2728.9132867132867
1788766794,130,POST,[setup] POST /auth/login,0.000000,0.000000,0,0,0,0,0,0,0,0,0,0,0,27,0,670,652.2832370370301,264.8451000000023,1079.990399999815,178.74074074074073
1788766794,130,,Aggregated,0.000000,0.000000,0,0,0,0,0,0,0,0,0,0,0,7136,1,7,29.756043469731033,1.6885000000002037,30895.774500000014,23943.934837443947
1788766795,140,GET,GET /articles (anon),0.000000,0.000000,0,0,0,0,0,0,0,0,0,0,0,4785,28,7,941.9724402089875,1.6885000000002037,121391.84240000031,26574.703239289447
1788766795,140,GET,GET /articles (list),0.000000,0.000000,0,0,0,0,0,0,0,0,0,0,0,1656,7,7,820.6659165458912,1.8614000000525266,121294.6565000002,25419.59842995169
1788766795,140,GET,GET /articles/{id} (detail),0.000000,0.000000,0,0,0,0,0,0,0,0,0,0,0,722,5,6,1194.788008033241,1.8880000000081054,121340.08419999987,2712.3836565096954
1788766795,140,POST,[setup] POST /auth/login,0.000000,0.000000,0,0,0,0,0,0,0,0,0,0,0,27,0,670,652.2832370370301,264.8451000000023,1079.990399999815,178.74074074074073
1788766795,140,,Aggregated,0.000000,0.000000,0,0,0,0,0,0,0,0,0,0,0,7190,40,7,938.3323328789988,1.6885000000002037,121391.84240000031,23813.348678720446
1788766796,150,GET,GET /articles (anon),0.000000,0.000000,121000,121000,121000,121000,121000,121000,121000,121000,121000,121000,121000,4785,28,7,941.9724402089875,1.6885000000002037,121391.84240000031,26574.703239289447
1788766796,150,GET,GET /articles (list),0.000000,0.000000,121000,121000,121000,121000,121000,121000,121000,121000,121000,121000,121000,1656,7,7,820.6659165458912,1.8614000000525266,121294.6565000002,25419.59842995169
1788766796,150,GET,GET /articles/{id} (detail),0.000000,0.000000,121000,121000,121000,121000,121000,121000,121000,121000,121000,121000,121000,722,5,6,1194.788008033241,1.8880000000081054,121340.08419999987,2712.3836565096954
1788766796,150,POST,[setup] POST /auth/login,0.000000,0.000000,0,0,0,0,0,0,0,0,0,0,0,27,0,670,652.2832370370301,264.8451000000023,1079.990399999815,178.74074074074073
1788766796,150,,Aggregated,0.000000,0.000000,121000,121000,121000,121000,121000,121000,121000,121000,121000,121000,121000,7190,40,7,938.3323328789988,1.6885000000002037,121391.84240000031,23813.348678720446
1788766797,150,GET,GET /articles (anon),0.000000,0.000000,121000,121000,121000,121000,121000,121000,121000,121000,121000,121000,121000,4785,28,7,941.9724402089875,1.6885000000002037,121391.84240000031,26574.703239289447
1788766797,150,GET,GET /articles (list),0.000000,0.000000,121000,121000,121000,121000,121000,121000,121000,121000,121000,121000,121000,1656,7,7,820.6659165458912,1.8614000000525266,121294.6565000002,25419.59842995169
1788766797,150,GET,GET /articles/{id} (detail),0.000000,0.000000,121000,121000,121000,121000,121000,121000,121000,121000,121000,121000,121000,722,5,6,1194.788008033241,1.8880000000081054,121340.08419999987,2712.3836565096954
1788766797,150,POST,[setup] POST /auth/login,0.000000,0.000000,0,0,0,0,0,0,0,0,0,0,0,27,0,670,652.2832370370301,264.8451000000023,1079.990399999815,178.74074074074073
1788766797,150,,Aggregated,0.000000,0.000000,121000,121000,121000,121000,121000,121000,121000,121000,121000,121000,121000,7190,40,7,938.3323328789988,1.6885000000002037,121391.84240000031,23813.348678720446
1788766798,150,GET,GET /articles (anon),0.000000,0.000000,121000,121000,121000,121000,121000,121000,121000,121000,121000,121000,121000,4785,28,7,941.9724402089875,1.6885000000002037,121391.84240000031,26574.703239289447
1788766798,150,GET,GET /articles (list),0.000000,0.000000,121000,121000,121000,121000,121000,121000,121000,121000,121000,121000,121000,1656,7,7,820.6659165458912,1.8614000000525266,121294.6565000002,25419.59842995169
1788766798,150,GET,GET /articles/{id} (detail),0.000000,0.000000,121000,121000,121000,121000,121000,121000,121000,121000,121000,121000,121000,722,5,6,1194.788008033241,1.8880000000081054,121340.08419999987,2712.3836565096954
1788766798,150,POST,[setup] POST /auth/login,0.000000,0.000000,0,0,0,0,0,0,0,0,0,0,0,27,0,670,652.2832370370301,264.8451000000023,1079.990399999815,178.74074074074073
1788766798,150,,Aggregated,0.000000,0.000000,121000,121000,121000,121000,121000,121000,121000,121000,121000,121000,121000,7190,40,7,938.3323328789988,1.6885000000002037,121391.84240000031,23813.348678720446
1788766799,150,GET,GET /articles (anon),0.000000,0.000000,121000,121000,121000,121000,121000,121000,121000,121000,121000,121000,121000,4785,28,7,941.9724402089875,1.6885000000002037,121391.84240000031,26574.703239289447
1788766799,150,GET,GET /articles (list),0.000000,0.000000,121000,121000,121000,121000,121000,121000,121000,121000,121000,121000,121000,1656,7,7,820.6659165458912,1.8614000000525266,121294.6565000002,25419.59842995169
1788766799,150,GET,GET /articles/{id} (detail),0.000000,0.000000,121000,121000,121000,121000,121000,121000,121000,121000,121000,121000,121000,722,5,6,1194.788008033241,1.8880000000081054,121340.08419999987,2712.3836565096954
1788766799,150,POST,[setup] POST /auth/login,0.000000,0.000000,0,0,0,0,0,0,0,0,0,0,0,27,0,670,652.2832370370301,264.8451000000023,1079.990399999815,178.74074074074073
1788766799,150,,Aggregated,0.000000,0.000000,121000,121000,121000,121000,121000,121000,121000,121000,121000,121000,121000,7190,40,7,938.3323328789988,1.6885000000002037,121391.84240000031,23813.348678720446
1788766800,150,GET,GET /articles (anon),0.000000,0.000000,121000,121000,121000,121000,121000,121000,121000,121000,121000,121000,121000,4785,28,7,941.9724402089875,1.6885000000002037,121391.84240000031,26574.703239289447
1788766800,150,GET,GET /articles (list),0.000000,0.000000,121000,121000,121000,121000,121000,121000,121000,121000,121000,121000,121000,1656,7,7,820.6659165458912,1.8614000000525266,121294.6565000002,25419.59842995169
1788766800,150,GET,GET /articles/{id} (detail),0.000000,0.000000,121000,121000,121000,121000,121000,121000,121000,121000,121000,121000,121000,722,5,6,1194.788008033241,1.8880000000081054,121340.08419999987,2712.3836565096954
1788766800,150,POST,[setup] POST /auth/login,0.000000,0.000000,0,0,0,0,0,0,0,0,0,0,0,27,0,670,652.2832370370301,264.8451000000023,1079.990399999815,178.74074074074073
1788766800,150,,Aggregated,0.000000,0.000000,121000,121000,121000,121000,121000,121000,121000,121000,121000,121000,121000,7190,40,7,938.3323328789988,1.6885000000002037,121391.84240000031,23813.348678720446
1788766801,150,GET,GET /articles (anon),0.000000,0.000000,121000,121000,121000,121000,121000,121000,121000,121000,121000,121000,121000,4785,28,7,941.9724402089875,1.6885000000002037,121391.84240000031,26574.703239289447
1788766801,150,GET,GET /articles (list),0.000000,0.000000,121000,121000,121000,121000,121000,121000,121000,121000,121000,121000,121000,1656,7,7,820.6659165458912,1.8614000000525266,121294.6565000002,25419.59842995169
1788766801,150,GET,GET /articles/{id} (detail),0.000000,0.000000,121000,121000,121000,121000,121000,121000,121000,121000,121000,121000,121000,722,5,6,1194.788008033241,1.8880000000081054,121340.08419999987,2712.3836565096954
1788766801,150,POST,[setup] POST /auth/login,0.000000,0.000000,0,0,0,0,0,0,0,0,0,0,0,27,0,670,652.2832370370301,264.8451000000023,1079.990399999815,178.74074074074073
1788766801,150,,Aggregated,0.000000,0.000000,121000,121000,121000,121000,121000,121000,121000,121000,121000,121000,121000,7190,40,7,938.3323328789988,1.6885000000002037,121391.84240000031,23813.348678720446
1788766802,150,GET,GET /articles (anon),0.000000,0.000000,121000,121000,121000,121000,121000,121000,121000,121000,121000,121000,121000,4785,28,7,941.9724402089875,1.6885000000002037,121391.84240000031,26574.703239289447
1788766802,150,GET,GET /articles (list),0.000000,0.000000,121000,121000,121000,121000,121000,121000,121000,121000,121000,121000,121000,1656,7,7,820.6659165458912,1.8614000000525266,121294.6565000002,25419.59842995169
1788766802,150,GET,GET /articles/{id} (detail),0.000000,0.000000,121000,121000,121000,121000,121000,121000,121000,121000,121000,121000,121000,722,5,6,1194.788008033241,1.8880000000081054,121340.08419999987,2712.3836565096954
1788766802,150,POST,[setup] POST /auth/login,0.000000,0.000000,0,0,0,0,0,0,0,0,0,0,0,27,0,670,652.2832370370301,264.8451000000023,1079.990399999815,178.74074074074073
1788766802,150,,Aggregated,0.000000,0.000000,121000,121000,121000,121000,121000,121000,121000,121000,121000,121000,121000,7190,40,7,938.3323328789988,1.6885000000002037,121391.84240000031,23813.348678720446
1788766803,150,GET,GET /articles (anon),0.000000,0.000000,121000,121000,121000,121000,121000,121000,121000,121000,121000,121000,121000,4785,28,7,941.9724402089875,1.6885000000002037,121391.84240000031,26574.703239289447
1788766803,150,GET,GET /articles (list),0.000000,0.000000,121000,121000,121000,121000,121000,121000,121000,121000,121000,121000,121000,1656,7,7,820.6659165458912,1.8614000000525266,121294.6565000002,25419.59842995169
1788766803,150,GET,GET /articles/{id} (detail),0.000000,0.000000,121000,121000,121000,121000,121000,121000,121000,121000,121000,121000,121000,722,5,6,1194.788008033241,1.8880000000081054,121340.08419999987,2712.3836565096954
1788766803,150,POST,[setup] POST /auth/login,0.000000,0.000000,0,0,0,0,0,0,0,0,0,0,0,27,0,670,652.2832370370301,264.8451000000023,1079.990399999815,178.74074074074073
1788766803,150,,Aggregated,0.000000,0.000000,121000,121000,121000,121000,121000,121000,121000,121000,121000,121000,121000,7190,40,7,938.3323328789988,1.6885000000002037,121391.84240000031,23813.348678720446
1788766804,150,GET,GET /articles (anon),0.000000,0.000000,121000,121000,121000,121000,121000,121000,121000,121000,121000,121000,121000,4785,28,7,941.9724402089875,1.6885000000002037,121391.84240000031,26574.703239289447
1788766804,150,GET,GET /articles (list),0.000000,0.000000,121000,121000,121000,121000,121000,121000,121000,121000,121000,121000,121000,1656,7,7,820.6659165458912,1.8614000000525266,121294.6565000002,25419.59842995169
1788766804,150,GET,GET /articles/{id} (detail),0.000000,0.000000,121000,121000,121000,121000,121000,121000,121000,121000,121000,121000,121000,722,5,6,1194.788008033241,1.8880000000081054,121340.08419999987,2712.3836565096954
1788766804,150,POST,[setup] POST /auth/login,0.000000,0.000000,0,0,0,0,0,0,0,0,0,0,0,27,0,670,652.2832370370301,264.8451000000023,1079.990399999815,178.74074074074073
1788766804,150,,Aggregated,0.000000,0.000000,121000,121000,121000,121000,121000,121000,121000,121000,121000,121000,121000,7190,40,7,938.3323328789988,1.6885000000002037,121391.84240000031,23813.348678720446
1788766805,150,GET,GET /articles (anon),0.000000,0.000000,121000,121000,121000,121000,121000,121000,121000,121000,121000,121000,121000,4785,28,7,941.9724402089875,1.6885000000002037,121391.84240000031,26574.703239289447
1788766805,150,GET,GET /articles (list),0.000000,0.000000,121000,121000,121000,121000,121000,121000,121000,121000,121000,121000,121000,1656,7,7,820.6659165458912,1.8614000000525266,121294.6565000002,25419.59842995169
1788766805,150,GET,GET /articles/{id} (detail),0.000000,0.000000,121000,121000,121000,121000,121000,121000,121000,121000,121000,121000,121000,722,5,6,1194.788008033241,1.8880000000081054,121340.08419999987,2712.3836565096954
1788766805,150,POST,[setup] POST /auth/login,0.000000,0.000000,0,0,0,0,0,0,0,0,0,0,0,27,0,670,652.2832370370301,264.8451000000023,1079.990399999815,178.74074074074073
1788766805,150,,Aggregated,0.000000,0.000000,121000,121000,121000,121000,121000,121000,121000,121000,121000,121000,121000,7190,40,7,938.3323328789988,1.6885000000002037,121391.84240000031,23813.348678720446
1788766806,150,GET,GET /articles (anon),0.000000,0.000000,121000,121000,121000,121000,121000,121000,121000,121000,121000,121000,121000,4785,28,7,941.9724402089875,1.6885000000002037,121391.84240000031,26574.703239289447
1788766806,150,GET,GET /articles (list),0.000000,0.000000,121000,121000,121000,121000,121000,121000,121000,121000,121000,121000,121000,1656,7,7,820.6659165458912,1.8614000000525266,121294.6565000002,25419.59842995169
1788766806,150,GET,GET /articles/{id} (detail),0.000000,0.000000,121000,121000,121000,121000,121000,121000,121000,121000,121000,121000,121000,722,5,6,1194.788008033241,1.8880000000081054,121340.08419999987,2712.3836565096954
1788766806,150,POST,[setup] POST /auth/login,0.000000,0.000000,0,0,0,0,0,0,0,0,0,0,0,27,0,670,652.2832370370301,264.8451000000023,1079.990399999815,178.74074074074073
1788766806,150,,Aggregated,0.000000,0.000000,121000,121000,121000,121000,121000,121000,121000,121000,121000,121000,121000,7190,40,7,938.3323328789988,1.6885000000002037,121391.84240000031,23813.348678720446
1788766807,150,GET,GET /articles (anon),0.000000,0.000000,121000,121000,121000,121000,121000,121000,121000,121000,121000,121000,121000,4785,28,7,941.9724402089875,1.6885000000002037,121391.84240000031,26574.703239289447
1788766807,150,GET,GET /articles (list),0.000000,0.000000,121000,121000,121000,121000,121000,121000,121000,121000,121000,121000,121000,1656,7,7,820.6659165458912,1.8614000000525266,121294.6565000002,25419.59842995169
1788766807,150,GET,GET /articles/{id} (detail),0.000000,0.000000,121000,121000,121000,121000,121000,121000,121000,121000,121000,121000,121000,722,5,6,1194.788008033241,1.8880000000081054,121340.08419999987,2712.3836565096954
1788766807,150,POST,[setup] POST /auth/login,0.000000,0.000000,0,0,0,0,0,0,0,0,0,0,0,27,0,670,652.2832370370301,264.8451000000023,1079.990399999815,178.74074074074073
1788766807,150,,Aggregated,0.000000,0.000000,121000,121000,121000,121000,121000,121000,121000,121000,121000,121000,121000,7190,40,7,938.3323328789988,1.6885000000002037,121391.84240000031,23813.348678720446
1788766808,150,GET,GET /articles (anon),0.000000,0.000000,121000,121000,121000,121000,121000,121000,121000,121000,121000,121000,121000,4785,28,7,941.9724402089875,1.6885000000002037,121391.84240000031,26574.703239289447
1788766808,150,GET,GET /articles (list),0.000000,0.000000,121000,121000,121000,121000,121000,121000,121000,121000,121000,121000,121000,1656,7,7,820.6659165458912,1.8614000000525266,121294.6565000002,25419.59842995169
1788766808,150,GET,GET /articles/{id} (detail),0.000000,0.000000,121000,121000,121000,121000,121000,121000,121000,121000,121000,121000,121000,722,5,6,1194.788008033241,1.8880000000081054,121340.08419999987,2712.3836565096954
1788766808,150,POST,[setup] POST /auth/login,0.000000,0.000000,0,0,0,0,0,0,0,0,0,0,0,27,0,670,652.2832370370301,264.8451000000023,1079.990399999815,178.74074074074073
1788766808,150,,Aggregated,0.000000,0.000000,121000,121000,121000,121000,121000,121000,121000,121000,121000,121000,121000,7190,40,7,938.3323328789988,1.6885000000002037,121391.84240000031,23813.348678720446
1788766809,150,GET,GET /articles (anon),0.000000,0.000000,121000,121000,121000,121000,121000,121000,121000,121000,121000,121000,121000,4785,28,7,941.9724402089875,1.6885000000002037,121391.84240000031,26574.703239289447
1788766809,150,GET,GET /articles (list),0.000000,0.000000,121000,121000,121000,121000,121000,121000,121000,121000,121000,121000,121000,1656,7,7,820.6659165458912,1.8614000000525266,121294.6565000002,25419.59842995169
1788766809,150,GET,GET /articles/{id} (detail),0.000000,0.000000,121000,121000,121000,121000,121000,121000,121000,121000,121000,121000,121000,722,5,6,1194.788008033241,1.8880000000081054,121340.08419999987,2712.3836565096954
1788766809,150,POST,[setup] POST /auth/login,0.000000,0.000000,0,0,0,0,0,0,0,0,0,0,0,27,0,670,652.2832370370301,264.8451000000023,1079.990399999815,178.74074074074073
1788766809,150,,Aggregated,0.000000,0.000000,121000,121000,121000,121000,121000,121000,121000,121000,121000,121000,121000,7190,40,7,938.3323328789988,1.6885000000002037,121391.84240000031,23813.348678720446
1788766810,150,GET,GET /articles (anon),0.000000,0.000000,121000,121000,121000,121000,121000,121000,121000,121000,121000,121000,121000,4785,28,7,941.9724402089875,1.6885000000002037,121391.84240000031,26574.703239289447
1788766810,150,GET,GET /articles (list),0.000000,0.000000,121000,121000,121000,121000,121000,121000,121000,121000,121000,121000,121000,1656,7,7,820.6659165458912,1.8614000000525266,121294.6565000002,25419.59842995169
1788766810,150,GET,GET /articles/{id} (detail),0.000000,0.000000,121000,121000,121000,121000,121000,121000,121000,121000,121000,121000,121000,722,5,6,1194.788008033241,1.8880000000081054,121340.08419999987,2712.3836565096954
1788766810,150,POST,[setup] POST /auth/login,0.000000,0.000000,0,0,0,0,0,0,0,0,0,0,0,27,0,670,652.2832370370301,264.8451000000023,1079.990399999815,178.74074074074073
1788766810,150,,Aggregated,0.000000,0.000000,121000,121000,121000,121000,121000,121000,121000,121000,121000,121000,121000,7190,40,7,938.3323328789988,1.6885000000002037,121391.84240000031,23813.348678720446
1788766811,150,GET,GET /articles (anon),0.000000,0.000000,121000,121000,121000,121000,121000,121000,121000,121000,121000,121000,121000,4785,28,7,941.9724402089875,1.6885000000002037,121391.84240000031,26574.703239289447
1788766811,150,GET,GET /articles (list),0.000000,0.000000,121000,121000,121000,121000,121000,121000,121000,121000,121000,121000,121000,1656,7,7,820.6659165458912,1.8614000000525266,121294.6565000002,25419.59842995169
1788766811,150,GET,GET /articles/{id} (detail),0.000000,0.000000,121000,121000,121000,121000,121000,121000,121000,121000,121000,121000,121000,722,5,6,1194.788008033241,1.8880000000081054,121340.08419999987,2712.3836565096954
1788766811,150,POST,[setup] POST /auth/login,0.000000,0.000000,0,0,0,0,0,0,0,0,0,0,0,27,0,670,652.2832370370301,264.8451000000023,1079.990399999815,178.74074074074073
1788766811,150,,Aggregated,0.000000,0.000000,121000,121000,121000,121000,121000,121000,121000,121000,121000,121000,121000,7190,40,7,938.3323328789988,1.6885000000002037,121391.84240000031,23813.348678720446
1788766812,150,GET,GET /articles (anon),0.000000,0.000000,121000,121000,121000,121000,121000,121000,121000,121000,121000,121000,121000,4785,28,7,941.9724402089875,1.6885000000002037,121391.84240000031,26574.703239289447
1788766812,150,GET,GET /articles (list),0.000000,0.000000,121000,121000,121000,121000,121000,121000,121000,121000,121000,121000,121000,1656,7,7,820.6659165458912,1.8614000000525266,121294.6565000002,25419.59842995169
1788766812,150,GET,GET /articles/{id} (detail),0.000000,0.000000,121000,121000,121000,121000,121000,121000,121000,121000,121000,121000,121000,722,5,6,1194.788008033241,1.8880000000081054,121340.08419999987,2712.3836565096954
1788766812,150,POST,[setup] POST /auth/login,0.000000,0.000000,0,0,0,0,0,0,0,0,0,0,0,27,0,670,652.2832370370301,264.8451000000023,1079.990399999815,178.74074074074073
1788766812,150,,Aggregated,0.000000,0.000000,121000,121000,121000,121000,121000,121000,121000,121000,121000,121000,121000,7190,40,7,938.3323328789988,1.6885000000002037,121391.84240000031,23813.348678720446
1788766813,150,GET,GET /articles (anon),0.000000,0.000000,0,0,0,0,0,0,0,0,0,0,0,4785,28,7,941.9724402089875,1.6885000000002037,121391.84240000031,26574.703239289447
1788766813,150,GET,GET /articles (list),0.000000,0.000000,0,0,0,0,0,0,0,0,0,0,0,1656,7,7,820.6659165458912,1.8614000000525266,121294.6565000002,25419.59842995169
1788766813,150,GET,GET /articles/{id} (detail),0.000000,0.000000,0,0,0,0,0,0,0,0,0,0,0,722,5,6,1194.788008033241,1.8880000000081054,121340.08419999987,2712.3836565096954
1788766813,150,POST,[setup] POST /auth/login,0.000000,0.000000,0,0,0,0,0,0,0,0,0,0,0,27,0,670,652.2832370370301,264.8451000000023,1079.990399999815,178.74074074074073
1788766813,150,,Aggregated,0.000000,0.000000,0,0,0,0,0,0,0,0,0,0,0,7190,40,7,938.3323328789988,1.6885000000002037,121391.84240000031,23813.348678720446
1788766814,150,GET,GET /articles (anon),0.000000,0.000000,0,0,0,0,0,0,0,0,0,0,0,4785,28,7,941.9724402089875,1.6885000000002037,121391.84240000031,26574.703239289447
1788766814,150,GET,GET /articles (list),0.000000,0.000000,0,0,0,0,0,0,0,0,0,0,0,1656,7,7,820.6659165458912,1.8614000000525266,121294.6565000002,25419.59842995169
1788766814,150,GET,GET /articles/{id} (detail),0.000000,0.000000,0,0,0,0,0,0,0,0,0,0,0,722,5,6,1194.788008033241,1.8880000000081054,121340.08419999987,2712.3836565096954
1788766814,150,POST,[setup] POST /auth/login,0.000000,0.000000,0,0,0,0,0,0,0,0,0,0,0,27,0,670,652.2832370370301,264.8451000000023,1079.990399999815,178.74074074074073
1788766814,150,,Aggregated,0.000000,0.000000,0,0,0,0,0,0,0,0,0,0,0,7190,40,7,938.3323328789988,1.6885000000002037,121391.84240000031,23813.348678720446
1788766815,150,GET,GET /articles (anon),0.000000,0.000000,0,0,0,0,0,0,0,0,0,0,0,4785,28,7,941.9724402089875,1.6885000000002037,121391.84240000031,26574.703239289447
1788766815,150,GET,GET /articles (list),0.000000,0.000000,0,0,0,0,0,0,0,0,0,0,0,1656,7,7,820.6659165458912,1.8614000000525266,121294.6565000002,25419.59842995169
1788766815,150,GET,GET /articles/{id} (detail),0.000000,0.000000,0,0,0,0,0,0,0,0,0,0,0,722,5,6,1194.788008033241,1.8880000000081054,121340.08419999987,2712.3836565096954
1788766815,150,POST,[setup] POST /auth/login,0.000000,0.000000,0,0,0,0,0,0,0,0,0,0,0,27,0,670,652.2832370370301,264.8451000000023,1079.990399999815,178.74074074074073
1788766815,150,,Aggregated,0.000000,0.000000,0,0,0,0,0,0,0,0,0,0,0,7190,40,7,938.3323328789988,1.6885000000002037,121391.84240000031,23813.348678720446
1788766816,150,GET,GET /articles (anon),0.000000,0.000000,0,0,0,0,0,0,0,0,0,0,0,4785,28,7,941.9724402089875,1.6885000000002037,121391.84240000031,26574.703239289447
1788766816,150,GET,GET /articles (list),0.000000,0.000000,0,0,0,0,0,0,0,0,0,0,0,1656,7,7,820.6659165458912,1.8614000000525266,121294.6565000002,25419.59842995169
1788766816,150,GET,GET /articles/{id} (detail),0.000000,0.000000,0,0,0,0,0,0,0,0,0,0,0,722,5,6,1194.788008033241,1.8880000000081054,121340.08419999987,2712.3836565096954
1788766816,150,POST,[setup] POST /auth/login,0.000000,0.000000,0,0,0,0,0,0,0,0,0,0,0,27,0,670,652.2832370370301,264.8451000000023,1079.990399999815,178.74074074074073
1788766816,150,,Aggregated,0.000000,0.000000,0,0,0,0,0,0,0,0,0,0,0,7190,40,7,938.3323328789988,1.6885000000002037,121391.84240000031,23813.348678720446
1788766817,150,GET,GET /articles (anon),0.000000,0.000000,0,0,0,0,0,0,0,0,0,0,0,4785,28,7,941.9724402089875,1.6885000000002037,121391.84240000031,26574.703239289447
1788766817,150,GET,GET /articles (list),0.000000,0.000000,0,0,0,0,0,0,0,0,0,0,0,1656,7,7,820.6659165458912,1.8614000000525266,121294.6565000002,25419.59842995169
1788766817,150,GET,GET /articles/{id} (detail),0.000000,0.000000,0,0,0,0,0,0,0,0,0,0,0,722,5,6,1194.788008033241,1.8880000000081054,121340.08419999987,2712.3836565096954
1788766817,150,POST,[setup] POST /auth/login,0.000000,0.000000,0,0,0,0,0,0,0,0,0,0,0,27,0,670,652.2832370370301,264.8451000000023,1079.990399999815,178.74074074074073
1788766817,150,,Aggregated,0.000000,0.000000,0,0,0,0,0,0,0,0,0,0,0,7190,40,7,938.3323328789988,1.6885000000002037,121391.84240000031,23813.348678720446
1788766818,150,GET,GET /articles (anon),0.000000,0.000000,0,0,0,0,0,0,0,0,0,0,0,4785,28,7,941.9724402089875,1.6885000000002037,121391.84240000031,26574.703239289447
1788766818,150,GET,GET /articles (list),0.000000,0.000000,0,0,0,0,0,0,0,0,0,0,0,1656,7,7,820.6659165458912,1.8614000000525266,121294.6565000002,25419.59842995169
1788766818,150,GET,GET /articles/{id} (detail),0.000000,0.000000,0,0,0,0,0,0,0,0,0,0,0,722,5,6,1194.788008033241,1.8880000000081054,121340.08419999987,2712.3836565096954
1788766818,150,POST,[setup] POST /auth/login,0.000000,0.000000,0,0,0,0,0,0,0,0,0,0,0,27,0,670,652.2832370370301,264.8451000000023,1079.990399999815,178.74074074074073
1788766818,150,,Aggregated,0.000000,0.000000,0,0,0,0,0,0,0,0,0,0,0,7190,40,7,938.3323328789988,1.6885000000002037,121391.84240000031,23813.348678720446
1788766819,150,GET,GET /articles (anon),0.000000,0.000000,0,0,0,0,0,0,0,0,0,0,0,4785,28,7,941.9724402089875,1.6885000000002037,121391.84240000031,26574.703239289447
1788766819,150,GET,GET /articles (list),0.000000,0.000000,0,0,0,0,0,0,0,0,0,0,0,1656,7,7,820.6659165458912,1.8614000000525266,121294.6565000002,25419.59842995169
1788766819,150,GET,GET /articles/{id} (detail),0.000000,0.000000,0,0,0,0,0,0,0,0,0,0,0,722,5,6,1194.788008033241,1.8880000000081054,121340.08419999987,2712.3836565096954
1788766819,150,POST,[setup] POST /auth/login,0.000000,0.000000,0,0,0,0,0,0,0,0,0,0,0,27,0,670,652.2832370370301,264.8451000000023,1079.990399999815,178.74074074074073
1788766819,150,,Aggregated,0.000000,0.000000,0,0,0,0,0,0,0,0,0,0,0,7190,40,7,938.3323328789988,1.6885000000002037,121391.84240000031,23813.348678720446
1788766820,150,GET,GET /articles (anon),0.000000,0.000000,0,0,0,0,0,0,0,0,0,0,0,4785,28,7,941.9724402089875,1.6885000000002037,121391.84240000031,26574.703239289447
1788766820,150,GET,GET /articles (list),0.000000,0.000000,0,0,0,0,0,0,0,0,0,0,0,1656,7,7,820.6659165458912,1.8614000000525266,121294.6565000002,25419.59842995169
1788766820,150,GET,GET /articles/{id} (detail),0.000000,0.000000,0,0,0,0,0,0,0,0,0,0,0,722,5,6,1194.788008033241,1.8880000000081054,121340.08419999987,2712.3836565096954
1788766820,150,POST,[setup] POST /auth/login,0.000000,0.000000,0,0,0,0,0,0,0,0,0,0,0,27,0,670,652.2832370370301,264.8451000000023,1079.990399999815,178.74074074074073
1788766820,150,,Aggregated,0.000000,0.000000,0,0,0,0,0,0,0,0,0,0,0,7190,40,7,938.3323328789988,1.6885000000002037,121391.84240000031,23813.348678720446
1788766821,150,GET,GET /articles (anon),0.000000,0.000000,0,0,0,0,0,0,0,0,0,0,0,4785,28,7,941.9724402089875,1.6885000000002037,121391.84240000031,26574.703239289447
1788766821,150,GET,GET /articles (list),0.000000,0.000000,0,0,0,0,0,0,0,0,0,0,0,1656,7,7,820.6659165458912,1.8614000000525266,121294.6565000002,25419.59842995169
1788766821,150,GET,GET /articles/{id} (detail),0.000000,0.000000,0,0,0,0,0,0,0,0,0,0,0,722,5,6,1194.788008033241,1.8880000000081054,121340.08419999987,2712.3836565096954
1788766821,150,POST,[setup] POST /auth/login,0.000000,0.000000,0,0,0,0,0,0,0,0,0,0,0,27,0,670,652.2832370370301,264.8451000000023,1079.990399999815,178.74074074074073
1788766821,150,,Aggregated,0.000000,0.000000,0,0,0,0,0,0,0,0,0,0,0,7190,40,7,938.3323328789988,1.6885000000002037,121391.84240000031,23813.348678720446
1788766822,150,GET,GET /articles (anon),0.000000,0.000000,0,0,0,0,0,0,0,0,0,0,0,4785,28,7,941.9724402089875,1.6885000000002037,121391.84240000031,26574.703239289447
1788766822,150,GET,GET /articles (list),0.000000,0.000000,0,0,0,0,0,0,0,0,0,0,0,1656,7,7,820.6659165458912,1.8614000000525266,121294.6565000002,25419.59842995169
1788766822,150,GET,GET /articles/{id} (detail),0.000000,0.000000,0,0,0,0,0,0,0,0,0,0,0,722,5,6,1194.788008033241,1.8880000000081054,121340.08419999987,2712.3836565096954
1788766822,150,POST,[setup] POST /auth/login,0.000000,0.000000,0,0,0,0,0,0,0,0,0,0,0,27,0,670,652.2832370370301,264.8451000000023,1079.990399999815,178.74074074074073
1788766822,150,,Aggregated,0.000000,0.000000,0,0,0,0,0,0,0,0,0,0,0,7190,40,7,938.3323328789988,1.6885000000002037,121391.84240000031,23813.348678720446
1788766823,150,GET,GET /articles (anon),0.000000,0.000000,0,0,0,0,0,0,0,0,0,0,0,4785,28,7,941.9724402089875,1.6885000000002037,121391.84240000031,26574.703239289447
1788766823,150,GET,GET /articles (list),0.000000,0.000000,0,0,0,0,0,0,0,0,0,0,0,1656,7,7,820.6659165458912,1.8614000000525266,121294.6565000002,25419.59842995169
1788766823,150,GET,GET /articles/{id} (detail),0.000000,0.000000,0,0,0,0,0,0,0,0,0,0,0,722,5,6,1194.788008033241,1.8880000000081054,121340.08419999987,2712.3836565096954
1788766823,150,POST,[setup] POST /auth/login,0.000000,0.000000,0,0,0,0,0,0,0,0,0,0,0,27,0,670,652.2832370370301,264.8451000000023,1079.990399999815,178.74074074074073
1788766823,150,,Aggregated,0.000000,0.000000,0,0,0,0,0,0,0,0,0,0,0,7190,40,7,938.3323328789988,1.6885000000002037,121391.84240000031,23813.348678720446
1788766824,150,GET,GET /articles (anon),0.000000,0.000000,0,0,0,0,0,0,0,0,0,0,0,4785,28,7,941.9724402089875,1.6885000000002037,121391.84240000031,26574.703239289447
1788766824,150,GET,GET /articles (list),0.000000,0.000000,0,0,0,0,0,0,0,0,0,0,0,1656,7,7,820.6659165458912,1.8614000000525266,121294.6565000002,25419.59842995169
1788766824,150,GET,GET /articles/{id} (detail),0.000000,0.000000,0,0,0,0,0,0,0,0,0,0,0,722,5,6,1194.788008033241,1.8880000000081054,121340.08419999987,2712.3836565096954
1788766824,150,POST,[setup] POST /auth/login,0.000000,0.000000,0,0,0,0,0,0,0,0,0,0,0,27,0,670,652.2832370370301,264.8451000000023,1079.990399999815,178.74074074074073
1788766824,150,,Aggregated,0.000000,0.000000,0,0,0,0,0,0,0,0,0,0,0,7190,40,7,938.3323328789988,1.6885000000002037,121391.84240000031,23813.348678720446
1788766825,150,GET,GET /articles (anon),0.000000,0.000000,0,0,0,0,0,0,0,0,0,0,0,4785,28,7,941.9724402089875,1.6885000000002037,121391.84240000031,26574.703239289447
1788766825,150,GET,GET /articles (list),0.000000,0.000000,0,0,0,0,0,0,0,0,0,0,0,1656,7,7,820.6659165458912,1.8614000000525266,121294.6565000002,25419.59842995169
1788766825,150,GET,GET /articles/{id} (detail),0.000000,0.000000,0,0,0,0,0,0,0,0,0,0,0,722,5,6,1194.788008033241,1.8880000000081054,121340.08419999987,2712.3836565096954
1788766825,150,POST,[setup] POST /auth/login,0.000000,0.000000,0,0,0,0,0,0,0,0,0,0,0,27,0,670,652.2832370370301,264.8451000000023,1079.990399999815,178.74074074074073
1788766825,150,,Aggregated,0.000000,0.000000,0,0,0,0,0,0,0,0,0,0,0,7190,40,7,938.3323328789988,1.6885000000002037,121391.84240000031,23813.348678720446
1788766826,150,GET,GET /articles (anon),0.000000,0.000000,0,0,0,0,0,0,0,0,0,0,0,4785,28,7,941.9724402089875,1.6885000000002037,121391.84240000031,26574.703239289447
1788766826,150,GET,GET /articles (list),0.000000,0.000000,0,0,0,0,0,0,0,0,0,0,0,1656,7,7,820.6659165458912,1.8614000000525266,121294.6565000002,25419.59842995169
1788766826,150,GET,GET /articles/{id} (detail),0.000000,0.000000,0,0,0,0,0,0,0,0,0,0,0,722,5,6,1194.788008033241,1.8880000000081054,121340.08419999987,2712.3836565096954
1788766826,150,POST,[setup] POST /auth/login,0.000000,0.000000,0,0,0,0,0,0,0,0,0,0,0,27,0,670,652.2832370370301,264.8451000000023,1079.990399999815,178.74074074074073
1788766826,150,,Aggregated,0.000000,0.000000,0,0,0,0,0,0,0,0,0,0,0,7190,40,7,938.3323328789988,1.6885000000002037,121391.84240000031,23813.348678720446
1788766827,150,GET,GET /articles (anon),0.000000,0.000000,0,0,0,0,0,0,0,0,0,0,0,4785,28,7,941.9724402089875,1.6885000000002037,121391.84240000031,26574.703239289447
1788766827,150,GET,GET /articles (list),0.000000,0.000000,0,0,0,0,0,0,0,0,0,0,0,1656,7,7,820.6659165458912,1.8614000000525266,121294.6565000002,25419.59842995169
1788766827,150,GET,GET /articles/{id} (detail),0.000000,0.000000,0,0,0,0,0,0,0,0,0,0,0,722,5,6,1194.788008033241,1.8880000000081054,121340.08419999987,2712.3836565096954
1788766827,150,POST,[setup] POST /auth/login,0.000000,0.000000,0,0,0,0,0,0,0,0,0,0,0,27,0,670,652.2832370370301,264.8451000000023,1079.990399999815,178.74074074074073
1788766827,150,,Aggregated,0.000000,0.000000,0,0,0,0,0,0,0,0,0,0,0,7190,40,7,938.3323328789988,1.6885000000002037,121391.84240000031,23813.348678720446
1788766828,150,GET,GET /articles (anon),0.000000,0.000000,0,0,0,0,0,0,0,0,0,0,0,4785,28,7,941.9724402089875,1.6885000000002037,121391.84240000031,26574.703239289447
1788766828,150,GET,GET /articles (list),0.000000,0.000000,0,0,0,0,0,0,0,0,0,0,0,1656,7,7,820.6659165458912,1.8614000000525266,121294.6565000002,25419.59842995169
1788766828,150,GET,GET /articles/{id} (detail),0.000000,0.000000,0,0,0,0,0,0,0,0,0,0,0,722,5,6,1194.788008033241,1.8880000000081054,121340.08419999987,2712.3836565096954
1788766828,150,POST,[setup] POST /auth/login,0.000000,0.000000,0,0,0,0,0,0,0,0,0,0,0,27,0,670,652.2832370370301,264.8451000000023,1079.990399999815,178.74074074074073
1788766828,150,,Aggregated,0.000000,0.000000,0,0,0,0,0,0,0,0,0,0,0,7190,40,7,938.3323328789988,1.6885000000002037,121391.84240000031,23813.348678720446
1788766829,150,GET,GET /articles (anon),0.000000,0.000000,0,0,0,0,0,0,0,0,0,0,0,4785,28,7,941.9724402089875,1.6885000000002037,121391.84240000031,26574.703239289447
1788766829,150,GET,GET /articles (list),0.000000,0.000000,0,0,0,0,0,0,0,0,0,0,0,1656,7,7,820.6659165458912,1.8614000000525266,121294.6565000002,25419.59842995169
1788766829,150,GET,GET /articles/{id} (detail),0.000000,0.000000,0,0,0,0,0,0,0,0,0,0,0,722,5,6,1194.788008033241,1.8880000000081054,121340.08419999987,2712.3836565096954
1788766829,150,POST,[setup] POST /auth/login,0.000000,0.000000,0,0,0,0,0,0,0,0,0,0,0,27,0,670,652.2832370370301,264.8451000000023,1079.990399999815,178.74074074074073
1788766829,150,,Aggregated,0.000000,0.000000,0,0,0,0,0,0,0,0,0,0,0,7190,40,7,938.3323328789988,1.6885000000002037,121391.84240000031,23813.348678720446
1788766830,150,GET,GET /articles (anon),0.000000,0.000000,0,0,0,0,0,0,0,0,0,0,0,4785,28,7,941.9724402089875,1.6885000000002037,121391.84240000031,26574.703239289447
1788766830,150,GET,GET /articles (list),0.000000,0.000000,0,0,0,0,0,0,0,0,0,0,0,1656,7,7,820.6659165458912,1.8614000000525266,121294.6565000002,25419.59842995169
1788766830,150,GET,GET /articles/{id} (detail),0.000000,0.000000,0,0,0,0,0,0,0,0,0,0,0,722,5,6,1194.788008033241,1.8880000000081054,121340.08419999987,2712.3836565096954
1788766830,150,POST,[setup] POST /auth/login,0.000000,0.000000,0,0,0,0,0,0,0,0,0,0,0,27,0,670,652.2832370370301,264.8451000000023,1079.990399999815,178.74074074074073
1788766830,150,,Aggregated,0.000000,0.000000,0,0,0,0,0,0,0,0,0,0,0,7190,40,7,938.3323328789988,1.6885000000002037,121391.84240000031,23813.348678720446
1788766831,150,GET,GET /articles (anon),0.000000,0.000000,0,0,0,0,0,0,0,0,0,0,0,4785,28,7,941.9724402089875,1.6885000000002037,121391.84240000031,26574.703239289447
1788766831,150,GET,GET /articles (list),0.000000,0.000000,0,0,0,0,0,0,0,0,0,0,0,1656,7,7,820.6659165458912,1.8614000000525266,121294.6565000002,25419.59842995169
1788766831,150,GET,GET /articles/{id} (detail),0.000000,0.000000,0,0,0,0,0,0,0,0,0,0,0,722,5,6,1194.788008033241,1.8880000000081054,121340.08419999987,2712.3836565096954
1788766831,150,POST,[setup] POST /auth/login,0.000000,0.000000,0,0,0,0,0,0,0,0,0,0,0,27,0,670,652.2832370370301,264.8451000000023,1079.990399999815,178.74074074074073
1788766831,150,,Aggregated,0.000000,0.000000,0,0,0,0,0,0,0,0,0,0,0,7190,40,7,938.3323328789988,1.6885000000002037,121391.84240000031,23813.348678720446
1788766832,150,GET,GET /articles (anon),0.000000,0.000000,0,0,0,0,0,0,0,0,0,0,0,4785,28,7,941.9724402089875,1.6885000000002037,121391.84240000031,26574.703239289447
1788766832,150,GET,GET /articles (list),0.000000,0.000000,0,0,0,0,0,0,0,0,0,0,0,1656,7,7,820.6659165458912,1.8614000000525266,121294.6565000002,25419.59842995169
1788766832,150,GET,GET /articles/{id} (detail),0.000000,0.000000,0,0,0,0,0,0,0,0,0,0,0,722,5,6,1194.788008033241,1.8880000000081054,121340.08419999987,2712.3836565096954
1788766832,150,POST,[setup] POST /auth/login,0.000000,0.000000,0,0,0,0,0,0,0,0,0,0,0,27,0,670,652.2832370370301,264.8451000000023,1079.990399999815,178.74074074074073
1788766832,150,,Aggregated,0.000000,0.000000,0,0,0,0,0,0,0,0,0,0,0,7190,40,7,938.3323328789988,1.6885000000002037,121391.84240000031,23813.348678720446
1788766833,150,GET,GET /articles (anon),0.000000,0.000000,0,0,0,0,0,0,0,0,0,0,0,4785,28,7,941.9724402089875,1.6885000000002037,121391.84240000031,26574.703239289447
1788766833,150,GET,GET /articles (list),0.000000,0.000000,0,0,0,0,0,0,0,0,0,0,0,1656,7,7,820.6659165458912,1.8614000000525266,121294.6565000002,25419.59842995169
1788766833,150,GET,GET /articles/{id} (detail),0.000000,0.000000,0,0,0,0,0,0,0,0,0,0,0,722,5,6,1194.788008033241,1.8880000000081054,121340.08419999987,2712.3836565096954
1788766833,150,POST,[setup] POST /auth/login,0.000000,0.000000,0,0,0,0,0,0,0,0,0,0,0,27,0,670,652.2832370370301,264.8451000000023,1079.990399999815,178.74074074074073
1788766833,150,,Aggregated,0.000000,0.000000,0,0,0,0,0,0,0,0,0,0,0,7190,40,7,938.3323328789988,1.6885000000002037,121391.84240000031,23813.348678720446
1788766834,150,GET,GET /articles (anon),0.000000,0.000000,0,0,0,0,0,0,0,0,0,0,0,4785,28,7,941.9724402089875,1.6885000000002037,121391.84240000031,26574.703239289447
1788766834,150,GET,GET /articles (list),0.000000,0.000000,0,0,0,0,0,0,0,0,0,0,0,1656,7,7,820.6659165458912,1.8614000000525266,121294.6565000002,25419.59842995169
1788766834,150,GET,GET /articles/{id} (detail),0.000000,0.000000,0,0,0,0,0,0,0,0,0,0,0,722,5,6,1194.788008033241,1.8880000000081054,121340.08419999987,2712.3836565096954
1788766834,150,POST,[setup] POST /auth/login,0.000000,0.000000,0,0,0,0,0,0,0,0,0,0,0,27,0,670,652.2832370370301,264.8451000000023,1079.990399999815,178.74074074074073
1788766834,150,,Aggregated,0.000000,0.000000,0,0,0,0,0,0,0,0,0,0,0,7190,40,7,938.3323328789988,1.6885000000002037,121391.84240000031,23813.348678720446
1788766835,150,GET,GET /articles (anon),0.000000,0.000000,0,0,0,0,0,0,0,0,0,0,0,4785,28,7,941.9724402089875,1.6885000000002037,121391.84240000031,26574.703239289447
1788766835,150,GET,GET /articles (list),0.000000,0.000000,0,0,0,0,0,0,0,0,0,0,0,1656,7,7,820.6659165458912,1.8614000000525266,121294.6565000002,25419.59842995169
1788766835,150,GET,GET /articles/{id} (detail),0.000000,0.000000,0,0,0,0,0,0,0,0,0,0,0,722,5,6,1194.788008033241,1.8880000000081054,121340.08419999987,2712.3836565096954
1788766835,150,POST,[setup] POST /auth/login,0.000000,0.000000,0,0,0,0,0,0,0,0,0,0,0,27,0,670,652.2832370370301,264.8451000000023,1079.990399999815,178.74074074074073
1788766835,150,,Aggregated,0.000000,0.000000,0,0,0,0,0,0,0,0,0,0,0,7190,40,7,938.3323328789988,1.6885000000002037,121391.84240000031,23813.348678720446
1788766836,150,GET,GET /articles (anon),0.000000,0.000000,0,0,0,0,0,0,0,0,0,0,0,4785,28,7,941.9724402089875,1.6885000000002037,121391.84240000031,26574.703239289447
1788766836,150,GET,GET /articles (list),0.000000,0.000000,0,0,0,0,0,0,0,0,0,0,0,1656,7,7,820.6659165458912,1.8614000000525266,121294.6565000002,25419.59842995169
1788766836,150,GET,GET /articles/{id} (detail),0.000000,0.000000,0,0,0,0,0,0,0,0,0,0,0,722,5,6,1194.788008033241,1.8880000000081054,121340.08419999987,2712.3836565096954
1788766836,150,POST,[setup] POST /auth/login,0.000000,0.000000,0,0,0,0,0,0,0,0,0,0,0,27,0,670,652.2832370370301,264.8451000000023,1079.990399999815,178.74074074074073
1788766836,150,,Aggregated,0.000000,0.000000,0,0,0,0,0,0,0,0,0,0,0,7190,40,7,938.3323328789988,1.6885000000002037,121391.84240000031,23813.348678720446
1788766837,150,GET,GET /articles (anon),0.000000,0.000000,0,0,0,0,0,0,0,0,0,0,0,4785,28,7,941.9724402089875,1.6885000000002037,121391.84240000031,26574.703239289447
1788766837,150,GET,GET /articles (list),0.000000,0.000000,0,0,0,0,0,0,0,0,0,0,0,1656,7,7,820.6659165458912,1.8614000000525266,121294.6565000002,25419.59842995169
1788766837,150,GET,GET /articles/{id} (detail),0.000000,0.000000,0,0,0,0,0,0,0,0,0,0,0,722,5,6,1194.788008033241,1.8880000000081054,121340.08419999987,2712.3836565096954
1788766837,150,POST,[setup] POST /auth/login,0.000000,0.000000,0,0,0,0,0,0,0,0,0,0,0,27,0,670,652.2832370370301,264.8451000000023,1079.990399999815,178.74074074074073
1788766837,150,,Aggregated,0.000000,0.000000,0,0,0,0,0,0,0,0,0,0,0,7190,40,7,938.3323328789988,1.6885000000002037,121391.84240000031,23813.348678720446
1788766838,150,GET,GET /articles (anon),0.000000,0.000000,0,0,0,0,0,0,0,0,0,0,0,4785,28,7,941.9724402089875,1.6885000000002037,121391.84240000031,26574.703239289447
1788766838,150,GET,GET /articles (list),0.000000,0.000000,0,0,0,0,0,0,0,0,0,0,0,1656,7,7,820.6659165458912,1.8614000000525266,121294.6565000002,25419.59842995169
1788766838,150,GET,GET /articles/{id} (detail),0.000000,0.000000,0,0,0,0,0,0,0,0,0,0,0,722,5,6,1194.788008033241,1.8880000000081054,121340.08419999987,2712.3836565096954
1788766838,150,POST,[setup] POST /auth/login,0.000000,0.000000,0,0,0,0,0,0,0,0,0,0,0,27,0,670,652.2832370370301,264.8451000000023,1079.990399999815,178.74074074074073
1788766838,150,,Aggregated,0.000000,0.000000,0,0,0,0,0,0,0,0,0,0,0,7190,40,7,938.3323328789988,1.6885000000002037,121391.84240000031,23813.348678720446
1788766839,150,GET,GET /articles (anon),0.000000,0.000000,0,0,0,0,0,0,0,0,0,0,0,4785,28,7,941.9724402089875,1.6885000000002037,121391.84240000031,26574.703239289447
1788766839,150,GET,GET /articles (list),0.000000,0.000000,0,0,0,0,0,0,0,0,0,0,0,1656,7,7,820.6659165458912,1.8614000000525266,121294.6565000002,25419.59842995169
1788766839,150,GET,GET /articles/{id} (detail),0.000000,0.000000,0,0,0,0,0,0,0,0,0,0,0,722,5,6,1194.788008033241,1.8880000000081054,121340.08419999987,2712.3836565096954
1788766839,150,POST,[setup] POST /auth/login,0.000000,0.000000,0,0,0,0,0,0,0,0,0,0,0,27,0,670,652.2832370370301,264.8451000000023,1079.990399999815,178.74074074074073
1788766839,150,,Aggregated,0.000000,0.000000,0,0,0,0,0,0,0,0,0,0,0,7190,40,7,938.3323328789988,1.6885000000002037,121391.84240000031,23813.348678720446
1788766840,150,GET,GET /articles (anon),0.000000,0.000000,0,0,0,0,0,0,0,0,0,0,0,4785,28,7,941.9724402089875,1.6885000000002037,121391.84240000031,26574.703239289447
1788766840,150,GET,GET /articles (list),0.000000,0.000000,0,0,0,0,0,0,0,0,0,0,0,1656,7,7,820.6659165458912,1.8614000000525266,121294.6565000002,25419.59842995169
1788766840,150,GET,GET /articles/{id} (detail),0.000000,0.000000,0,0,0,0,0,0,0,0,0,0,0,722,5,6,1194.788008033241,1.8880000000081054,121340.08419999987,2712.3836565096954
1788766840,150,POST,[setup] POST /auth/login,0.000000,0.000000,0,0,0,0,0,0,0,0,0,0,0,27,0,670,652.2832370370301,264.8451000000023,1079.990399999815,178.74074074074073
1788766840,150,,Aggregated,0.000000,0.000000,0,0,0,0,0,0,0,0,0,0,0,7190,40,7,938.3323328789988,1.6885000000002037,121391.84240000031,23813.348678720446
1788766841,150,GET,GET /articles (anon),0.000000,0.000000,0,0,0,0,0,0,0,0,0,0,0,4785,28,7,941.9724402089875,1.6885000000002037,121391.84240000031,26574.703239289447
1788766841,150,GET,GET /articles (list),0.000000,0.000000,0,0,0,0,0,0,0,0,0,0,0,1656,7,7,820.6659165458912,1.8614000000525266,121294.6565000002,25419.59842995169
1788766841,150,GET,GET /articles/{id} (detail),0.000000,0.000000,0,0,0,0,0,0,0,0,0,0,0,722,5,6,1194.788008033241,1.8880000000081054,121340.08419999987,2712.3836565096954
1788766841,150,POST,[setup] POST /auth/login,0.000000,0.000000,0,0,0,0,0,0,0,0,0,0,0,27,0,670,652.2832370370301,264.8451000000023,1079.990399999815,178.74074074074073
1788766841,150,,Aggregated,0.000000,0.000000,0,0,0,0,0,0,0,0,0,0,0,7190,40,7,938.3323328789988,1.6885000000002037,121391.84240000031,23813.348678720446
1788766842,150,GET,GET /articles (anon),0.000000,0.000000,0,0,0,0,0,0,0,0,0,0,0,4785,28,7,941.9724402089875,1.6885000000002037,121391.84240000031,26574.703239289447
1788766842,150,GET,GET /articles (list),0.000000,0.000000,0,0,0,0,0,0,0,0,0,0,0,1656,7,7,820.6659165458912,1.8614000000525266,121294.6565000002,25419.59842995169
1788766842,150,GET,GET /articles/{id} (detail),0.000000,0.000000,0,0,0,0,0,0,0,0,0,0,0,722,5,6,1194.788008033241,1.8880000000081054,121340.08419999987,2712.3836565096954
1788766842,150,POST,[setup] POST /auth/login,0.000000,0.000000,0,0,0,0,0,0,0,0,0,0,0,27,0,670,652.2832370370301,264.8451000000023,1079.990399999815,178.74074074074073
1788766842,150,,Aggregated,0.000000,0.000000,0,0,0,0,0,0,0,0,0,0,0,7190,40,7,938.3323328789988,1.6885000000002037,121391.84240000031,23813.348678720446
1788766843,150,GET,GET /articles (anon),0.000000,0.000000,0,0,0,0,0,0,0,0,0,0,0,4785,28,7,941.9724402089875,1.6885000000002037,121391.84240000031,26574.703239289447
1788766843,150,GET,GET /articles (list),0.000000,0.000000,0,0,0,0,0,0,0,0,0,0,0,1656,7,7,820.6659165458912,1.8614000000525266,121294.6565000002,25419.59842995169
1788766843,150,GET,GET /articles/{id} (detail),0.000000,0.000000,0,0,0,0,0,0,0,0,0,0,0,722,5,6,1194.788008033241,1.8880000000081054,121340.08419999987,2712.3836565096954
1788766843,150,POST,[setup] POST /auth/login,0.000000,0.000000,0,0,0,0,0,0,0,0,0,0,0,27,0,670,652.2832370370301,264.8451000000023,1079.990399999815,178.74074074074073
1788766843,150,,Aggregated,0.000000,0.000000,0,0,0,0,0,0,0,0,0,0,0,7190,40,7,938.3323328789988,1.6885000000002037,121391.84240000031,23813.348678720446
1788766844,150,GET,GET /articles (anon),0.000000,0.000000,0,0,0,0,0,0,0,0,0,0,0,4785,28,7,941.9724402089875,1.6885000000002037,121391.84240000031,26574.703239289447
1788766844,150,GET,GET /articles (list),0.000000,0.000000,0,0,0,0,0,0,0,0,0,0,0,1656,7,7,820.6659165458912,1.8614000000525266,121294.6565000002,25419.59842995169
1788766844,150,GET,GET /articles/{id} (detail),0.000000,0.000000,0,0,0,0,0,0,0,0,0,0,0,722,5,6,1194.788008033241,1.8880000000081054,121340.08419999987,2712.3836565096954
1788766844,150,POST,[setup] POST /auth/login,0.000000,0.000000,0,0,0,0,0,0,0,0,0,0,0,27,0,670,652.2832370370301,264.8451000000023,1079.990399999815,178.74074074074073
1788766844,150,,Aggregated,0.000000,0.000000,0,0,0,0,0,0,0,0,0,0,0,7190,40,7,938.3323328789988,1.6885000000002037,121391.84240000031,23813.348678720446
1788766845,150,GET,GET /articles (anon),0.000000,0.000000,0,0,0,0,0,0,0,0,0,0,0,4785,28,7,941.9724402089875,1.6885000000002037,121391.84240000031,26574.703239289447
1788766845,150,GET,GET /articles (list),0.000000,0.000000,0,0,0,0,0,0,0,0,0,0,0,1656,7,7,820.6659165458912,1.8614000000525266,121294.6565000002,25419.59842995169
1788766845,150,GET,GET /articles/{id} (detail),0.000000,0.000000,0,0,0,0,0,0,0,0,0,0,0,722,5,6,1194.788008033241,1.8880000000081054,121340.08419999987,2712.3836565096954
1788766845,150,POST,[setup] POST /auth/login,0.000000,0.000000,0,0,0,0,0,0,0,0,0,0,0,27,0,670,652.2832370370301,264.8451000000023,1079.990399999815,178.74074074074073
1788766845,150,,Aggregated,0.000000,0.000000,0,0,0,0,0,0,0,0,0,0,0,7190,40,7,938.3323328789988,1.6885000000002037,121391.84240000031,23813.348678720446
1788766846,150,GET,GET /articles (anon),0.000000,0.000000,0,0,0,0,0,0,0,0,0,0,0,4785,28,7,941.9724402089875,1.6885000000002037,121391.84240000031,26574.703239289447
1788766846,150,GET,GET /articles (list),0.000000,0.000000,0,0,0,0,0,0,0,0,0,0,0,1656,7,7,820.6659165458912,1.8614000000525266,121294.6565000002,25419.59842995169
1788766846,150,GET,GET /articles/{id} (detail),0.000000,0.000000,0,0,0,0,0,0,0,0,0,0,0,722,5,6,1194.788008033241,1.8880000000081054,121340.08419999987,2712.3836565096954
1788766846,150,POST,[setup] POST /auth/login,0.000000,0.000000,0,0,0,0,0,0,0,0,0,0,0,27,0,670,652.2832370370301,264.8451000000023,1079.990399999815,178.74074074074073
1788766846,150,,Aggregated,0.000000,0.000000,0,0,0,0,0,0,0,0,0,0,0,7190,40,7,938.3323328789988,1.6885000000002037,121391.84240000031,23813.348678720446
1788766847,150,GET,GET /articles (anon),0.000000,0.000000,0,0,0,0,0,0,0,0,0,0,0,4785,28,7,941.9724402089875,1.6885000000002037,121391.84240000031,26574.703239289447
1788766847,150,GET,GET /articles (list),0.000000,0.000000,0,0,0,0,0,0,0,0,0,0,0,1656,7,7,820.6659165458912,1.8614000000525266,121294.6565000002,25419.59842995169
1788766847,150,GET,GET /articles/{id} (detail),0.000000,0.000000,0,0,0,0,0,0,0,0,0,0,0,722,5,6,1194.788008033241,1.8880000000081054,121340.08419999987,2712.3836565096954
1788766847,150,POST,[setup] POST /auth/login,0.000000,0.000000,0,0,0,0,0,0,0,0,0,0,0,27,0,670,652.2832370370301,264.8451000000023,1079.990399999815,178.74074074074073
1788766847,150,,Aggregated,0.000000,0.000000,0,0,0,0,0,0,0,0,0,0,0,7190,40,7,938.3323328789988,1.6885000000002037,121391.84240000031,23813.348678720446
1788766848,150,GET,GET /articles (anon),0.000000,0.000000,0,0,0,0,0,0,0,0,0,0,0,4785,28,7,941.9724402089875,1.6885000000002037,121391.84240000031,26574.703239289447
1788766848,150,GET,GET /articles (list),0.000000,0.000000,0,0,0,0,0,0,0,0,0,0,0,1656,7,7,820.6659165458912,1.8614000000525266,121294.6565000002,25419.59842995169
1788766848,150,GET,GET /articles/{id} (detail),0.000000,0.000000,0,0,0,0,0,0,0,0,0,0,0,722,5,6,1194.788008033241,1.8880000000081054,121340.08419999987,2712.3836565096954
1788766848,150,POST,[setup] POST /auth/login,0.000000,0.000000,0,0,0,0,0,0,0,0,0,0,0,27,0,670,652.2832370370301,264.8451000000023,1079.990399999815,178.74074074074073
1788766848,150,,Aggregated,0.000000,0.000000,0,0,0,0,0,0,0,0,0,0,0,7190,40,7,938.3323328789988,1.6885000000002037,121391.84240000031,23813.348678720446
1788766849,150,GET,GET /articles (anon),0.000000,0.000000,0,0,0,0,0,0,0,0,0,0,0,4785,28,7,941.9724402089875,1.6885000000002037,121391.84240000031,26574.703239289447
1788766849,150,GET,GET /articles (list),0.000000,0.000000,0,0,0,0,0,0,0,0,0,0,0,1656,7,7,820.6659165458912,1.8614000000525266,121294.6565000002,25419.59842995169
1788766849,150,GET,GET /articles/{id} (detail),0.000000,0.000000,0,0,0,0,0,0,0,0,0,0,0,722,5,6,1194.788008033241,1.8880000000081054,121340.08419999987,2712.3836565096954
1788766849,150,POST,[setup] POST /auth/login,0.000000,0.000000,0,0,0,0,0,0,0,0,0,0,0,27,0,670,652.2832370370301,264.8451000000023,1079.990399999815,178.74074074074073
1788766849,150,,Aggregated,0.000000,0.000000,0,0,0,0,0,0,0,0,0,0,0,7190,40,7,938.3323328789988,1.6885000000002037,121391.84240000031,23813.348678720446
1788766850,150,GET,GET /articles (anon),0.000000,0.000000,0,0,0,0,0,0,0,0,0,0,0,4785,28,7,941.9724402089875,1.6885000000002037,121391.84240000031,26574.703239289447
1788766850,150,GET,GET /articles (list),0.000000,0.000000,0,0,0,0,0,0,0,0,0,0,0,1656,7,7,820.6659165458912,1.8614000000525266,121294.6565000002,25419.59842995169
1788766850,150,GET,GET /articles/{id} (detail),0.000000,0.000000,0,0,0,0,0,0,0,0,0,0,0,722,5,6,1194.788008033241,1.8880000000081054,121340.08419999987,2712.3836565096954
1788766850,150,POST,[setup] POST /auth/login,0.000000,0.000000,0,0,0,0,0,0,0,0,0,0,0,27,0,670,652.2832370370301,264.8451000000023,1079.990399999815,178.74074074074073
1788766850,150,,Aggregated,0.000000,0.000000,0,0,0,0,0,0,0,0,0,0,0,7190,40,7,938.3323328789988,1.6885000000002037,121391.84240000031,23813.348678720446
1788766851,150,GET,GET /articles (anon),0.000000,0.000000,0,0,0,0,0,0,0,0,0,0,0,4785,28,7,941.9724402089875,1.6885000000002037,121391.84240000031,26574.703239289447
1788766851,150,GET,GET /articles (list),0.000000,0.000000,0,0,0,0,0,0,0,0,0,0,0,1656,7,7,820.6659165458912,1.8614000000525266,121294.6565000002,25419.59842995169
1788766851,150,GET,GET /articles/{id} (detail),0.000000,0.000000,0,0,0,0,0,0,0,0,0,0,0,722,5,6,1194.788008033241,1.8880000000081054,121340.08419999987,2712.3836565096954
1788766851,150,POST,[setup] POST /auth/login,0.000000,0.000000,0,0,0,0,0,0,0,0,0,0,0,27,0,670,652.2832370370301,264.8451000000023,1079.990399999815,178.74074074074073
1788766851,150,,Aggregated,0.000000,0.000000,0,0,0,0,0,0,0,0,0,0,0,7190,40,7,938.3323328789988,1.6885000000002037,121391.84240000031,23813.348678720446
1788766852,150,GET,GET /articles (anon),0.000000,0.000000,0,0,0,0,0,0,0,0,0,0,0,4785,28,7,941.9724402089875,1.6885000000002037,121391.84240000031,26574.703239289447
1788766852,150,GET,GET /articles (list),0.000000,0.000000,0,0,0,0,0,0,0,0,0,0,0,1656,7,7,820.6659165458912,1.8614000000525266,121294.6565000002,25419.59842995169
1788766852,150,GET,GET /articles/{id} (detail),0.000000,0.000000,0,0,0,0,0,0,0,0,0,0,0,722,5,6,1194.788008033241,1.8880000000081054,121340.08419999987,2712.3836565096954
1788766852,150,POST,[setup] POST /auth/login,0.000000,0.000000,0,0,0,0,0,0,0,0,0,0,0,27,0,670,652.2832370370301,264.8451000000023,1079.990399999815,178.74074074074073
1788766852,150,,Aggregated,0.000000,0.000000,0,0,0,0,0,0,0,0,0,0,0,7190,40,7,938.3323328789988,1.6885000000002037,121391.84240000031,23813.348678720446
1788766853,150,GET,GET /articles (anon),0.000000,0.000000,0,0,0,0,0,0,0,0,0,0,0,4785,28,7,941.9724402089875,1.6885000000002037,121391.84240000031,26574.703239289447
1788766853,150,GET,GET /articles (list),0.000000,0.000000,0,0,0,0,0,0,0,0,0,0,0,1656,7,7,820.6659165458912,1.8614000000525266,121294.6565000002,25419.59842995169
1788766853,150,GET,GET /articles/{id} (detail),0.000000,0.000000,0,0,0,0,0,0,0,0,0,0,0,722,5,6,1194.788008033241,1.8880000000081054,121340.08419999987,2712.3836565096954
1788766853,150,POST,[setup] POST /auth/login,0.000000,0.000000,0,0,0,0,0,0,0,0,0,0,0,27,0,670,652.2832370370301,264.8451000000023,1079.990399999815,178.74074074074073
1788766853,150,,Aggregated,0.000000,0.000000,0,0,0,0,0,0,0,0,0,0,0,7190,40,7,938.3323328789988,1.6885000000002037,121391.84240000031,23813.348678720446
1788766854,150,GET,GET /articles (anon),0.000000,0.000000,0,0,0,0,0,0,0,0,0,0,0,4785,28,7,941.9724402089875,1.6885000000002037,121391.84240000031,26574.703239289447
1788766854,150,GET,GET /articles (list),0.000000,0.000000,0,0,0,0,0,0,0,0,0,0,0,1656,7,7,820.6659165458912,1.8614000000525266,121294.6565000002,25419.59842995169
1788766854,150,GET,GET /articles/{id} (detail),0.000000,0.000000,0,0,0,0,0,0,0,0,0,0,0,722,5,6,1194.788008033241,1.8880000000081054,121340.08419999987,2712.3836565096954
1788766854,150,POST,[setup] POST /auth/login,0.000000,0.000000,0,0,0,0,0,0,0,0,0,0,0,27,0,670,652.2832370370301,264.8451000000023,1079.990399999815,178.74074074074073
1788766854,150,,Aggregated,0.000000,0.000000,0,0,0,0,0,0,0,0,0,0,0,7190,40,7,938.3323328789988,1.6885000000002037,121391.84240000031,23813.348678720446
1788766855,145,GET,GET /articles (anon),0.000000,0.000000,0,0,0,0,0,0,0,0,0,0,0,4827,58,7,1826.819618292937,1.6885000000002037,181240.0543000001,26409.941992956286
1788766855,145,GET,GET /articles (list),0.000000,0.000000,0,0,0,0,0,0,0,0,0,0,0,1673,21,7,1815.1130447101,1.8614000000525266,181142.42070000002,25209.271368798567
1788766855,145,GET,GET /articles/{id} (detail),0.000000,0.000000,0,0,0,0,0,0,0,0,0,0,0,724,7,6,1355.2819335635363,1.8880000000081054,121340.08419999987,2704.8908839779006
1788766855,145,POST,[setup] POST /auth/login,0.000000,0.000000,0,0,0,0,0,0,0,0,0,0,0,33,5,750,33302.241909090895,264.8451000000023,180740.18350000004,154.87878787878788
1788766855,145,,Aggregated,0.000000,0.000000,0,0,0,0,0,0,0,0,0,0,0,7257,91,7,1920.2067692159294,1.6885000000002037,181240.0543000001,23648.801570897063
1788766856,145,GET,GET /articles (anon),0.000000,0.000000,59000,180000,181000,181000,181000,181000,181000,181000,181000,181000,181000,4827,58,7,1826.819618292937,1.6885000000002037,181240.0543000001,26409.941992956286
1788766856,145,GET,GET /articles (list),0.000000,0.000000,59000,181000,181000,181000,181000,181000,181000,181000,181000,181000,181000,1673,21,7,1815.1130447101,1.8614000000525266,181142.42070000002,25209.271368798567
1788766856,145,GET,GET /articles/{id} (detail),0.000000,0.000000,60000,60000,60000,60000,60000,60000,60000,60000,60000,60000,60000,724,7,6,1355.2819335635363,1.8880000000081054,121340.08419999987,2704.8908839779006
1788766856,145,POST,[setup] POST /auth/login,0.000000,0.000000,181000,181000,181000,181000,181000,181000,181000,181000,181000,181000,181000,33,5,750,33302.241909090895,264.8451000000023,180740.18350000004,154.87878787878788
1788766856,145,,Aggregated,0.000000,0.000000,60000,181000,181000,181000,181000,181000,181000,181000,181000,181000,181000,7257,91,7,1920.2067692159294,1.6885000000002037,181240.0543000001,23648.801570897063
1788766857,145,GET,GET /articles (anon),0.000000,0.000000,59000,180000,181000,181000,181000,181000,181000,181000,181000,181000,181000,4827,58,7,1826.819618292937,1.6885000000002037,181240.0543000001,26409.941992956286
1788766857,145,GET,GET /articles (list),0.000000,0.000000,59000,181000,181000,181000,181000,181000,181000,181000,181000,181000,181000,1673,21,7,1815.1130447101,1.8614000000525266,181142.42070000002,25209.271368798567
1788766857,145,GET,GET /articles/{id} (detail),0.000000,0.000000,60000,60000,60000,60000,60000,60000,60000,60000,60000,60000,60000,724,7,6,1355.2819335635363,1.8880000000081054,121340.08419999987,2704.8908839779006
1788766857,145,POST,[setup] POST /auth/login,0.000000,0.000000,181000,181000,181000,181000,181000,181000,181000,181000,181000,181000,181000,33,5,750,33302.241909090895,264.8451000000023,180740.18350000004,154.87878787878788
1788766857,145,,Aggregated,0.000000,0.000000,60000,181000,181000,181000,181000,181000,181000,181000,181000,181000,181000,7257,91,7,1920.2067692159294,1.6885000000002037,181240.0543000001,23648.801570897063
1788766858,145,GET,GET /articles (anon),0.000000,0.000000,59000,180000,181000,181000,181000,181000,181000,181000,181000,181000,181000,4827,58,7,1826.819618292937,1.6885000000002037,181240.0543000001,26409.941992956286
1788766858,145,GET,GET /articles (list),0.000000,0.000000,59000,181000,181000,181000,181000,181000,181000,181000,181000,181000,181000,1673,21,7,1815.1130447101,1.8614000000525266,181142.42070000002,25209.271368798567
1788766858,145,GET,GET /articles/{id} (detail),0.000000,0.000000,60000,60000,60000,60000,60000,60000,60000,60000,60000,60000,60000,724,7,6,1355.2819335635363,1.8880000000081054,121340.08419999987,2704.8908839779006
1788766858,145,POST,[setup] POST /auth/login,0.000000,0.000000,181000,181000,181000,181000,181000,181000,181000,181000,181000,181000,181000,33,5,750,33302.241909090895,264.8451000000023,180740.18350000004,154.87878787878788
1788766858,145,,Aggregated,0.000000,0.000000,60000,181000,181000,181000,181000,181000,181000,181000,181000,181000,181000,7257,91,7,1920.2067692159294,1.6885000000002037,181240.0543000001,23648.801570897063
1788766859,145,GET,GET /articles (anon),0.000000,0.000000,59000,180000,181000,181000,181000,181000,181000,181000,181000,181000,181000,4827,58,7,1826.819618292937,1.6885000000002037,181240.0543000001,26409.941992956286
1788766859,145,GET,GET /articles (list),0.000000,0.000000,59000,181000,181000,181000,181000,181000,181000,181000,181000,181000,181000,1673,21,7,1815.1130447101,1.8614000000525266,181142.42070000002,25209.271368798567
1788766859,145,GET,GET /articles/{id} (detail),0.000000,0.000000,60000,60000,60000,60000,60000,60000,60000,60000,60000,60000,60000,724,7,6,1355.2819335635363,1.8880000000081054,121340.08419999987,2704.8908839779006
1788766859,145,POST,[setup] POST /auth/login,0.000000,0.000000,181000,181000,181000,181000,181000,181000,181000,181000,181000,181000,181000,33,5,750,33302.241909090895,264.8451000000023,180740.18350000004,154.87878787878788
1788766859,145,,Aggregated,0.000000,0.000000,60000,181000,181000,181000,181000,181000,181000,181000,181000,181000,181000,7257,91,7,1920.2067692159294,1.6885000000002037,181240.0543000001,23648.801570897063
1788766860,145,GET,GET /articles (anon),0.000000,0.000000,59000,180000,181000,181000,181000,181000,181000,181000,181000,181000,181000,4827,58,7,1826.819618292937,1.6885000000002037,181240.0543000001,26409.941992956286
1788766860,145,GET,GET /articles (list),0.000000,0.000000,59000,181000,181000,181000,181000,181000,181000,181000,181000,181000,181000,1673,21,7,1815.1130447101,1.8614000000525266,181142.42070000002,25209.271368798567
1788766860,145,GET,GET /articles/{id} (detail),0.000000,0.000000,60000,60000,60000,60000,60000,60000,60000,60000,60000,60000,60000,724,7,6,1355.2819335635363,1.8880000000081054,121340.08419999987,2704.8908839779006
1788766860,145,POST,[setup] POST /auth/login,0.000000,0.000000,181000,181000,181000,181000,181000,181000,181000,181000,181000,181000,181000,33,5,750,33302.241909090895,264.8451000000023,180740.18350000004,154.87878787878788
1788766860,145,,Aggregated,0.000000,0.000000,60000,181000,181000,181000,181000,181000,181000,181000,181000,181000,181000,7257,91,7,1920.2067692159294,1.6885000000002037,181240.0543000001,23648.801570897063
1788766861,145,GET,GET /articles (anon),0.000000,0.000000,59000,180000,181000,181000,181000,181000,181000,181000,181000,181000,181000,4827,58,7,1826.819618292937,1.6885000000002037,181240.0543000001,26409.941992956286
1788766861,145,GET,GET /articles (list),0.000000,0.000000,59000,181000,181000,181000,181000,181000,181000,181000,181000,181000,181000,1673,21,7,1815.1130447101,1.8614000000525266,181142.42070000002,25209.271368798567
1788766861,145,GET,GET /articles/{id} (detail),0.000000,0.000000,60000,60000,60000,60000,60000,60000,60000,60000,60000,60000,60000,724,7,6,1355.2819335635363,1.8880000000081054,121340.08419999987,2704.8908839779006
1788766861,145,POST,[setup] POST /auth/login,0.000000,0.000000,181000,181000,181000,181000,181000,181000,181000,181000,181000,181000,181000,33,5,750,33302.241909090895,264.8451000000023,180740.18350000004,154.87878787878788
1788766861,145,,Aggregated,0.000000,0.000000,60000,181000,181000,181000,181000,181000,181000,181000,181000,181000,181000,7257,91,7,1920.2067692159294,1.6885000000002037,181240.0543000001,23648.801570897063
1788766862,145,GET,GET /articles (anon),0.000000,0.000000,59000,180000,181000,181000,181000,181000,181000,181000,181000,181000,181000,4827,58,7,1826.819618292937,1.6885000000002037,181240.0543000001,26409.941992956286
1788766862,145,GET,GET /articles (list),0.000000,0.000000,59000,181000,181000,181000,181000,181000,181000,181000,181000,181000,181000,1673,21,7,1815.1130447101,1.8614000000525266,181142.42070000002,25209.271368798567
1788766862,145,GET,GET /articles/{id} (detail),0.000000,0.000000,60000,60000,60000,60000,60000,60000,60000,60000,60000,60000,60000,724,7,6,1355.2819335635363,1.8880000000081054,121340.08419999987,2704.8908839779006
1788766862,145,POST,[setup] POST /auth/login,0.000000,0.000000,181000,181000,181000,181000,181000,181000,181000,181000,181000,181000,181000,33,5,750,33302.241909090895,264.8451000000023,180740.18350000004,154.87878787878788
1788766862,145,,Aggregated,0.000000,0.000000,60000,181000,181000,181000,181000,181000,181000,181000,181000,181000,181000,7257,91,7,1920.2067692159294,1.6885000000002037,181240.0543000001,23648.801570897063
1788766863,145,GET,GET /articles (anon),0.000000,0.000000,59000,180000,181000,181000,181000,181000,181000,181000,181000,181000,181000,4827,58,7,1826.819618292937,1.6885000000002037,181240.0543000001,26409.941992956286
1788766863,145,GET,GET /articles (list),0.000000,0.000000,59000,181000,181000,181000,181000,181000,181000,181000,181000,181000,181000,1673,21,7,1815.1130447101,1.8614000000525266,181142.42070000002,25209.271368798567
1788766863,145,GET,GET /articles/{id} (detail),0.000000,0.000000,60000,60000,60000,60000,60000,60000,60000,60000,60000,60000,60000,724,7,6,1355.2819335635363,1.8880000000081054,121340.08419999987,2704.8908839779006
1788766863,145,POST,[setup] POST /auth/login,0.000000,0.000000,181000,181000,181000,181000,181000,181000,181000,181000,181000,181000,181000,33,5,750,33302.241909090895,264.8451000000023,180740.18350000004,154.87878787878788
1788766863,145,,Aggregated,0.000000,0.000000,60000,181000,181000,181000,181000,181000,181000,181000,181000,181000,181000,7257,91,7,1920.2067692159294,1.6885000000002037,181240.0543000001,23648.801570897063
1788766864,145,GET,GET /articles (anon),0.000000,0.000000,59000,180000,181000,181000,181000,181000,181000,181000,181000,181000,181000,4827,58,7,1826.819618292937,1.6885000000002037,181240.0543000001,26409.941992956286
1788766864,145,GET,GET /articles (list),0.000000,0.000000,59000,181000,181000,181000,181000,181000,181000,181000,181000,181000,181000,1673,21,7,1815.1130447101,1.8614000000525266,181142.42070000002,25209.271368798567
1788766864,145,GET,GET /articles/{id} (detail),0.000000,0.000000,60000,60000,60000,60000,60000,60000,60000,60000,60000,60000,60000,724,7,6,1355.2819335635363,1.8880000000081054,121340.08419999987,2704.8908839779006
1788766864,145,POST,[setup] POST /auth/login,0.000000,0.000000,181000,181000,181000,181000,181000,181000,181000,181000,181000,181000,181000,33,5,750,33302.241909090895,264.8451000000023,180740.18350000004,154.87878787878788
1788766864,145,,Aggregated,0.000000,0.000000,60000,181000,181000,181000,181000,181000,181000,181000,181000,181000,181000,7257,91,7,1920.2067692159294,1.6885000000002037,181240.0543000001,23648.801570897063
1788766865,145,GET,GET /articles (anon),0.000000,0.000000,59000,180000,181000,181000,181000,181000,181000,181000,181000,181000,181000,4827,58,7,1826.819618292937,1.6885000000002037,181240.0543000001,26409.941992956286
1788766865,145,GET,GET /articles (list),0.000000,0.000000,59000,181000,181000,181000,181000,181000,181000,181000,181000,181000,181000,1673,21,7,1815.1130447101,1.8614000000525266,181142.42070000002,25209.271368798567
1788766865,145,GET,GET /articles/{id} (detail),0.000000,0.000000,60000,60000,60000,60000,60000,60000,60000,60000,60000,60000,60000,724,7,6,1355.2819335635363,1.8880000000081054,121340.08419999987,2704.8908839779006
1788766865,145,POST,[setup] POST /auth/login,0.000000,0.000000,181000,181000,181000,181000,181000,181000,181000,181000,181000,181000,181000,33,5,750,33302.241909090895,264.8451000000023,180740.18350000004,154.87878787878788
1788766865,145,,Aggregated,0.000000,0.000000,60000,181000,181000,181000,181000,181000,181000,181000,181000,181000,181000,7257,91,7,1920.2067692159294,1.6885000000002037,181240.0543000001,23648.801570897063
1788766866,145,GET,GET /articles (anon),0.000000,0.000000,59000,180000,181000,181000,181000,181000,181000,181000,181000,181000,181000,4827,58,7,1826.819618292937,1.6885000000002037,181240.0543000001,26409.941992956286
1788766866,145,GET,GET /articles (list),0.000000,0.000000,59000,181000,181000,181000,181000,181000,181000,181000,181000,181000,181000,1673,21,7,1815.1130447101,1.8614000000525266,181142.42070000002,25209.271368798567
1788766866,145,GET,GET /articles/{id} (detail),0.000000,0.000000,60000,60000,60000,60000,60000,60000,60000,60000,60000,60000,60000,724,7,6,1355.2819335635363,1.8880000000081054,121340.08419999987,2704.8908839779006
1788766866,145,POST,[setup] POST /auth/login,0.000000,0.000000,181000,181000,181000,181000,181000,181000,181000,181000,181000,181000,181000,33,5,750,33302.241909090895,264.8451000000023,180740.18350000004,154.87878787878788
1788766866,145,,Aggregated,0.000000,0.000000,60000,181000,181000,181000,181000,181000,181000,181000,181000,181000,181000,7257,91,7,1920.2067692159294,1.6885000000002037,181240.0543000001,23648.801570897063
1788766867,145,GET,GET /articles (anon),0.000000,0.000000,59000,180000,181000,181000,181000,181000,181000,181000,181000,181000,181000,4827,58,7,1826.819618292937,1.6885000000002037,181240.0543000001,26409.941992956286
1788766867,145,GET,GET /articles (list),0.000000,0.000000,59000,181000,181000,181000,181000,181000,181000,181000,181000,181000,181000,1673,21,7,1815.1130447101,1.8614000000525266,181142.42070000002,25209.271368798567
1788766867,145,GET,GET /articles/{id} (detail),0.000000,0.000000,60000,60000,60000,60000,60000,60000,60000,60000,60000,60000,60000,724,7,6,1355.2819335635363,1.8880000000081054,121340.08419999987,2704.8908839779006
1788766867,145,POST,[setup] POST /auth/login,0.000000,0.000000,181000,181000,181000,181000,181000,181000,181000,181000,181000,181000,181000,33,5,750,33302.241909090895,264.8451000000023,180740.18350000004,154.87878787878788
1788766867,145,,Aggregated,0.000000,0.000000,60000,181000,181000,181000,181000,181000,181000,181000,181000,181000,181000,7257,91,7,1920.2067692159294,1.6885000000002037,181240.0543000001,23648.801570897063
1788766868,145,GET,GET /articles (anon),0.000000,0.000000,59000,180000,181000,181000,181000,181000,181000,181000,181000,181000,181000,4827,58,7,1826.819618292937,1.6885000000002037,181240.0543000001,26409.941992956286
1788766868,145,GET,GET /articles (list),0.000000,0.000000,59000,181000,181000,181000,181000,181000,181000,181000,181000,181000,181000,1673,21,7,1815.1130447101,1.8614000000525266,181142.42070000002,25209.271368798567
1788766868,145,GET,GET /articles/{id} (detail),0.000000,0.000000,60000,60000,60000,60000,60000,60000,60000,60000,60000,60000,60000,724,7,6,1355.2819335635363,1.8880000000081054,121340.08419999987,2704.8908839779006
1788766868,145,POST,[setup] POST /auth/login,0.000000,0.000000,181000,181000,181000,181000,181000,181000,181000,181000,181000,181000,181000,33,5,750,33302.241909090895,264.8451000000023,180740.18350000004,154.87878787878788
1788766868,145,,Aggregated,0.000000,0.000000,60000,181000,181000,181000,181000,181000,181000,181000,181000,181000,181000,7257,91,7,1920.2067692159294,1.6885000000002037,181240.0543000001,23648.801570897063
1788766870,145,GET,GET /articles (anon),0.000000,0.000000,59000,180000,181000,181000,181000,181000,181000,181000,181000,181000,181000,4827,58,7,1826.819618292937,1.6885000000002037,181240.0543000001,26409.941992956286
1788766870,145,GET,GET /articles (list),0.000000,0.000000,59000,181000,181000,181000,181000,181000,181000,181000,181000,181000,181000,1673,21,7,1815.1130447101,1.8614000000525266,181142.42070000002,25209.271368798567
1788766870,145,GET,GET /articles/{id} (detail),0.000000,0.000000,60000,60000,60000,60000,60000,60000,60000,60000,60000,60000,60000,724,7,6,1355.2819335635363,1.8880000000081054,121340.08419999987,2704.8908839779006
1788766870,145,POST,[setup] POST /auth/login,0.000000,0.000000,181000,181000,181000,181000,181000,181000,181000,181000,181000,181000,181000,33,5,750,33302.241909090895,264.8451000000023,180740.18350000004,154.87878787878788
1788766870,145,,Aggregated,0.000000,0.000000,60000,181000,181000,181000,181000,181000,181000,181000,181000,181000,181000,7257,91,7,1920.2067692159294,1.6885000000002037,181240.0543000001,23648.801570897063
1788766871,145,GET,GET /articles (anon),0.000000,0.000000,59000,180000,181000,181000,181000,181000,181000,181000,181000,181000,181000,4827,58,7,1826.819618292937,1.6885000000002037,181240.0543000001,26409.941992956286
1788766871,145,GET,GET /articles (list),0.000000,0.000000,59000,181000,181000,181000,181000,181000,181000,181000,181000,181000,181000,1673,21,7,1815.1130447101,1.8614000000525266,181142.42070000002,25209.271368798567
1788766871,145,GET,GET /articles/{id} (detail),0.000000,0.000000,60000,60000,60000,60000,60000,60000,60000,60000,60000,60000,60000,724,7,6,1355.2819335635363,1.8880000000081054,121340.08419999987,2704.8908839779006
1788766871,145,POST,[setup] POST /auth/login,0.000000,0.000000,181000,181000,181000,181000,181000,181000,181000,181000,181000,181000,181000,33,5,750,33302.241909090895,264.8451000000023,180740.18350000004,154.87878787878788
1788766871,145,,Aggregated,0.000000,0.000000,60000,181000,181000,181000,181000,181000,181000,181000,181000,181000,181000,7257,91,7,1920.2067692159294,1.6885000000002037,181240.0543000001,23648.801570897063
1788766872,145,GET,GET /articles (anon),0.000000,0.000000,59000,180000,181000,181000,181000,181000,181000,181000,181000,181000,181000,4827,58,7,1826.819618292937,1.6885000000002037,181240.0543000001,26409.941992956286
1788766872,145,GET,GET /articles (list),0.000000,0.000000,59000,181000,181000,181000,181000,181000,181000,181000,181000,181000,181000,1673,21,7,1815.1130447101,1.8614000000525266,181142.42070000002,25209.271368798567
1788766872,145,GET,GET /articles/{id} (detail),0.000000,0.000000,60000,60000,60000,60000,60000,60000,60000,60000,60000,60000,60000,724,7,6,1355.2819335635363,1.8880000000081054,121340.08419999987,2704.8908839779006
1788766872,145,POST,[setup] POST /auth/login,0.000000,0.000000,181000,181000,181000,181000,181000,181000,181000,181000,181000,181000,181000,33,5,750,33302.241909090895,264.8451000000023,180740.18350000004,154.87878787878788
1788766872,145,,Aggregated,0.000000,0.000000,60000,181000,181000,181000,181000,181000,181000,181000,181000,181000,181000,7257,91,7,1920.2067692159294,1.6885000000002037,181240.0543000001,23648.801570897063
1788766873,145,GET,GET /articles (anon),0.000000,0.000000,0,0,0,0,0,0,0,0,0,0,0,4827,58,7,1826.819618292937,1.6885000000002037,181240.0543000001,26409.941992956286
1788766873,145,GET,GET /articles (list),0.000000,0.000000,0,0,0,0,0,0,0,0,0,0,0,1673,21,7,1815.1130447101,1.8614000000525266,181142.42070000002,25209.271368798567
1788766873,145,GET,GET /articles/{id} (detail),0.000000,0.000000,0,0,0,0,0,0,0,0,0,0,0,724,7,6,1355.2819335635363,1.8880000000081054,121340.08419999987,2704.8908839779006
1788766873,145,POST,[setup] POST /auth/login,0.000000,0.000000,0,0,0,0,0,0,0,0,0,0,0,33,5,750,33302.241909090895,264.8451000000023,180740.18350000004,154.87878787878788
1788766873,145,,Aggregated,0.000000,0.000000,0,0,0,0,0,0,0,0,0,0,0,7257,91,7,1920.2067692159294,1.6885000000002037,181240.0543000001,23648.801570897063
1788766874,145,GET,GET /articles (anon),0.000000,0.000000,0,0,0,0,0,0,0,0,0,0,0,4827,58,7,1826.819618292937,1.6885000000002037,181240.0543000001,26409.941992956286
1788766874,145,GET,GET /articles (list),0.000000,0.000000,0,0,0,0,0,0,0,0,0,0,0,1673,21,7,1815.1130447101,1.8614000000525266,181142.42070000002,25209.271368798567
1788766874,145,GET,GET /articles/{id} (detail),0.000000,0.000000,0,0,0,0,0,0,0,0,0,0,0,724,7,6,1355.2819335635363,1.8880000000081054,121340.08419999987,2704.8908839779006
1788766874,145,POST,[setup] POST /auth/login,0.000000,0.000000,0,0,0,0,0,0,0,0,0,0,0,33,5,750,33302.241909090895,264.8451000000023,180740.18350000004,154.87878787878788
1788766874,145,,Aggregated,0.000000,0.000000,0,0,0,0,0,0,0,0,0,0,0,7257,91,7,1920.2067692159294,1.6885000000002037,181240.0543000001,23648.801570897063
1788766875,145,GET,GET /articles (anon),0.000000,0.000000,0,0,0,0,0,0,0,0,0,0,0,4827,58,7,1826.819618292937,1.6885000000002037,181240.0543000001,26409.941992956286
1788766875,145,GET,GET /articles (list),0.000000,0.000000,0,0,0,0,0,0,0,0,0,0,0,1673,21,7,1815.1130447101,1.8614000000525266,181142.42070000002,25209.271368798567
1788766875,145,GET,GET /articles/{id} (detail),0.000000,0.000000,0,0,0,0,0,0,0,0,0,0,0,724,7,6,1355.2819335635363,1.8880000000081054,121340.08419999987,2704.8908839779006
1788766875,145,POST,[setup] POST /auth/login,0.000000,0.000000,0,0,0,0,0,0,0,0,0,0,0,33,5,750,33302.241909090895,264.8451000000023,180740.18350000004,154.87878787878788
1788766875,145,,Aggregated,0.000000,0.000000,0,0,0,0,0,0,0,0,0,0,0,7257,91,7,1920.2067692159294,1.6885000000002037,181240.0543000001,23648.801570897063
1788766876,145,GET,GET /articles (anon),0.000000,0.000000,0,0,0,0,0,0,0,0,0,0,0,4827,58,7,1826.819618292937,1.6885000000002037,181240.0543000001,26409.941992956286
1788766876,145,GET,GET /articles (list),0.000000,0.000000,0,0,0,0,0,0,0,0,0,0,0,1673,21,7,1815.1130447101,1.8614000000525266,181142.42070000002,25209.271368798567
1788766876,145,GET,GET /articles/{id} (detail),0.000000,0.000000,0,0,0,0,0,0,0,0,0,0,0,724,7,6,1355.2819335635363,1.8880000000081054,121340.08419999987,2704.8908839779006
1788766876,145,POST,[setup] POST /auth/login,0.000000,0.000000,0,0,0,0,0,0,0,0,0,0,0,33,5,750,33302.241909090895,264.8451000000023,180740.18350000004,154.87878787878788
1788766876,145,,Aggregated,0.000000,0.000000,0,0,0,0,0,0,0,0,0,0,0,7257,91,7,1920.2067692159294,1.6885000000002037,181240.0543000001,23648.801570897063
1788766877,145,GET,GET /articles (anon),0.000000,0.000000,0,0,0,0,0,0,0,0,0,0,0,4827,58,7,1826.819618292937,1.6885000000002037,181240.0543000001,26409.941992956286
1788766877,145,GET,GET /articles (list),0.000000,0.000000,0,0,0,0,0,0,0,0,0,0,0,1673,21,7,1815.1130447101,1.8614000000525266,181142.42070000002,25209.271368798567
1788766877,145,GET,GET /articles/{id} (detail),0.000000,0.000000,0,0,0,0,0,0,0,0,0,0,0,724,7,6,1355.2819335635363,1.8880000000081054,121340.08419999987,2704.8908839779006
1788766877,145,POST,[setup] POST /auth/login,0.000000,0.000000,0,0,0,0,0,0,0,0,0,0,0,33,5,750,33302.241909090895,264.8451000000023,180740.18350000004,154.87878787878788
1788766877,145,,Aggregated,0.000000,0.000000,0,0,0,0,0,0,0,0,0,0,0,7257,91,7,1920.2067692159294,1.6885000000002037,181240.0543000001,23648.801570897063
1788766878,145,GET,GET /articles (anon),0.000000,0.000000,0,0,0,0,0,0,0,0,0,0,0,4827,58,7,1826.819618292937,1.6885000000002037,181240.0543000001,26409.941992956286
1788766878,145,GET,GET /articles (list),0.000000,0.000000,0,0,0,0,0,0,0,0,0,0,0,1673,21,7,1815.1130447101,1.8614000000525266,181142.42070000002,25209.271368798567
1788766878,145,GET,GET /articles/{id} (detail),0.000000,0.000000,0,0,0,0,0,0,0,0,0,0,0,724,7,6,1355.2819335635363,1.8880000000081054,121340.08419999987,2704.8908839779006
1788766878,145,POST,[setup] POST /auth/login,0.000000,0.000000,0,0,0,0,0,0,0,0,0,0,0,33,5,750,33302.241909090895,264.8451000000023,180740.18350000004,154.87878787878788
1788766878,145,,Aggregated,0.000000,0.000000,0,0,0,0,0,0,0,0,0,0,0,7257,91,7,1920.2067692159294,1.6885000000002037,181240.0543000001,23648.801570897063
1788766879,145,GET,GET /articles (anon),0.000000,0.000000,0,0,0,0,0,0,0,0,0,0,0,4827,58,7,1826.819618292937,1.6885000000002037,181240.0543000001,26409.941992956286
1788766879,145,GET,GET /articles (list),0.000000,0.000000,0,0,0,0,0,0,0,0,0,0,0,1673,21,7,1815.1130447101,1.8614000000525266,181142.42070000002,25209.271368798567
1788766879,145,GET,GET /articles/{id} (detail),0.000000,0.000000,0,0,0,0,0,0,0,0,0,0,0,724,7,6,1355.2819335635363,1.8880000000081054,121340.08419999987,2704.8908839779006
1788766879,145,POST,[setup] POST /auth/login,0.000000,0.000000,0,0,0,0,0,0,0,0,0,0,0,33,5,750,33302.241909090895,264.8451000000023,180740.18350000004,154.87878787878788
1788766879,145,,Aggregated,0.000000,0.000000,0,0,0,0,0,0,0,0,0,0,0,7257,91,7,1920.2067692159294,1.6885000000002037,181240.0543000001,23648.801570897063
1788766880,145,GET,GET /articles (anon),0.000000,0.000000,0,0,0,0,0,0,0,0,0,0,0,4827,58,7,1826.819618292937,1.6885000000002037,181240.0543000001,26409.941992956286
1788766880,145,GET,GET /articles (list),0.000000,0.000000,0,0,0,0,0,0,0,0,0,0,0,1673,21,7,1815.1130447101,1.8614000000525266,181142.42070000002,25209.271368798567
1788766880,145,GET,GET /articles/{id} (detail),0.000000,0.000000,0,0,0,0,0,0,0,0,0,0,0,724,7,6,1355.2819335635363,1.8880000000081054,121340.08419999987,2704.8908839779006
1788766880,145,POST,[setup] POST /auth/login,0.000000,0.000000,0,0,0,0,0,0,0,0,0,0,0,33,5,750,33302.241909090895,264.8451000000023,180740.18350000004,154.87878787878788
1788766880,145,,Aggregated,0.000000,0.000000,0,0,0,0,0,0,0,0,0,0,0,7257,91,7,1920.2067692159294,1.6885000000002037,181240.0543000001,23648.801570897063
1788766881,145,GET,GET /articles (anon),0.000000,0.000000,0,0,0,0,0,0,0,0,0,0,0,4827,58,7,1826.819618292937,1.6885000000002037,181240.0543000001,26409.941992956286
1788766881,145,GET,GET /articles (list),0.000000,0.000000,0,0,0,0,0,0,0,0,0,0,0,1673,21,7,1815.1130447101,1.8614000000525266,181142.42070000002,25209.271368798567
1788766881,145,GET,GET /articles/{id} (detail),0.000000,0.000000,0,0,0,0,0,0,0,0,0,0,0,724,7,6,1355.2819335635363,1.8880000000081054,121340.08419999987,2704.8908839779006
1788766881,145,POST,[setup] POST /auth/login,0.000000,0.000000,0,0,0,0,0,0,0,0,0,0,0,33,5,750,33302.241909090895,264.8451000000023,180740.18350000004,154.87878787878788
1788766881,145,,Aggregated,0.000000,0.000000,0,0,0,0,0,0,0,0,0,0,0,7257,91,7,1920.2067692159294,1.6885000000002037,181240.0543000001,23648.801570897063
1788766882,145,GET,GET /articles (anon),0.000000,0.000000,0,0,0,0,0,0,0,0,0,0,0,4827,58,7,1826.819618292937,1.6885000000002037,181240.0543000001,26409.941992956286
1788766882,145,GET,GET /articles (list),0.000000,0.000000,0,0,0,0,0,0,0,0,0,0,0,1673,21,7,1815.1130447101,1.8614000000525266,181142.42070000002,25209.271368798567
1788766882,145,GET,GET /articles/{id} (detail),0.000000,0.000000,0,0,0,0,0,0,0,0,0,0,0,724,7,6,1355.2819335635363,1.8880000000081054,121340.08419999987,2704.8908839779006
1788766882,145,POST,[setup] POST /auth/login,0.000000,0.000000,0,0,0,0,0,0,0,0,0,0,0,33,5,750,33302.241909090895,264.8451000000023,180740.18350000004,154.87878787878788
1788766882,145,,Aggregated,0.000000,0.000000,0,0,0,0,0,0,0,0,0,0,0,7257,91,7,1920.2067692159294,1.6885000000002037,181240.0543000001,23648.801570897063
1788766883,145,GET,GET /articles (anon),0.000000,0.000000,0,0,0,0,0,0,0,0,0,0,0,4827,58,7,1826.819618292937,1.6885000000002037,181240.0543000001,26409.941992956286
1788766883,145,GET,GET /articles (list),0.000000,0.000000,0,0,0,0,0,0,0,0,0,0,0,1673,21,7,1815.1130447101,1.8614000000525266,181142.42070000002,25209.271368798567
1788766883,145,GET,GET /articles/{id} (detail),0.000000,0.000000,0,0,0,0,0,0,0,0,0,0,0,724,7,6,1355.2819335635363,1.8880000000081054,121340.08419999987,2704.8908839779006
1788766883,145,POST,[setup] POST /auth/login,0.000000,0.000000,0,0,0,0,0,0,0,0,0,0,0,33,5,750,33302.241909090895,264.8451000000023,180740.18350000004,154.87878787878788
1788766883,145,,Aggregated,0.000000,0.000000,0,0,0,0,0,0,0,0,0,0,0,7257,91,7,1920.2067692159294,1.6885000000002037,181240.0543000001,23648.801570897063
1788766884,145,GET,GET /articles (anon),0.000000,0.000000,0,0,0,0,0,0,0,0,0,0,0,4827,58,7,1826.819618292937,1.6885000000002037,181240.0543000001,26409.941992956286
1788766884,145,GET,GET /articles (list),0.000000,0.000000,0,0,0,0,0,0,0,0,0,0,0,1673,21,7,1815.1130447101,1.8614000000525266,181142.42070000002,25209.271368798567
1788766884,145,GET,GET /articles/{id} (detail),0.000000,0.000000,0,0,0,0,0,0,0,0,0,0,0,724,7,6,1355.2819335635363,1.8880000000081054,121340.08419999987,2704.8908839779006
1788766884,145,POST,[setup] POST /auth/login,0.000000,0.000000,0,0,0,0,0,0,0,0,0,0,0,33,5,750,33302.241909090895,264.8451000000023,180740.18350000004,154.87878787878788
1788766884,145,,Aggregated,0.000000,0.000000,0,0,0,0,0,0,0,0,0,0,0,7257,91,7,1920.2067692159294,1.6885000000002037,181240.0543000001,23648.801570897063
1788766885,145,GET,GET /articles (anon),0.000000,0.000000,0,0,0,0,0,0,0,0,0,0,0,4827,58,7,1826.819618292937,1.6885000000002037,181240.0543000001,26409.941992956286
1788766885,145,GET,GET /articles (list),0.000000,0.000000,0,0,0,0,0,0,0,0,0,0,0,1673,21,7,1815.1130447101,1.8614000000525266,181142.42070000002,25209.271368798567
1788766885,145,GET,GET /articles/{id} (detail),0.000000,0.000000,0,0,0,0,0,0,0,0,0,0,0,724,7,6,1355.2819335635363,1.8880000000081054,121340.08419999987,2704.8908839779006
1788766885,145,POST,[setup] POST /auth/login,0.000000,0.000000,0,0,0,0,0,0,0,0,0,0,0,33,5,750,33302.241909090895,264.8451000000023,180740.18350000004,154.87878787878788
1788766885,145,,Aggregated,0.000000,0.000000,0,0,0,0,0,0,0,0,0,0,0,7257,91,7,1920.2067692159294,1.6885000000002037,181240.0543000001,23648.801570897063
1788766886,145,GET,GET /articles (anon),0.000000,0.000000,0,0,0,0,0,0,0,0,0,0,0,4827,58,7,1826.819618292937,1.6885000000002037,181240.0543000001,26409.941992956286
1788766886,145,GET,GET /articles (list),0.000000,0.000000,0,0,0,0,0,0,0,0,0,0,0,1673,21,7,1815.1130447101,1.8614000000525266,181142.42070000002,25209.271368798567
1788766886,145,GET,GET /articles/{id} (detail),0.000000,0.000000,0,0,0,0,0,0,0,0,0,0,0,724,7,6,1355.2819335635363,1.8880000000081054,121340.08419999987,2704.8908839779006
1788766886,145,POST,[setup] POST /auth/login,0.000000,0.000000,0,0,0,0,0,0,0,0,0,0,0,33,5,750,33302.241909090895,264.8451000000023,180740.18350000004,154.87878787878788
1788766886,145,,Aggregated,0.000000,0.000000,0,0,0,0,0,0,0,0,0,0,0,7257,91,7,1920.2067692159294,1.6885000000002037,181240.0543000001,23648.801570897063
1788766887,145,GET,GET /articles (anon),0.000000,0.000000,0,0,0,0,0,0,0,0,0,0,0,4827,58,7,1826.819618292937,1.6885000000002037,181240.0543000001,26409.941992956286
1788766887,145,GET,GET /articles (list),0.000000,0.000000,0,0,0,0,0,0,0,0,0,0,0,1673,21,7,1815.1130447101,1.8614000000525266,181142.42070000002,25209.271368798567
1788766887,145,GET,GET /articles/{id} (detail),0.000000,0.000000,0,0,0,0,0,0,0,0,0,0,0,724,7,6,1355.2819335635363,1.8880000000081054,121340.08419999987,2704.8908839779006
1788766887,145,POST,[setup] POST /auth/login,0.000000,0.000000,0,0,0,0,0,0,0,0,0,0,0,33,5,750,33302.241909090895,264.8451000000023,180740.18350000004,154.87878787878788
1788766887,145,,Aggregated,0.000000,0.000000,0,0,0,0,0,0,0,0,0,0,0,7257,91,7,1920.2067692159294,1.6885000000002037,181240.0543000001,23648.801570897063
1788766888,145,GET,GET /articles (anon),0.000000,0.000000,0,0,0,0,0,0,0,0,0,0,0,4827,58,7,1826.819618292937,1.6885000000002037,181240.0543000001,26409.941992956286
1788766888,145,GET,GET /articles (list),0.000000,0.000000,0,0,0,0,0,0,0,0,0,0,0,1673,21,7,1815.1130447101,1.8614000000525266,181142.42070000002,25209.271368798567
1788766888,145,GET,GET /articles/{id} (detail),0.000000,0.000000,0,0,0,0,0,0,0,0,0,0,0,724,7,6,1355.2819335635363,1.8880000000081054,121340.08419999987,2704.8908839779006
1788766888,145,POST,[setup] POST /auth/login,0.000000,0.000000,0,0,0,0,0,0,0,0,0,0,0,33,5,750,33302.241909090895,264.8451000000023,180740.18350000004,154.87878787878788
1788766888,145,,Aggregated,0.000000,0.000000,0,0,0,0,0,0,0,0,0,0,0,7257,91,7,1920.2067692159294,1.6885000000002037,181240.0543000001,23648.801570897063
1788766889,145,GET,GET /articles (anon),0.000000,0.000000,0,0,0,0,0,0,0,0,0,0,0,4827,58,7,1826.819618292937,1.6885000000002037,181240.0543000001,26409.941992956286
1788766889,145,GET,GET /articles (list),0.000000,0.000000,0,0,0,0,0,0,0,0,0,0,0,1673,21,7,1815.1130447101,1.8614000000525266,181142.42070000002,25209.271368798567
1788766889,145,GET,GET /articles/{id} (detail),0.000000,0.000000,0,0,0,0,0,0,0,0,0,0,0,724,7,6,1355.2819335635363,1.8880000000081054,121340.08419999987,2704.8908839779006
1788766889,145,POST,[setup] POST /auth/login,0.000000,0.000000,0,0,0,0,0,0,0,0,0,0,0,33,5,750,33302.241909090895,264.8451000000023,180740.18350000004,154.87878787878788
1788766889,145,,Aggregated,0.000000,0.000000,0,0,0,0,0,0,0,0,0,0,0,7257,91,7,1920.2067692159294,1.6885000000002037,181240.0543000001,23648.801570897063
1788766890,145,GET,GET /articles (anon),0.000000,0.000000,0,0,0,0,0,0,0,0,0,0,0,4827,58,7,1826.819618292937,1.6885000000002037,181240.0543000001,26409.941992956286
1788766890,145,GET,GET /articles (list),0.000000,0.000000,0,0,0,0,0,0,0,0,0,0,0,1673,21,7,1815.1130447101,1.8614000000525266,181142.42070000002,25209.271368798567
1788766890,145,GET,GET /articles/{id} (detail),0.000000,0.000000,0,0,0,0,0,0,0,0,0,0,0,724,7,6,1355.2819335635363,1.8880000000081054,121340.08419999987,2704.8908839779006
1788766890,145,POST,[setup] POST /auth/login,0.000000,0.000000,0,0,0,0,0,0,0,0,0,0,0,33,5,750,33302.241909090895,264.8451000000023,180740.18350000004,154.87878787878788
1788766890,145,,Aggregated,0.000000,0.000000,0,0,0,0,0,0,0,0,0,0,0,7257,91,7,1920.2067692159294,1.6885000000002037,181240.0543000001,23648.801570897063
1788766891,145,GET,GET /articles (anon),0.000000,0.000000,0,0,0,0,0,0,0,0,0,0,0,4827,58,7,1826.819618292937,1.6885000000002037,181240.0543000001,26409.941992956286
1788766891,145,GET,GET /articles (list),0.000000,0.000000,0,0,0,0,0,0,0,0,0,0,0,1673,21,7,1815.1130447101,1.8614000000525266,181142.42070000002,25209.271368798567
1788766891,145,GET,GET /articles/{id} (detail),0.000000,0.000000,0,0,0,0,0,0,0,0,0,0,0,724,7,6,1355.2819335635363,1.8880000000081054,121340.08419999987,2704.8908839779006
1788766891,145,POST,[setup] POST /auth/login,0.000000,0.000000,0,0,0,0,0,0,0,0,0,0,0,33,5,750,33302.241909090895,264.8451000000023,180740.18350000004,154.87878787878788
1788766891,145,,Aggregated,0.000000,0.000000,0,0,0,0,0,0,0,0,0,0,0,7257,91,7,1920.2067692159294,1.6885000000002037,181240.0543000001,23648.801570897063
1788766892,145,GET,GET /articles (anon),0.000000,0.000000,0,0,0,0,0,0,0,0,0,0,0,4827,58,7,1826.819618292937,1.6885000000002037,181240.0543000001,26409.941992956286
1788766892,145,GET,GET /articles (list),0.000000,0.000000,0,0,0,0,0,0,0,0,0,0,0,1673,21,7,1815.1130447101,1.8614000000525266,181142.42070000002,25209.271368798567
1788766892,145,GET,GET /articles/{id} (detail),0.000000,0.000000,0,0,0,0,0,0,0,0,0,0,0,724,7,6,1355.2819335635363,1.8880000000081054,121340.08419999987,2704.8908839779006
1788766892,145,POST,[setup] POST /auth/login,0.000000,0.000000,0,0,0,0,0,0,0,0,0,0,0,33,5,750,33302.241909090895,264.8451000000023,180740.18350000004,154.87878787878788
1788766892,145,,Aggregated,0.000000,0.000000,0,0,0,0,0,0,0,0,0,0,0,7257,91,7,1920.2067692159294,1.6885000000002037,181240.0543000001,23648.801570897063
1788766893,145,GET,GET /articles (anon),0.000000,0.000000,0,0,0,0,0,0,0,0,0,0,0,4827,58,7,1826.819618292937,1.6885000000002037,181240.0543000001,26409.941992956286
1788766893,145,GET,GET /articles (list),0.000000,0.000000,0,0,0,0,0,0,0,0,0,0,0,1673,21,7,1815.1130447101,1.8614000000525266,181142.42070000002,25209.271368798567
1788766893,145,GET,GET /articles/{id} (detail),0.000000,0.000000,0,0,0,0,0,0,0,0,0,0,0,724,7,6,1355.2819335635363,1.8880000000081054,121340.08419999987,2704.8908839779006
1788766893,145,POST,[setup] POST /auth/login,0.000000,0.000000,0,0,0,0,0,0,0,0,0,0,0,33,5,750,33302.241909090895,264.8451000000023,180740.18350000004,154.87878787878788
1788766893,145,,Aggregated,0.000000,0.000000,0,0,0,0,0,0,0,0,0,0,0,7257,91,7,1920.2067692159294,1.6885000000002037,181240.0543000001,23648.801570897063
1788766894,145,GET,GET /articles (anon),0.000000,0.000000,0,0,0,0,0,0,0,0,0,0,0,4827,58,7,1826.819618292937,1.6885000000002037,181240.0543000001,26409.941992956286
1788766894,145,GET,GET /articles (list),0.000000,0.000000,0,0,0,0,0,0,0,0,0,0,0,1673,21,7,1815.1130447101,1.8614000000525266,181142.42070000002,25209.271368798567
1788766894,145,GET,GET /articles/{id} (detail),0.000000,0.000000,0,0,0,0,0,0,0,0,0,0,0,724,7,6,1355.2819335635363,1.8880000000081054,121340.08419999987,2704.8908839779006
1788766894,145,POST,[setup] POST /auth/login,0.000000,0.000000,0,0,0,0,0,0,0,0,0,0,0,33,5,750,33302.241909090895,264.8451000000023,180740.18350000004,154.87878787878788
1788766894,145,,Aggregated,0.000000,0.000000,0,0,0,0,0,0,0,0,0,0,0,7257,91,7,1920.2067692159294,1.6885000000002037,181240.0543000001,23648.801570897063
1788766895,145,GET,GET /articles (anon),0.000000,0.000000,0,0,0,0,0,0,0,0,0,0,0,4827,58,7,1826.819618292937,1.6885000000002037,181240.0543000001,26409.941992956286
1788766895,145,GET,GET /articles (list),0.000000,0.000000,0,0,0,0,0,0,0,0,0,0,0,1673,21,7,1815.1130447101,1.8614000000525266,181142.42070000002,25209.271368798567
1788766895,145,GET,GET /articles/{id} (detail),0.000000,0.000000,0,0,0,0,0,0,0,0,0,0,0,724,7,6,1355.2819335635363,1.8880000000081054,121340.08419999987,2704.8908839779006
1788766895,145,POST,[setup] POST /auth/login,0.000000,0.000000,0,0,0,0,0,0,0,0,0,0,0,33,5,750,33302.241909090895,264.8451000000023,180740.18350000004,154.87878787878788
1788766895,145,,Aggregated,0.000000,0.000000,0,0,0,0,0,0,0,0,0,0,0,7257,91,7,1920.2067692159294,1.6885000000002037,181240.0543000001,23648.801570897063
1788766896,145,GET,GET /articles (anon),0.000000,0.000000,0,0,0,0,0,0,0,0,0,0,0,4827,58,7,1826.819618292937,1.6885000000002037,181240.0543000001,26409.941992956286
1788766896,145,GET,GET /articles (list),0.000000,0.000000,0,0,0,0,0,0,0,0,0,0,0,1673,21,7,1815.1130447101,1.8614000000525266,181142.42070000002,25209.271368798567
1788766896,145,GET,GET /articles/{id} (detail),0.000000,0.000000,0,0,0,0,0,0,0,0,0,0,0,724,7,6,1355.2819335635363,1.8880000000081054,121340.08419999987,2704.8908839779006
1788766896,145,POST,[setup] POST /auth/login,0.000000,0.000000,0,0,0,0,0,0,0,0,0,0,0,33,5,750,33302.241909090895,264.8451000000023,180740.18350000004,154.87878787878788
1788766896,145,,Aggregated,0.000000,0.000000,0,0,0,0,0,0,0,0,0,0,0,7257,91,7,1920.2067692159294,1.6885000000002037,181240.0543000001,23648.801570897063
1788766897,145,GET,GET /articles (anon),0.000000,0.000000,0,0,0,0,0,0,0,0,0,0,0,4827,58,7,1826.819618292937,1.6885000000002037,181240.0543000001,26409.941992956286
1788766897,145,GET,GET /articles (list),0.000000,0.000000,0,0,0,0,0,0,0,0,0,0,0,1673,21,7,1815.1130447101,1.8614000000525266,181142.42070000002,25209.271368798567
1788766897,145,GET,GET /articles/{id} (detail),0.000000,0.000000,0,0,0,0,0,0,0,0,0,0,0,724,7,6,1355.2819335635363,1.8880000000081054,121340.08419999987,2704.8908839779006
1788766897,145,POST,[setup] POST /auth/login,0.000000,0.000000,0,0,0,0,0,0,0,0,0,0,0,33,5,750,33302.241909090895,264.8451000000023,180740.18350000004,154.87878787878788
1788766897,145,,Aggregated,0.000000,0.000000,0,0,0,0,0,0,0,0,0,0,0,7257,91,7,1920.2067692159294,1.6885000000002037,181240.0543000001,23648.801570897063
1788766898,145,GET,GET /articles (anon),0.000000,0.000000,0,0,0,0,0,0,0,0,0,0,0,4827,58,7,1826.819618292937,1.6885000000002037,181240.0543000001,26409.941992956286
1788766898,145,GET,GET /articles (list),0.000000,0.000000,0,0,0,0,0,0,0,0,0,0,0,1673,21,7,1815.1130447101,1.8614000000525266,181142.42070000002,25209.271368798567
1788766898,145,GET,GET /articles/{id} (detail),0.000000,0.000000,0,0,0,0,0,0,0,0,0,0,0,724,7,6,1355.2819335635363,1.8880000000081054,121340.08419999987,2704.8908839779006
1788766898,145,POST,[setup] POST /auth/login,0.000000,0.000000,0,0,0,0,0,0,0,0,0,0,0,33,5,750,33302.241909090895,264.8451000000023,180740.18350000004,154.87878787878788
1788766898,145,,Aggregated,0.000000,0.000000,0,0,0,0,0,0,0,0,0,0,0,7257,91,7,1920.2067692159294,1.6885000000002037,181240.0543000001,23648.801570897063
1788766899,145,GET,GET /articles (anon),0.000000,0.000000,0,0,0,0,0,0,0,0,0,0,0,4827,58,7,1826.819618292937,1.6885000000002037,181240.0543000001,26409.941992956286
1788766899,145,GET,GET /articles (list),0.000000,0.000000,0,0,0,0,0,0,0,0,0,0,0,1673,21,7,1815.1130447101,1.8614000000525266,181142.42070000002,25209.271368798567
1788766899,145,GET,GET /articles/{id} (detail),0.000000,0.000000,0,0,0,0,0,0,0,0,0,0,0,724,7,6,1355.2819335635363,1.8880000000081054,121340.08419999987,2704.8908839779006
1788766899,145,POST,[setup] POST /auth/login,0.000000,0.000000,0,0,0,0,0,0,0,0,0,0,0,33,5,750,33302.241909090895,264.8451000000023,180740.18350000004,154.87878787878788
1788766899,145,,Aggregated,0.000000,0.000000,0,0,0,0,0,0,0,0,0,0,0,7257,91,7,1920.2067692159294,1.6885000000002037,181240.0543000001,23648.801570897063
1788766900,145,GET,GET /articles (anon),0.000000,0.000000,0,0,0,0,0,0,0,0,0,0,0,4827,58,7,1826.819618292937,1.6885000000002037,181240.0543000001,26409.941992956286
1788766900,145,GET,GET /articles (list),0.000000,0.000000,0,0,0,0,0,0,0,0,0,0,0,1673,21,7,1815.1130447101,1.8614000000525266,181142.42070000002,25209.271368798567
1788766900,145,GET,GET /articles/{id} (detail),0.000000,0.000000,0,0,0,0,0,0,0,0,0,0,0,724,7,6,1355.2819335635363,1.8880000000081054,121340.08419999987,2704.8908839779006
1788766900,145,POST,[setup] POST /auth/login,0.000000,0.000000,0,0,0,0,0,0,0,0,0,0,0,33,5,750,33302.241909090895,264.8451000000023,180740.18350000004,154.87878787878788
1788766900,145,,Aggregated,0.000000,0.000000,0,0,0,0,0,0,0,0,0,0,0,7257,91,7,1920.2067692159294,1.6885000000002037,181240.0543000001,23648.801570897063
1788766901,145,GET,GET /articles (anon),0.000000,0.000000,0,0,0,0,0,0,0,0,0,0,0,4827,58,7,1826.819618292937,1.6885000000002037,181240.0543000001,26409.941992956286
1788766901,145,GET,GET /articles (list),0.000000,0.000000,0,0,0,0,0,0,0,0,0,0,0,1673,21,7,1815.1130447101,1.8614000000525266,181142.42070000002,25209.271368798567
1788766901,145,GET,GET /articles/{id} (detail),0.000000,0.000000,0,0,0,0,0,0,0,0,0,0,0,724,7,6,1355.2819335635363,1.8880000000081054,121340.08419999987,2704.8908839779006
1788766901,145,POST,[setup] POST /auth/login,0.000000,0.000000,0,0,0,0,0,0,0,0,0,0,0,33,5,750,33302.241909090895,264.8451000000023,180740.18350000004,154.87878787878788
1788766901,145,,Aggregated,0.000000,0.000000,0,0,0,0,0,0,0,0,0,0,0,7257,91,7,1920.2067692159294,1.6885000000002037,181240.0543000001,23648.801570897063
1788766902,145,GET,GET /articles (anon),0.000000,0.000000,0,0,0,0,0,0,0,0,0,0,0,4827,58,7,1826.819618292937,1.6885000000002037,181240.0543000001,26409.941992956286
1788766902,145,GET,GET /articles (list),0.000000,0.000000,0,0,0,0,0,0,0,0,0,0,0,1673,21,7,1815.1130447101,1.8614000000525266,181142.42070000002,25209.271368798567
1788766902,145,GET,GET /articles/{id} (detail),0.000000,0.000000,0,0,0,0,0,0,0,0,0,0,0,724,7,6,1355.2819335635363,1.8880000000081054,121340.08419999987,2704.8908839779006
1788766902,145,POST,[setup] POST /auth/login,0.000000,0.000000,0,0,0,0,0,0,0,0,0,0,0,33,5,750,33302.241909090895,264.8451000000023,180740.18350000004,154.87878787878788
1788766902,145,,Aggregated,0.000000,0.000000,0,0,0,0,0,0,0,0,0,0,0,7257,91,7,1920.2067692159294,1.6885000000002037,181240.0543000001,23648.801570897063
1788766903,145,GET,GET /articles (anon),0.000000,0.000000,0,0,0,0,0,0,0,0,0,0,0,4827,58,7,1826.819618292937,1.6885000000002037,181240.0543000001,26409.941992956286
1788766903,145,GET,GET /articles (list),0.000000,0.000000,0,0,0,0,0,0,0,0,0,0,0,1673,21,7,1815.1130447101,1.8614000000525266,181142.42070000002,25209.271368798567
1788766903,145,GET,GET /articles/{id} (detail),0.000000,0.000000,0,0,0,0,0,0,0,0,0,0,0,724,7,6,1355.2819335635363,1.8880000000081054,121340.08419999987,2704.8908839779006
1788766903,145,POST,[setup] POST /auth/login,0.000000,0.000000,0,0,0,0,0,0,0,0,0,0,0,33,5,750,33302.241909090895,264.8451000000023,180740.18350000004,154.87878787878788
1788766903,145,,Aggregated,0.000000,0.000000,0,0,0,0,0,0,0,0,0,0,0,7257,91,7,1920.2067692159294,1.6885000000002037,181240.0543000001,23648.801570897063
1788766904,145,GET,GET /articles (anon),0.000000,0.000000,0,0,0,0,0,0,0,0,0,0,0,4827,58,7,1826.819618292937,1.6885000000002037,181240.0543000001,26409.941992956286
1788766904,145,GET,GET /articles (list),0.000000,0.000000,0,0,0,0,0,0,0,0,0,0,0,1673,21,7,1815.1130447101,1.8614000000525266,181142.42070000002,25209.271368798567
1788766904,145,GET,GET /articles/{id} (detail),0.000000,0.000000,0,0,0,0,0,0,0,0,0,0,0,724,7,6,1355.2819335635363,1.8880000000081054,121340.08419999987,2704.8908839779006
1788766904,145,POST,[setup] POST /auth/login,0.000000,0.000000,0,0,0,0,0,0,0,0,0,0,0,33,5,750,33302.241909090895,264.8451000000023,180740.18350000004,154.87878787878788
1788766904,145,,Aggregated,0.000000,0.000000,0,0,0,0,0,0,0,0,0,0,0,7257,91,7,1920.2067692159294,1.6885000000002037,181240.0543000001,23648.801570897063
1788766905,145,GET,GET /articles (anon),0.000000,0.000000,0,0,0,0,0,0,0,0,0,0,0,4827,58,7,1826.819618292937,1.6885000000002037,181240.0543000001,26409.941992956286
1788766905,145,GET,GET /articles (list),0.000000,0.000000,0,0,0,0,0,0,0,0,0,0,0,1673,21,7,1815.1130447101,1.8614000000525266,181142.42070000002,25209.271368798567
1788766905,145,GET,GET /articles/{id} (detail),0.000000,0.000000,0,0,0,0,0,0,0,0,0,0,0,724,7,6,1355.2819335635363,1.8880000000081054,121340.08419999987,2704.8908839779006
1788766905,145,POST,[setup] POST /auth/login,0.000000,0.000000,0,0,0,0,0,0,0,0,0,0,0,33,5,750,33302.241909090895,264.8451000000023,180740.18350000004,154.87878787878788
1788766905,145,,Aggregated,0.000000,0.000000,0,0,0,0,0,0,0,0,0,0,0,7257,91,7,1920.2067692159294,1.6885000000002037,181240.0543000001,23648.801570897063
1788766906,145,GET,GET /articles (anon),0.000000,0.000000,0,0,0,0,0,0,0,0,0,0,0,4827,58,7,1826.819618292937,1.6885000000002037,181240.0543000001,26409.941992956286
1788766906,145,GET,GET /articles (list),0.000000,0.000000,0,0,0,0,0,0,0,0,0,0,0,1673,21,7,1815.1130447101,1.8614000000525266,181142.42070000002,25209.271368798567
1788766906,145,GET,GET /articles/{id} (detail),0.000000,0.000000,0,0,0,0,0,0,0,0,0,0,0,724,7,6,1355.2819335635363,1.8880000000081054,121340.08419999987,2704.8908839779006
1788766906,145,POST,[setup] POST /auth/login,0.000000,0.000000,0,0,0,0,0,0,0,0,0,0,0,33,5,750,33302.241909090895,264.8451000000023,180740.18350000004,154.87878787878788
1788766906,145,,Aggregated,0.000000,0.000000,0,0,0,0,0,0,0,0,0,0,0,7257,91,7,1920.2067692159294,1.6885000000002037,181240.0543000001,23648.801570897063
1788766907,145,GET,GET /articles (anon),0.000000,0.000000,0,0,0,0,0,0,0,0,0,0,0,4827,58,7,1826.819618292937,1.6885000000002037,181240.0543000001,26409.941992956286
1788766907,145,GET,GET /articles (list),0.000000,0.000000,0,0,0,0,0,0,0,0,0,0,0,1673,21,7,1815.1130447101,1.8614000000525266,181142.42070000002,25209.271368798567
1788766907,145,GET,GET /articles/{id} (detail),0.000000,0.000000,0,0,0,0,0,0,0,0,0,0,0,724,7,6,1355.2819335635363,1.8880000000081054,121340.08419999987,2704.8908839779006
1788766907,145,POST,[setup] POST /auth/login,0.000000,0.000000,0,0,0,0,0,0,0,0,0,0,0,33,5,750,33302.241909090895,264.8451000000023,180740.18350000004,154.87878787878788
1788766907,145,,Aggregated,0.000000,0.000000,0,0,0,0,0,0,0,0,0,0,0,7257,91,7,1920.2067692159294,1.6885000000002037,181240.0543000001,23648.801570897063
1788766908,145,GET,GET /articles (anon),0.000000,0.000000,0,0,0,0,0,0,0,0,0,0,0,4827,58,7,1826.819618292937,1.6885000000002037,181240.0543000001,26409.941992956286
1788766908,145,GET,GET /articles (list),0.000000,0.000000,0,0,0,0,0,0,0,0,0,0,0,1673,21,7,1815.1130447101,1.8614000000525266,181142.42070000002,25209.271368798567
1788766908,145,GET,GET /articles/{id} (detail),0.000000,0.000000,0,0,0,0,0,0,0,0,0,0,0,724,7,6,1355.2819335635363,1.8880000000081054,121340.08419999987,2704.8908839779006
1788766908,145,POST,[setup] POST /auth/login,0.000000,0.000000,0,0,0,0,0,0,0,0,0,0,0,33,5,750,33302.241909090895,264.8451000000023,180740.18350000004,154.87878787878788
1788766908,145,,Aggregated,0.000000,0.000000,0,0,0,0,0,0,0,0,0,0,0,7257,91,7,1920.2067692159294,1.6885000000002037,181240.0543000001,23648.801570897063
1788766909,145,GET,GET /articles (anon),0.000000,0.000000,0,0,0,0,0,0,0,0,0,0,0,4827,58,7,1826.819618292937,1.6885000000002037,181240.0543000001,26409.941992956286
1788766909,145,GET,GET /articles (list),0.000000,0.000000,0,0,0,0,0,0,0,0,0,0,0,1673,21,7,1815.1130447101,1.8614000000525266,181142.42070000002,25209.271368798567
1788766909,145,GET,GET /articles/{id} (detail),0.000000,0.000000,0,0,0,0,0,0,0,0,0,0,0,724,7,6,1355.2819335635363,1.8880000000081054,121340.08419999987,2704.8908839779006
1788766909,145,POST,[setup] POST /auth/login,0.000000,0.000000,0,0,0,0,0,0,0,0,0,0,0,33,5,750,33302.241909090895,264.8451000000023,180740.18350000004,154.87878787878788
1788766909,145,,Aggregated,0.000000,0.000000,0,0,0,0,0,0,0,0,0,0,0,7257,91,7,1920.2067692159294,1.6885000000002037,181240.0543000001,23648.801570897063
1788766910,145,GET,GET /articles (anon),0.000000,0.000000,0,0,0,0,0,0,0,0,0,0,0,4827,58,7,1826.819618292937,1.6885000000002037,181240.0543000001,26409.941992956286
1788766910,145,GET,GET /articles (list),0.000000,0.000000,0,0,0,0,0,0,0,0,0,0,0,1673,21,7,1815.1130447101,1.8614000000525266,181142.42070000002,25209.271368798567
1788766910,145,GET,GET /articles/{id} (detail),0.000000,0.000000,0,0,0,0,0,0,0,0,0,0,0,724,7,6,1355.2819335635363,1.8880000000081054,121340.08419999987,2704.8908839779006
1788766910,145,POST,[setup] POST /auth/login,0.000000,0.000000,0,0,0,0,0,0,0,0,0,0,0,33,5,750,33302.241909090895,264.8451000000023,180740.18350000004,154.87878787878788
1788766910,145,,Aggregated,0.000000,0.000000,0,0,0,0,0,0,0,0,0,0,0,7257,91,7,1920.2067692159294,1.6885000000002037,181240.0543000001,23648.801570897063
1788766911,145,GET,GET /articles (anon),0.000000,0.000000,0,0,0,0,0,0,0,0,0,0,0,4827,58,7,1826.819618292937,1.6885000000002037,181240.0543000001,26409.941992956286
1788766911,145,GET,GET /articles (list),0.000000,0.000000,0,0,0,0,0,0,0,0,0,0,0,1673,21,7,1815.1130447101,1.8614000000525266,181142.42070000002,25209.271368798567
1788766911,145,GET,GET /articles/{id} (detail),0.000000,0.000000,0,0,0,0,0,0,0,0,0,0,0,724,7,6,1355.2819335635363,1.8880000000081054,121340.08419999987,2704.8908839779006
1788766911,145,POST,[setup] POST /auth/login,0.000000,0.000000,0,0,0,0,0,0,0,0,0,0,0,33,5,750,33302.241909090895,264.8451000000023,180740.18350000004,154.87878787878788
1788766911,145,,Aggregated,0.000000,0.000000,0,0,0,0,0,0,0,0,0,0,0,7257,91,7,1920.2067692159294,1.6885000000002037,181240.0543000001,23648.801570897063
1788766912,160,GET,GET /articles (anon),0.000000,0.000000,0,0,0,0,0,0,0,0,0,0,0,4827,58,7,1826.819618292937,1.6885000000002037,181240.0543000001,26409.941992956286
1788766912,160,GET,GET /articles (list),0.000000,0.000000,0,0,0,0,0,0,0,0,0,0,0,1673,21,7,1815.1130447101,1.8614000000525266,181142.42070000002,25209.271368798567
1788766912,160,GET,GET /articles/{id} (detail),0.000000,0.000000,0,0,0,0,0,0,0,0,0,0,0,724,7,6,1355.2819335635363,1.8880000000081054,121340.08419999987,2704.8908839779006
1788766912,160,POST,[setup] POST /auth/login,0.000000,0.000000,0,0,0,0,0,0,0,0,0,0,0,33,5,750,33302.241909090895,264.8451000000023,180740.18350000004,154.87878787878788
1788766912,160,,Aggregated,0.000000,0.000000,0,0,0,0,0,0,0,0,0,0,0,7257,91,7,1920.2067692159294,1.6885000000002037,181240.0543000001,23648.801570897063
1788766913,170,GET,GET /articles (anon),0.000000,0.000000,0,0,0,0,0,0,0,0,0,0,0,4827,58,7,1826.819618292937,1.6885000000002037,181240.0543000001,26409.941992956286
1788766913,170,GET,GET /articles (list),0.000000,0.000000,0,0,0,0,0,0,0,0,0,0,0,1673,21,7,1815.1130447101,1.8614000000525266,181142.42070000002,25209.271368798567
1788766913,170,GET,GET /articles/{id} (detail),0.000000,0.000000,0,0,0,0,0,0,0,0,0,0,0,724,7,6,1355.2819335635363,1.8880000000081054,121340.08419999987,2704.8908839779006
1788766913,170,POST,[setup] POST /auth/login,0.000000,0.000000,0,0,0,0,0,0,0,0,0,0,0,33,5,750,33302.241909090895,264.8451000000023,180740.18350000004,154.87878787878788
1788766913,170,,Aggregated,0.000000,0.000000,0,0,0,0,0,0,0,0,0,0,0,7257,91,7,1920.2067692159294,1.6885000000002037,181240.0543000001,23648.801570897063
1788766914,180,GET,GET /articles (anon),0.000000,0.000000,0,0,0,0,0,0,0,0,0,0,0,4827,58,7,1826.819618292937,1.6885000000002037,181240.0543000001,26409.941992956286
1788766914,180,GET,GET /articles (list),0.000000,0.000000,0,0,0,0,0,0,0,0,0,0,0,1673,21,7,1815.1130447101,1.8614000000525266,181142.42070000002,25209.271368798567
1788766914,180,GET,GET /articles/{id} (detail),0.000000,0.000000,0,0,0,0,0,0,0,0,0,0,0,724,7,6,1355.2819335635363,1.8880000000081054,121340.08419999987,2704.8908839779006
1788766914,180,POST,[setup] POST /auth/login,0.000000,0.000000,0,0,0,0,0,0,0,0,0,0,0,33,5,750,33302.241909090895,264.8451000000023,180740.18350000004,154.87878787878788
1788766914,180,,Aggregated,0.000000,0.000000,0,0,0,0,0,0,0,0,0,0,0,7257,91,7,1920.2067692159294,1.6885000000002037,181240.0543000001,23648.801570897063
1788766915,190,GET,GET /articles (anon),0.000000,0.000000,0,0,0,0,0,0,0,0,0,0,0,4827,58,7,1826.819618292937,1.6885000000002037,181240.0543000001,26409.941992956286
1788766915,190,GET,GET /articles (list),0.000000,0.000000,0,0,0,0,0,0,0,0,0,0,0,1673,21,7,1815.1130447101,1.8614000000525266,181142.42070000002,25209.271368798567
1788766915,190,GET,GET /articles/{id} (detail),0.000000,0.000000,0,0,0,0,0,0,0,0,0,0,0,724,7,6,1355.2819335635363,1.8880000000081054,121340.08419999987,2704.8908839779006
1788766915,190,POST,[setup] POST /auth/login,0.000000,0.000000,0,0,0,0,0,0,0,0,0,0,0,33,5,750,33302.241909090895,264.8451000000023,180740.18350000004,154.87878787878788
1788766915,190,,Aggregated,0.000000,0.000000,0,0,0,0,0,0,0,0,0,0,0,7257,91,7,1920.2067692159294,1.6885000000002037,181240.0543000001,23648.801570897063
1788766916,200,GET,GET /articles (anon),0.000000,0.000000,240000,241000,241000,241000,241000,241000,241000,241000,241000,241000,241000,4832,58,7,2073.533432388246,1.6885000000002037,240954.3238000001,26410.27421357616
1788766916,200,GET,GET /articles (list),0.000000,0.000000,0,0,0,0,0,0,0,0,0,0,0,1673,21,7,1815.1130447101,1.8614000000525266,181142.42070000002,25209.271368798567
1788766916,200,GET,GET /articles/{id} (detail),0.000000,0.000000,0,0,0,0,0,0,0,0,0,0,0,724,7,6,1355.2819335635363,1.8880000000081054,121340.08419999987,2704.8908839779006
1788766916,200,POST,[setup] POST /auth/login,0.000000,0.000000,0,0,0,0,0,0,0,0,0,0,0,33,5,750,33302.241909090895,264.8451000000023,180740.18350000004,154.87878787878788
1788766916,200,,Aggregated,0.000000,0.000000,240000,241000,241000,241000,241000,241000,241000,241000,241000,241000,241000,7262,91,7,2084.3012630129438,1.6885000000002037,240954.3238000001,23650.923712475902
1788766917,200,GET,GET /articles (anon),0.000000,0.000000,240000,241000,241000,241000,241000,241000,241000,241000,241000,241000,241000,4832,58,7,2073.533432388246,1.6885000000002037,240954.3238000001,26410.27421357616
1788766917,200,GET,GET /articles (list),0.000000,0.000000,0,0,0,0,0,0,0,0,0,0,0,1673,21,7,1815.1130447101,1.8614000000525266,181142.42070000002,25209.271368798567
1788766917,200,GET,GET /articles/{id} (detail),0.000000,0.000000,0,0,0,0,0,0,0,0,0,0,0,724,7,6,1355.2819335635363,1.8880000000081054,121340.08419999987,2704.8908839779006
1788766917,200,POST,[setup] POST /auth/login,0.000000,0.000000,0,0,0,0,0,0,0,0,0,0,0,33,5,750,33302.241909090895,264.8451000000023,180740.18350000004,154.87878787878788
1788766917,200,,Aggregated,0.000000,0.000000,240000,241000,241000,241000,241000,241000,241000,241000,241000,241000,241000,7262,91,7,2084.3012630129438,1.6885000000002037,240954.3238000001,23650.923712475902
1788766918,200,GET,GET /articles (anon),0.000000,0.000000,240000,241000,241000,241000,241000,241000,241000,241000,241000,241000,241000,4832,58,7,2073.533432388246,1.6885000000002037,240954.3238000001,26410.27421357616
1788766918,200,GET,GET /articles (list),0.000000,0.000000,0,0,0,0,0,0,0,0,0,0,0,1673,21,7,1815.1130447101,1.8614000000525266,181142.42070000002,25209.271368798567
1788766918,200,GET,GET /articles/{id} (detail),0.000000,0.000000,0,0,0,0,0,0,0,0,0,0,0,724,7,6,1355.2819335635363,1.8880000000081054,121340.08419999987,2704.8908839779006
1788766918,200,POST,[setup] POST /auth/login,0.000000,0.000000,0,0,0,0,0,0,0,0,0,0,0,33,5,750,33302.241909090895,264.8451000000023,180740.18350000004,154.87878787878788
1788766918,200,,Aggregated,0.000000,0.000000,240000,241000,241000,241000,241000,241000,241000,241000,241000,241000,241000,7262,91,7,2084.3012630129438,1.6885000000002037,240954.3238000001,23650.923712475902
1788766919,200,GET,GET /articles (anon),0.000000,0.000000,240000,241000,241000,241000,241000,241000,241000,241000,241000,241000,241000,4832,58,7,2073.533432388246,1.6885000000002037,240954.3238000001,26410.27421357616
1788766919,200,GET,GET /articles (list),0.000000,0.000000,0,0,0,0,0,0,0,0,0,0,0,1673,21,7,1815.1130447101,1.8614000000525266,181142.42070000002,25209.271368798567
1788766919,200,GET,GET /articles/{id} (detail),0.000000,0.000000,0,0,0,0,0,0,0,0,0,0,0,724,7,6,1355.2819335635363,1.8880000000081054,121340.08419999987,2704.8908839779006
1788766919,200,POST,[setup] POST /auth/login,0.000000,0.000000,0,0,0,0,0,0,0,0,0,0,0,33,5,750,33302.241909090895,264.8451000000023,180740.18350000004,154.87878787878788
1788766919,200,,Aggregated,0.000000,0.000000,240000,241000,241000,241000,241000,241000,241000,241000,241000,241000,241000,7262,91,7,2084.3012630129438,1.6885000000002037,240954.3238000001,23650.923712475902
1788766920,200,GET,GET /articles (anon),0.000000,0.000000,240000,241000,241000,241000,241000,241000,241000,241000,241000,241000,241000,4832,58,7,2073.533432388246,1.6885000000002037,240954.3238000001,26410.27421357616
1788766920,200,GET,GET /articles (list),0.000000,0.000000,0,0,0,0,0,0,0,0,0,0,0,1673,21,7,1815.1130447101,1.8614000000525266,181142.42070000002,25209.271368798567
1788766920,200,GET,GET /articles/{id} (detail),0.000000,0.000000,0,0,0,0,0,0,0,0,0,0,0,724,7,6,1355.2819335635363,1.8880000000081054,121340.08419999987,2704.8908839779006
1788766920,200,POST,[setup] POST /auth/login,0.000000,0.000000,0,0,0,0,0,0,0,0,0,0,0,33,5,750,33302.241909090895,264.8451000000023,180740.18350000004,154.87878787878788
1788766920,200,,Aggregated,0.000000,0.000000,240000,241000,241000,241000,241000,241000,241000,241000,241000,241000,241000,7262,91,7,2084.3012630129438,1.6885000000002037,240954.3238000001,23650.923712475902
1788766921,200,GET,GET /articles (anon),0.000000,0.000000,240000,241000,241000,241000,241000,241000,241000,241000,241000,241000,241000,4832,58,7,2073.533432388246,1.6885000000002037,240954.3238000001,26410.27421357616
1788766921,200,GET,GET /articles (list),0.000000,0.000000,0,0,0,0,0,0,0,0,0,0,0,1673,21,7,1815.1130447101,1.8614000000525266,181142.42070000002,25209.271368798567
1788766921,200,GET,GET /articles/{id} (detail),0.000000,0.000000,0,0,0,0,0,0,0,0,0,0,0,724,7,6,1355.2819335635363,1.8880000000081054,121340.08419999987,2704.8908839779006
1788766921,200,POST,[setup] POST /auth/login,0.000000,0.000000,0,0,0,0,0,0,0,0,0,0,0,33,5,750,33302.241909090895,264.8451000000023,180740.18350000004,154.87878787878788
1788766921,200,,Aggregated,0.000000,0.000000,240000,241000,241000,241000,241000,241000,241000,241000,241000,241000,241000,7262,91,7,2084.3012630129438,1.6885000000002037,240954.3238000001,23650.923712475902
1788766922,200,GET,GET /articles (anon),0.000000,0.000000,240000,241000,241000,241000,241000,241000,241000,241000,241000,241000,241000,4832,58,7,2073.533432388246,1.6885000000002037,240954.3238000001,26410.27421357616
1788766922,200,GET,GET /articles (list),0.000000,0.000000,0,0,0,0,0,0,0,0,0,0,0,1673,21,7,1815.1130447101,1.8614000000525266,181142.42070000002,25209.271368798567
1788766922,200,GET,GET /articles/{id} (detail),0.000000,0.000000,0,0,0,0,0,0,0,0,0,0,0,724,7,6,1355.2819335635363,1.8880000000081054,121340.08419999987,2704.8908839779006
1788766922,200,POST,[setup] POST /auth/login,0.000000,0.000000,0,0,0,0,0,0,0,0,0,0,0,33,5,750,33302.241909090895,264.8451000000023,180740.18350000004,154.87878787878788
1788766922,200,,Aggregated,0.000000,0.000000,240000,241000,241000,241000,241000,241000,241000,241000,241000,241000,241000,7262,91,7,2084.3012630129438,1.6885000000002037,240954.3238000001,23650.923712475902
1788766923,200,GET,GET /articles (anon),0.000000,0.000000,240000,241000,241000,241000,241000,241000,241000,241000,241000,241000,241000,4832,58,7,2073.533432388246,1.6885000000002037,240954.3238000001,26410.27421357616
1788766923,200,GET,GET /articles (list),0.000000,0.000000,0,0,0,0,0,0,0,0,0,0,0,1673,21,7,1815.1130447101,1.8614000000525266,181142.42070000002,25209.271368798567
1788766923,200,GET,GET /articles/{id} (detail),0.000000,0.000000,0,0,0,0,0,0,0,0,0,0,0,724,7,6,1355.2819335635363,1.8880000000081054,121340.08419999987,2704.8908839779006
1788766923,200,POST,[setup] POST /auth/login,0.000000,0.000000,0,0,0,0,0,0,0,0,0,0,0,33,5,750,33302.241909090895,264.8451000000023,180740.18350000004,154.87878787878788
1788766923,200,,Aggregated,0.000000,0.000000,240000,241000,241000,241000,241000,241000,241000,241000,241000,241000,241000,7262,91,7,2084.3012630129438,1.6885000000002037,240954.3238000001,23650.923712475902
1788766924,200,GET,GET /articles (anon),0.000000,0.000000,240000,241000,241000,241000,241000,241000,241000,241000,241000,241000,241000,4832,58,7,2073.533432388246,1.6885000000002037,240954.3238000001,26410.27421357616
1788766924,200,GET,GET /articles (list),0.000000,0.000000,0,0,0,0,0,0,0,0,0,0,0,1673,21,7,1815.1130447101,1.8614000000525266,181142.42070000002,25209.271368798567
1788766924,200,GET,GET /articles/{id} (detail),0.000000,0.000000,0,0,0,0,0,0,0,0,0,0,0,724,7,6,1355.2819335635363,1.8880000000081054,121340.08419999987,2704.8908839779006
1788766924,200,POST,[setup] POST /auth/login,0.000000,0.000000,0,0,0,0,0,0,0,0,0,0,0,33,5,750,33302.241909090895,264.8451000000023,180740.18350000004,154.87878787878788
1788766924,200,,Aggregated,0.000000,0.000000,240000,241000,241000,241000,241000,241000,241000,241000,241000,241000,241000,7262,91,7,2084.3012630129438,1.6885000000002037,240954.3238000001,23650.923712475902
1788766925,200,GET,GET /articles (anon),0.000000,0.000000,240000,241000,241000,241000,241000,241000,241000,241000,241000,241000,241000,4832,58,7,2073.533432388246,1.6885000000002037,240954.3238000001,26410.27421357616
1788766925,200,GET,GET /articles (list),0.000000,0.000000,0,0,0,0,0,0,0,0,0,0,0,1673,21,7,1815.1130447101,1.8614000000525266,181142.42070000002,25209.271368798567
1788766925,200,GET,GET /articles/{id} (detail),0.000000,0.000000,0,0,0,0,0,0,0,0,0,0,0,724,7,6,1355.2819335635363,1.8880000000081054,121340.08419999987,2704.8908839779006
1788766925,200,POST,[setup] POST /auth/login,0.000000,0.000000,0,0,0,0,0,0,0,0,0,0,0,33,5,750,33302.241909090895,264.8451000000023,180740.18350000004,154.87878787878788
1788766925,200,,Aggregated,0.000000,0.000000,240000,241000,241000,241000,241000,241000,241000,241000,241000,241000,241000,7262,91,7,2084.3012630129438,1.6885000000002037,240954.3238000001,23650.923712475902
1788766926,200,GET,GET /articles (anon),0.000000,0.000000,240000,241000,241000,241000,241000,241000,241000,241000,241000,241000,241000,4832,58,7,2073.533432388246,1.6885000000002037,240954.3238000001,26410.27421357616
1788766926,200,GET,GET /articles (list),0.000000,0.000000,0,0,0,0,0,0,0,0,0,0,0,1673,21,7,1815.1130447101,1.8614000000525266,181142.42070000002,25209.271368798567
1788766926,200,GET,GET /articles/{id} (detail),0.000000,0.000000,0,0,0,0,0,0,0,0,0,0,0,724,7,6,1355.2819335635363,1.8880000000081054,121340.08419999987,2704.8908839779006
1788766926,200,POST,[setup] POST /auth/login,0.000000,0.000000,0,0,0,0,0,0,0,0,0,0,0,33,5,750,33302.241909090895,264.8451000000023,180740.18350000004,154.87878787878788
1788766926,200,,Aggregated,0.000000,0.000000,240000,241000,241000,241000,241000,241000,241000,241000,241000,241000,241000,7262,91,7,2084.3012630129438,1.6885000000002037,240954.3238000001,23650.923712475902
1788766927,200,GET,GET /articles (anon),0.000000,0.000000,240000,241000,241000,241000,241000,241000,241000,241000,241000,241000,241000,4832,58,7,2073.533432388246,1.6885000000002037,240954.3238000001,26410.27421357616
1788766927,200,GET,GET /articles (list),0.000000,0.000000,0,0,0,0,0,0,0,0,0,0,0,1673,21,7,1815.1130447101,1.8614000000525266,181142.42070000002,25209.271368798567
1788766927,200,GET,GET /articles/{id} (detail),0.000000,0.000000,0,0,0,0,0,0,0,0,0,0,0,724,7,6,1355.2819335635363,1.8880000000081054,121340.08419999987,2704.8908839779006
1788766927,200,POST,[setup] POST /auth/login,0.000000,0.000000,0,0,0,0,0,0,0,0,0,0,0,33,5,750,33302.241909090895,264.8451000000023,180740.18350000004,154.87878787878788
1788766927,200,,Aggregated,0.000000,0.000000,240000,241000,241000,241000,241000,241000,241000,241000,241000,241000,241000,7262,91,7,2084.3012630129438,1.6885000000002037,240954.3238000001,23650.923712475902
1788766928,200,GET,GET /articles (anon),0.000000,0.000000,240000,241000,241000,241000,241000,241000,241000,241000,241000,241000,241000,4832,58,7,2073.533432388246,1.6885000000002037,240954.3238000001,26410.27421357616
1788766928,200,GET,GET /articles (list),0.000000,0.000000,0,0,0,0,0,0,0,0,0,0,0,1673,21,7,1815.1130447101,1.8614000000525266,181142.42070000002,25209.271368798567
1788766928,200,GET,GET /articles/{id} (detail),0.000000,0.000000,0,0,0,0,0,0,0,0,0,0,0,724,7,6,1355.2819335635363,1.8880000000081054,121340.08419999987,2704.8908839779006
1788766928,200,POST,[setup] POST /auth/login,0.000000,0.000000,0,0,0,0,0,0,0,0,0,0,0,33,5,750,33302.241909090895,264.8451000000023,180740.18350000004,154.87878787878788
1788766928,200,,Aggregated,0.000000,0.000000,240000,241000,241000,241000,241000,241000,241000,241000,241000,241000,241000,7262,91,7,2084.3012630129438,1.6885000000002037,240954.3238000001,23650.923712475902
1788766929,200,GET,GET /articles (anon),0.000000,0.000000,240000,241000,241000,241000,241000,241000,241000,241000,241000,241000,241000,4832,58,7,2073.533432388246,1.6885000000002037,240954.3238000001,26410.27421357616
1788766929,200,GET,GET /articles (list),0.000000,0.000000,0,0,0,0,0,0,0,0,0,0,0,1673,21,7,1815.1130447101,1.8614000000525266,181142.42070000002,25209.271368798567
1788766929,200,GET,GET /articles/{id} (detail),0.000000,0.000000,0,0,0,0,0,0,0,0,0,0,0,724,7,6,1355.2819335635363,1.8880000000081054,121340.08419999987,2704.8908839779006
1788766929,200,POST,[setup] POST /auth/login,0.000000,0.000000,0,0,0,0,0,0,0,0,0,0,0,33,5,750,33302.241909090895,264.8451000000023,180740.18350000004,154.87878787878788
1788766929,200,,Aggregated,0.000000,0.000000,240000,241000,241000,241000,241000,241000,241000,241000,241000,241000,241000,7262,91,7,2084.3012630129438,1.6885000000002037,240954.3238000001,23650.923712475902
1788766930,200,GET,GET /articles (anon),0.000000,0.000000,240000,241000,241000,241000,241000,241000,241000,241000,241000,241000,241000,4832,58,7,2073.533432388246,1.6885000000002037,240954.3238000001,26410.27421357616
1788766930,200,GET,GET /articles (list),0.000000,0.000000,0,0,0,0,0,0,0,0,0,0,0,1673,21,7,1815.1130447101,1.8614000000525266,181142.42070000002,25209.271368798567
1788766930,200,GET,GET /articles/{id} (detail),0.000000,0.000000,0,0,0,0,0,0,0,0,0,0,0,724,7,6,1355.2819335635363,1.8880000000081054,121340.08419999987,2704.8908839779006
1788766930,200,POST,[setup] POST /auth/login,0.000000,0.000000,0,0,0,0,0,0,0,0,0,0,0,33,5,750,33302.241909090895,264.8451000000023,180740.18350000004,154.87878787878788
1788766930,200,,Aggregated,0.000000,0.000000,240000,241000,241000,241000,241000,241000,241000,241000,241000,241000,241000,7262,91,7,2084.3012630129438,1.6885000000002037,240954.3238000001,23650.923712475902
1788766931,200,GET,GET /articles (anon),0.000000,0.000000,240000,241000,241000,241000,241000,241000,241000,241000,241000,241000,241000,4832,58,7,2073.533432388246,1.6885000000002037,240954.3238000001,26410.27421357616
1788766931,200,GET,GET /articles (list),0.000000,0.000000,0,0,0,0,0,0,0,0,0,0,0,1673,21,7,1815.1130447101,1.8614000000525266,181142.42070000002,25209.271368798567
1788766931,200,GET,GET /articles/{id} (detail),0.000000,0.000000,0,0,0,0,0,0,0,0,0,0,0,724,7,6,1355.2819335635363,1.8880000000081054,121340.08419999987,2704.8908839779006
1788766931,200,POST,[setup] POST /auth/login,0.000000,0.000000,0,0,0,0,0,0,0,0,0,0,0,33,5,750,33302.241909090895,264.8451000000023,180740.18350000004,154.87878787878788
1788766931,200,,Aggregated,0.000000,0.000000,240000,241000,241000,241000,241000,241000,241000,241000,241000,241000,241000,7262,91,7,2084.3012630129438,1.6885000000002037,240954.3238000001,23650.923712475902
1788766932,200,GET,GET /articles (anon),0.000000,0.000000,240000,241000,241000,241000,241000,241000,241000,241000,241000,241000,241000,4832,58,7,2073.533432388246,1.6885000000002037,240954.3238000001,26410.27421357616
1788766932,200,GET,GET /articles (list),0.000000,0.000000,0,0,0,0,0,0,0,0,0,0,0,1673,21,7,1815.1130447101,1.8614000000525266,181142.42070000002,25209.271368798567
1788766932,200,GET,GET /articles/{id} (detail),0.000000,0.000000,0,0,0,0,0,0,0,0,0,0,0,724,7,6,1355.2819335635363,1.8880000000081054,121340.08419999987,2704.8908839779006
1788766932,200,POST,[setup] POST /auth/login,0.000000,0.000000,0,0,0,0,0,0,0,0,0,0,0,33,5,750,33302.241909090895,264.8451000000023,180740.18350000004,154.87878787878788
1788766932,200,,Aggregated,0.000000,0.000000,240000,241000,241000,241000,241000,241000,241000,241000,241000,241000,241000,7262,91,7,2084.3012630129438,1.6885000000002037,240954.3238000001,23650.923712475902
1788766933,200,GET,GET /articles (anon),0.000000,0.000000,0,0,0,0,0,0,0,0,0,0,0,4832,58,7,2073.533432388246,1.6885000000002037,240954.3238000001,26410.27421357616
1788766933,200,GET,GET /articles (list),0.000000,0.000000,0,0,0,0,0,0,0,0,0,0,0,1673,21,7,1815.1130447101,1.8614000000525266,181142.42070000002,25209.271368798567
1788766933,200,GET,GET /articles/{id} (detail),0.000000,0.000000,0,0,0,0,0,0,0,0,0,0,0,724,7,6,1355.2819335635363,1.8880000000081054,121340.08419999987,2704.8908839779006
1788766933,200,POST,[setup] POST /auth/login,0.000000,0.000000,0,0,0,0,0,0,0,0,0,0,0,33,5,750,33302.241909090895,264.8451000000023,180740.18350000004,154.87878787878788
1788766933,200,,Aggregated,0.000000,0.000000,0,0,0,0,0,0,0,0,0,0,0,7262,91,7,2084.3012630129438,1.6885000000002037,240954.3238000001,23650.923712475902
1788766934,200,GET,GET /articles (anon),0.000000,0.000000,0,0,0,0,0,0,0,0,0,0,0,4832,58,7,2073.533432388246,1.6885000000002037,240954.3238000001,26410.27421357616
1788766934,200,GET,GET /articles (list),0.000000,0.000000,0,0,0,0,0,0,0,0,0,0,0,1673,21,7,1815.1130447101,1.8614000000525266,181142.42070000002,25209.271368798567
1788766934,200,GET,GET /articles/{id} (detail),0.000000,0.000000,0,0,0,0,0,0,0,0,0,0,0,724,7,6,1355.2819335635363,1.8880000000081054,121340.08419999987,2704.8908839779006
1788766934,200,POST,[setup] POST /auth/login,0.000000,0.000000,0,0,0,0,0,0,0,0,0,0,0,33,5,750,33302.241909090895,264.8451000000023,180740.18350000004,154.87878787878788
1788766934,200,,Aggregated,0.000000,0.000000,0,0,0,0,0,0,0,0,0,0,0,7262,91,7,2084.3012630129438,1.6885000000002037,240954.3238000001,23650.923712475902
1788766935,200,GET,GET /articles (anon),0.000000,0.000000,0,0,0,0,0,0,0,0,0,0,0,4832,58,7,2073.533432388246,1.6885000000002037,240954.3238000001,26410.27421357616
1788766935,200,GET,GET /articles (list),0.000000,0.000000,0,0,0,0,0,0,0,0,0,0,0,1673,21,7,1815.1130447101,1.8614000000525266,181142.42070000002,25209.271368798567
1788766935,200,GET,GET /articles/{id} (detail),0.000000,0.000000,0,0,0,0,0,0,0,0,0,0,0,724,7,6,1355.2819335635363,1.8880000000081054,121340.08419999987,2704.8908839779006
1788766935,200,POST,[setup] POST /auth/login,0.000000,0.000000,0,0,0,0,0,0,0,0,0,0,0,33,5,750,33302.241909090895,264.8451000000023,180740.18350000004,154.87878787878788
1788766935,200,,Aggregated,0.000000,0.000000,0,0,0,0,0,0,0,0,0,0,0,7262,91,7,2084.3012630129438,1.6885000000002037,240954.3238000001,23650.923712475902
1788766936,200,GET,GET /articles (anon),0.000000,0.000000,0,0,0,0,0,0,0,0,0,0,0,4832,58,7,2073.533432388246,1.6885000000002037,240954.3238000001,26410.27421357616
1788766936,200,GET,GET /articles (list),0.000000,0.000000,0,0,0,0,0,0,0,0,0,0,0,1673,21,7,1815.1130447101,1.8614000000525266,181142.42070000002,25209.271368798567
1788766936,200,GET,GET /articles/{id} (detail),0.000000,0.000000,0,0,0,0,0,0,0,0,0,0,0,724,7,6,1355.2819335635363,1.8880000000081054,121340.08419999987,2704.8908839779006
1788766936,200,POST,[setup] POST /auth/login,0.000000,0.000000,0,0,0,0,0,0,0,0,0,0,0,33,5,750,33302.241909090895,264.8451000000023,180740.18350000004,154.87878787878788
1788766936,200,,Aggregated,0.000000,0.000000,0,0,0,0,0,0,0,0,0,0,0,7262,91,7,2084.3012630129438,1.6885000000002037,240954.3238000001,23650.923712475902
1788766937,200,GET,GET /articles (anon),0.000000,0.000000,0,0,0,0,0,0,0,0,0,0,0,4832,58,7,2073.533432388246,1.6885000000002037,240954.3238000001,26410.27421357616
1788766937,200,GET,GET /articles (list),0.000000,0.000000,0,0,0,0,0,0,0,0,0,0,0,1673,21,7,1815.1130447101,1.8614000000525266,181142.42070000002,25209.271368798567
1788766937,200,GET,GET /articles/{id} (detail),0.000000,0.000000,0,0,0,0,0,0,0,0,0,0,0,724,7,6,1355.2819335635363,1.8880000000081054,121340.08419999987,2704.8908839779006
1788766937,200,POST,[setup] POST /auth/login,0.000000,0.000000,0,0,0,0,0,0,0,0,0,0,0,33,5,750,33302.241909090895,264.8451000000023,180740.18350000004,154.87878787878788
1788766937,200,,Aggregated,0.000000,0.000000,0,0,0,0,0,0,0,0,0,0,0,7262,91,7,2084.3012630129438,1.6885000000002037,240954.3238000001,23650.923712475902
1788766938,200,GET,GET /articles (anon),0.000000,0.000000,0,0,0,0,0,0,0,0,0,0,0,4832,58,7,2073.533432388246,1.6885000000002037,240954.3238000001,26410.27421357616
1788766938,200,GET,GET /articles (list),0.000000,0.000000,0,0,0,0,0,0,0,0,0,0,0,1673,21,7,1815.1130447101,1.8614000000525266,181142.42070000002,25209.271368798567
1788766938,200,GET,GET /articles/{id} (detail),0.000000,0.000000,0,0,0,0,0,0,0,0,0,0,0,724,7,6,1355.2819335635363,1.8880000000081054,121340.08419999987,2704.8908839779006
1788766938,200,POST,[setup] POST /auth/login,0.000000,0.000000,0,0,0,0,0,0,0,0,0,0,0,33,5,750,33302.241909090895,264.8451000000023,180740.18350000004,154.87878787878788
1788766938,200,,Aggregated,0.000000,0.000000,0,0,0,0,0,0,0,0,0,0,0,7262,91,7,2084.3012630129438,1.6885000000002037,240954.3238000001,23650.923712475902
1788766939,200,GET,GET /articles (anon),0.000000,0.000000,0,0,0,0,0,0,0,0,0,0,0,4832,58,7,2073.533432388246,1.6885000000002037,240954.3238000001,26410.27421357616
1788766939,200,GET,GET /articles (list),0.000000,0.000000,0,0,0,0,0,0,0,0,0,0,0,1673,21,7,1815.1130447101,1.8614000000525266,181142.42070000002,25209.271368798567
1788766939,200,GET,GET /articles/{id} (detail),0.000000,0.000000,0,0,0,0,0,0,0,0,0,0,0,724,7,6,1355.2819335635363,1.8880000000081054,121340.08419999987,2704.8908839779006
1788766939,200,POST,[setup] POST /auth/login,0.000000,0.000000,0,0,0,0,0,0,0,0,0,0,0,33,5,750,33302.241909090895,264.8451000000023,180740.18350000004,154.87878787878788
1788766939,200,,Aggregated,0.000000,0.000000,0,0,0,0,0,0,0,0,0,0,0,7262,91,7,2084.3012630129438,1.6885000000002037,240954.3238000001,23650.923712475902
1788766940,200,GET,GET /articles (anon),0.000000,0.000000,0,0,0,0,0,0,0,0,0,0,0,4832,58,7,2073.533432388246,1.6885000000002037,240954.3238000001,26410.27421357616
1788766940,200,GET,GET /articles (list),0.000000,0.000000,0,0,0,0,0,0,0,0,0,0,0,1673,21,7,1815.1130447101,1.8614000000525266,181142.42070000002,25209.271368798567
1788766940,200,GET,GET /articles/{id} (detail),0.000000,0.000000,0,0,0,0,0,0,0,0,0,0,0,724,7,6,1355.2819335635363,1.8880000000081054,121340.08419999987,2704.8908839779006
1788766940,200,POST,[setup] POST /auth/login,0.000000,0.000000,0,0,0,0,0,0,0,0,0,0,0,33,5,750,33302.241909090895,264.8451000000023,180740.18350000004,154.87878787878788
1788766940,200,,Aggregated,0.000000,0.000000,0,0,0,0,0,0,0,0,0,0,0,7262,91,7,2084.3012630129438,1.6885000000002037,240954.3238000001,23650.923712475902
1788766941,200,GET,GET /articles (anon),0.000000,0.000000,0,0,0,0,0,0,0,0,0,0,0,4832,58,7,2073.533432388246,1.6885000000002037,240954.3238000001,26410.27421357616
1788766941,200,GET,GET /articles (list),0.000000,0.000000,0,0,0,0,0,0,0,0,0,0,0,1673,21,7,1815.1130447101,1.8614000000525266,181142.42070000002,25209.271368798567
1788766941,200,GET,GET /articles/{id} (detail),0.000000,0.000000,0,0,0,0,0,0,0,0,0,0,0,724,7,6,1355.2819335635363,1.8880000000081054,121340.08419999987,2704.8908839779006
1788766941,200,POST,[setup] POST /auth/login,0.000000,0.000000,0,0,0,0,0,0,0,0,0,0,0,33,5,750,33302.241909090895,264.8451000000023,180740.18350000004,154.87878787878788
1788766941,200,,Aggregated,0.000000,0.000000,0,0,0,0,0,0,0,0,0,0,0,7262,91,7,2084.3012630129438,1.6885000000002037,240954.3238000001,23650.923712475902
1788766942,200,GET,GET /articles (anon),0.000000,0.000000,0,0,0,0,0,0,0,0,0,0,0,4832,58,7,2073.533432388246,1.6885000000002037,240954.3238000001,26410.27421357616
1788766942,200,GET,GET /articles (list),0.000000,0.000000,0,0,0,0,0,0,0,0,0,0,0,1673,21,7,1815.1130447101,1.8614000000525266,181142.42070000002,25209.271368798567
1788766942,200,GET,GET /articles/{id} (detail),0.000000,0.000000,0,0,0,0,0,0,0,0,0,0,0,724,7,6,1355.2819335635363,1.8880000000081054,121340.08419999987,2704.8908839779006
1788766942,200,POST,[setup] POST /auth/login,0.000000,0.000000,0,0,0,0,0,0,0,0,0,0,0,33,5,750,33302.241909090895,264.8451000000023,180740.18350000004,154.87878787878788
1788766942,200,,Aggregated,0.000000,0.000000,0,0,0,0,0,0,0,0,0,0,0,7262,91,7,2084.3012630129438,1.6885000000002037,240954.3238000001,23650.923712475902
1788766943,200,GET,GET /articles (anon),0.000000,0.000000,0,0,0,0,0,0,0,0,0,0,0,4832,58,7,2073.533432388246,1.6885000000002037,240954.3238000001,26410.27421357616
1788766943,200,GET,GET /articles (list),0.000000,0.000000,0,0,0,0,0,0,0,0,0,0,0,1673,21,7,1815.1130447101,1.8614000000525266,181142.42070000002,25209.271368798567
1788766943,200,GET,GET /articles/{id} (detail),0.000000,0.000000,0,0,0,0,0,0,0,0,0,0,0,724,7,6,1355.2819335635363,1.8880000000081054,121340.08419999987,2704.8908839779006
1788766943,200,POST,[setup] POST /auth/login,0.000000,0.000000,0,0,0,0,0,0,0,0,0,0,0,33,5,750,33302.241909090895,264.8451000000023,180740.18350000004,154.87878787878788
1788766943,200,,Aggregated,0.000000,0.000000,0,0,0,0,0,0,0,0,0,0,0,7262,91,7,2084.3012630129438,1.6885000000002037,240954.3238000001,23650.923712475902
1788766944,200,GET,GET /articles (anon),0.000000,0.000000,0,0,0,0,0,0,0,0,0,0,0,4832,58,7,2073.533432388246,1.6885000000002037,240954.3238000001,26410.27421357616
1788766944,200,GET,GET /articles (list),0.000000,0.000000,0,0,0,0,0,0,0,0,0,0,0,1673,21,7,1815.1130447101,1.8614000000525266,181142.42070000002,25209.271368798567
1788766944,200,GET,GET /articles/{id} (detail),0.000000,0.000000,0,0,0,0,0,0,0,0,0,0,0,724,7,6,1355.2819335635363,1.8880000000081054,121340.08419999987,2704.8908839779006
1788766944,200,POST,[setup] POST /auth/login,0.000000,0.000000,0,0,0,0,0,0,0,0,0,0,0,33,5,750,33302.241909090895,264.8451000000023,180740.18350000004,154.87878787878788
1788766944,200,,Aggregated,0.000000,0.000000,0,0,0,0,0,0,0,0,0,0,0,7262,91,7,2084.3012630129438,1.6885000000002037,240954.3238000001,23650.923712475902
1788766945,200,GET,GET /articles (anon),0.000000,0.000000,0,0,0,0,0,0,0,0,0,0,0,4839,58,7,2430.7169906592276,1.6885000000002037,270612.99619999976,26410.73816904319
1788766945,200,GET,GET /articles (list),0.000000,0.000000,0,0,0,0,0,0,0,0,0,0,0,1674,21,7,1975.3489882915158,1.8614000000525266,270050.0825999998,25210.180406212665
1788766945,200,GET,GET /articles/{id} (detail),0.000000,0.000000,0,0,0,0,0,0,0,0,0,0,0,725,7,6,1726.5734674482765,1.8880000000081054,270541.64400000015,2703.150344827586
1788766945,200,POST,[setup] POST /auth/login,0.000000,0.000000,0,0,0,0,0,0,0,0,0,0,0,33,5,750,33302.241909090895,264.8451000000023,180740.18350000004,154.87878787878788
1788766945,200,,Aggregated,0.000000,0.000000,0,0,0,0,0,0,0,0,0,0,0,7271,91,7,2395.7795999312334,1.6885000000002037,270612.99619999976,23651.258286343007
1788766946,197,GET,GET /articles (anon),0.000000,0.000000,154000,270000,270000,270000,270000,270000,271000,271000,271000,271000,271000,4858,76,7,3010.6177009263074,1.6885000000002037,270612.99619999976,26313.002470152325
1788766946,197,GET,GET /articles (list),0.000000,0.000000,271000,271000,271000,271000,271000,271000,271000,271000,271000,271000,271000,1675,22,7,2135.9469541492517,1.8614000000525266,270976.94179999985,25195.14208955224
1788766946,197,GET,GET /articles/{id} (detail),0.000000,0.000000,271000,271000,271000,271000,271000,271000,271000,271000,271000,271000,271000,725,7,6,1726.5734674482765,1.8880000000081054,270541.64400000015,2703.150344827586
1788766946,197,POST,[setup] POST /auth/login,0.000000,0.000000,154000,154000,154000,154000,154000,154000,154000,154000,154000,154000,154000,37,8,760,46297.81015405404,264.8451000000023,180740.18350000004,144.7027027027027
1788766946,197,,Aggregated,0.000000,0.000000,154000,270000,270000,270000,270000,271000,271000,271000,271000,271000,271000,7295,113,7,2901.7240135572306,1.6885000000002037,270976.94179999985,23577.185332419467
1788766947,197,GET,GET /articles (anon),0.000000,0.000000,154000,270000,270000,270000,270000,270000,271000,271000,271000,271000,271000,4858,76,7,3010.6177009263074,1.6885000000002037,270612.99619999976,26313.002470152325
1788766947,197,GET,GET /articles (list),0.000000,0.000000,271000,271000,271000,271000,271000,271000,271000,271000,271000,271000,271000,1675,22,7,2135.9469541492517,1.8614000000525266,270976.94179999985,25195.14208955224
1788766947,197,GET,GET /articles/{id} (detail),0.000000,0.000000,271000,271000,271000,271000,271000,271000,271000,271000,271000,271000,271000,725,7,6,1726.5734674482765,1.8880000000081054,270541.64400000015,2703.150344827586
1788766947,197,POST,[setup] POST /auth/login,0.000000,0.000000,154000,154000,154000,154000,154000,154000,154000,154000,154000,154000,154000,37,8,760,46297.81015405404,264.8451000000023,180740.18350000004,144.7027027027027
1788766947,197,,Aggregated,0.000000,0.000000,154000,270000,270000,270000,270000,271000,271000,271000,271000,271000,271000,7295,113,7,2901.7240135572306,1.6885000000002037,270976.94179999985,23577.185332419467
1788766948,197,GET,GET /articles (anon),0.000000,0.000000,154000,270000,270000,270000,270000,270000,271000,271000,271000,271000,271000,4858,76,7,3010.6177009263074,1.6885000000002037,270612.99619999976,26313.002470152325
1788766948,197,GET,GET /articles (list),0.000000,0.000000,271000,271000,271000,271000,271000,271000,271000,271000,271000,271000,271000,1675,22,7,2135.9469541492517,1.8614000000525266,270976.94179999985,25195.14208955224
1788766948,197,GET,GET /articles/{id} (detail),0.000000,0.000000,271000,271000,271000,271000,271000,271000,271000,271000,271000,271000,271000,725,7,6,1726.5734674482765,1.8880000000081054,270541.64400000015,2703.150344827586
1788766948,197,POST,[setup] POST /auth/login,0.000000,0.000000,154000,154000,154000,154000,154000,154000,154000,154000,154000,154000,154000,37,8,760,46297.81015405404,264.8451000000023,180740.18350000004,144.7027027027027
1788766948,197,,Aggregated,0.000000,0.000000,154000,270000,270000,270000,270000,271000,271000,271000,271000,271000,271000,7295,113,7,2901.7240135572306,1.6885000000002037,270976.94179999985,23577.185332419467
1788766949,197,GET,GET /articles (anon),0.000000,0.000000,154000,270000,270000,270000,270000,270000,271000,271000,271000,271000,271000,4858,76,7,3010.6177009263074,1.6885000000002037,270612.99619999976,26313.002470152325
1788766949,197,GET,GET /articles (list),0.000000,0.000000,271000,271000,271000,271000,271000,271000,271000,271000,271000,271000,271000,1675,22,7,2135.9469541492517,1.8614000000525266,270976.94179999985,25195.14208955224
1788766949,197,GET,GET /articles/{id} (detail),0.000000,0.000000,271000,271000,271000,271000,271000,271000,271000,271000,271000,271000,271000,725,7,6,1726.5734674482765,1.8880000000081054,270541.64400000015,2703.150344827586
1788766949,197,POST,[setup] POST /auth/login,0.000000,0.000000,154000,154000,154000,154000,154000,154000,154000,154000,154000,154000,154000,37,8,760,46297.81015405404,264.8451000000023,180740.18350000004,144.7027027027027
1788766949,197,,Aggregated,0.000000,0.000000,154000,270000,270000,270000,270000,271000,271000,271000,271000,271000,271000,7295,113,7,2901.7240135572306,1.6885000000002037,270976.94179999985,23577.185332419467
1788766950,197,GET,GET /articles (anon),0.000000,0.000000,154000,270000,270000,270000,270000,270000,271000,271000,271000,271000,271000,4858,76,7,3010.6177009263074,1.6885000000002037,270612.99619999976,26313.002470152325
1788766950,197,GET,GET /articles (list),0.000000,0.000000,271000,271000,271000,271000,271000,271000,271000,271000,271000,271000,271000,1675,22,7,2135.9469541492517,1.8614000000525266,270976.94179999985,25195.14208955224
1788766950,197,GET,GET /articles/{id} (detail),0.000000,0.000000,271000,271000,271000,271000,271000,271000,271000,271000,271000,271000,271000,725,7,6,1726.5734674482765,1.8880000000081054,270541.64400000015,2703.150344827586
1788766950,197,POST,[setup] POST /auth/login,0.000000,0.000000,154000,154000,154000,154000,154000,154000,154000,154000,154000,154000,154000,37,8,760,46297.81015405404,264.8451000000023,180740.18350000004,144.7027027027027
1788766950,197,,Aggregated,0.000000,0.000000,154000,270000,270000,270000,270000,271000,271000,271000,271000,271000,271000,7295,113,7,2901.7240135572306,1.6885000000002037,270976.94179999985,23577.185332419467
1788766951,197,GET,GET /articles (anon),0.000000,0.000000,154000,270000,270000,270000,270000,270000,271000,271000,271000,271000,271000,4858,76,7,3010.6177009263074,1.6885000000002037,270612.99619999976,26313.002470152325
1788766951,197,GET,GET /articles (list),0.000000,0.000000,271000,271000,271000,271000,271000,271000,271000,271000,271000,271000,271000,1675,22,7,2135.9469541492517,1.8614000000525266,270976.94179999985,25195.14208955224
1788766951,197,GET,GET /articles/{id} (detail),0.000000,0.000000,271000,271000,271000,271000,271000,271000,271000,271000,271000,271000,271000,725,7,6,1726.5734674482765,1.8880000000081054,270541.64400000015,2703.150344827586
1788766951,197,POST,[setup] POST /auth/login,0.000000,0.000000,154000,154000,154000,154000,154000,154000,154000,154000,154000,154000,154000,37,8,760,46297.81015405404,264.8451000000023,180740.18350000004,144.7027027027027
1788766951,197,,Aggregated,0.000000,0.000000,154000,270000,270000,270000,270000,271000,271000,271000,271000,271000,271000,7295,113,7,2901.7240135572306,1.6885000000002037,270976.94179999985,23577.185332419467
1788766952,197,GET,GET /articles (anon),0.000000,0.000000,154000,270000,270000,270000,270000,270000,271000,271000,271000,271000,271000,4858,76,7,3010.6177009263074,1.6885000000002037,270612.99619999976,26313.002470152325
1788766952,197,GET,GET /articles (list),0.000000,0.000000,271000,271000,271000,271000,271000,271000,271000,271000,271000,271000,271000,1675,22,7,2135.9469541492517,1.8614000000525266,270976.94179999985,25195.14208955224
1788766952,197,GET,GET /articles/{id} (detail),0.000000,0.000000,271000,271000,271000,271000,271000,271000,271000,271000,271000,271000,271000,725,7,6,1726.5734674482765,1.8880000000081054,270541.64400000015,2703.150344827586
1788766952,197,POST,[setup] POST /auth/login,0.000000,0.000000,154000,154000,154000,154000,154000,154000,154000,154000,154000,154000,154000,37,8,760,46297.81015405404,264.8451000000023,180740.18350000004,144.7027027027027
1788766952,197,,Aggregated,0.000000,0.000000,154000,270000,270000,270000,270000,271000,271000,271000,271000,271000,271000,7295,113,7,2901.7240135572306,1.6885000000002037,270976.94179999985,23577.185332419467
1788766953,197,GET,GET /articles (anon),0.000000,0.000000,154000,270000,270000,270000,270000,270000,271000,271000,271000,271000,271000,4858,76,7,3010.6177009263074,1.6885000000002037,270612.99619999976,26313.002470152325
1788766953,197,GET,GET /articles (list),0.000000,0.000000,271000,271000,271000,271000,271000,271000,271000,271000,271000,271000,271000,1675,22,7,2135.9469541492517,1.8614000000525266,270976.94179999985,25195.14208955224
1788766953,197,GET,GET /articles/{id} (detail),0.000000,0.000000,271000,271000,271000,271000,271000,271000,271000,271000,271000,271000,271000,725,7,6,1726.5734674482765,1.8880000000081054,270541.64400000015,2703.150344827586
1788766953,197,POST,[setup] POST /auth/login,0.000000,0.000000,154000,154000,154000,154000,154000,154000,154000,154000,154000,154000,154000,37,8,760,46297.81015405404,264.8451000000023,180740.18350000004,144.7027027027027
1788766953,197,,Aggregated,0.000000,0.000000,154000,270000,270000,270000,270000,271000,271000,271000,271000,271000,271000,7295,113,7,2901.7240135572306,1.6885000000002037,270976.94179999985,23577.185332419467
1788766954,197,GET,GET /articles (anon),0.000000,0.000000,154000,270000,270000,270000,270000,270000,271000,271000,271000,271000,271000,4858,76,7,3010.6177009263074,1.6885000000002037,270612.99619999976,26313.002470152325
1788766954,197,GET,GET /articles (list),0.000000,0.000000,271000,271000,271000,271000,271000,271000,271000,271000,271000,271000,271000,1675,22,7,2135.9469541492517,1.8614000000525266,270976.94179999985,25195.14208955224
1788766954,197,GET,GET /articles/{id} (detail),0.000000,0.000000,271000,271000,271000,271000,271000,271000,271000,271000,271000,271000,271000,725,7,6,1726.5734674482765,1.8880000000081054,270541.64400000015,2703.150344827586
1788766954,197,POST,[setup] POST /auth/login,0.000000,0.000000,154000,154000,154000,154000,154000,154000,154000,154000,154000,154000,154000,37,8,760,46297.81015405404,264.8451000000023,180740.18350000004,144.7027027027027
1788766954,197,,Aggregated,0.000000,0.000000,154000,270000,270000,270000,270000,271000,271000,271000,271000,271000,271000,7295,113,7,2901.7240135572306,1.6885000000002037,270976.94179999985,23577.185332419467
1788766955,197,GET,GET /articles (anon),0.000000,0.000000,154000,270000,270000,270000,270000,270000,271000,271000,271000,271000,271000,4858,76,7,3010.6177009263074,1.6885000000002037,270612.99619999976,26313.002470152325
1788766955,197,GET,GET /articles (list),0.000000,0.000000,271000,271000,271000,271000,271000,271000,271000,271000,271000,271000,271000,1675,22,7,2135.9469541492517,1.8614000000525266,270976.94179999985,25195.14208955224
1788766955,197,GET,GET /articles/{id} (detail),0.000000,0.000000,271000,271000,271000,271000,271000,271000,271000,271000,271000,271000,271000,725,7,6,1726.5734674482765,1.8880000000081054,270541.64400000015,2703.150344827586
1788766955,197,POST,[setup] POST /auth/login,0.000000,0.000000,154000,154000,154000,154000,154000,154000,154000,154000,154000,154000,154000,37,8,760,46297.81015405404,264.8451000000023,180740.18350000004,144.7027027027027
1788766955,197,,Aggregated,0.000000,0.000000,154000,270000,270000,270000,270000,271000,271000,271000,271000,271000,271000,7295,113,7,2901.7240135572306,1.6885000000002037,270976.94179999985,23577.185332419467
1788766956,197,GET,GET /articles (anon),0.000000,0.000000,154000,270000,270000,270000,270000,270000,271000,271000,271000,271000,271000,4858,76,7,3010.6177009263074,1.6885000000002037,270612.99619999976,26313.002470152325
1788766956,197,GET,GET /articles (list),0.000000,0.000000,271000,271000,271000,271000,271000,271000,271000,271000,271000,271000,271000,1675,22,7,2135.9469541492517,1.8614000000525266,270976.94179999985,25195.14208955224
1788766956,197,GET,GET /articles/{id} (detail),0.000000,0.000000,271000,271000,271000,271000,271000,271000,271000,271000,271000,271000,271000,725,7,6,1726.5734674482765,1.8880000000081054,270541.64400000015,2703.150344827586
1788766956,197,POST,[setup] POST /auth/login,0.000000,0.000000,154000,154000,154000,154000,154000,154000,154000,154000,154000,154000,154000,37,8,760,46297.81015405404,264.8451000000023,180740.18350000004,144.7027027027027
1788766956,197,,Aggregated,0.000000,0.000000,154000,270000,270000,270000,270000,271000,271000,271000,271000,271000,271000,7295,113,7,2901.7240135572306,1.6885000000002037,270976.94179999985,23577.185332419467
1788766957,197,GET,GET /articles (anon),0.000000,0.000000,154000,270000,270000,270000,270000,270000,271000,271000,271000,271000,271000,4858,76,7,3010.6177009263074,1.6885000000002037,270612.99619999976,26313.002470152325
1788766957,197,GET,GET /articles (list),0.000000,0.000000,271000,271000,271000,271000,271000,271000,271000,271000,271000,271000,271000,1675,22,7,2135.9469541492517,1.8614000000525266,270976.94179999985,25195.14208955224
1788766957,197,GET,GET /articles/{id} (detail),0.000000,0.000000,271000,271000,271000,271000,271000,271000,271000,271000,271000,271000,271000,725,7,6,1726.5734674482765,1.8880000000081054,270541.64400000015,2703.150344827586
1788766957,197,POST,[setup] POST /auth/login,0.000000,0.000000,154000,154000,154000,154000,154000,154000,154000,154000,154000,154000,154000,37,8,760,46297.81015405404,264.8451000000023,180740.18350000004,144.7027027027027
1788766957,197,,Aggregated,0.000000,0.000000,154000,270000,270000,270000,270000,271000,271000,271000,271000,271000,271000,7295,113,7,2901.7240135572306,1.6885000000002037,270976.94179999985,23577.185332419467
1788766958,197,GET,GET /articles (anon),0.000000,0.000000,154000,270000,270000,270000,270000,270000,271000,271000,271000,271000,271000,4858,76,7,3010.6177009263074,1.6885000000002037,270612.99619999976,26313.002470152325
1788766958,197,GET,GET /articles (list),0.000000,0.000000,271000,271000,271000,271000,271000,271000,271000,271000,271000,271000,271000,1675,22,7,2135.9469541492517,1.8614000000525266,270976.94179999985,25195.14208955224
1788766958,197,GET,GET /articles/{id} (detail),0.000000,0.000000,271000,271000,271000,271000,271000,271000,271000,271000,271000,271000,271000,725,7,6,1726.5734674482765,1.8880000000081054,270541.64400000015,2703.150344827586
1788766958,197,POST,[setup] POST /auth/login,0.000000,0.000000,154000,154000,154000,154000,154000,154000,154000,154000,154000,154000,154000,37,8,760,46297.81015405404,264.8451000000023,180740.18350000004,144.7027027027027
1788766958,197,,Aggregated,0.000000,0.000000,154000,270000,270000,270000,270000,271000,271000,271000,271000,271000,271000,7295,113,7,2901.7240135572306,1.6885000000002037,270976.94179999985,23577.185332419467
1788766959,197,GET,GET /articles (anon),0.000000,0.000000,154000,270000,270000,270000,270000,270000,271000,271000,271000,271000,271000,4858,76,7,3010.6177009263074,1.6885000000002037,270612.99619999976,26313.002470152325
1788766959,197,GET,GET /articles (list),0.000000,0.000000,271000,271000,271000,271000,271000,271000,271000,271000,271000,271000,271000,1675,22,7,2135.9469541492517,1.8614000000525266,270976.94179999985,25195.14208955224
1788766959,197,GET,GET /articles/{id} (detail),0.000000,0.000000,271000,271000,271000,271000,271000,271000,271000,271000,271000,271000,271000,725,7,6,1726.5734674482765,1.8880000000081054,270541.64400000015,2703.150344827586
1788766959,197,POST,[setup] POST /auth/login,0.000000,0.000000,154000,154000,154000,154000,154000,154000,154000,154000,154000,154000,154000,37,8,760,46297.81015405404,264.8451000000023,180740.18350000004,144.7027027027027
1788766959,197,,Aggregated,0.000000,0.000000,154000,270000,270000,270000,270000,271000,271000,271000,271000,271000,271000,7295,113,7,2901.7240135572306,1.6885000000002037,270976.94179999985,23577.185332419467
1788766960,197,GET,GET /articles (anon),0.000000,0.000000,154000,270000,270000,270000,270000,270000,271000,271000,271000,271000,271000,4858,76,7,3010.6177009263074,1.6885000000002037,270612.99619999976,26313.002470152325
1788766960,197,GET,GET /articles (list),0.000000,0.000000,271000,271000,271000,271000,271000,271000,271000,271000,271000,271000,271000,1675,22,7,2135.9469541492517,1.8614000000525266,270976.94179999985,25195.14208955224
1788766960,197,GET,GET /articles/{id} (detail),0.000000,0.000000,271000,271000,271000,271000,271000,271000,271000,271000,271000,271000,271000,725,7,6,1726.5734674482765,1.8880000000081054,270541.64400000015,2703.150344827586
1788766960,197,POST,[setup] POST /auth/login,0.000000,0.000000,154000,154000,154000,154000,154000,154000,154000,154000,154000,154000,154000,37,8,760,46297.81015405404,264.8451000000023,180740.18350000004,144.7027027027027
1788766960,197,,Aggregated,0.000000,0.000000,154000,270000,270000,270000,270000,271000,271000,271000,271000,271000,271000,7295,113,7,2901.7240135572306,1.6885000000002037,270976.94179999985,23577.185332419467
1788766961,197,GET,GET /articles (anon),0.000000,0.000000,154000,270000,270000,270000,270000,270000,271000,271000,271000,271000,271000,4858,76,7,3010.6177009263074,1.6885000000002037,270612.99619999976,26313.002470152325
1788766961,197,GET,GET /articles (list),0.000000,0.000000,271000,271000,271000,271000,271000,271000,271000,271000,271000,271000,271000,1675,22,7,2135.9469541492517,1.8614000000525266,270976.94179999985,25195.14208955224
1788766961,197,GET,GET /articles/{id} (detail),0.000000,0.000000,271000,271000,271000,271000,271000,271000,271000,271000,271000,271000,271000,725,7,6,1726.5734674482765,1.8880000000081054,270541.64400000015,2703.150344827586
1788766961,197,POST,[setup] POST /auth/login,0.000000,0.000000,154000,154000,154000,154000,154000,154000,154000,154000,154000,154000,154000,37,8,760,46297.81015405404,264.8451000000023,180740.18350000004,144.7027027027027
1788766961,197,,Aggregated,0.000000,0.000000,154000,270000,270000,270000,270000,271000,271000,271000,271000,271000,271000,7295,113,7,2901.7240135572306,1.6885000000002037,270976.94179999985,23577.185332419467
1788766962,197,GET,GET /articles (anon),0.000000,0.000000,154000,270000,270000,270000,270000,270000,271000,271000,271000,271000,271000,4858,76,7,3010.6177009263074,1.6885000000002037,270612.99619999976,26313.002470152325
1788766962,197,GET,GET /articles (list),0.000000,0.000000,271000,271000,271000,271000,271000,271000,271000,271000,271000,271000,271000,1675,22,7,2135.9469541492517,1.8614000000525266,270976.94179999985,25195.14208955224
1788766962,197,GET,GET /articles/{id} (detail),0.000000,0.000000,271000,271000,271000,271000,271000,271000,271000,271000,271000,271000,271000,725,7,6,1726.5734674482765,1.8880000000081054,270541.64400000015,2703.150344827586
1788766962,197,POST,[setup] POST /auth/login,0.000000,0.000000,154000,154000,154000,154000,154000,154000,154000,154000,154000,154000,154000,37,8,760,46297.81015405404,264.8451000000023,180740.18350000004,144.7027027027027
1788766962,197,,Aggregated,0.000000,0.000000,154000,270000,270000,270000,270000,271000,271000,271000,271000,271000,271000,7295,113,7,2901.7240135572306,1.6885000000002037,270976.94179999985,23577.185332419467
1788766963,197,GET,GET /articles (anon),0.000000,0.000000,0,0,0,0,0,0,0,0,0,0,0,4858,76,7,3010.6177009263074,1.6885000000002037,270612.99619999976,26313.002470152325
1788766963,197,GET,GET /articles (list),0.000000,0.000000,0,0,0,0,0,0,0,0,0,0,0,1675,22,7,2135.9469541492517,1.8614000000525266,270976.94179999985,25195.14208955224
1788766963,197,GET,GET /articles/{id} (detail),0.000000,0.000000,0,0,0,0,0,0,0,0,0,0,0,725,7,6,1726.5734674482765,1.8880000000081054,270541.64400000015,2703.150344827586
1788766963,197,POST,[setup] POST /auth/login,0.000000,0.000000,0,0,0,0,0,0,0,0,0,0,0,37,8,760,46297.81015405404,264.8451000000023,180740.18350000004,144.7027027027027
1788766963,197,,Aggregated,0.000000,0.000000,0,0,0,0,0,0,0,0,0,0,0,7295,113,7,2901.7240135572306,1.6885000000002037,270976.94179999985,23577.185332419467
1788766964,197,GET,GET /articles (anon),0.000000,0.000000,0,0,0,0,0,0,0,0,0,0,0,4858,76,7,3010.6177009263074,1.6885000000002037,270612.99619999976,26313.002470152325
1788766964,197,GET,GET /articles (list),0.000000,0.000000,0,0,0,0,0,0,0,0,0,0,0,1675,22,7,2135.9469541492517,1.8614000000525266,270976.94179999985,25195.14208955224
1788766964,197,GET,GET /articles/{id} (detail),0.000000,0.000000,0,0,0,0,0,0,0,0,0,0,0,725,7,6,1726.5734674482765,1.8880000000081054,270541.64400000015,2703.150344827586
1788766964,197,POST,[setup] POST /auth/login,0.000000,0.000000,0,0,0,0,0,0,0,0,0,0,0,37,8,760,46297.81015405404,264.8451000000023,180740.18350000004,144.7027027027027
1788766964,197,,Aggregated,0.000000,0.000000,0,0,0,0,0,0,0,0,0,0,0,7295,113,7,2901.7240135572306,1.6885000000002037,270976.94179999985,23577.185332419467
1788766965,197,GET,GET /articles (anon),0.000000,0.000000,0,0,0,0,0,0,0,0,0,0,0,4858,76,7,3010.6177009263074,1.6885000000002037,270612.99619999976,26313.002470152325
1788766965,197,GET,GET /articles (list),0.000000,0.000000,0,0,0,0,0,0,0,0,0,0,0,1675,22,7,2135.9469541492517,1.8614000000525266,270976.94179999985,25195.14208955224
1788766965,197,GET,GET /articles/{id} (detail),0.000000,0.000000,0,0,0,0,0,0,0,0,0,0,0,725,7,6,1726.5734674482765,1.8880000000081054,270541.64400000015,2703.150344827586
1788766965,197,POST,[setup] POST /auth/login,0.000000,0.000000,0,0,0,0,0,0,0,0,0,0,0,37,8,760,46297.81015405404,264.8451000000023,180740.18350000004,144.7027027027027
1788766965,197,,Aggregated,0.000000,0.000000,0,0,0,0,0,0,0,0,0,0,0,7295,113,7,2901.7240135572306,1.6885000000002037,270976.94179999985,23577.185332419467
1788766966,197,GET,GET /articles (anon),0.000000,0.000000,0,0,0,0,0,0,0,0,0,0,0,4858,76,7,3010.6177009263074,1.6885000000002037,270612.99619999976,26313.002470152325
1788766966,197,GET,GET /articles (list),0.000000,0.000000,0,0,0,0,0,0,0,0,0,0,0,1675,22,7,2135.9469541492517,1.8614000000525266,270976.94179999985,25195.14208955224
1788766966,197,GET,GET /articles/{id} (detail),0.000000,0.000000,0,0,0,0,0,0,0,0,0,0,0,725,7,6,1726.5734674482765,1.8880000000081054,270541.64400000015,2703.150344827586
1788766966,197,POST,[setup] POST /auth/login,0.000000,0.000000,0,0,0,0,0,0,0,0,0,0,0,37,8,760,46297.81015405404,264.8451000000023,180740.18350000004,144.7027027027027
1788766966,197,,Aggregated,0.000000,0.000000,0,0,0,0,0,0,0,0,0,0,0,7295,113,7,2901.7240135572306,1.6885000000002037,270976.94179999985,23577.185332419467
1788766967,197,GET,GET /articles (anon),0.000000,0.000000,0,0,0,0,0,0,0,0,0,0,0,4858,76,7,3010.6177009263074,1.6885000000002037,270612.99619999976,26313.002470152325
1788766967,197,GET,GET /articles (list),0.000000,0.000000,0,0,0,0,0,0,0,0,0,0,0,1675,22,7,2135.9469541492517,1.8614000000525266,270976.94179999985,25195.14208955224
1788766967,197,GET,GET /articles/{id} (detail),0.000000,0.000000,0,0,0,0,0,0,0,0,0,0,0,725,7,6,1726.5734674482765,1.8880000000081054,270541.64400000015,2703.150344827586
1788766967,197,POST,[setup] POST /auth/login,0.000000,0.000000,0,0,0,0,0,0,0,0,0,0,0,37,8,760,46297.81015405404,264.8451000000023,180740.18350000004,144.7027027027027
1788766967,197,,Aggregated,0.000000,0.000000,0,0,0,0,0,0,0,0,0,0,0,7295,113,7,2901.7240135572306,1.6885000000002037,270976.94179999985,23577.185332419467
1788766968,197,GET,GET /articles (anon),0.000000,0.000000,0,0,0,0,0,0,0,0,0,0,0,4858,76,7,3010.6177009263074,1.6885000000002037,270612.99619999976,26313.002470152325
1788766968,197,GET,GET /articles (list),0.000000,0.000000,0,0,0,0,0,0,0,0,0,0,0,1675,22,7,2135.9469541492517,1.8614000000525266,270976.94179999985,25195.14208955224
1788766968,197,GET,GET /articles/{id} (detail),0.000000,0.000000,0,0,0,0,0,0,0,0,0,0,0,725,7,6,1726.5734674482765,1.8880000000081054,270541.64400000015,2703.150344827586
1788766968,197,POST,[setup] POST /auth/login,0.000000,0.000000,0,0,0,0,0,0,0,0,0,0,0,37,8,760,46297.81015405404,264.8451000000023,180740.18350000004,144.7027027027027
1788766968,197,,Aggregated,0.000000,0.000000,0,0,0,0,0,0,0,0,0,0,0,7295,113,7,2901.7240135572306,1.6885000000002037,270976.94179999985,23577.185332419467
1788766969,197,GET,GET /articles (anon),0.000000,0.000000,0,0,0,0,0,0,0,0,0,0,0,4858,76,7,3010.6177009263074,1.6885000000002037,270612.99619999976,26313.002470152325
1788766969,197,GET,GET /articles (list),0.000000,0.000000,0,0,0,0,0,0,0,0,0,0,0,1675,22,7,2135.9469541492517,1.8614000000525266,270976.94179999985,25195.14208955224
1788766969,197,GET,GET /articles/{id} (detail),0.000000,0.000000,0,0,0,0,0,0,0,0,0,0,0,725,7,6,1726.5734674482765,1.8880000000081054,270541.64400000015,2703.150344827586
1788766969,197,POST,[setup] POST /auth/login,0.000000,0.000000,0,0,0,0,0,0,0,0,0,0,0,37,8,760,46297.81015405404,264.8451000000023,180740.18350000004,144.7027027027027
1788766969,197,,Aggregated,0.000000,0.000000,0,0,0,0,0,0,0,0,0,0,0,7295,113,7,2901.7240135572306,1.6885000000002037,270976.94179999985,23577.185332419467
1788766970,197,GET,GET /articles (anon),0.000000,0.000000,0,0,0,0,0,0,0,0,0,0,0,4858,76,7,3010.6177009263074,1.6885000000002037,270612.99619999976,26313.002470152325
1788766970,197,GET,GET /articles (list),0.000000,0.000000,0,0,0,0,0,0,0,0,0,0,0,1675,22,7,2135.9469541492517,1.8614000000525266,270976.94179999985,25195.14208955224
1788766970,197,GET,GET /articles/{id} (detail),0.000000,0.000000,0,0,0,0,0,0,0,0,0,0,0,725,7,6,1726.5734674482765,1.8880000000081054,270541.64400000015,2703.150344827586
1788766970,197,POST,[setup] POST /auth/login,0.000000,0.000000,0,0,0,0,0,0,0,0,0,0,0,37,8,760,46297.81015405404,264.8451000000023,180740.18350000004,144.7027027027027
1788766970,197,,Aggregated,0.000000,0.000000,0,0,0,0,0,0,0,0,0,0,0,7295,113,7,2901.7240135572306,1.6885000000002037,270976.94179999985,23577.185332419467
1788766971,197,GET,GET /articles (anon),0.000000,0.000000,0,0,0,0,0,0,0,0,0,0,0,4858,76,7,3010.6177009263074,1.6885000000002037,270612.99619999976,26313.002470152325
1788766971,197,GET,GET /articles (list),0.000000,0.000000,0,0,0,0,0,0,0,0,0,0,0,1675,22,7,2135.9469541492517,1.8614000000525266,270976.94179999985,25195.14208955224
1788766971,197,GET,GET /articles/{id} (detail),0.000000,0.000000,0,0,0,0,0,0,0,0,0,0,0,725,7,6,1726.5734674482765,1.8880000000081054,270541.64400000015,2703.150344827586
1788766971,197,POST,[setup] POST /auth/login,0.000000,0.000000,0,0,0,0,0,0,0,0,0,0,0,37,8,760,46297.81015405404,264.8451000000023,180740.18350000004,144.7027027027027
1788766971,197,,Aggregated,0.000000,0.000000,0,0,0,0,0,0,0,0,0,0,0,7295,113,7,2901.7240135572306,1.6885000000002037,270976.94179999985,23577.185332419467
1788766972,197,GET,GET /articles (anon),0.000000,0.000000,0,0,0,0,0,0,0,0,0,0,0,4858,76,7,3010.6177009263074,1.6885000000002037,270612.99619999976,26313.002470152325
1788766972,197,GET,GET /articles (list),0.000000,0.000000,0,0,0,0,0,0,0,0,0,0,0,1675,22,7,2135.9469541492517,1.8614000000525266,270976.94179999985,25195.14208955224
1788766972,197,GET,GET /articles/{id} (detail),0.000000,0.000000,0,0,0,0,0,0,0,0,0,0,0,725,7,6,1726.5734674482765,1.8880000000081054,270541.64400000015,2703.150344827586
1788766972,197,POST,[setup] POST /auth/login,0.000000,0.000000,0,0,0,0,0,0,0,0,0,0,0,37,8,760,46297.81015405404,264.8451000000023,180740.18350000004,144.7027027027027
1788766972,197,,Aggregated,0.000000,0.000000,0,0,0,0,0,0,0,0,0,0,0,7295,113,7,2901.7240135572306,1.6885000000002037,270976.94179999985,23577.185332419467
1788766974,197,GET,GET /articles (anon),0.000000,0.000000,0,0,0,0,0,0,0,0,0,0,0,4858,76,7,3010.6177009263074,1.6885000000002037,270612.99619999976,26313.002470152325
1788766974,197,GET,GET /articles (list),0.000000,0.000000,0,0,0,0,0,0,0,0,0,0,0,1675,22,7,2135.9469541492517,1.8614000000525266,270976.94179999985,25195.14208955224
1788766974,197,GET,GET /articles/{id} (detail),0.000000,0.000000,0,0,0,0,0,0,0,0,0,0,0,725,7,6,1726.5734674482765,1.8880000000081054,270541.64400000015,2703.150344827586
1788766974,197,POST,[setup] POST /auth/login,0.000000,0.000000,0,0,0,0,0,0,0,0,0,0,0,37,8,760,46297.81015405404,264.8451000000023,180740.18350000004,144.7027027027027
1788766974,197,,Aggregated,0.000000,0.000000,0,0,0,0,0,0,0,0,0,0,0,7295,113,7,2901.7240135572306,1.6885000000002037,270976.94179999985,23577.185332419467
1788766975,197,GET,GET /articles (anon),0.000000,0.000000,0,0,0,0,0,0,0,0,0,0,0,4858,76,7,3010.6177009263074,1.6885000000002037,270612.99619999976,26313.002470152325
1788766975,197,GET,GET /articles (list),0.000000,0.000000,0,0,0,0,0,0,0,0,0,0,0,1675,22,7,2135.9469541492517,1.8614000000525266,270976.94179999985,25195.14208955224
1788766975,197,GET,GET /articles/{id} (detail),0.000000,0.000000,0,0,0,0,0,0,0,0,0,0,0,725,7,6,1726.5734674482765,1.8880000000081054,270541.64400000015,2703.150344827586
1788766975,197,POST,[setup] POST /auth/login,0.000000,0.000000,0,0,0,0,0,0,0,0,0,0,0,37,8,760,46297.81015405404,264.8451000000023,180740.18350000004,144.7027027027027
1788766975,197,,Aggregated,0.000000,0.000000,0,0,0,0,0,0,0,0,0,0,0,7295,113,7,2901.7240135572306,1.6885000000002037,270976.94179999985,23577.185332419467
1788766976,197,GET,GET /articles (anon),0.000000,0.000000,0,0,0,0,0,0,0,0,0,0,0,4858,76,7,3010.6177009263074,1.6885000000002037,270612.99619999976,26313.002470152325
1788766976,197,GET,GET /articles (list),0.000000,0.000000,0,0,0,0,0,0,0,0,0,0,0,1675,22,7,2135.9469541492517,1.8614000000525266,270976.94179999985,25195.14208955224
1788766976,197,GET,GET /articles/{id} (detail),0.000000,0.000000,0,0,0,0,0,0,0,0,0,0,0,725,7,6,1726.5734674482765,1.8880000000081054,270541.64400000015,2703.150344827586
1788766976,197,POST,[setup] POST /auth/login,0.000000,0.000000,0,0,0,0,0,0,0,0,0,0,0,37,8,760,46297.81015405404,264.8451000000023,180740.18350000004,144.7027027027027
1788766976,197,,Aggregated,0.000000,0.000000,0,0,0,0,0,0,0,0,0,0,0,7295,113,7,2901.7240135572306,1.6885000000002037,270976.94179999985,23577.185332419467
1788766977,197,GET,GET /articles (anon),0.000000,0.000000,0,0,0,0,0,0,0,0,0,0,0,4858,76,7,3010.6177009263074,1.6885000000002037,270612.99619999976,26313.002470152325
1788766977,197,GET,GET /articles (list),0.000000,0.000000,0,0,0,0,0,0,0,0,0,0,0,1675,22,7,2135.9469541492517,1.8614000000525266,270976.94179999985,25195.14208955224
1788766977,197,GET,GET /articles/{id} (detail),0.000000,0.000000,0,0,0,0,0,0,0,0,0,0,0,725,7,6,1726.5734674482765,1.8880000000081054,270541.64400000015,2703.150344827586
1788766977,197,POST,[setup] POST /auth/login,0.000000,0.000000,0,0,0,0,0,0,0,0,0,0,0,37,8,760,46297.81015405404,264.8451000000023,180740.18350000004,144.7027027027027
1788766977,197,,Aggregated,0.000000,0.000000,0,0,0,0,0,0,0,0,0,0,0,7295,113,7,2901.7240135572306,1.6885000000002037,270976.94179999985,23577.185332419467
1788766978,197,GET,GET /articles (anon),0.000000,0.000000,0,0,0,0,0,0,0,0,0,0,0,4858,76,7,3010.6177009263074,1.6885000000002037,270612.99619999976,26313.002470152325
1788766978,197,GET,GET /articles (list),0.000000,0.000000,0,0,0,0,0,0,0,0,0,0,0,1675,22,7,2135.9469541492517,1.8614000000525266,270976.94179999985,25195.14208955224
1788766978,197,GET,GET /articles/{id} (detail),0.000000,0.000000,0,0,0,0,0,0,0,0,0,0,0,725,7,6,1726.5734674482765,1.8880000000081054,270541.64400000015,2703.150344827586
1788766978,197,POST,[setup] POST /auth/login,0.000000,0.000000,0,0,0,0,0,0,0,0,0,0,0,37,8,760,46297.81015405404,264.8451000000023,180740.18350000004,144.7027027027027
1788766978,197,,Aggregated,0.000000,0.000000,0,0,0,0,0,0,0,0,0,0,0,7295,113,7,2901.7240135572306,1.6885000000002037,270976.94179999985,23577.185332419467
1788766979,197,GET,GET /articles (anon),0.000000,0.000000,0,0,0,0,0,0,0,0,0,0,0,4858,76,7,3010.6177009263074,1.6885000000002037,270612.99619999976,26313.002470152325
1788766979,197,GET,GET /articles (list),0.000000,0.000000,0,0,0,0,0,0,0,0,0,0,0,1675,22,7,2135.9469541492517,1.8614000000525266,270976.94179999985,25195.14208955224
1788766979,197,GET,GET /articles/{id} (detail),0.000000,0.000000,0,0,0,0,0,0,0,0,0,0,0,725,7,6,1726.5734674482765,1.8880000000081054,270541.64400000015,2703.150344827586
1788766979,197,POST,[setup] POST /auth/login,0.000000,0.000000,0,0,0,0,0,0,0,0,0,0,0,37,8,760,46297.81015405404,264.8451000000023,180740.18350000004,144.7027027027027
1788766979,197,,Aggregated,0.000000,0.000000,0,0,0,0,0,0,0,0,0,0,0,7295,113,7,2901.7240135572306,1.6885000000002037,270976.94179999985,23577.185332419467
1788766980,197,GET,GET /articles (anon),0.000000,0.000000,0,0,0,0,0,0,0,0,0,0,0,4858,76,7,3010.6177009263074,1.6885000000002037,270612.99619999976,26313.002470152325
1788766980,197,GET,GET /articles (list),0.000000,0.000000,0,0,0,0,0,0,0,0,0,0,0,1675,22,7,2135.9469541492517,1.8614000000525266,270976.94179999985,25195.14208955224
1788766980,197,GET,GET /articles/{id} (detail),0.000000,0.000000,0,0,0,0,0,0,0,0,0,0,0,725,7,6,1726.5734674482765,1.8880000000081054,270541.64400000015,2703.150344827586
1788766980,197,POST,[setup] POST /auth/login,0.000000,0.000000,0,0,0,0,0,0,0,0,0,0,0,37,8,760,46297.81015405404,264.8451000000023,180740.18350000004,144.7027027027027
1788766980,197,,Aggregated,0.000000,0.000000,0,0,0,0,0,0,0,0,0,0,0,7295,113,7,2901.7240135572306,1.6885000000002037,270976.94179999985,23577.185332419467
1788766981,197,GET,GET /articles (anon),0.000000,0.000000,0,0,0,0,0,0,0,0,0,0,0,4858,76,7,3010.6177009263074,1.6885000000002037,270612.99619999976,26313.002470152325
1788766981,197,GET,GET /articles (list),0.000000,0.000000,0,0,0,0,0,0,0,0,0,0,0,1675,22,7,2135.9469541492517,1.8614000000525266,270976.94179999985,25195.14208955224
1788766981,197,GET,GET /articles/{id} (detail),0.000000,0.000000,0,0,0,0,0,0,0,0,0,0,0,725,7,6,1726.5734674482765,1.8880000000081054,270541.64400000015,2703.150344827586
1788766981,197,POST,[setup] POST /auth/login,0.000000,0.000000,0,0,0,0,0,0,0,0,0,0,0,37,8,760,46297.81015405404,264.8451000000023,180740.18350000004,144.7027027027027
1788766981,197,,Aggregated,0.000000,0.000000,0,0,0,0,0,0,0,0,0,0,0,7295,113,7,2901.7240135572306,1.6885000000002037,270976.94179999985,23577.185332419467
1788766982,197,GET,GET /articles (anon),0.000000,0.000000,0,0,0,0,0,0,0,0,0,0,0,4858,76,7,3010.6177009263074,1.6885000000002037,270612.99619999976,26313.002470152325
1788766982,197,GET,GET /articles (list),0.000000,0.000000,0,0,0,0,0,0,0,0,0,0,0,1675,22,7,2135.9469541492517,1.8614000000525266,270976.94179999985,25195.14208955224
1788766982,197,GET,GET /articles/{id} (detail),0.000000,0.000000,0,0,0,0,0,0,0,0,0,0,0,725,7,6,1726.5734674482765,1.8880000000081054,270541.64400000015,2703.150344827586
1788766982,197,POST,[setup] POST /auth/login,0.000000,0.000000,0,0,0,0,0,0,0,0,0,0,0,37,8,760,46297.81015405404,264.8451000000023,180740.18350000004,144.7027027027027
1788766982,197,,Aggregated,0.000000,0.000000,0,0,0,0,0,0,0,0,0,0,0,7295,113,7,2901.7240135572306,1.6885000000002037,270976.94179999985,23577.185332419467
1788766983,197,GET,GET /articles (anon),0.000000,0.000000,0,0,0,0,0,0,0,0,0,0,0,4858,76,7,3010.6177009263074,1.6885000000002037,270612.99619999976,26313.002470152325
1788766983,197,GET,GET /articles (list),0.000000,0.000000,0,0,0,0,0,0,0,0,0,0,0,1675,22,7,2135.9469541492517,1.8614000000525266,270976.94179999985,25195.14208955224
1788766983,197,GET,GET /articles/{id} (detail),0.000000,0.000000,0,0,0,0,0,0,0,0,0,0,0,725,7,6,1726.5734674482765,1.8880000000081054,270541.64400000015,2703.150344827586
1788766983,197,POST,[setup] POST /auth/login,0.000000,0.000000,0,0,0,0,0,0,0,0,0,0,0,37,8,760,46297.81015405404,264.8451000000023,180740.18350000004,144.7027027027027
1788766983,197,,Aggregated,0.000000,0.000000,0,0,0,0,0,0,0,0,0,0,0,7295,113,7,2901.7240135572306,1.6885000000002037,270976.94179999985,23577.185332419467
1788766984,197,GET,GET /articles (anon),0.000000,0.000000,0,0,0,0,0,0,0,0,0,0,0,4858,76,7,3010.6177009263074,1.6885000000002037,270612.99619999976,26313.002470152325
1788766984,197,GET,GET /articles (list),0.000000,0.000000,0,0,0,0,0,0,0,0,0,0,0,1675,22,7,2135.9469541492517,1.8614000000525266,270976.94179999985,25195.14208955224
1788766984,197,GET,GET /articles/{id} (detail),0.000000,0.000000,0,0,0,0,0,0,0,0,0,0,0,725,7,6,1726.5734674482765,1.8880000000081054,270541.64400000015,2703.150344827586
1788766984,197,POST,[setup] POST /auth/login,0.000000,0.000000,0,0,0,0,0,0,0,0,0,0,0,37,8,760,46297.81015405404,264.8451000000023,180740.18350000004,144.7027027027027
1788766984,197,,Aggregated,0.000000,0.000000,0,0,0,0,0,0,0,0,0,0,0,7295,113,7,2901.7240135572306,1.6885000000002037,270976.94179999985,23577.185332419467
1788766985,197,GET,GET /articles (anon),0.000000,0.000000,0,0,0,0,0,0,0,0,0,0,0,4858,76,7,3010.6177009263074,1.6885000000002037,270612.99619999976,26313.002470152325
1788766985,197,GET,GET /articles (list),0.000000,0.000000,0,0,0,0,0,0,0,0,0,0,0,1675,22,7,2135.9469541492517,1.8614000000525266,270976.94179999985,25195.14208955224
1788766985,197,GET,GET /articles/{id} (detail),0.000000,0.000000,0,0,0,0,0,0,0,0,0,0,0,725,7,6,1726.5734674482765,1.8880000000081054,270541.64400000015,2703.150344827586
1788766985,197,POST,[setup] POST /auth/login,0.000000,0.000000,0,0,0,0,0,0,0,0,0,0,0,37,8,760,46297.81015405404,264.8451000000023,180740.18350000004,144.7027027027027
1788766985,197,,Aggregated,0.000000,0.000000,0,0,0,0,0,0,0,0,0,0,0,7295,113,7,2901.7240135572306,1.6885000000002037,270976.94179999985,23577.185332419467
1788766986,197,GET,GET /articles (anon),0.000000,0.000000,0,0,0,0,0,0,0,0,0,0,0,4858,76,7,3010.6177009263074,1.6885000000002037,270612.99619999976,26313.002470152325
1788766986,197,GET,GET /articles (list),0.000000,0.000000,0,0,0,0,0,0,0,0,0,0,0,1675,22,7,2135.9469541492517,1.8614000000525266,270976.94179999985,25195.14208955224
1788766986,197,GET,GET /articles/{id} (detail),0.000000,0.000000,0,0,0,0,0,0,0,0,0,0,0,725,7,6,1726.5734674482765,1.8880000000081054,270541.64400000015,2703.150344827586
1788766986,197,POST,[setup] POST /auth/login,0.000000,0.000000,0,0,0,0,0,0,0,0,0,0,0,37,8,760,46297.81015405404,264.8451000000023,180740.18350000004,144.7027027027027
1788766986,197,,Aggregated,0.000000,0.000000,0,0,0,0,0,0,0,0,0,0,0,7295,113,7,2901.7240135572306,1.6885000000002037,270976.94179999985,23577.185332419467
1788766987,197,GET,GET /articles (anon),0.000000,0.000000,0,0,0,0,0,0,0,0,0,0,0,4858,76,7,3010.6177009263074,1.6885000000002037,270612.99619999976,26313.002470152325
1788766987,197,GET,GET /articles (list),0.000000,0.000000,0,0,0,0,0,0,0,0,0,0,0,1675,22,7,2135.9469541492517,1.8614000000525266,270976.94179999985,25195.14208955224
1788766987,197,GET,GET /articles/{id} (detail),0.000000,0.000000,0,0,0,0,0,0,0,0,0,0,0,725,7,6,1726.5734674482765,1.8880000000081054,270541.64400000015,2703.150344827586
1788766987,197,POST,[setup] POST /auth/login,0.000000,0.000000,0,0,0,0,0,0,0,0,0,0,0,37,8,760,46297.81015405404,264.8451000000023,180740.18350000004,144.7027027027027
1788766987,197,,Aggregated,0.000000,0.000000,0,0,0,0,0,0,0,0,0,0,0,7295,113,7,2901.7240135572306,1.6885000000002037,270976.94179999985,23577.185332419467
1788766988,197,GET,GET /articles (anon),0.000000,0.000000,0,0,0,0,0,0,0,0,0,0,0,4858,76,7,3010.6177009263074,1.6885000000002037,270612.99619999976,26313.002470152325
1788766988,197,GET,GET /articles (list),0.000000,0.000000,0,0,0,0,0,0,0,0,0,0,0,1675,22,7,2135.9469541492517,1.8614000000525266,270976.94179999985,25195.14208955224
1788766988,197,GET,GET /articles/{id} (detail),0.000000,0.000000,0,0,0,0,0,0,0,0,0,0,0,725,7,6,1726.5734674482765,1.8880000000081054,270541.64400000015,2703.150344827586
1788766988,197,POST,[setup] POST /auth/login,0.000000,0.000000,0,0,0,0,0,0,0,0,0,0,0,37,8,760,46297.81015405404,264.8451000000023,180740.18350000004,144.7027027027027
1788766988,197,,Aggregated,0.000000,0.000000,0,0,0,0,0,0,0,0,0,0,0,7295,113,7,2901.7240135572306,1.6885000000002037,270976.94179999985,23577.185332419467
1788766989,197,GET,GET /articles (anon),0.000000,0.000000,0,0,0,0,0,0,0,0,0,0,0,4858,76,7,3010.6177009263074,1.6885000000002037,270612.99619999976,26313.002470152325
1788766989,197,GET,GET /articles (list),0.000000,0.000000,0,0,0,0,0,0,0,0,0,0,0,1675,22,7,2135.9469541492517,1.8614000000525266,270976.94179999985,25195.14208955224
1788766989,197,GET,GET /articles/{id} (detail),0.000000,0.000000,0,0,0,0,0,0,0,0,0,0,0,725,7,6,1726.5734674482765,1.8880000000081054,270541.64400000015,2703.150344827586
1788766989,197,POST,[setup] POST /auth/login,0.000000,0.000000,0,0,0,0,0,0,0,0,0,0,0,37,8,760,46297.81015405404,264.8451000000023,180740.18350000004,144.7027027027027
1788766989,197,,Aggregated,0.000000,0.000000,0,0,0,0,0,0,0,0,0,0,0,7295,113,7,2901.7240135572306,1.6885000000002037,270976.94179999985,23577.185332419467
1788766990,197,GET,GET /articles (anon),0.000000,0.000000,0,0,0,0,0,0,0,0,0,0,0,4858,76,7,3010.6177009263074,1.6885000000002037,270612.99619999976,26313.002470152325
1788766990,197,GET,GET /articles (list),0.000000,0.000000,0,0,0,0,0,0,0,0,0,0,0,1675,22,7,2135.9469541492517,1.8614000000525266,270976.94179999985,25195.14208955224
1788766990,197,GET,GET /articles/{id} (detail),0.000000,0.000000,0,0,0,0,0,0,0,0,0,0,0,725,7,6,1726.5734674482765,1.8880000000081054,270541.64400000015,2703.150344827586
1788766990,197,POST,[setup] POST /auth/login,0.000000,0.000000,0,0,0,0,0,0,0,0,0,0,0,37,8,760,46297.81015405404,264.8451000000023,180740.18350000004,144.7027027027027
1788766990,197,,Aggregated,0.000000,0.000000,0,0,0,0,0,0,0,0,0,0,0,7295,113,7,2901.7240135572306,1.6885000000002037,270976.94179999985,23577.185332419467
1788766991,197,GET,GET /articles (anon),0.000000,0.000000,0,0,0,0,0,0,0,0,0,0,0,4858,76,7,3010.6177009263074,1.6885000000002037,270612.99619999976,26313.002470152325
1788766991,197,GET,GET /articles (list),0.000000,0.000000,0,0,0,0,0,0,0,0,0,0,0,1675,22,7,2135.9469541492517,1.8614000000525266,270976.94179999985,25195.14208955224
1788766991,197,GET,GET /articles/{id} (detail),0.000000,0.000000,0,0,0,0,0,0,0,0,0,0,0,725,7,6,1726.5734674482765,1.8880000000081054,270541.64400000015,2703.150344827586
1788766991,197,POST,[setup] POST /auth/login,0.000000,0.000000,0,0,0,0,0,0,0,0,0,0,0,37,8,760,46297.81015405404,264.8451000000023,180740.18350000004,144.7027027027027
1788766991,197,,Aggregated,0.000000,0.000000,0,0,0,0,0,0,0,0,0,0,0,7295,113,7,2901.7240135572306,1.6885000000002037,270976.94179999985,23577.185332419467
1788766992,197,GET,GET /articles (anon),0.000000,0.000000,0,0,0,0,0,0,0,0,0,0,0,4858,76,7,3010.6177009263074,1.6885000000002037,270612.99619999976,26313.002470152325
1788766992,197,GET,GET /articles (list),0.000000,0.000000,0,0,0,0,0,0,0,0,0,0,0,1675,22,7,2135.9469541492517,1.8614000000525266,270976.94179999985,25195.14208955224
1788766992,197,GET,GET /articles/{id} (detail),0.000000,0.000000,0,0,0,0,0,0,0,0,0,0,0,725,7,6,1726.5734674482765,1.8880000000081054,270541.64400000015,2703.150344827586
1788766992,197,POST,[setup] POST /auth/login,0.000000,0.000000,0,0,0,0,0,0,0,0,0,0,0,37,8,760,46297.81015405404,264.8451000000023,180740.18350000004,144.7027027027027
1788766992,197,,Aggregated,0.000000,0.000000,0,0,0,0,0,0,0,0,0,0,0,7295,113,7,2901.7240135572306,1.6885000000002037,270976.94179999985,23577.185332419467
1788766993,197,GET,GET /articles (anon),0.000000,0.000000,0,0,0,0,0,0,0,0,0,0,0,4858,76,7,3010.6177009263074,1.6885000000002037,270612.99619999976,26313.002470152325
1788766993,197,GET,GET /articles (list),0.000000,0.000000,0,0,0,0,0,0,0,0,0,0,0,1675,22,7,2135.9469541492517,1.8614000000525266,270976.94179999985,25195.14208955224
1788766993,197,GET,GET /articles/{id} (detail),0.000000,0.000000,0,0,0,0,0,0,0,0,0,0,0,725,7,6,1726.5734674482765,1.8880000000081054,270541.64400000015,2703.150344827586
1788766993,197,POST,[setup] POST /auth/login,0.000000,0.000000,0,0,0,0,0,0,0,0,0,0,0,37,8,760,46297.81015405404,264.8451000000023,180740.18350000004,144.7027027027027
1788766993,197,,Aggregated,0.000000,0.000000,0,0,0,0,0,0,0,0,0,0,0,7295,113,7,2901.7240135572306,1.6885000000002037,270976.94179999985,23577.185332419467
1788766994,197,GET,GET /articles (anon),0.000000,0.000000,0,0,0,0,0,0,0,0,0,0,0,4858,76,7,3010.6177009263074,1.6885000000002037,270612.99619999976,26313.002470152325
1788766994,197,GET,GET /articles (list),0.000000,0.000000,0,0,0,0,0,0,0,0,0,0,0,1675,22,7,2135.9469541492517,1.8614000000525266,270976.94179999985,25195.14208955224
1788766994,197,GET,GET /articles/{id} (detail),0.000000,0.000000,0,0,0,0,0,0,0,0,0,0,0,725,7,6,1726.5734674482765,1.8880000000081054,270541.64400000015,2703.150344827586
1788766994,197,POST,[setup] POST /auth/login,0.000000,0.000000,0,0,0,0,0,0,0,0,0,0,0,37,8,760,46297.81015405404,264.8451000000023,180740.18350000004,144.7027027027027
1788766994,197,,Aggregated,0.000000,0.000000,0,0,0,0,0,0,0,0,0,0,0,7295,113,7,2901.7240135572306,1.6885000000002037,270976.94179999985,23577.185332419467
1788766995,197,GET,GET /articles (anon),0.000000,0.000000,0,0,0,0,0,0,0,0,0,0,0,4858,76,7,3010.6177009263074,1.6885000000002037,270612.99619999976,26313.002470152325
1788766995,197,GET,GET /articles (list),0.000000,0.000000,0,0,0,0,0,0,0,0,0,0,0,1675,22,7,2135.9469541492517,1.8614000000525266,270976.94179999985,25195.14208955224
1788766995,197,GET,GET /articles/{id} (detail),0.000000,0.000000,0,0,0,0,0,0,0,0,0,0,0,725,7,6,1726.5734674482765,1.8880000000081054,270541.64400000015,2703.150344827586
1788766995,197,POST,[setup] POST /auth/login,0.000000,0.000000,0,0,0,0,0,0,0,0,0,0,0,37,8,760,46297.81015405404,264.8451000000023,180740.18350000004,144.7027027027027
1788766995,197,,Aggregated,0.000000,0.000000,0,0,0,0,0,0,0,0,0,0,0,7295,113,7,2901.7240135572306,1.6885000000002037,270976.94179999985,23577.185332419467
1788766996,197,GET,GET /articles (anon),0.000000,0.000000,0,0,0,0,0,0,0,0,0,0,0,4858,76,7,3010.6177009263074,1.6885000000002037,270612.99619999976,26313.002470152325
1788766996,197,GET,GET /articles (list),0.000000,0.000000,0,0,0,0,0,0,0,0,0,0,0,1675,22,7,2135.9469541492517,1.8614000000525266,270976.94179999985,25195.14208955224
1788766996,197,GET,GET /articles/{id} (detail),0.000000,0.000000,0,0,0,0,0,0,0,0,0,0,0,725,7,6,1726.5734674482765,1.8880000000081054,270541.64400000015,2703.150344827586
1788766996,197,POST,[setup] POST /auth/login,0.000000,0.000000,0,0,0,0,0,0,0,0,0,0,0,37,8,760,46297.81015405404,264.8451000000023,180740.18350000004,144.7027027027027
1788766996,197,,Aggregated,0.000000,0.000000,0,0,0,0,0,0,0,0,0,0,0,7295,113,7,2901.7240135572306,1.6885000000002037,270976.94179999985,23577.185332419467
1788766997,197,GET,GET /articles (anon),0.000000,0.000000,0,0,0,0,0,0,0,0,0,0,0,4858,76,7,3010.6177009263074,1.6885000000002037,270612.99619999976,26313.002470152325
1788766997,197,GET,GET /articles (list),0.000000,0.000000,0,0,0,0,0,0,0,0,0,0,0,1675,22,7,2135.9469541492517,1.8614000000525266,270976.94179999985,25195.14208955224
1788766997,197,GET,GET /articles/{id} (detail),0.000000,0.000000,0,0,0,0,0,0,0,0,0,0,0,725,7,6,1726.5734674482765,1.8880000000081054,270541.64400000015,2703.150344827586
1788766997,197,POST,[setup] POST /auth/login,0.000000,0.000000,0,0,0,0,0,0,0,0,0,0,0,37,8,760,46297.81015405404,264.8451000000023,180740.18350000004,144.7027027027027
1788766997,197,,Aggregated,0.000000,0.000000,0,0,0,0,0,0,0,0,0,0,0,7295,113,7,2901.7240135572306,1.6885000000002037,270976.94179999985,23577.185332419467
1788766998,197,GET,GET /articles (anon),0.000000,0.000000,0,0,0,0,0,0,0,0,0,0,0,4858,76,7,3010.6177009263074,1.6885000000002037,270612.99619999976,26313.002470152325
1788766998,197,GET,GET /articles (list),0.000000,0.000000,0,0,0,0,0,0,0,0,0,0,0,1675,22,7,2135.9469541492517,1.8614000000525266,270976.94179999985,25195.14208955224
1788766998,197,GET,GET /articles/{id} (detail),0.000000,0.000000,0,0,0,0,0,0,0,0,0,0,0,725,7,6,1726.5734674482765,1.8880000000081054,270541.64400000015,2703.150344827586
1788766998,197,POST,[setup] POST /auth/login,0.000000,0.000000,0,0,0,0,0,0,0,0,0,0,0,37,8,760,46297.81015405404,264.8451000000023,180740.18350000004,144.7027027027027
1788766998,197,,Aggregated,0.000000,0.000000,0,0,0,0,0,0,0,0,0,0,0,7295,113,7,2901.7240135572306,1.6885000000002037,270976.94179999985,23577.185332419467
1788766999,197,GET,GET /articles (anon),0.000000,0.000000,0,0,0,0,0,0,0,0,0,0,0,4858,76,7,3010.6177009263074,1.6885000000002037,270612.99619999976,26313.002470152325
1788766999,197,GET,GET /articles (list),0.000000,0.000000,0,0,0,0,0,0,0,0,0,0,0,1675,22,7,2135.9469541492517,1.8614000000525266,270976.94179999985,25195.14208955224
1788766999,197,GET,GET /articles/{id} (detail),0.000000,0.000000,0,0,0,0,0,0,0,0,0,0,0,725,7,6,1726.5734674482765,1.8880000000081054,270541.64400000015,2703.150344827586
1788766999,197,POST,[setup] POST /auth/login,0.000000,0.000000,0,0,0,0,0,0,0,0,0,0,0,37,8,760,46297.81015405404,264.8451000000023,180740.18350000004,144.7027027027027
1788766999,197,,Aggregated,0.000000,0.000000,0,0,0,0,0,0,0,0,0,0,0,7295,113,7,2901.7240135572306,1.6885000000002037,270976.94179999985,23577.185332419467
1788767000,197,GET,GET /articles (anon),0.000000,0.000000,0,0,0,0,0,0,0,0,0,0,0,4858,76,7,3010.6177009263074,1.6885000000002037,270612.99619999976,26313.002470152325
1788767000,197,GET,GET /articles (list),0.000000,0.000000,0,0,0,0,0,0,0,0,0,0,0,1675,22,7,2135.9469541492517,1.8614000000525266,270976.94179999985,25195.14208955224
1788767000,197,GET,GET /articles/{id} (detail),0.000000,0.000000,0,0,0,0,0,0,0,0,0,0,0,725,7,6,1726.5734674482765,1.8880000000081054,270541.64400000015,2703.150344827586
1788767000,197,POST,[setup] POST /auth/login,0.000000,0.000000,0,0,0,0,0,0,0,0,0,0,0,37,8,760,46297.81015405404,264.8451000000023,180740.18350000004,144.7027027027027
1788767000,197,,Aggregated,0.000000,0.000000,0,0,0,0,0,0,0,0,0,0,0,7295,113,7,2901.7240135572306,1.6885000000002037,270976.94179999985,23577.185332419467
1788767001,197,GET,GET /articles (anon),0.000000,0.000000,0,0,0,0,0,0,0,0,0,0,0,4858,76,7,3010.6177009263074,1.6885000000002037,270612.99619999976,26313.002470152325
1788767001,197,GET,GET /articles (list),0.000000,0.000000,0,0,0,0,0,0,0,0,0,0,0,1675,22,7,2135.9469541492517,1.8614000000525266,270976.94179999985,25195.14208955224
1788767001,197,GET,GET /articles/{id} (detail),0.000000,0.000000,0,0,0,0,0,0,0,0,0,0,0,725,7,6,1726.5734674482765,1.8880000000081054,270541.64400000015,2703.150344827586
1788767001,197,POST,[setup] POST /auth/login,0.000000,0.000000,0,0,0,0,0,0,0,0,0,0,0,37,8,760,46297.81015405404,264.8451000000023,180740.18350000004,144.7027027027027
1788767001,197,,Aggregated,0.000000,0.000000,0,0,0,0,0,0,0,0,0,0,0,7295,113,7,2901.7240135572306,1.6885000000002037,270976.94179999985,23577.185332419467
1788767002,197,GET,GET /articles (anon),0.000000,0.000000,0,0,0,0,0,0,0,0,0,0,0,4858,76,7,3010.6177009263074,1.6885000000002037,270612.99619999976,26313.002470152325
1788767002,197,GET,GET /articles (list),0.000000,0.000000,0,0,0,0,0,0,0,0,0,0,0,1675,22,7,2135.9469541492517,1.8614000000525266,270976.94179999985,25195.14208955224
1788767002,197,GET,GET /articles/{id} (detail),0.000000,0.000000,0,0,0,0,0,0,0,0,0,0,0,725,7,6,1726.5734674482765,1.8880000000081054,270541.64400000015,2703.150344827586
1788767002,197,POST,[setup] POST /auth/login,0.000000,0.000000,0,0,0,0,0,0,0,0,0,0,0,37,8,760,46297.81015405404,264.8451000000023,180740.18350000004,144.7027027027027
1788767002,197,,Aggregated,0.000000,0.000000,0,0,0,0,0,0,0,0,0,0,0,7295,113,7,2901.7240135572306,1.6885000000002037,270976.94179999985,23577.185332419467
1788767003,197,GET,GET /articles (anon),0.000000,0.000000,0,0,0,0,0,0,0,0,0,0,0,4858,76,7,3010.6177009263074,1.6885000000002037,270612.99619999976,26313.002470152325
1788767003,197,GET,GET /articles (list),0.000000,0.000000,0,0,0,0,0,0,0,0,0,0,0,1675,22,7,2135.9469541492517,1.8614000000525266,270976.94179999985,25195.14208955224
1788767003,197,GET,GET /articles/{id} (detail),0.000000,0.000000,0,0,0,0,0,0,0,0,0,0,0,725,7,6,1726.5734674482765,1.8880000000081054,270541.64400000015,2703.150344827586
1788767003,197,POST,[setup] POST /auth/login,0.000000,0.000000,0,0,0,0,0,0,0,0,0,0,0,37,8,760,46297.81015405404,264.8451000000023,180740.18350000004,144.7027027027027
1788767003,197,,Aggregated,0.000000,0.000000,0,0,0,0,0,0,0,0,0,0,0,7295,113,7,2901.7240135572306,1.6885000000002037,270976.94179999985,23577.185332419467
1788767004,197,GET,GET /articles (anon),0.000000,0.000000,0,0,0,0,0,0,0,0,0,0,0,4858,76,7,3010.6177009263074,1.6885000000002037,270612.99619999976,26313.002470152325
1788767004,197,GET,GET /articles (list),0.000000,0.000000,0,0,0,0,0,0,0,0,0,0,0,1675,22,7,2135.9469541492517,1.8614000000525266,270976.94179999985,25195.14208955224
1788767004,197,GET,GET /articles/{id} (detail),0.000000,0.000000,0,0,0,0,0,0,0,0,0,0,0,725,7,6,1726.5734674482765,1.8880000000081054,270541.64400000015,2703.150344827586
1788767004,197,POST,[setup] POST /auth/login,0.000000,0.000000,0,0,0,0,0,0,0,0,0,0,0,37,8,760,46297.81015405404,264.8451000000023,180740.18350000004,144.7027027027027
1788767004,197,,Aggregated,0.000000,0.000000,0,0,0,0,0,0,0,0,0,0,0,7295,113,7,2901.7240135572306,1.6885000000002037,270976.94179999985,23577.185332419467
1788767005,197,GET,GET /articles (anon),0.000000,0.000000,0,0,0,0,0,0,0,0,0,0,0,4858,76,7,3010.6177009263074,1.6885000000002037,270612.99619999976,26313.002470152325
1788767005,197,GET,GET /articles (list),0.000000,0.000000,0,0,0,0,0,0,0,0,0,0,0,1675,22,7,2135.9469541492517,1.8614000000525266,270976.94179999985,25195.14208955224
1788767005,197,GET,GET /articles/{id} (detail),0.000000,0.000000,0,0,0,0,0,0,0,0,0,0,0,725,7,6,1726.5734674482765,1.8880000000081054,270541.64400000015,2703.150344827586
1788767005,197,POST,[setup] POST /auth/login,0.000000,0.000000,0,0,0,0,0,0,0,0,0,0,0,37,8,760,46297.81015405404,264.8451000000023,180740.18350000004,144.7027027027027
1788767005,197,,Aggregated,0.000000,0.000000,0,0,0,0,0,0,0,0,0,0,0,7295,113,7,2901.7240135572306,1.6885000000002037,270976.94179999985,23577.185332419467
1788767006,197,GET,GET /articles (anon),0.000000,0.000000,0,0,0,0,0,0,0,0,0,0,0,4858,76,7,3010.6177009263074,1.6885000000002037,270612.99619999976,26313.002470152325
1788767006,197,GET,GET /articles (list),0.000000,0.000000,0,0,0,0,0,0,0,0,0,0,0,1675,22,7,2135.9469541492517,1.8614000000525266,270976.94179999985,25195.14208955224
1788767006,197,GET,GET /articles/{id} (detail),0.000000,0.000000,0,0,0,0,0,0,0,0,0,0,0,725,7,6,1726.5734674482765,1.8880000000081054,270541.64400000015,2703.150344827586
1788767006,197,POST,[setup] POST /auth/login,0.000000,0.000000,0,0,0,0,0,0,0,0,0,0,0,37,8,760,46297.81015405404,264.8451000000023,180740.18350000004,144.7027027027027
1788767006,197,,Aggregated,0.000000,0.000000,0,0,0,0,0,0,0,0,0,0,0,7295,113,7,2901.7240135572306,1.6885000000002037,270976.94179999985,23577.185332419467
1788767007,197,GET,GET /articles (anon),0.000000,0.000000,0,0,0,0,0,0,0,0,0,0,0,4858,76,7,3010.6177009263074,1.6885000000002037,270612.99619999976,26313.002470152325
1788767007,197,GET,GET /articles (list),0.000000,0.000000,0,0,0,0,0,0,0,0,0,0,0,1675,22,7,2135.9469541492517,1.8614000000525266,270976.94179999985,25195.14208955224
1788767007,197,GET,GET /articles/{id} (detail),0.000000,0.000000,0,0,0,0,0,0,0,0,0,0,0,725,7,6,1726.5734674482765,1.8880000000081054,270541.64400000015,2703.150344827586
1788767007,197,POST,[setup] POST /auth/login,0.000000,0.000000,0,0,0,0,0,0,0,0,0,0,0,37,8,760,46297.81015405404,264.8451000000023,180740.18350000004,144.7027027027027
1788767007,197,,Aggregated,0.000000,0.000000,0,0,0,0,0,0,0,0,0,0,0,7295,113,7,2901.7240135572306,1.6885000000002037,270976.94179999985,23577.185332419467
1788767008,197,GET,GET /articles (anon),0.000000,0.000000,0,0,0,0,0,0,0,0,0,0,0,4858,76,7,3010.6177009263074,1.6885000000002037,270612.99619999976,26313.002470152325
1788767008,197,GET,GET /articles (list),0.000000,0.000000,0,0,0,0,0,0,0,0,0,0,0,1675,22,7,2135.9469541492517,1.8614000000525266,270976.94179999985,25195.14208955224
1788767008,197,GET,GET /articles/{id} (detail),0.000000,0.000000,0,0,0,0,0,0,0,0,0,0,0,725,7,6,1726.5734674482765,1.8880000000081054,270541.64400000015,2703.150344827586
1788767008,197,POST,[setup] POST /auth/login,0.000000,0.000000,0,0,0,0,0,0,0,0,0,0,0,37,8,760,46297.81015405404,264.8451000000023,180740.18350000004,144.7027027027027
1788767008,197,,Aggregated,0.000000,0.000000,0,0,0,0,0,0,0,0,0,0,0,7295,113,7,2901.7240135572306,1.6885000000002037,270976.94179999985,23577.185332419467
1788767009,197,GET,GET /articles (anon),0.000000,0.000000,0,0,0,0,0,0,0,0,0,0,0,4858,76,7,3010.6177009263074,1.6885000000002037,270612.99619999976,26313.002470152325
1788767009,197,GET,GET /articles (list),0.000000,0.000000,0,0,0,0,0,0,0,0,0,0,0,1675,22,7,2135.9469541492517,1.8614000000525266,270976.94179999985,25195.14208955224
1788767009,197,GET,GET /articles/{id} (detail),0.000000,0.000000,0,0,0,0,0,0,0,0,0,0,0,725,7,6,1726.5734674482765,1.8880000000081054,270541.64400000015,2703.150344827586
1788767009,197,POST,[setup] POST /auth/login,0.000000,0.000000,0,0,0,0,0,0,0,0,0,0,0,37,8,760,46297.81015405404,264.8451000000023,180740.18350000004,144.7027027027027
1788767009,197,,Aggregated,0.000000,0.000000,0,0,0,0,0,0,0,0,0,0,0,7295,113,7,2901.7240135572306,1.6885000000002037,270976.94179999985,23577.185332419467
1788767010,197,GET,GET /articles (anon),0.000000,0.000000,0,0,0,0,0,0,0,0,0,0,0,4858,76,7,3010.6177009263074,1.6885000000002037,270612.99619999976,26313.002470152325
1788767010,197,GET,GET /articles (list),0.000000,0.000000,0,0,0,0,0,0,0,0,0,0,0,1675,22,7,2135.9469541492517,1.8614000000525266,270976.94179999985,25195.14208955224
1788767010,197,GET,GET /articles/{id} (detail),0.000000,0.000000,0,0,0,0,0,0,0,0,0,0,0,725,7,6,1726.5734674482765,1.8880000000081054,270541.64400000015,2703.150344827586
1788767010,197,POST,[setup] POST /auth/login,0.000000,0.000000,0,0,0,0,0,0,0,0,0,0,0,37,8,760,46297.81015405404,264.8451000000023,180740.18350000004,144.7027027027027
1788767010,197,,Aggregated,0.000000,0.000000,0,0,0,0,0,0,0,0,0,0,0,7295,113,7,2901.7240135572306,1.6885000000002037,270976.94179999985,23577.185332419467
1788767011,197,GET,GET /articles (anon),0.000000,0.000000,0,0,0,0,0,0,0,0,0,0,0,4858,76,7,3010.6177009263074,1.6885000000002037,270612.99619999976,26313.002470152325
1788767011,197,GET,GET /articles (list),0.000000,0.000000,0,0,0,0,0,0,0,0,0,0,0,1675,22,7,2135.9469541492517,1.8614000000525266,270976.94179999985,25195.14208955224
1788767011,197,GET,GET /articles/{id} (detail),0.000000,0.000000,0,0,0,0,0,0,0,0,0,0,0,725,7,6,1726.5734674482765,1.8880000000081054,270541.64400000015,2703.150344827586
1788767011,197,POST,[setup] POST /auth/login,0.000000,0.000000,0,0,0,0,0,0,0,0,0,0,0,37,8,760,46297.81015405404,264.8451000000023,180740.18350000004,144.7027027027027
1788767011,197,,Aggregated,0.000000,0.000000,0,0,0,0,0,0,0,0,0,0,0,7295,113,7,2901.7240135572306,1.6885000000002037,270976.94179999985,23577.185332419467
1788767012,197,GET,GET /articles (anon),0.000000,0.000000,0,0,0,0,0,0,0,0,0,0,0,4858,76,7,3010.6177009263074,1.6885000000002037,270612.99619999976,26313.002470152325
1788767012,197,GET,GET /articles (list),0.000000,0.000000,0,0,0,0,0,0,0,0,0,0,0,1675,22,7,2135.9469541492517,1.8614000000525266,270976.94179999985,25195.14208955224
1788767012,197,GET,GET /articles/{id} (detail),0.000000,0.000000,0,0,0,0,0,0,0,0,0,0,0,725,7,6,1726.5734674482765,1.8880000000081054,270541.64400000015,2703.150344827586
1788767012,197,POST,[setup] POST /auth/login,0.000000,0.000000,0,0,0,0,0,0,0,0,0,0,0,37,8,760,46297.81015405404,264.8451000000023,180740.18350000004,144.7027027027027
1788767012,197,,Aggregated,0.000000,0.000000,0,0,0,0,0,0,0,0,0,0,0,7295,113,7,2901.7240135572306,1.6885000000002037,270976.94179999985,23577.185332419467
1788767013,197,GET,GET /articles (anon),0.000000,0.000000,0,0,0,0,0,0,0,0,0,0,0,4858,76,7,3010.6177009263074,1.6885000000002037,270612.99619999976,26313.002470152325
1788767013,197,GET,GET /articles (list),0.000000,0.000000,0,0,0,0,0,0,0,0,0,0,0,1675,22,7,2135.9469541492517,1.8614000000525266,270976.94179999985,25195.14208955224
1788767013,197,GET,GET /articles/{id} (detail),0.000000,0.000000,0,0,0,0,0,0,0,0,0,0,0,725,7,6,1726.5734674482765,1.8880000000081054,270541.64400000015,2703.150344827586
1788767013,197,POST,[setup] POST /auth/login,0.000000,0.000000,0,0,0,0,0,0,0,0,0,0,0,37,8,760,46297.81015405404,264.8451000000023,180740.18350000004,144.7027027027027
1788767013,197,,Aggregated,0.000000,0.000000,0,0,0,0,0,0,0,0,0,0,0,7295,113,7,2901.7240135572306,1.6885000000002037,270976.94179999985,23577.185332419467
1788767014,197,GET,GET /articles (anon),0.000000,0.000000,0,0,0,0,0,0,0,0,0,0,0,4858,76,7,3010.6177009263074,1.6885000000002037,270612.99619999976,26313.002470152325
1788767014,197,GET,GET /articles (list),0.000000,0.000000,0,0,0,0,0,0,0,0,0,0,0,1675,22,7,2135.9469541492517,1.8614000000525266,270976.94179999985,25195.14208955224
1788767014,197,GET,GET /articles/{id} (detail),0.000000,0.000000,0,0,0,0,0,0,0,0,0,0,0,725,7,6,1726.5734674482765,1.8880000000081054,270541.64400000015,2703.150344827586
1788767014,197,POST,[setup] POST /auth/login,0.000000,0.000000,0,0,0,0,0,0,0,0,0,0,0,37,8,760,46297.81015405404,264.8451000000023,180740.18350000004,144.7027027027027
1788767014,197,,Aggregated,0.000000,0.000000,0,0,0,0,0,0,0,0,0,0,0,7295,113,7,2901.7240135572306,1.6885000000002037,270976.94179999985,23577.185332419467
1788767015,197,GET,GET /articles (anon),0.000000,0.000000,0,0,0,0,0,0,0,0,0,0,0,4858,76,7,3010.6177009263074,1.6885000000002037,270612.99619999976,26313.002470152325
1788767015,197,GET,GET /articles (list),0.000000,0.000000,0,0,0,0,0,0,0,0,0,0,0,1675,22,7,2135.9469541492517,1.8614000000525266,270976.94179999985,25195.14208955224
1788767015,197,GET,GET /articles/{id} (detail),0.000000,0.000000,0,0,0,0,0,0,0,0,0,0,0,725,7,6,1726.5734674482765,1.8880000000081054,270541.64400000015,2703.150344827586
1788767015,197,POST,[setup] POST /auth/login,0.000000,0.000000,0,0,0,0,0,0,0,0,0,0,0,37,8,760,46297.81015405404,264.8451000000023,180740.18350000004,144.7027027027027
1788767015,197,,Aggregated,0.000000,0.000000,0,0,0,0,0,0,0,0,0,0,0,7295,113,7,2901.7240135572306,1.6885000000002037,270976.94179999985,23577.185332419467
1788767016,197,GET,GET /articles (anon),0.000000,0.000000,0,0,0,0,0,0,0,0,0,0,0,4858,76,7,3010.6177009263074,1.6885000000002037,270612.99619999976,26313.002470152325
1788767016,197,GET,GET /articles (list),0.000000,0.000000,0,0,0,0,0,0,0,0,0,0,0,1675,22,7,2135.9469541492517,1.8614000000525266,270976.94179999985,25195.14208955224
1788767016,197,GET,GET /articles/{id} (detail),0.000000,0.000000,0,0,0,0,0,0,0,0,0,0,0,725,7,6,1726.5734674482765,1.8880000000081054,270541.64400000015,2703.150344827586
1788767016,197,POST,[setup] POST /auth/login,0.000000,0.000000,0,0,0,0,0,0,0,0,0,0,0,37,8,760,46297.81015405404,264.8451000000023,180740.18350000004,144.7027027027027
1788767016,197,,Aggregated,0.000000,0.000000,0,0,0,0,0,0,0,0,0,0,0,7295,113,7,2901.7240135572306,1.6885000000002037,270976.94179999985,23577.185332419467
1788767017,197,GET,GET /articles (anon),0.000000,0.000000,0,0,0,0,0,0,0,0,0,0,0,4858,76,7,3010.6177009263074,1.6885000000002037,270612.99619999976,26313.002470152325
1788767017,197,GET,GET /articles (list),0.000000,0.000000,0,0,0,0,0,0,0,0,0,0,0,1675,22,7,2135.9469541492517,1.8614000000525266,270976.94179999985,25195.14208955224
1788767017,197,GET,GET /articles/{id} (detail),0.000000,0.000000,0,0,0,0,0,0,0,0,0,0,0,725,7,6,1726.5734674482765,1.8880000000081054,270541.64400000015,2703.150344827586
1788767017,197,POST,[setup] POST /auth/login,0.000000,0.000000,0,0,0,0,0,0,0,0,0,0,0,37,8,760,46297.81015405404,264.8451000000023,180740.18350000004,144.7027027027027
1788767017,197,,Aggregated,0.000000,0.000000,0,0,0,0,0,0,0,0,0,0,0,7295,113,7,2901.7240135572306,1.6885000000002037,270976.94179999985,23577.185332419467
1788767018,197,GET,GET /articles (anon),0.000000,0.000000,0,0,0,0,0,0,0,0,0,0,0,4858,76,7,3010.6177009263074,1.6885000000002037,270612.99619999976,26313.002470152325
1788767018,197,GET,GET /articles (list),0.000000,0.000000,0,0,0,0,0,0,0,0,0,0,0,1675,22,7,2135.9469541492517,1.8614000000525266,270976.94179999985,25195.14208955224
1788767018,197,GET,GET /articles/{id} (detail),0.000000,0.000000,0,0,0,0,0,0,0,0,0,0,0,725,7,6,1726.5734674482765,1.8880000000081054,270541.64400000015,2703.150344827586
1788767018,197,POST,[setup] POST /auth/login,0.000000,0.000000,0,0,0,0,0,0,0,0,0,0,0,37,8,760,46297.81015405404,264.8451000000023,180740.18350000004,144.7027027027027
1788767018,197,,Aggregated,0.000000,0.000000,0,0,0,0,0,0,0,0,0,0,0,7295,113,7,2901.7240135572306,1.6885000000002037,270976.94179999985,23577.185332419467
1788767019,197,GET,GET /articles (anon),0.000000,0.000000,0,0,0,0,0,0,0,0,0,0,0,4858,76,7,3010.6177009263074,1.6885000000002037,270612.99619999976,26313.002470152325
1788767019,197,GET,GET /articles (list),0.000000,0.000000,0,0,0,0,0,0,0,0,0,0,0,1675,22,7,2135.9469541492517,1.8614000000525266,270976.94179999985,25195.14208955224
1788767019,197,GET,GET /articles/{id} (detail),0.000000,0.000000,0,0,0,0,0,0,0,0,0,0,0,725,7,6,1726.5734674482765,1.8880000000081054,270541.64400000015,2703.150344827586
1788767019,197,POST,[setup] POST /auth/login,0.000000,0.000000,0,0,0,0,0,0,0,0,0,0,0,37,8,760,46297.81015405404,264.8451000000023,180740.18350000004,144.7027027027027
1788767019,197,,Aggregated,0.000000,0.000000,0,0,0,0,0,0,0,0,0,0,0,7295,113,7,2901.7240135572306,1.6885000000002037,270976.94179999985,23577.185332419467
1788767020,197,GET,GET /articles (anon),0.000000,0.000000,0,0,0,0,0,0,0,0,0,0,0,4858,76,7,3010.6177009263074,1.6885000000002037,270612.99619999976,26313.002470152325
1788767020,197,GET,GET /articles (list),0.000000,0.000000,0,0,0,0,0,0,0,0,0,0,0,1675,22,7,2135.9469541492517,1.8614000000525266,270976.94179999985,25195.14208955224
1788767020,197,GET,GET /articles/{id} (detail),0.000000,0.000000,0,0,0,0,0,0,0,0,0,0,0,725,7,6,1726.5734674482765,1.8880000000081054,270541.64400000015,2703.150344827586
1788767020,197,POST,[setup] POST /auth/login,0.000000,0.000000,0,0,0,0,0,0,0,0,0,0,0,37,8,760,46297.81015405404,264.8451000000023,180740.18350000004,144.7027027027027
1788767020,197,,Aggregated,0.000000,0.000000,0,0,0,0,0,0,0,0,0,0,0,7295,113,7,2901.7240135572306,1.6885000000002037,270976.94179999985,23577.185332419467
1788767021,197,GET,GET /articles (anon),0.000000,0.000000,0,0,0,0,0,0,0,0,0,0,0,4858,76,7,3010.6177009263074,1.6885000000002037,270612.99619999976,26313.002470152325
1788767021,197,GET,GET /articles (list),0.000000,0.000000,0,0,0,0,0,0,0,0,0,0,0,1675,22,7,2135.9469541492517,1.8614000000525266,270976.94179999985,25195.14208955224
1788767021,197,GET,GET /articles/{id} (detail),0.000000,0.000000,0,0,0,0,0,0,0,0,0,0,0,725,7,6,1726.5734674482765,1.8880000000081054,270541.64400000015,2703.150344827586
1788767021,197,POST,[setup] POST /auth/login,0.000000,0.000000,0,0,0,0,0,0,0,0,0,0,0,37,8,760,46297.81015405404,264.8451000000023,180740.18350000004,144.7027027027027
1788767021,197,,Aggregated,0.000000,0.000000,0,0,0,0,0,0,0,0,0,0,0,7295,113,7,2901.7240135572306,1.6885000000002037,270976.94179999985,23577.185332419467
1788767022,197,GET,GET /articles (anon),0.000000,0.000000,0,0,0,0,0,0,0,0,0,0,0,4858,76,7,3010.6177009263074,1.6885000000002037,270612.99619999976,26313.002470152325
1788767022,197,GET,GET /articles (list),0.000000,0.000000,0,0,0,0,0,0,0,0,0,0,0,1675,22,7,2135.9469541492517,1.8614000000525266,270976.94179999985,25195.14208955224
1788767022,197,GET,GET /articles/{id} (detail),0.000000,0.000000,0,0,0,0,0,0,0,0,0,0,0,725,7,6,1726.5734674482765,1.8880000000081054,270541.64400000015,2703.150344827586
1788767022,197,POST,[setup] POST /auth/login,0.000000,0.000000,0,0,0,0,0,0,0,0,0,0,0,37,8,760,46297.81015405404,264.8451000000023,180740.18350000004,144.7027027027027
1788767022,197,,Aggregated,0.000000,0.000000,0,0,0,0,0,0,0,0,0,0,0,7295,113,7,2901.7240135572306,1.6885000000002037,270976.94179999985,23577.185332419467
1788767023,197,GET,GET /articles (anon),0.000000,0.000000,0,0,0,0,0,0,0,0,0,0,0,4858,76,7,3010.6177009263074,1.6885000000002037,270612.99619999976,26313.002470152325
1788767023,197,GET,GET /articles (list),0.000000,0.000000,0,0,0,0,0,0,0,0,0,0,0,1675,22,7,2135.9469541492517,1.8614000000525266,270976.94179999985,25195.14208955224
1788767023,197,GET,GET /articles/{id} (detail),0.000000,0.000000,0,0,0,0,0,0,0,0,0,0,0,725,7,6,1726.5734674482765,1.8880000000081054,270541.64400000015,2703.150344827586
1788767023,197,POST,[setup] POST /auth/login,0.000000,0.000000,0,0,0,0,0,0,0,0,0,0,0,37,8,760,46297.81015405404,264.8451000000023,180740.18350000004,144.7027027027027
1788767023,197,,Aggregated,0.000000,0.000000,0,0,0,0,0,0,0,0,0,0,0,7295,113,7,2901.7240135572306,1.6885000000002037,270976.94179999985,23577.185332419467
1788767024,197,GET,GET /articles (anon),0.000000,0.000000,0,0,0,0,0,0,0,0,0,0,0,4858,76,7,3010.6177009263074,1.6885000000002037,270612.99619999976,26313.002470152325
1788767024,197,GET,GET /articles (list),0.000000,0.000000,0,0,0,0,0,0,0,0,0,0,0,1675,22,7,2135.9469541492517,1.8614000000525266,270976.94179999985,25195.14208955224
1788767024,197,GET,GET /articles/{id} (detail),0.000000,0.000000,0,0,0,0,0,0,0,0,0,0,0,725,7,6,1726.5734674482765,1.8880000000081054,270541.64400000015,2703.150344827586
1788767024,197,POST,[setup] POST /auth/login,0.000000,0.000000,0,0,0,0,0,0,0,0,0,0,0,37,8,760,46297.81015405404,264.8451000000023,180740.18350000004,144.7027027027027
1788767024,197,,Aggregated,0.000000,0.000000,0,0,0,0,0,0,0,0,0,0,0,7295,113,7,2901.7240135572306,1.6885000000002037,270976.94179999985,23577.185332419467
1788767025,197,GET,GET /articles (anon),0.000000,0.000000,0,0,0,0,0,0,0,0,0,0,0,4858,76,7,3010.6177009263074,1.6885000000002037,270612.99619999976,26313.002470152325
1788767025,197,GET,GET /articles (list),0.000000,0.000000,0,0,0,0,0,0,0,0,0,0,0,1675,22,7,2135.9469541492517,1.8614000000525266,270976.94179999985,25195.14208955224
1788767025,197,GET,GET /articles/{id} (detail),0.000000,0.000000,0,0,0,0,0,0,0,0,0,0,0,725,7,6,1726.5734674482765,1.8880000000081054,270541.64400000015,2703.150344827586
1788767025,197,POST,[setup] POST /auth/login,0.000000,0.000000,0,0,0,0,0,0,0,0,0,0,0,37,8,760,46297.81015405404,264.8451000000023,180740.18350000004,144.7027027027027
1788767025,197,,Aggregated,0.000000,0.000000,0,0,0,0,0,0,0,0,0,0,0,7295,113,7,2901.7240135572306,1.6885000000002037,270976.94179999985,23577.185332419467
1788767026,197,GET,GET /articles (anon),0.000000,0.000000,0,0,0,0,0,0,0,0,0,0,0,4858,76,7,3010.6177009263074,1.6885000000002037,270612.99619999976,26313.002470152325
1788767026,197,GET,GET /articles (list),0.000000,0.000000,0,0,0,0,0,0,0,0,0,0,0,1675,22,7,2135.9469541492517,1.8614000000525266,270976.94179999985,25195.14208955224
1788767026,197,GET,GET /articles/{id} (detail),0.000000,0.000000,0,0,0,0,0,0,0,0,0,0,0,725,7,6,1726.5734674482765,1.8880000000081054,270541.64400000015,2703.150344827586
1788767026,197,POST,[setup] POST /auth/login,0.000000,0.000000,0,0,0,0,0,0,0,0,0,0,0,37,8,760,46297.81015405404,264.8451000000023,180740.18350000004,144.7027027027027
1788767026,197,,Aggregated,0.000000,0.000000,0,0,0,0,0,0,0,0,0,0,0,7295,113,7,2901.7240135572306,1.6885000000002037,270976.94179999985,23577.185332419467
1788767027,197,GET,GET /articles (anon),0.000000,0.000000,0,0,0,0,0,0,0,0,0,0,0,4858,76,7,3010.6177009263074,1.6885000000002037,270612.99619999976,26313.002470152325
1788767027,197,GET,GET /articles (list),0.000000,0.000000,0,0,0,0,0,0,0,0,0,0,0,1675,22,7,2135.9469541492517,1.8614000000525266,270976.94179999985,25195.14208955224
1788767027,197,GET,GET /articles/{id} (detail),0.000000,0.000000,0,0,0,0,0,0,0,0,0,0,0,725,7,6,1726.5734674482765,1.8880000000081054,270541.64400000015,2703.150344827586
1788767027,197,POST,[setup] POST /auth/login,0.000000,0.000000,0,0,0,0,0,0,0,0,0,0,0,37,8,760,46297.81015405404,264.8451000000023,180740.18350000004,144.7027027027027
1788767027,197,,Aggregated,0.000000,0.000000,0,0,0,0,0,0,0,0,0,0,0,7295,113,7,2901.7240135572306,1.6885000000002037,270976.94179999985,23577.185332419467
1788767028,197,GET,GET /articles (anon),0.000000,0.000000,0,0,0,0,0,0,0,0,0,0,0,4858,76,7,3010.6177009263074,1.6885000000002037,270612.99619999976,26313.002470152325
1788767028,197,GET,GET /articles (list),0.000000,0.000000,0,0,0,0,0,0,0,0,0,0,0,1675,22,7,2135.9469541492517,1.8614000000525266,270976.94179999985,25195.14208955224
1788767028,197,GET,GET /articles/{id} (detail),0.000000,0.000000,0,0,0,0,0,0,0,0,0,0,0,725,7,6,1726.5734674482765,1.8880000000081054,270541.64400000015,2703.150344827586
1788767028,197,POST,[setup] POST /auth/login,0.000000,0.000000,0,0,0,0,0,0,0,0,0,0,0,37,8,760,46297.81015405404,264.8451000000023,180740.18350000004,144.7027027027027
1788767028,197,,Aggregated,0.000000,0.000000,0,0,0,0,0,0,0,0,0,0,0,7295,113,7,2901.7240135572306,1.6885000000002037,270976.94179999985,23577.185332419467
1788767029,197,GET,GET /articles (anon),0.000000,0.000000,0,0,0,0,0,0,0,0,0,0,0,4858,76,7,3010.6177009263074,1.6885000000002037,270612.99619999976,26313.002470152325
1788767029,197,GET,GET /articles (list),0.000000,0.000000,0,0,0,0,0,0,0,0,0,0,0,1675,22,7,2135.9469541492517,1.8614000000525266,270976.94179999985,25195.14208955224
1788767029,197,GET,GET /articles/{id} (detail),0.000000,0.000000,0,0,0,0,0,0,0,0,0,0,0,725,7,6,1726.5734674482765,1.8880000000081054,270541.64400000015,2703.150344827586
1788767029,197,POST,[setup] POST /auth/login,0.000000,0.000000,0,0,0,0,0,0,0,0,0,0,0,37,8,760,46297.81015405404,264.8451000000023,180740.18350000004,144.7027027027027
1788767029,197,,Aggregated,0.000000,0.000000,0,0,0,0,0,0,0,0,0,0,0,7295,113,7,2901.7240135572306,1.6885000000002037,270976.94179999985,23577.185332419467
1788767030,197,GET,GET /articles (anon),0.000000,0.000000,0,0,0,0,0,0,0,0,0,0,0,4858,76,7,3010.6177009263074,1.6885000000002037,270612.99619999976,26313.002470152325
1788767030,197,GET,GET /articles (list),0.000000,0.000000,0,0,0,0,0,0,0,0,0,0,0,1675,22,7,2135.9469541492517,1.8614000000525266,270976.94179999985,25195.14208955224
1788767030,197,GET,GET /articles/{id} (detail),0.000000,0.000000,0,0,0,0,0,0,0,0,0,0,0,725,7,6,1726.5734674482765,1.8880000000081054,270541.64400000015,2703.150344827586
1788767030,197,POST,[setup] POST /auth/login,0.000000,0.000000,0,0,0,0,0,0,0,0,0,0,0,37,8,760,46297.81015405404,264.8451000000023,180740.18350000004,144.7027027027027
1788767030,197,,Aggregated,0.000000,0.000000,0,0,0,0,0,0,0,0,0,0,0,7295,113,7,2901.7240135572306,1.6885000000002037,270976.94179999985,23577.185332419467
1788767031,197,GET,GET /articles (anon),0.000000,0.000000,0,0,0,0,0,0,0,0,0,0,0,4858,76,7,3010.6177009263074,1.6885000000002037,270612.99619999976,26313.002470152325
1788767031,197,GET,GET /articles (list),0.000000,0.000000,0,0,0,0,0,0,0,0,0,0,0,1675,22,7,2135.9469541492517,1.8614000000525266,270976.94179999985,25195.14208955224
1788767031,197,GET,GET /articles/{id} (detail),0.000000,0.000000,0,0,0,0,0,0,0,0,0,0,0,725,7,6,1726.5734674482765,1.8880000000081054,270541.64400000015,2703.150344827586
1788767031,197,POST,[setup] POST /auth/login,0.000000,0.000000,0,0,0,0,0,0,0,0,0,0,0,37,8,760,46297.81015405404,264.8451000000023,180740.18350000004,144.7027027027027
1788767031,197,,Aggregated,0.000000,0.000000,0,0,0,0,0,0,0,0,0,0,0,7295,113,7,2901.7240135572306,1.6885000000002037,270976.94179999985,23577.185332419467
