Timestamp,User Count,Type,Name,Requests/s,Failures/s,50%,66%,75%,80%,90%,95%,98%,99%,99.9%,99.99%,100%,Total Request Count,Total Failure Count,Total Median Response Time,Total Average Response Time,Total Min Response Time,Total Max Response Time,Total Average Content Size
1788768621,0,,Aggregated,0.000000,0.000000,N/A,N/A,N/A,N/A,N/A,N/A,N/A,N/A,N/A,N/A,N/A,0,0,0,0.0,0,0,0
1788768622,10,GET,GET /articles (anon),0.000000,0.000000,0,0,0,0,0,0,0,0,0,0,0,7,0,750,747.5740857142747,744.8061999998572,752.4680000001354,26731.0
1788768622,10,GET,GET /articles (list),0.000000,0.000000,0,0,0,0,0,0,0,0,0,0,0,3,0,11,11.410399999931542,9.823999999753141,13.30069999994521,25217.333333333332
1788768622,10,POST,[setup] POST /auth/login,0.000000,0.000000,0,0,0,0,0,0,0,0,0,0,0,3,0,740,739.7818999999496,738.7398000000758,740.8909999999196,178.0
1788768622,10,,Aggregated,0.000000,0.000000,0,0,0,0,0,0,0,0,0,0,0,13,0,740,575.8919615384282,9.823999999753141,752.4680000001354,20254.076923076922
1788768623,10,GET,GET /articles (anon),0.000000,0.000000,0,0,0,0,0,0,0,0,0,0,0,9,0,750,582.4767888888244,4.431599999861646,752.4680000001354,26731.0
1788768623,10,GET,GET /articles (list),0.000000,0.000000,0,0,0,0,0,0,0,0,0,0,0,5,0,10,9.012799999891286,4.857899999933579,13.30069999994521,25822.8
1788768623,10,GET,GET /articles/{id} (detail),0.000000,0.000000,0,0,0,0,0,0,0,0,0,0,0,1,0,4.598299999997835,4.598299999997835,4.598299999997835,4.598299999997835,1105.0
1788768623,10,POST,[setup] POST /auth/login,0.000000,0.000000,0,0,0,0,0,0,0,0,0,0,0,3,0,740,739.7818999999496,738.7398000000758,740.8909999999196,178.0
1788768623,10,,Aggregated,0.000000,0.000000,740,740,750,750,750,750,750,750,750,750,750,18,0,740,417.2943944443735,4.431599999861646,752.4680000001354,20629.555555555555
1788768624,10,GET,GET /articles (anon),0.000000,0.000000,8,9,9,9,11,11,11,11,11,11,11,16,0,9,330.83627499993895,2.6790000001710723,752.4680000001354,26731.0
1788768624,10,GET,GET /articles (list),0.000000,0.000000,8,8,8,8,8,8,8,8,8,8,8,8,0,8,8.396675000028608,4.857899999933579,13.30069999994521,25831.625
1788768624,10,GET,GET /articles/{id} (detail),0.000000,0.000000,0,0,0,0,0,0,0,0,0,0,0,1,0,4.598299999997835,4.598299999997835,4.598299999997835,4.598299999997835,1105.0
1788768624,10,POST,[setup] POST /auth/login,0.000000,0.000000,740,740,740,740,740,740,740,740,740,740,740,3,0,740,739.7818999999496,738.7398000000758,740.8909999999196,178.0
1788768624,10,,Aggregated,0.000000,0.000000,10,740,740,750,750,750,750,750,750,750,750,28,0,9,270.87492142853927,2.6790000001710723,752.4680000001354,22713.85714285714
1788768625,10,GET,GET /articles (anon),4.500000,0.000000,8,9,9,10,10,11,11,11,11,11,11,24,0,9,223.113845833268,2.6790000001710723,752.4680000001354,26731.0
1788768625,10,GET,GET /articles (list),2.000000,0.000000,8,8,8,8,9,9,9,9,9,9,9,10,0,8,8.368830000017624,4.857899999933579,13.30069999994521,25424.7
1788768625,10,GET,GET /articles/{id} (detail),0.000000,0.000000,5,5,5,5,5,5,5,5,5,5,5,1,0,4.598299999997835,4.598299999997835,4.598299999997835,4.598299999997835,1105.0
1788768625,10,POST,[setup] POST /auth/login,1.500000,0.000000,740,740,740,740,740,740,740,740,740,740,740,3,0,740,739.7818999999496,738.7398000000758,740.8909999999196,178.0
1788768625,10,,Aggregated,8.000000,0.000000,9,11,740,740,750,750,750,750,750,750,750,38,0,9,201.64117368416987,2.6790000001710723,752.4680000001354,23616.57894736842
1788768626,10,GET,GET /articles (anon),5.000000,0.000000,7,9,9,9,10,11,11,11,11,11,11,31,0,9,174.22994193544406,2.6790000001710723,752.4680000001354,26731.0
1788768626,10,GET,GET /articles (list),2.000000,0.000000,8,8,8,9,9,9,9,9,9,9,9,14,0,8,8.076342857098748,4.857899999933579,13.30069999994521,25608.35714285714
1788768626,10,GET,GET /articles/{id} (detail),0.333333,0.000000,5,5,5,5,5,5,5,5,5,5,5,1,0,4.598299999997835,4.598299999997835,4.598299999997835,4.598299999997835,1105.0
1788768626,10,POST,[setup] POST /auth/login,1.000000,0.000000,740,740,740,740,740,740,740,740,740,740,740,3,0,740,739.7818999999496,738.7398000000758,740.8909999999196,178.0
1788768626,10,,Aggregated,8.333333,0.000000,8,10,11,740,750,750,750,750,750,750,750,49,0,8,157.92124489791826,2.6790000001710723,752.4680000001354,24261.571428571428
1788768627,10,GET,GET /articles (anon),4.750000,0.000000,6,9,9,9,11,11,11,11,11,11,11,38,0,7,143.43368421047768,2.6790000001710723,752.4680000001354,26731.0
1788768627,10,GET,GET /articles (list),2.000000,0.000000,7,8,8,8,9,9,9,9,9,9,9,17,0,7,7.411094117608574,2.7423999999882653,13.30069999994521,25728.41176470588
1788768627,10,GET,GET /articles/{id} (detail),0.250000,0.000000,5,5,5,5,5,5,5,5,5,5,5,1,0,4.598299999997835,4.598299999997835,4.598299999997835,4.598299999997835,1105.0
1788768627,10,POST,[setup] POST /auth/login,0.750000,0.000000,740,740,740,740,740,740,740,740,740,740,740,3,0,740,739.7818999999496,738.7398000000758,740.8909999999196,178.0
1788768627,10,,Aggregated,7.750000,0.000000,8,9,11,11,750,750,750,750,750,750,750,59,0,8,132.21038305080245,2.6790000001710723,752.4680000001354,24657.627118644068
1788768628,10,GET,GET /articles (anon),5.800000,0.000000,6,7,9,9,10,11,11,11,11,11,11,46,0,6,119.31255869562254,2.6790000001710723,752.4680000001354,26731.0
1788768628,10,GET,GET /articles (list),2.400000,0.000000,7,8,8,9,9,11,11,11,11,11,11,19,0,7,7.373894736845518,2.7423999999882653,13.30069999994521,25594.947368421053
1788768628,10,GET,GET /articles/{id} (detail),0.200000,0.000000,5,5,5,5,5,5,5,5,5,5,5,2,0,2.3927000002004206,3.4955000000991276,2.3927000002004206,4.598299999997835,1315.0
1788768628,10,POST,[setup] POST /auth/login,0.600000,0.000000,740,740,740,740,740,740,740,740,740,740,740,3,0,740,739.7818999999496,738.7398000000758,740.8909999999196,178.0
1788768628,10,,Aggregated,9.000000,0.000000,7,9,10,11,740,750,750,750,750,750,750,70,0,6,112.21169142855355,2.3927000002004206,752.4680000001354,24558.485714285714
1788768629,10,GET,GET /articles (anon),6.000000,0.000000,6,6,9,9,10,11,11,11,11,11,11,53,0,6,103.93672830185714,2.3663000001761247,752.4680000001354,26731.0
1788768629,10,GET,GET /articles (list),2.666667,0.000000,6,7,8,8,9,11,11,11,11,11,11,22,0,6,6.830950000014789,2.1934999999757565,13.30069999994521,25749.863636363636
1788768629,10,GET,GET /articles/{id} (detail),0.166667,0.000000,5,5,5,5,5,5,5,5,5,5,5,2,0,2.3927000002004206,3.4955000000991276,2.3927000002004206,4.598299999997835,1315.0
1788768629,10,POST,[setup] POST /auth/login,0.500000,0.000000,740,740,740,740,740,740,740,740,740,740,740,3,0,740,739.7818999999496,738.7398000000758,740.8909999999196,178.0
1788768629,10,,Aggregated,9.333333,0.000000,6,8,9,11,740,750,750,750,750,750,750,80,0,6,98.56580249998501,2.1934999999757565,752.4680000001354,24830.05
1788768630,10,GET,GET /articles (anon),5.857143,0.000000,6,6,8,9,9,11,11,11,11,11,11,61,0,6,90.95941311472386,2.3663000001761247,752.4680000001354,26731.0
1788768630,10,GET,GET /articles (list),2.714286,0.000000,6,7,8,8,9,9,11,11,11,11,11,25,0,6,6.687259999998787,2.1934999999757565,13.30069999994521,25685.96
1788768630,10,GET,GET /articles/{id} (detail),0.142857,0.000000,5,5,5,5,5,5,5,5,5,5,5,2,0,2.3927000002004206,3.4955000000991276,2.3927000002004206,4.598299999997835,1315.0
1788768630,10,POST,[setup] POST /auth/login,0.428571,0.000000,740,740,740,740,740,740,740,740,740,740,740,3,0,740,739.7818999999496,738.7398000000758,740.8909999999196,178.0
1788768630,10,,Aggregated,9.142857,0.000000,6,8,9,10,740,750,750,750,750,750,750,91,0,6,87.27519120877112,2.1934999999757565,752.4680000001354,25009.934065934067
1788768631,10,GET,GET /articles (anon),6.125000,0.000000,5,6,7,9,9,11,11,11,11,11,11,66,0,6,84.28023181815634,1.9969999998465937,752.4680000001354,26731.0
1788768631,10,GET,GET /articles (list),2.625000,0.000000,6,7,8,8,9,9,11,11,11,11,11,28,0,6,6.325910714297477,2.1934999999757565,13.30069999994521,25588.35714285714
1788768631,10,GET,GET /articles/{id} (detail),0.250000,0.000000,5,5,5,5,5,5,5,5,5,5,5,2,0,2.3927000002004206,3.4955000000991276,2.3927000002004206,4.598299999997835,1315.0
1788768631,10,POST,[setup] POST /auth/login,0.375000,0.000000,740,740,740,740,740,740,740,740,740,740,740,3,0,740,739.7818999999496,738.7398000000758,740.8909999999196,178.0
1788768631,10,,Aggregated,9.375000,0.000000,6,7,9,9,740,750,750,750,750,750,750,99,0,6,80.46421717170398,1.9969999998465937,752.4680000001354,25089.737373737375
1788768632,10,GET,GET /articles (anon),6.222222,0.000000,5,6,6,8,9,10,11,11,11,11,11,72,0,5,77.57086805553905,1.9969999998465937,752.4680000001354,26731.0
1788768632,10,GET,GET /articles (list),2.666667,0.000000,5,7,8,8,9,9,11,11,11,11,11,30,0,5,6.08193000001241,2.1934999999757565,13.30069999994521,25513.166666666668
1788768632,10,GET,GET /articles/{id} (detail),0.222222,0.000000,5,5,6,6,6,6,6,6,6,6,6,3,0,5,4.382400000091972,2.3927000002004206,6.156200000077661,1406.0
1788768632,10,POST,[setup] POST /auth/login,0.333333,0.000000,740,740,740,740,740,740,740,740,740,740,740,3,0,740,739.7818999999496,738.7398000000758,740.8909999999196,178.0
1788768632,10,,Aggregated,9.444444,0.000000,5,6,7,8,9,10,11,11,11,11,11,108,0,5,74.07456759258619,1.9969999998465937,752.4680000001354,24951.65740740741
1788768633,10,GET,GET /articles (anon),6.300000,0.000000,5,6,6,7,9,10,11,11,11,11,11,81,0,5,69.57633456788221,1.9969999998465937,752.4680000001354,26731.0
1788768633,10,GET,GET /articles (list),2.600000,0.000000,5,6,7,8,9,9,11,11,11,11,11,33,0,5,5.9765000000190796,2.1934999999757565,13.30069999994521,25583.666666666668
1788768633,10,GET,GET /articles/{id} (detail),0.200000,0.000000,5,5,6,6,6,6,6,6,6,6,6,3,0,5,4.382400000091972,2.3927000002004206,6.156200000077661,1406.0
1788768633,10,POST,[setup] POST /auth/login,0.300000,0.000000,740,740,740,740,740,740,740,740,740,740,740,3,0,740,739.7818999999496,738.7398000000758,740.8909999999196,178.0
1788768633,10,,Aggregated,9.400000,0.000000,5,6,7,7,9,10,11,11,11,11,11,120,0,5,67.21167083332678,1.9969999998465937,752.4680000001354,25118.533333333333
1788768634,10,GET,GET /articles (anon),7.000000,0.000000,5,6,6,6,9,9,11,11,11,11,11,89,0,5,63.777430337063635,1.9969999998465937,752.4680000001354,26731.0
1788768634,10,GET,GET /articles (list),2.900000,0.000000,5,6,7,7,9,9,11,11,11,11,11,36,0,5,5.938372222228988,2.1934999999757565,13.30069999994521,25605.555555555555
1788768634,10,GET,GET /articles/{id} (detail),0.200000,0.000000,5,5,6,6,6,6,6,6,6,6,6,3,0,5,4.382400000091972,2.3927000002004206,6.156200000077661,1406.0
1788768634,10,POST,[setup] POST /auth/login,0.300000,0.000000,740,740,740,740,740,740,740,740,740,740,740,3,0,740,739.7818999999496,738.7398000000758,740.8909999999196,178.0
1788768634,10,,Aggregated,10.400000,0.000000,5,6,6,7,9,9,11,11,11,11,11,131,0,5,62.00355419846589,1.9969999998465937,752.4680000001354,25233.67175572519
1788768635,10,GET,GET /articles (anon),6.800000,0.000000,4,5,6,6,7,8,9,11,11,11,11,95,0,5,60.03610105262372,1.9969999998465937,752.4680000001354,26731.0
1788768635,10,GET,GET /articles (list),2.600000,0.000000,5,5,6,7,8,8,11,11,11,11,11,38,0,5,5.93246315790901,2.1934999999757565,13.30069999994521,25629.86842105263
1788768635,10,GET,GET /articles/{id} (detail),0.300000,0.000000,5,5,6,6,6,6,6,6,6,6,6,3,0,5,4.382400000091972,2.3927000002004206,6.156200000077661,1406.0
1788768635,10,POST,[setup] POST /auth/login,0.000000,0.000000,740,740,740,740,740,740,740,740,740,740,740,3,0,740,739.7818999999496,738.7398000000758,740.8909999999196,178.0
1788768635,10,,Aggregated,9.700000,0.000000,4,5,6,6,7,8,11,11,11,11,11,139,0,5,58.71479208633036,1.9969999998465937,752.4680000001354,25310.30215827338
1788768636,10,GET,GET /articles (anon),7.000000,0.000000,4,5,5,6,7,8,9,9,9,9,9,103,0,5,55.71912427183951,1.9969999998465937,752.4680000001354,26731.0
1788768636,10,GET,GET /articles (list),2.800000,0.000000,4,5,6,6,8,8,11,11,11,11,11,40,0,5,5.785415000013927,2.1934999999757565,13.30069999994521,25538.225
1788768636,10,GET,GET /articles/{id} (detail),0.200000,0.000000,6,6,6,6,6,6,6,6,6,6,6,3,0,5,4.382400000091972,2.3927000002004206,6.156200000077661,1406.0
1788768636,10,POST,[setup] POST /auth/login,0.000000,0.000000,740,740,740,740,740,740,740,740,740,740,740,3,0,740,739.7818999999496,738.7398000000758,740.8909999999196,178.0
1788768636,10,,Aggregated,10.000000,0.000000,4,5,5,6,7,8,9,11,11,11,11,149,0,5,55.05355234899431,1.9969999998465937,752.4680000001354,25366.268456375838
1788768637,10,GET,GET /articles (anon),7.100000,0.000000,4,5,5,6,7,7,8,9,9,9,9,110,0,5,52.46395454545233,1.9969999998465937,752.4680000001354,26731.0
1788768637,10,GET,GET /articles (list),2.800000,0.000000,4,5,5,6,7,8,8,8,8,8,8,44,0,5,5.64342272729267,2.1934999999757565,13.30069999994521,25233.840909090908
1788768637,10,GET,GET /articles/{id} (detail),0.200000,0.000000,6,6,6,6,6,6,6,6,6,6,6,3,0,5,4.382400000091972,2.3927000002004206,6.156200000077661,1406.0
1788768637,10,POST,[setup] POST /auth/login,0.000000,0.000000,740,740,740,740,740,740,740,740,740,740,740,3,0,740,739.7818999999496,738.7398000000758,740.8909999999196,178.0
1788768637,10,,Aggregated,10.100000,0.000000,4,5,5,6,7,8,8,9,9,9,9,160,0,5,51.57399062500474,1.9969999998465937,752.4680000001354,25346.56875
1788768638,10,GET,GET /articles (anon),7.000000,0.000000,4,5,5,6,7,8,8,9,9,9,9,117,0,5,49.66339145299478,1.9969999998465937,752.4680000001354,26731.0
1788768638,10,GET,GET /articles (list),2.700000,0.000000,5,5,5,6,7,8,8,8,8,8,8,47,0,5,5.615100000021754,2.1934999999757565,13.30069999994521,25329.40425531915
1788768638,10,GET,GET /articles/{id} (detail),0.200000,0.000000,6,6,6,6,6,6,6,6,6,6,6,3,0,5,4.382400000091972,2.3927000002004206,6.156200000077661,1406.0
1788768638,10,POST,[setup] POST /auth/login,0.000000,0.000000,740,740,740,740,740,740,740,740,740,740,740,3,0,740,739.7818999999496,738.7398000000758,740.8909999999196,178.0
1788768638,10,,Aggregated,9.900000,0.000000,4,5,5,6,7,8,8,9,9,9,9,170,0,5,48.86482000000904,1.9969999998465937,752.4680000001354,25428.00588235294
1788768639,10,GET,GET /articles (anon),7.000000,0.000000,4,5,5,6,7,7,8,8,8,8,8,125,0,5,46.719545600000856,1.9969999998465937,752.4680000001354,26731.0
1788768639,10,GET,GET /articles (list),2.600000,0.000000,4,5,5,6,6,7,8,8,8,8,8,49,0,5,5.504877551045086,2.1934999999757565,13.30069999994521,25359.530612244896
1788768639,10,GET,GET /articles/{id} (detail),0.200000,0.000000,3,3,6,6,6,6,6,6,6,6,6,4,0,3,4.002850000119906,2.3927000002004206,6.156200000077661,1945.5
1788768639,10,POST,[setup] POST /auth/login,0.000000,0.000000,740,740,740,740,740,740,740,740,740,740,740,3,0,740,739.7818999999496,738.7398000000758,740.8909999999196,178.0
1788768639,10,,Aggregated,9.800000,0.000000,4,5,5,6,7,7,8,8,8,8,8,181,0,5,46.105189502771516,1.9969999998465937,752.4680000001354,25371.86740331492
1788768640,10,GET,GET /articles (anon),7.200000,0.000000,4,5,5,6,7,7,8,8,8,8,8,132,0,5,44.510309090907015,1.9969999998465937,752.4680000001354,26731.0
1788768640,10,GET,GET /articles (list),2.700000,0.000000,5,5,6,6,7,8,8,8,8,8,8,53,0,5,5.547967924545481,2.1934999999757565,13.30069999994521,25206.0
1788768640,10,GET,GET /articles/{id} (detail),0.200000,0.000000,6,6,6,6,6,6,6,6,6,6,6,4,0,3,4.002850000119906,2.3927000002004206,6.156200000077661,1945.5
1788768640,10,POST,[setup] POST /auth/login,0.000000,0.000000,740,740,740,740,740,740,740,740,740,740,740,3,0,740,739.7818999999496,738.7398000000758,740.8909999999196,178.0
1788768640,10,,Aggregated,10.100000,0.000000,5,5,5,6,7,8,8,8,8,8,8,192,0,5,43.77479270833836,1.9969999998465937,752.4680000001354,25378.78125
1788768641,10,GET,GET /articles (anon),7.200000,0.000000,5,5,5,6,7,7,8,8,8,8,8,139,0,5,42.52226906474599,1.9969999998465937,752.4680000001354,26731.0
1788768641,10,GET,GET /articles (list),2.700000,0.000000,5,5,6,7,7,8,8,8,8,8,8,54,0,5,5.575994444463369,2.1934999999757565,13.30069999994521,25234.24074074074
1788768641,10,GET,GET /articles/{id} (detail),0.200000,0.000000,6,6,7,7,7,7,7,7,7,7,7,5,0,5,4.508700000042154,2.3927000002004206,6.532099999731145,2386.4
1788768641,10,POST,[setup] POST /auth/login,0.000000,0.000000,0,0,0,0,0,0,0,0,0,0,0,3,0,740,739.7818999999496,738.7398000000758,740.8909999999196,178.0
1788768641,10,,Aggregated,10.100000,0.000000,5,5,6,6,7,8,8,8,8,8,8,201,0,5,42.0576532338347,1.9969999998465937,752.4680000001354,25326.985074626864
1788768642,10,GET,GET /articles (anon),7.300000,0.000000,5,5,6,6,7,8,8,8,8,8,8,145,0,5,41.00579655172122,1.9969999998465937,752.4680000001354,26731.0
1788768642,10,GET,GET /articles (list),2.700000,0.000000,5,6,6,7,8,8,9,9,9,9,9,56,0,5,5.618566071445587,2.1934999999757565,13.30069999994521,25206.60714285714
1788768642,10,GET,GET /articles/{id} (detail),0.200000,0.000000,6,6,6,7,7,7,7,7,7,7,7,7,0,5,4.636385714288086,2.3927000002004206,6.532099999731145,2410.714285714286
1788768642,10,POST,[setup] POST /auth/login,0.000000,0.000000,0,0,0,0,0,0,0,0,0,0,0,3,0,740,739.7818999999496,738.7398000000758,740.8909999999196,178.0
1788768642,10,,Aggregated,10.200000,0.000000,5,5,6,7,7,8,8,9,9,9,9,211,0,5,40.34256208530993,1.9969999998465937,752.4680000001354,25142.056872037916
1788768643,10,GET,GET /articles (anon),7.000000,0.000000,5,5,6,6,7,7,8,8,8,8,8,152,0,5,39.38993947367695,1.9969999998465937,752.4680000001354,26731.0
1788768643,10,GET,GET /articles (list),2.800000,0.000000,5,6,6,7,8,8,9,9,9,9,9,60,0,5,5.628045000018271,2.1934999999757565,13.30069999994521,25210.433333333334
1788768643,10,GET,GET /articles/{id} (detail),0.200000,0.000000,6,6,6,7,7,7,7,7,7,7,7,7,0,5,4.636385714288086,2.3927000002004206,6.532099999731145,2410.714285714286
1788768643,10,POST,[setup] POST /auth/login,0.000000,0.000000,0,0,0,0,0,0,0,0,0,0,0,3,0,740,739.7818999999496,738.7398000000758,740.8909999999196,178.0
1788768643,10,,Aggregated,10.000000,0.000000,5,5,6,6,7,8,8,9,9,9,9,222,0,5,38.634026576575934,1.9969999998465937,752.4680000001354,25194.355855855854
1788768644,10,GET,GET /articles (anon),7.100000,0.000000,5,5,6,6,7,7,8,8,8,8,8,161,0,5,37.467647204964194,1.9969999998465937,752.4680000001354,26731.0
1788768644,10,GET,GET /articles (list),2.500000,0.000000,5,6,8,8,9,9,9,9,9,9,9,63,0,5,5.757004761916404,2.1934999999757565,13.30069999994521,25261.777777777777
1788768644,10,GET,GET /articles/{id} (detail),0.500000,0.000000,6,6,6,7,7,7,7,7,7,7,7,7,0,5,4.636385714288086,2.3927000002004206,6.532099999731145,2410.714285714286
1788768644,10,POST,[setup] POST /auth/login,0.000000,0.000000,0,0,0,0,0,0,0,0,0,0,0,3,0,740,739.7818999999496,738.7398000000758,740.8909999999196,178.0
1788768644,10,,Aggregated,10.100000,0.000000,5,5,6,7,7,8,9,9,9,9,9,234,0,5,36.95206367521297,1.9969999998465937,752.4680000001354,25267.48717948718
1788768645,10,GET,GET /articles (anon),7.300000,0.000000,5,5,6,7,7,7,8,8,8,8,8,167,0,5,36.32279101796207,1.9969999998465937,752.4680000001354,26731.0
1788768645,10,GET,GET /articles (list),2.700000,0.000000,5,7,8,8,9,9,9,9,9,9,9,65,0,5,5.789053846155394,2.1934999999757565,13.30069999994521,25306.984615384616
1788768645,10,GET,GET /articles/{id} (detail),0.400000,0.000000,6,6,7,7,7,7,7,7,7,7,7,7,0,5,4.636385714288086,2.3927000002004206,6.532099999731145,2410.714285714286
1788768645,10,POST,[setup] POST /auth/login,0.000000,0.000000,0,0,0,0,0,0,0,0,0,0,0,3,0,740,739.7818999999496,738.7398000000758,740.8909999999196,178.0
1788768645,10,,Aggregated,10.400000,0.000000,5,6,6,7,7,8,9,9,9,9,9,242,0,5,35.92559917355219,1.9969999998465937,752.4680000001354,25315.867768595042
1788768646,10,GET,GET /articles (anon),7.100000,0.000000,5,5,6,6,7,7,8,8,8,8,8,176,0,5,34.710826704549,1.9969999998465937,752.4680000001354,26731.0
1788768646,10,GET,GET /articles (list),2.700000,0.000000,5,7,8,8,9,9,9,9,9,9,9,67,0,5,5.770280597014572,2.1934999999757565,13.30069999994521,25349.492537313432
1788768646,10,GET,GET /articles/{id} (detail),0.400000,0.000000,4,6,6,7,7,7,7,7,7,7,7,8,0,4,4.570349999994505,2.3927000002004206,6.532099999731145,2276.375
1788768646,10,POST,[setup] POST /auth/login,0.000000,0.000000,0,0,0,0,0,0,0,0,0,0,0,3,0,740,739.7818999999496,738.7398000000758,740.8909999999196,178.0
1788768646,10,,Aggregated,10.200000,0.000000,5,6,6,7,7,8,9,9,9,9,9,254,0,5,34.45520787401734,1.9969999998465937,752.4680000001354,25282.74409448819
1788768647,10,GET,GET /articles (anon),7.400000,0.000000,5,5,6,6,7,7,7,8,8,8,8,182,0,5,33.71422197802371,1.9969999998465937,752.4680000001354,26731.0
1788768647,10,GET,GET /articles (list),2.700000,0.000000,6,7,8,8,9,9,9,9,9,9,9,69,0,5,5.707686956526047,2.1934999999757565,13.30069999994521,25389.536231884056
1788768647,10,GET,GET /articles/{id} (detail),0.400000,0.000000,5,5,6,6,7,7,7,7,7,7,7,9,0,5,4.6613333333375015,2.3927000002004206,6.532099999731145,2426.1111111111113
1788768647,10,POST,[setup] POST /auth/login,0.000000,0.000000,0,0,0,0,0,0,0,0,0,0,0,3,0,740,739.7818999999496,738.7398000000758,740.8909999999196,178.0
1788768647,10,,Aggregated,10.500000,0.000000,5,6,6,7,7,8,9,9,9,9,9,263,0,5,33.42629847908935,1.9969999998465937,752.4680000001354,25244.444866920152
1788768648,10,GET,GET /articles (anon),7.200000,0.000000,5,5,6,6,7,7,7,8,8,8,8,189,0,5,32.62980105820186,1.9969999998465937,752.4680000001354,26731.0
1788768648,10,GET,GET /articles (list),2.700000,0.000000,6,7,8,8,9,9,9,9,9,9,9,71,0,5,5.688514084507095,2.1934999999757565,13.30069999994521,25363.3661971831
1788768648,10,GET,GET /articles/{id} (detail),0.400000,0.000000,5,5,6,6,7,7,7,7,7,7,7,10,0,5,4.729480000014519,2.3927000002004206,6.532099999731145,2365.4
1788768648,10,POST,[setup] POST /auth/login,0.000000,0.000000,0,0,0,0,0,0,0,0,0,0,0,3,0,740,739.7818999999496,738.7398000000758,740.8909999999196,178.0
1788768648,10,,Aggregated,10.300000,0.000000,5,6,6,7,7,8,9,9,9,9,9,273,0,5,32.37200512820568,1.9969999998465937,752.4680000001354,25191.01098901099
1788768649,10,GET,GET /articles (anon),7.200000,0.000000,5,5,6,6,7,7,7,8,8,8,8,195,0,5,31.71246512820756,1.9969999998465937,752.4680000001354,26731.0
1788768649,10,GET,GET /articles (list),2.500000,0.000000,6,7,8,8,9,9,9,9,9,9,9,72,0,5,5.656204166667875,2.1934999999757565,13.30069999994521,25363.930555555555
1788768649,10,GET,GET /articles/{id} (detail),0.500000,0.000000,5,5,6,6,7,7,7,7,7,7,7,12,0,4,4.472533333341744,2.3927000002004206,6.532099999731145,2284.8333333333335
1788768649,10,POST,[setup] POST /auth/login,0.000000,0.000000,0,0,0,0,0,0,0,0,0,0,0,3,0,740,739.7818999999496,738.7398000000758,740.8909999999196,178.0
1788768649,10,,Aggregated,10.200000,0.000000,5,6,6,7,7,8,9,9,9,9,9,282,0,5,31.433310283689753,1.9969999998465937,752.4680000001354,25059.21985815603
1788768650,10,GET,GET /articles (anon),7.300000,0.000000,5,5,6,6,7,7,7,8,8,8,8,202,0,5,30.75572475247757,1.9969999998465937,752.4680000001354,26731.0
1788768650,10,GET,GET /articles (list),2.400000,0.000000,6,7,8,8,9,9,9,9,9,9,9,74,0,5,5.607352702708266,2.1934999999757565,13.30069999994521,25382.945945945947
1788768650,10,GET,GET /articles/{id} (detail),0.600000,0.000000,4,5,5,6,7,7,7,7,7,7,7,13,0,4,4.331623076933074,2.3927000002004206,6.532099999731145,2231.230769230769
1788768650,10,POST,[setup] POST /auth/login,0.000000,0.000000,0,0,0,0,0,0,0,0,0,0,0,3,0,740,739.7818999999496,738.7398000000758,740.8909999999196,178.0
1788768650,10,,Aggregated,10.300000,0.000000,5,5,6,6,7,8,9,9,9,9,9,292,0,5,30.490607191783766,1.9969999998465937,752.4680000001354,25025.821917808218
1788768651,10,GET,GET /articles (anon),7.100000,0.000000,5,6,6,7,7,8,9,11,11,11,11,211,0,5,29.706905687211588,1.9969999998465937,752.4680000001354,26731.0
1788768651,10,GET,GET /articles (list),2.300000,0.000000,5,7,8,8,9,9,9,9,9,9,9,74,0,5,5.607352702708266,2.1934999999757565,13.30069999994521,25382.945945945947
1788768651,10,GET,GET /articles/{id} (detail),0.600000,0.000000,5,5,7,7,7,8,8,8,8,8,8,16,0,5,4.747618749973981,2.3927000002004206,7.53309999981866,2236.75
1788768651,10,POST,[setup] POST /auth/login,0.000000,0.000000,0,0,0,0,0,0,0,0,0,0,0,3,0,740,739.7818999999496,738.7398000000758,740.8909999999196,178.0
1788768651,10,,Aggregated,10.000000,0.000000,5,6,6,7,8,9,9,11,11,11,11,304,0,5,29.53423947368911,1.9969999998465937,752.4680000001354,24851.64802631579
1788768652,10,GET,GET /articles (anon),7.000000,0.000000,5,6,6,6,7,8,9,11,11,11,11,217,0,5,29.0287142857225,1.9969999998465937,752.4680000001354,26731.0
1788768652,10,GET,GET /articles (list),2.200000,0.000000,5,7,8,8,9,9,9,9,9,9,9,74,0,5,5.607352702708266,2.1934999999757565,13.30069999994521,25382.945945945947
1788768652,10,GET,GET /articles/{id} (detail),0.900000,0.000000,5,5,6,7,7,8,8,8,8,8,8,18,0,5,4.780922222228885,2.3927000002004206,7.53309999981866,2323.3333333333335
1788768652,10,POST,[setup] POST /auth/login,0.000000,0.000000,0,0,0,0,0,0,0,0,0,0,0,3,0,740,739.7818999999496,738.7398000000758,740.8909999999196,178.0
1788768652,10,,Aggregated,10.100000,0.000000,5,6,6,7,8,9,9,11,11,11,11,312,0,5,28.908901923083857,1.9969999998465937,752.4680000001354,24747.81730769231
1788768653,10,GET,GET /articles (anon),7.200000,0.000000,5,6,6,7,7,9,10,11,11,11,11,223,0,5,28.453432735435275,1.9969999998465937,752.4680000001354,26731.0
1788768653,10,GET,GET /articles (list),2.000000,0.000000,5,7,8,8,9,9,9,9,9,9,9,75,0,5,5.658260000006218,2.1934999999757565,13.30069999994521,25400.92
1788768653,10,GET,GET /articles/{id} (detail),1.000000,0.000000,5,5,6,7,8,9,9,9,9,9,9,20,0,5,5.069720000005873,2.3927000002004206,9.33630000008634,2191.2
1788768653,10,POST,[setup] POST /auth/login,0.000000,0.000000,0,0,0,0,0,0,0,0,0,0,0,3,0,740,739.7818999999496,738.7398000000758,740.8909999999196,178.0
1788768653,10,,Aggregated,10.200000,0.000000,5,6,6,7,8,9,10,11,11,11,11,321,0,5,28.318458255459497,1.9969999998465937,752.4680000001354,24643.115264797507
1788768654,10,GET,GET /articles (anon),7.100000,0.000000,5,6,7,7,9,10,11,13,13,13,13,231,0,5,27.75752380953098,1.9969999998465937,752.4680000001354,26731.0
1788768654,10,GET,GET /articles (list),2.000000,0.000000,6,7,8,8,8,9,9,9,9,9,9,79,0,5,5.748255696203217,2.1934999999757565,13.30069999994521,25279.025316455696
1788768654,10,GET,GET /articles/{id} (detail),1.000000,0.000000,5,5,6,7,8,9,9,9,9,9,9,20,0,5,5.069720000005873,2.3927000002004206,9.33630000008634,2191.2
1788768654,10,POST,[setup] POST /auth/login,0.000000,0.000000,0,0,0,0,0,0,0,0,0,0,0,3,0,740,739.7818999999496,738.7398000000758,740.8909999999196,178.0
1788768654,10,,Aggregated,10.100000,0.000000,5,6,7,7,9,10,11,13,13,13,13,333,0,5,27.588109009014044,1.9969999998465937,752.4680000001354,24673.45945945946
1788768655,10,GET,GET /articles (anon),6.800000,0.000000,5,6,7,7,9,10,11,13,13,13,13,236,0,5,27.28807500000708,1.9969999998465937,752.4680000001354,26731.0
1788768655,10,GET,GET /articles (list),1.800000,0.000000,5,6,8,8,8,9,9,9,9,9,9,82,0,5,5.70019878049296,2.1934999999757565,13.30069999994521,25315.963414634145
1788768655,10,GET,GET /articles/{id} (detail),1.100000,0.000000,5,5,6,7,8,9,9,9,9,9,9,20,0,5,5.069720000005873,2.3927000002004206,9.33630000008634,2191.2
1788768655,10,POST,[setup] POST /auth/login,0.000000,0.000000,0,0,0,0,0,0,0,0,0,0,0,3,0,740,739.7818999999496,738.7398000000758,740.8909999999196,178.0
1788768655,10,,Aggregated,9.700000,0.000000,5,6,7,7,9,10,11,13,13,13,13,341,0,5,27.062000293261175,1.9969999998465937,752.4680000001354,24717.83870967742
1788768656,10,GET,GET /articles (anon),6.900000,0.000000,5,6,7,7,9,10,11,13,13,13,13,244,0,5,26.50813483607456,1.9969999998465937,752.4680000001354,26731.0
1788768656,10,GET,GET /articles (list),1.500000,0.000000,4,6,8,8,8,9,9,9,9,9,9,83,0,5,5.67663012048819,2.1934999999757565,13.30069999994521,25317.024096385543
1788768656,10,GET,GET /articles/{id} (detail),1.300000,0.000000,5,5,6,7,8,9,9,9,9,9,9,22,0,5,4.898940909098118,2.3927000002004206,9.33630000008634,2195.5454545454545
1788768656,10,POST,[setup] POST /auth/login,0.000000,0.000000,0,0,0,0,0,0,0,0,0,0,0,3,0,740,739.7818999999496,738.7398000000758,740.8909999999196,178.0
1788768656,10,,Aggregated,9.700000,0.000000,5,6,7,7,9,10,11,13,13,13,13,352,0,5,26.324623863644092,1.9969999998465937,752.4680000001354,24637.821022727272
1788768657,10,GET,GET /articles (anon),6.900000,0.000000,5,6,7,7,9,10,11,13,13,13,13,251,0,5,25.887002390447154,1.9969999998465937,752.4680000001354,26731.0
1788768657,10,GET,GET /articles (list),1.700000,0.000000,5,6,8,8,8,9,9,9,9,9,9,86,0,5,5.627165116281905,2.1934999999757565,13.30069999994521,25366.3488372093
1788768657,10,GET,GET /articles/{id} (detail),1.300000,0.000000,5,5,6,7,8,9,9,9,9,9,9,23,0,5,4.867313043494347,2.3927000002004206,9.33630000008634,2275.1304347826085
1788768657,10,POST,[setup] POST /auth/login,0.000000,0.000000,0,0,0,0,0,0,0,0,0,0,0,3,0,740,739.7818999999496,738.7398000000758,740.8909999999196,178.0
1788768657,10,,Aggregated,9.900000,0.000000,5,6,7,7,9,10,11,13,13,13,13,363,0,5,25.655282920117624,1.9969999998465937,752.4680000001354,24638.702479338845
1788768658,10,GET,GET /articles (anon),6.800000,0.000000,5,6,7,7,9,10,11,13,13,13,13,259,0,5,25.251612741321456,1.9969999998465937,752.4680000001354,26731.0
1788768658,10,GET,GET /articles (list),1.700000,0.000000,5,6,7,8,8,9,9,9,9,9,9,89,0,5,5.588302247197339,2.1393000001808105,13.30069999994521,25346.415730337078
1788768658,10,GET,GET /articles/{id} (detail),1.300000,0.000000,5,5,6,7,8,9,9,9,9,9,9,23,0,5,4.867313043494347,2.3927000002004206,9.33630000008634,2275.1304347826085
1788768658,10,POST,[setup] POST /auth/login,0.000000,0.000000,0,0,0,0,0,0,0,0,0,0,0,3,0,740,739.7818999999496,738.7398000000758,740.8909999999196,178.0
1788768658,10,,Aggregated,9.800000,0.000000,5,6,7,7,9,10,11,13,13,13,13,374,0,5,25.050322192521495,1.9969999998465937,752.4680000001354,24684.550802139038
1788768659,10,GET,GET /articles (anon),6.800000,0.000000,5,6,7,7,9,10,11,13,13,13,13,265,0,5,24.771471320765965,1.9969999998465937,752.4680000001354,26731.0
1788768659,10,GET,GET /articles (list),1.700000,0.000000,5,6,7,8,8,9,9,9,9,9,9,92,0,5,5.54390760870003,2.1393000001808105,13.30069999994521,25391.565217391304
1788768659,10,GET,GET /articles/{id} (detail),1.400000,0.000000,5,6,7,7,8,9,9,9,9,9,9,24,0,5,4.793783333354895,2.3927000002004206,9.33630000008634,2291.125
1788768659,10,POST,[setup] POST /auth/login,0.000000,0.000000,0,0,0,0,0,0,0,0,0,0,0,3,0,740,739.7818999999496,738.7398000000758,740.8909999999196,178.0
1788768659,10,,Aggregated,9.900000,0.000000,5,6,7,7,9,10,11,13,13,13,13,384,0,5,24.5022809895931,1.9969999998465937,752.4680000001354,24675.15625
1788768660,10,GET,GET /articles (anon),6.800000,0.000000,5,6,7,7,9,10,10,13,13,13,13,270,0,5,24.429100370379174,1.9969999998465937,752.4680000001354,26731.0
1788768660,10,GET,GET /articles (list),1.700000,0.000000,5,6,7,7,8,8,9,9,9,9,9,94,0,5,5.548294680852934,2.1393000001808105,13.30069999994521,25420.063829787236
1788768660,10,GET,GET /articles/{id} (detail),1.400000,0.000000,5,5,6,6,8,9,9,9,9,9,9,25,0,5,4.744936000024609,2.3927000002004206,9.33630000008634,2320.96
1788768660,10,POST,[setup] POST /auth/login,0.000000,0.000000,0,0,0,0,0,0,0,0,0,0,0,3,0,740,739.7818999999496,738.7398000000758,740.8909999999196,178.0
1788768660,10,,Aggregated,9.900000,0.000000,5,6,7,7,9,10,10,13,13,13,13,392,0,5,24.120831377558716,1.9969999998465937,752.4680000001354,24656.668367346938
1788768661,10,GET,GET /articles (anon),6.800000,0.000000,5,6,7,7,8,10,10,13,13,13,13,277,0,5,23.90757653430205,1.9969999998465937,752.4680000001354,26731.0
1788768661,10,GET,GET /articles (list),1.900000,0.000000,5,6,7,7,8,8,9,9,9,9,9,95,0,5,5.538230526316942,2.1393000001808105,13.30069999994521,25433.863157894735
1788768661,10,GET,GET /articles/{id} (detail),1.300000,0.000000,4,4,5,6,9,9,9,9,9,9,9,27,0,4,4.582074074093085,2.3927000002004206,9.33630000008634,2306.4074074074074
1788768661,10,POST,[setup] POST /auth/login,0.000000,0.000000,0,0,0,0,0,0,0,0,0,0,0,3,0,740,739.7818999999496,738.7398000000758,740.8909999999196,178.0
1788768661,10,,Aggregated,10.000000,0.000000,5,6,7,7,8,10,10,13,13,13,13,402,0,5,23.610926119408308,1.9969999998465937,752.4680000001354,24585.84825870647
1788768662,10,GET,GET /articles (anon),6.900000,0.000000,5,6,7,7,8,10,10,13,13,13,13,284,0,5,23.430948591554547,1.9969999998465937,752.4680000001354,26731.0
1788768662,10,GET,GET /articles (list),1.900000,0.000000,5,6,7,7,8,8,8,8,8,8,8,97,0,5,5.546044329905047,2.1393000001808105,13.30069999994521,25460.60824742268
1788768662,10,GET,GET /articles/{id} (detail),1.100000,0.000000,4,4,6,7,9,9,9,9,9,9,9,28,0,4,4.657500000007531,2.3927000002004206,9.33630000008634,2265.75
1788768662,10,POST,[setup] POST /auth/login,0.000000,0.000000,0,0,0,0,0,0,0,0,0,0,0,3,0,740,739.7818999999496,738.7398000000758,740.8909999999196,178.0
1788768662,10,,Aggregated,9.900000,0.000000,5,6,7,7,8,9,10,13,13,13,13,412,0,5,23.160464563112477,1.9969999998465937,752.4680000001354,24575.868932038837
1788768663,10,GET,GET /articles (anon),6.800000,0.000000,5,6,7,7,8,10,10,13,13,13,13,291,0,5,23.035859793820883,1.9969999998465937,752.4680000001354,26731.0
1788768663,10,GET,GET /articles (list),2.000000,0.000000,5,6,7,7,7,8,8,8,8,8,8,98,0,5,5.562813265312018,2.1393000001808105,13.30069999994521,25427.23469387755
1788768663,10,GET,GET /articles/{id} (detail),1.100000,0.000000,3,4,6,6,7,9,9,9,9,9,9,29,0,4,4.605227586219779,2.3927000002004206,9.33630000008634,2311.9655172413795
1788768663,10,POST,[setup] POST /auth/login,0.000000,0.000000,0,0,0,0,0,0,0,0,0,0,0,3,0,740,739.7818999999496,738.7398000000758,740.8909999999196,178.0
1788768663,10,,Aggregated,9.900000,0.000000,5,6,7,7,8,9,10,13,13,13,13,421,0,5,22.806385273165503,1.9969999998465937,752.4680000001354,24556.22565320665
1788768664,10,GET,GET /articles (anon),6.700000,0.000000,5,6,6,7,7,8,8,10,10,10,10,296,0,5,22.744447635138716,1.9969999998465937,752.4680000001354,26731.0
1788768664,10,GET,GET /articles (list),2.100000,0.000000,5,5,6,7,7,7,7,7,7,7,7,100,0,5,5.567242000001897,2.1393000001808105,13.30069999994521,25426.77
1788768664,10,GET,GET /articles/{id} (detail),1.000000,0.000000,3,4,5,5,7,7,7,7,7,7,7,32,0,4,4.63995000001205,2.3927000002004206,9.33630000008634,2331.5625
1788768664,10,POST,[setup] POST /auth/login,0.000000,0.000000,0,0,0,0,0,0,0,0,0,0,0,3,0,740,739.7818999999496,738.7398000000758,740.8909999999196,178.0
1788768664,10,,Aggregated,9.800000,0.000000,4,5,6,7,7,8,8,10,10,10,10,431,0,5,22.405811600931518,1.9969999998465937,752.4680000001354,24432.011600928075
1788768665,10,GET,GET /articles (anon),6.800000,0.000000,4,6,7,7,8,8,8,10,10,10,10,306,0,5,22.173071895426176,1.9969999998465937,752.4680000001354,26731.0
1788768665,10,GET,GET /articles (list),2.200000,0.000000,5,6,7,7,7,7,7,7,7,7,7,102,0,5,5.560638235291502,2.1393000001808105,13.30069999994521,25439.333333333332
1788768665,10,GET,GET /articles/{id} (detail),1.000000,0.000000,3,4,5,5,7,7,7,7,7,7,7,32,0,4,4.63995000001205,2.3927000002004206,9.33630000008634,2331.5625
1788768665,10,POST,[setup] POST /auth/login,0.000000,0.000000,0,0,0,0,0,0,0,0,0,0,0,3,0,740,739.7818999999496,738.7398000000758,740.8909999999196,178.0
1788768665,10,,Aggregated,10.000000,0.000000,5,6,7,7,7,8,8,10,10,10,10,443,0,5,21.941239729120493,1.9969999998465937,752.4680000001354,24491.29119638826
1788768666,10,GET,GET /articles (anon),6.700000,0.000000,5,6,7,7,8,8,8,10,10,10,10,311,0,5,21.912926366561297,1.9969999998465937,752.4680000001354,26731.0
1788768666,10,GET,GET /articles (list),2.200000,0.000000,5,6,7,7,7,7,7,7,7,7,7,103,0,5,5.550730097082441,2.1393000001808105,13.30069999994521,25407.78640776699
1788768666,10,GET,GET /articles/{id} (detail),1.000000,0.000000,4,5,5,6,7,7,7,7,7,7,7,35,0,5,4.709300000000179,2.3927000002004206,9.33630000008634,2462.8285714285716
1788768666,10,POST,[setup] POST /auth/login,0.000000,0.000000,0,0,0,0,0,0,0,0,0,0,0,3,0,740,739.7818999999496,738.7398000000758,740.8909999999196,178.0
1788768666,10,,Aggregated,9.900000,0.000000,5,6,7,7,7,8,8,10,10,10,10,452,0,5,21.616850663716615,1.9969999998465937,752.4680000001354,24374.061946902653
1788768667,10,GET,GET /articles (anon),6.500000,0.000000,5,7,7,7,8,8,10,11,11,11,11,318,0,5,21.57507830188822,1.9969999998465937,752.4680000001354,26731.0
1788768667,10,GET,GET /articles (list),2.000000,0.000000,5,6,7,7,7,7,7,7,7,7,7,107,0,5,5.491901869157109,2.1393000001808105,13.30069999994521,25444.850467289718
1788768667,10,GET,GET /articles/{id} (detail),1.200000,0.000000,4,5,5,6,7,7,7,7,7,7,7,35,0,5,4.709300000000179,2.3927000002004206,9.33630000008634,2462.8285714285716
1788768667,10,POST,[setup] POST /auth/login,0.000000,0.000000,0,0,0,0,0,0,0,0,0,0,0,3,0,740,739.7818999999496,738.7398000000758,740.8909999999196,178.0
1788768667,10,,Aggregated,9.700000,0.000000,5,6,7,7,8,8,10,11,11,11,11,463,0,5,21.236888984881467,1.9969999998465937,752.4680000001354,24427.19222462203
1788768668,10,GET,GET /articles (anon),6.800000,0.000000,5,6,7,7,8,8,10,11,11,11,11,324,0,5,21.255757716051136,1.9969999998465937,752.4680000001354,26731.0
1788768668,10,GET,GET /articles (list),1.900000,0.000000,5,5,6,6,7,7,7,7,7,7,7,108,0,5,5.492222222221278,2.1393000001808105,13.30069999994521,25414.712962962964
1788768668,10,GET,GET /articles/{id} (detail),1.200000,0.000000,5,5,6,6,7,7,7,7,7,7,7,37,0,5,4.748335135138552,2.3927000002004206,9.33630000008634,2438.2972972972975
1788768668,10,POST,[setup] POST /auth/login,0.000000,0.000000,0,0,0,0,0,0,0,0,0,0,0,3,0,740,739.7818999999496,738.7398000000758,740.8909999999196,178.0
1788768668,10,,Aggregated,9.900000,0.000000,5,6,7,7,8,8,10,11,11,11,11,472,0,5,20.9217364406789,1.9969999998465937,752.4680000001354,24356.745762711864
1788768669,10,GET,GET /articles (anon),6.800000,0.000000,5,7,7,8,8,9,10,11,11,11,11,332,0,5,20.900173493979004,1.9969999998465937,752.4680000001354,26731.0
1788768669,10,GET,GET /articles (list),2.000000,0.000000,5,5,6,6,7,7,7,7,7,7,7,110,0,5,5.47284363636374,2.1393000001808105,13.30069999994521,25438.645454545454
1788768669,10,GET,GET /articles/{id} (detail),1.300000,0.000000,5,5,6,6,7,7,7,7,7,7,7,37,0,5,4.748335135138552,2.3927000002004206,9.33630000008634,2438.2972972972975
1788768669,10,POST,[setup] POST /auth/login,0.000000,0.000000,0,0,0,0,0,0,0,0,0,0,0,3,0,740,739.7818999999496,738.7398000000758,740.8909999999196,178.0
1788768669,10,,Aggregated,10.100000,0.000000,5,6,7,7,8,8,10,11,11,11,11,482,0,5,20.61390975103945,1.9969999998465937,752.4680000001354,24406.004149377593
1788768670,10,GET,GET /articles (anon),6.500000,0.000000,5,6,7,8,8,9,10,11,11,11,11,336,0,5,20.708569642860787,1.9969999998465937,752.4680000001354,26731.0
1788768670,10,GET,GET /articles (list),2.000000,0.000000,5,6,6,7,7,8,8,8,8,8,8,113,0,5,5.4969814159328285,2.1393000001808105,13.30069999994521,25432.769911504423
1788768670,10,GET,GET /articles/{id} (detail),1.200000,0.000000,5,5,6,6,7,7,7,7,7,7,7,37,0,5,4.748335135138552,2.3927000002004206,9.33630000008634,2438.2972972972975
1788768670,10,POST,[setup] POST /auth/login,0.000000,0.000000,0,0,0,0,0,0,0,0,0,0,0,3,0,740,739.7818999999496,738.7398000000758,740.8909999999196,178.0
1788768670,10,,Aggregated,9.700000,0.000000,5,6,7,7,8,8,10,11,11,11,11,489,0,5,20.397285071577933,1.9969999998465937,752.4680000001354,24430.0
1788768671,10,GET,GET /articles (anon),6.500000,0.000000,5,6,7,8,8,9,10,11,11,11,11,344,0,5,20.328532848841245,1.9969999998465937,752.4680000001354,26731.0
1788768671,10,GET,GET /articles (list),1.800000,0.000000,5,5,6,6,7,7,8,8,8,8,8,116,0,5,5.4551775862098015,2.1393000001808105,13.30069999994521,25466.344827586207
1788768671,10,GET,GET /articles/{id} (detail),1.400000,0.000000,5,6,6,6,7,7,7,7,7,7,7,38,0,5,4.71720789474411,2.3927000002004206,9.33630000008634,2459.0789473684213
1788768671,10,POST,[setup] POST /auth/login,0.000000,0.000000,0,0,0,0,0,0,0,0,0,0,0,3,0,740,739.7818999999496,738.7398000000758,740.8909999999196,178.0
1788768671,10,,Aggregated,9.700000,0.000000,5,6,7,7,8,8,10,11,11,11,11,501,0,5,20.008813373257187,1.9969999998465937,752.4680000001354,24438.201596806386
1788768672,10,GET,GET /articles (anon),6.500000,0.000000,5,6,7,7,8,9,10,11,11,11,11,351,0,5,20.010413960116473,1.9969999998465937,752.4680000001354,26731.0
1788768672,10,GET,GET /articles (list),1.800000,0.000000,5,5,6,6,7,8,8,8,8,8,8,117,0,5,5.448952136753683,2.1393000001808105,13.30069999994521,25438.34188034188
1788768672,10,GET,GET /articles/{id} (detail),1.300000,0.000000,5,5,6,6,6,7,7,7,7,7,7,39,0,5,4.718582051293943,2.3927000002004206,9.33630000008634,2452.846153846154
1788768672,10,POST,[setup] POST /auth/login,0.000000,0.000000,0,0,0,0,0,0,0,0,0,0,0,3,0,740,739.7818999999496,738.7398000000758,740.8909999999196,178.0
1788768672,10,,Aggregated,9.600000,0.000000,5,6,6,7,8,8,10,11,11,11,11,510,0,5,19.734417843139955,1.9969999998465937,752.4680000001354,24421.69019607843
1788768673,10,GET,GET /articles (anon),6.700000,0.000000,5,6,7,7,8,9,10,11,11,11,11,356,0,5,19.813216853933913,1.9969999998465937,752.4680000001354,26731.0
1788768673,10,GET,GET /articles (list),2.000000,0.000000,5,5,6,6,6,7,8,8,8,8,8,120,0,5,5.421540833337228,2.1393000001808105,13.30069999994521,25432.816666666666
1788768673,10,GET,GET /articles/{id} (detail),1.200000,0.000000,5,6,6,6,7,7,7,7,7,7,7,40,0,5,4.744907500014506,2.3927000002004206,9.33630000008634,2407.125
1788768673,10,POST,[setup] POST /auth/login,0.000000,0.000000,0,0,0,0,0,0,0,0,0,0,0,3,0,740,739.7818999999496,738.7398000000758,740.8909999999196,178.0
1788768673,10,,Aggregated,9.900000,0.000000,5,6,6,7,8,8,10,11,11,11,11,519,0,5,19.48599633911632,1.9969999998465937,752.4680000001354,24402.68400770713
1788768674,10,GET,GET /articles (anon),6.700000,0.000000,5,6,6,7,8,9,11,11,11,11,11,363,0,5,19.5362462809937,1.9969999998465937,752.4680000001354,26731.0
1788768674,10,GET,GET /articles (list),2.100000,0.000000,4,5,5,6,6,7,8,8,8,8,8,121,0,5,5.409902479340801,2.1393000001808105,13.30069999994521,25432.578512396693
1788768674,10,GET,GET /articles/{id} (detail),1.100000,0.000000,5,6,6,6,7,9,9,9,9,9,9,41,0,5,4.84475365855604,2.3927000002004206,9.33630000008634,2445.0731707317073
1788768674,10,POST,[setup] POST /auth/login,0.000000,0.000000,0,0,0,0,0,0,0,0,0,0,0,3,0,740,739.7818999999496,738.7398000000758,740.8909999999196,178.0
1788768674,10,,Aggregated,9.900000,0.000000,5,6,6,6,8,9,11,11,11,11,11,528,0,5,19.25044734848787,1.9969999998465937,752.4680000001354,24396.736742424244
1788768675,10,GET,GET /articles (anon),6.600000,0.000000,5,6,6,7,9,10,11,12,12,12,12,371,0,5,19.263276010783642,1.9969999998465937,752.4680000001354,26731.0
1788768675,10,GET,GET /articles (list),2.000000,0.000000,4,5,5,6,6,8,12,12,12,12,12,123,0,5,5.442769918702438,2.1393000001808105,13.30069999994521,25453.691056910568
1788768675,10,GET,GET /articles/{id} (detail),1.100000,0.000000,5,6,6,6,8,9,9,9,9,9,9,43,0,5,4.91322093025807,2.3927000002004206,9.33630000008634,2438.953488372093
1788768675,10,POST,[setup] POST /auth/login,0.000000,0.000000,0,0,0,0,0,0,0,0,0,0,0,3,0,740,739.7818999999496,738.7398000000758,740.8909999999196,178.0
1788768675,10,,Aggregated,9.700000,0.000000,5,6,6,6,8,10,12,12,12,12,12,540,0,5,18.975463518522364,1.9969999998465937,752.4680000001354,24358.174074074075
1788768676,10,GET,GET /articles (anon),6.700000,0.000000,5,6,6,7,8,10,11,12,12,12,12,377,0,5,19.0353185676417,1.9969999998465937,752.4680000001354,26731.0
1788768676,10,GET,GET /articles (list),2.300000,0.000000,5,5,6,6,8,8,12,12,12,12,12,126,0,5,5.4780182539695765,2.1393000001808105,13.30069999994521,25484.103174603173
1788768676,10,GET,GET /articles/{id} (detail),1.000000,0.000000,6,6,6,6,8,9,9,9,9,9,9,44,0,5,4.941861363663107,2.3927000002004206,9.33630000008634,2455.409090909091
1788768676,10,POST,[setup] POST /auth/login,0.000000,0.000000,0,0,0,0,0,0,0,0,0,0,0,3,0,740,739.7818999999496,738.7398000000758,740.8909999999196,178.0
1788768676,10,,Aggregated,10.000000,0.000000,5,6,6,7,8,10,12,12,12,12,12,550,0,5,18.73333272727657,1.9969999998465937,752.4680000001354,24358.465454545454
1788768677,10,GET,GET /articles (anon),6.700000,0.000000,5,6,7,7,9,10,11,12,12,12,12,386,0,5,18.7667054404176,1.9969999998465937,752.4680000001354,26731.0
1788768677,10,GET,GET /articles (list),2.100000,0.000000,5,6,6,7,8,12,12,12,12,12,12,127,0,5,5.466772440948577,2.1393000001808105,13.30069999994521,25483.472440944883
1788768677,10,GET,GET /articles/{id} (detail),1.000000,0.000000,6,6,8,8,9,9,9,9,9,9,9,45,0,5,5.011911111129545,2.3927000002004206,9.33630000008634,2471.177777777778
1788768677,10,POST,[setup] POST /auth/login,0.000000,0.000000,0,0,0,0,0,0,0,0,0,0,0,3,0,740,739.7818999999496,738.7398000000758,740.8909999999196,178.0
1788768677,10,,Aggregated,9.800000,0.000000,5,6,7,7,9,10,12,12,12,12,12,561,0,5,18.508217647062995,1.9969999998465937,752.4680000001354,24360.613190730837
1788768678,10,GET,GET /articles (anon),6.400000,0.000000,5,6,7,7,10,11,12,13,13,13,13,392,0,5,18.59077321428834,1.9969999998465937,752.4680000001354,26731.0
1788768678,10,GET,GET /articles (list),2.200000,0.000000,5,5,6,7,8,12,12,12,12,12,12,130,0,5,5.497368461545613,2.1393000001808105,13.30069999994521,25502.053846153845
1788768678,10,GET,GET /articles/{id} (detail),1.100000,0.000000,6,6,8,8,8,9,9,9,9,9,9,46,0,5,4.983419565237653,2.3927000002004206,9.33630000008634,2448.3695652173915
1788768678,10,POST,[setup] POST /auth/login,0.000000,0.000000,0,0,0,0,0,0,0,0,0,0,0,3,0,740,739.7818999999496,738.7398000000758,740.8909999999196,178.0
1788768678,10,,Aggregated,9.700000,0.000000,5,6,7,7,9,11,12,13,13,13,13,571,0,5,18.30266900175611,1.9969999998465937,752.4680000001354,24355.478108581436
1788768679,10,GET,GET /articles (anon),6.500000,0.000000,5,6,7,7,10,11,12,13,13,13,13,399,0,5,18.356051879702118,1.9969999998465937,752.4680000001354,26731.0
1788768679,10,GET,GET /articles (list),2.200000,0.000000,4,5,6,7,8,12,12,12,12,12,12,131,0,5,5.487233587791012,2.1393000001808105,13.30069999994521,25511.435114503816
1788768679,10,GET,GET /articles/{id} (detail),0.900000,0.000000,6,7,8,8,8,9,9,9,9,9,9,48,0,5,5.024939583345637,2.3927000002004206,9.33630000008634,2461.125
1788768679,10,POST,[setup] POST /auth/login,0.000000,0.000000,0,0,0,0,0,0,0,0,0,0,0,3,0,740,739.7818999999496,738.7398000000758,740.8909999999196,178.0
1788768679,10,,Aggregated,9.600000,0.000000,5,6,7,7,9,11,12,13,13,13,13,581,0,5,18.078201549057155,1.9969999998465937,752.4680000001354,24313.82960413081
1788768680,10,GET,GET /articles (anon),6.700000,0.000000,5,6,7,7,10,11,12,13,13,13,13,406,0,5,18.130165763549993,1.9969999998465937,752.4680000001354,26731.0
1788768680,10,GET,GET /articles (list),2.000000,0.000000,4,6,7,8,12,12,12,12,12,12,12,133,0,5,5.5421984962448825,2.1393000001808105,13.30069999994521,25495.63157894737
1788768680,10,GET,GET /articles/{id} (detail),1.100000,0.000000,6,7,8,8,8,9,9,9,9,9,9,48,0,5,5.024939583345637,2.3927000002004206,9.33630000008634,2461.125
1788768680,10,POST,[setup] POST /auth/login,0.000000,0.000000,0,0,0,0,0,0,0,0,0,0,0,3,0,740,739.7818999999496,738.7398000000758,740.8909999999196,178.0
1788768680,10,,Aggregated,9.800000,0.000000,5,6,7,7,10,11,12,13,13,13,13,590,0,5,17.89576694915645,1.9969999998465937,752.4680000001354,24343.005084745764
1788768681,10,GET,GET /articles (anon),6.900000,0.000000,5,7,7,7,10,11,12,13,13,13,13,413,0,5,17.926329297821766,1.9969999998465937,752.4680000001354,26731.0
1788768681,10,GET,GET /articles (list),2.200000,0.000000,4,6,7,8,11,12,12,12,12,12,12,138,0,5,5.515544927536963,2.1393000001808105,13.30069999994521,25530.77536231884
1788768681,10,GET,GET /articles/{id} (detail),0.900000,0.000000,6,7,8,8,9,9,9,9,9,9,9,48,0,5,5.024939583345637,2.3927000002004206,9.33630000008634,2461.125
1788768681,10,POST,[setup] POST /auth/login,0.000000,0.000000,0,0,0,0,0,0,0,0,0,0,0,3,0,740,739.7818999999496,738.7398000000758,740.8909999999196,178.0
1788768681,10,,Aggregated,10.000000,0.000000,5,7,7,8,10,11,12,13,13,13,13,602,0,5,17.649936877077955,1.9969999998465937,752.4680000001354,24388.40199335548
1788768682,10,GET,GET /articles (anon),6.700000,0.000000,5,7,7,7,10,11,12,13,13,13,13,422,0,5,17.64700331753771,1.9969999998465937,752.4680000001354,26731.0
1788768682,10,GET,GET /articles (list),2.100000,0.000000,4,6,7,8,11,12,12,12,12,12,12,139,0,5,5.516327338129564,2.1393000001808105,13.30069999994521,25506.741007194243
1788768682,10,GET,GET /articles/{id} (detail),1.100000,0.000000,6,7,8,8,8,9,9,9,9,9,9,50,0,5,5.03413600001295,2.3927000002004206,9.33630000008634,2498.48
1788768682,10,POST,[setup] POST /auth/login,0.000000,0.000000,0,0,0,0,0,0,0,0,0,0,0,3,0,740,739.7818999999496,738.7398000000758,740.8909999999196,178.0
1788768682,10,,Aggregated,9.900000,0.000000,5,6,7,8,10,11,12,12,13,13,13,614,0,5,17.40204788273847,1.9969999998465937,752.4680000001354,24350.77687296417
1788768683,10,GET,GET /articles (anon),6.600000,0.000000,6,7,7,8,10,11,12,13,13,13,13,429,0,5,17.460923310025546,1.9969999998465937,752.4680000001354,26731.0
1788768683,10,GET,GET /articles (list),1.900000,0.000000,4,6,7,8,11,12,12,12,12,12,12,140,0,5,5.505944285713277,2.1393000001808105,13.30069999994521,25483.05
1788768683,10,GET,GET /articles/{id} (detail),1.100000,0.000000,7,7,8,8,9,10,10,10,10,10,10,52,0,5,5.166761538475839,2.3927000002004206,9.998800000175834,2538.173076923077
1788768683,10,POST,[setup] POST /auth/login,0.000000,0.000000,0,0,0,0,0,0,0,0,0,0,0,3,0,740,739.7818999999496,738.7398000000758,740.8909999999196,178.0
1788768683,10,,Aggregated,9.600000,0.000000,6,7,7,8,10,11,12,12,13,13,13,624,0,5,17.22690000000226,1.9969999998465937,752.4680000001354,24307.283653846152
1788768684,10,GET,GET /articles (anon),6.900000,0.000000,5,7,7,7,9,10,12,13,13,13,13,436,0,5,17.268285091743298,1.9969999998465937,752.4680000001354,26731.0
1788768684,10,GET,GET /articles (list),2.200000,0.000000,5,6,7,8,11,12,12,12,12,12,12,142,0,5,5.49754718309794,2.1393000001808105,13.30069999994521,25500.62676056338
1788768684,10,GET,GET /articles/{id} (detail),1.000000,0.000000,6,7,7,8,10,10,10,10,10,10,10,52,0,5,5.166761538475839,2.3927000002004206,9.998800000175834,2538.173076923077
1788768684,10,POST,[setup] POST /auth/login,0.000000,0.000000,0,0,0,0,0,0,0,0,0,0,0,3,0,740,739.7818999999496,738.7398000000758,740.8909999999196,178.0
1788768684,10,,Aggregated,10.100000,0.000000,5,7,7,8,10,11,12,12,13,13,13,633,0,5,17.0578851500799,1.9969999998465937,752.4680000001354,24341.744075829385
1788768685,10,GET,GET /articles (anon),7.200000,0.000000,5,7,7,7,9,10,11,13,13,13,13,444,0,5,17.061024774775106,1.9969999998465937,752.4680000001354,26731.0
1788768685,10,GET,GET /articles (list),2.200000,0.000000,5,5,7,8,11,12,12,12,12,12,12,144,0,5,5.486474999997881,2.1393000001808105,13.30069999994521,25486.180555555555
1788768685,10,GET,GET /articles/{id} (detail),1.100000,0.000000,6,7,7,8,10,10,10,10,10,10,10,53,0,5,5.127818867935756,2.3927000002004206,9.998800000175834,2545.2075471698113
1788768685,10,POST,[setup] POST /auth/login,0.000000,0.000000,0,0,0,0,0,0,0,0,0,0,0,3,0,740,739.7818999999496,738.7398000000758,740.8909999999196,178.0
1788768685,10,,Aggregated,10.500000,0.000000,5,6,7,7,9,10,11,12,13,13,13,644,0,5,16.857558229814106,1.9969999998465937,752.4680000001354,24338.51552795031
1788768686,10,GET,GET /articles (anon),7.200000,0.000000,5,6,7,7,9,10,11,13,13,13,13,451,0,5,16.86406474501239,1.9969999998465937,752.4680000001354,26731.0
1788768686,10,GET,GET /articles (list),1.900000,0.000000,5,5,6,7,11,12,12,12,12,12,12,146,0,5,5.4770664383540115,2.1393000001808105,13.30069999994521,25503.23287671233
1788768686,10,GET,GET /articles/{id} (detail),1.200000,0.000000,7,7,8,10,10,10,10,10,10,10,10,54,0,5,5.21064444445882,2.3927000002004206,9.998800000175834,2537.6296296296296
1788768686,10,POST,[setup] POST /auth/login,0.000000,0.000000,0,0,0,0,0,0,0,0,0,0,0,3,0,740,739.7818999999496,738.7398000000758,740.8909999999196,178.0
1788768686,10,,Aggregated,10.300000,0.000000,5,6,7,7,10,10,11,12,13,13,13,654,0,5,16.675940978594646,1.9969999998465937,752.4680000001354,24337.490825688074
1788768687,10,GET,GET /articles (anon),7.200000,0.000000,5,6,7,7,8,10,11,13,13,13,13,457,0,5,16.707662363241223,1.9969999998465937,752.4680000001354,26731.0
1788768687,10,GET,GET /articles (list),2.200000,0.000000,5,5,6,7,8,11,12,12,12,12,12,148,0,5,5.478968243240874,2.1393000001808105,13.30069999994521,25489.141891891893
1788768687,10,GET,GET /articles/{id} (detail),1.000000,0.000000,7,8,8,8,10,10,10,10,10,10,10,55,0,5,5.268740000015399,2.3927000002004206,9.998800000175834,2562.018181818182
1788768687,10,POST,[setup] POST /auth/login,0.000000,0.000000,0,0,0,0,0,0,0,0,0,0,0,3,0,740,739.7818999999496,738.7398000000758,740.8909999999196,178.0
1788768687,10,,Aggregated,10.400000,0.000000,5,6,7,7,9,10,11,12,13,13,13,663,0,5,16.524005128207516,1.9969999998465937,752.4680000001354,24328.66515837104
1788768688,10,GET,GET /articles (anon),7.300000,0.000000,5,6,6,7,8,10,10,11,11,11,11,464,0,5,16.536066379312185,1.9969999998465937,752.4680000001354,26731.0
1788768688,10,GET,GET /articles (list),2.000000,0.000000,5,6,7,7,8,11,11,11,11,11,11,150,0,5,5.49975933332765,2.1393000001808105,13.30069999994521,25505.7
1788768688,10,GET,GET /articles/{id} (detail),1.000000,0.000000,7,7,8,10,10,10,10,10,10,10,10,55,0,5,5.268740000015399,2.3927000002004206,9.998800000175834,2562.018181818182
1788768688,10,POST,[setup] POST /auth/login,0.000000,0.000000,0,0,0,0,0,0,0,0,0,0,0,3,0,740,739.7818999999496,738.7398000000758,740.8909999999196,178.0
1788768688,10,,Aggregated,10.300000,0.000000,5,6,7,7,8,10,11,11,11,11,11,672,0,5,16.37920401785818,1.9969999998465937,752.4680000001354,24360.839285714286
1788768689,10,GET,GET /articles (anon),7.200000,0.000000,5,6,7,7,9,10,11,11,11,11,11,469,0,5,16.430022814500667,1.9969999998465937,752.4680000001354,26731.0
1788768689,10,GET,GET /articles (list),2.000000,0.000000,5,6,7,7,8,11,11,11,11,11,11,152,0,5,5.536462499994861,2.1393000001808105,13.30069999994521,25513.092105263157
1788768689,10,GET,GET /articles/{id} (detail),1.000000,0.000000,7,8,8,8,10,10,10,10,10,10,10,57,0,5,5.2985929824707885,2.3927000002004206,9.998800000175834,2565.0877192982457
1788768689,10,POST,[setup] POST /auth/login,0.000000,0.000000,0,0,0,0,0,0,0,0,0,0,0,3,0,740,739.7818999999496,738.7398000000758,740.8909999999196,178.0
1788768689,10,,Aggregated,10.200000,0.000000,5,6,7,7,9,10,11,11,11,11,11,681,0,5,16.253433920705895,1.9969999998465937,752.4680000001354,24319.490455212923
1788768690,10,GET,GET /articles (anon),7.100000,0.000000,5,6,7,7,9,10,11,11,11,11,11,476,0,5,16.279066806723755,1.9969999998465937,752.4680000001354,26731.0
1788768690,10,GET,GET /articles (list),2.100000,0.000000,5,6,6,7,8,8,11,11,11,11,11,154,0,5,5.536801948044905,2.1393000001808105,13.30069999994521,25499.422077922078
1788768690,10,GET,GET /articles/{id} (detail),0.900000,0.000000,7,8,8,10,10,10,10,10,10,10,10,57,0,5,5.2985929824707885,2.3927000002004206,9.998800000175834,2565.0877192982457
1788768690,10,POST,[setup] POST /auth/login,0.000000,0.000000,0,0,0,0,0,0,0,0,0,0,0,3,0,740,739.7818999999496,738.7398000000758,740.8909999999196,178.0
1788768690,10,,Aggregated,10.100000,0.000000,5,6,7,7,9,10,11,11,11,11,11,690,0,5,16.12009971014508,1.9969999998465937,752.4680000001354,24344.36376811594
1788768691,10,GET,GET /articles (anon),7.000000,0.000000,5,6,7,8,9,10,11,11,11,11,11,484,0,5,16.13660847107259,1.9969999998465937,752.4680000001354,26731.0
1788768691,10,GET,GET /articles (list),2.100000,0.000000,6,7,7,8,11,11,11,11,11,11,11,158,0,5,5.610647468348027,2.1393000001808105,13.30069999994521,25530.601265822785
1788768691,10,GET,GET /articles/{id} (detail),0.900000,0.000000,7,8,8,10,10,10,10,10,10,10,10,57,0,5,5.2985929824707885,2.3927000002004206,9.998800000175834,2565.0877192982457
1788768691,10,POST,[setup] POST /auth/login,0.000000,0.000000,0,0,0,0,0,0,0,0,0,0,0,3,0,740,739.7818999999496,738.7398000000758,740.8909999999196,178.0
1788768691,10,,Aggregated,10.000000,0.000000,6,7,7,8,10,10,11,11,11,11,11,702,0,5,15.980008974357274,1.9969999998465937,752.4680000001354,24385.16096866097
1788768692,10,GET,GET /articles (anon),7.000000,0.000000,5,7,8,8,9,10,11,11,11,11,11,491,0,5,16.013679226066998,1.9969999998465937,752.4680000001354,26731.0
1788768692,10,GET,GET /articles (list),2.100000,0.000000,6,6,7,7,10,11,11,11,11,11,11,160,0,5,5.5748406249961135,2.1393000001808105,13.30069999994521,25537.3125
1788768692,10,GET,GET /articles/{id} (detail),0.900000,0.000000,8,8,10,10,10,10,10,10,10,10,10,58,0,5,5.347313793122496,2.3927000002004206,9.998800000175834,2580.5
1788768692,10,POST,[setup] POST /auth/login,0.000000,0.000000,0,0,0,0,0,0,0,0,0,0,0,3,0,740,739.7818999999496,738.7398000000758,740.8909999999196,178.0
1788768692,10,,Aggregated,10.000000,0.000000,6,7,8,8,10,11,11,11,11,11,11,712,0,5,15.848568679774196,1.9969999998465937,752.4680000001354,24383.558988764045
1788768694,10,GET,GET /articles (anon),7.000000,0.000000,5,7,8,8,9,10,11,11,11,11,11,496,0,5,15.913741129028743,1.9969999998465937,752.4680000001354,26731.0
1788768694,10,GET,GET /articles (list),2.100000,0.000000,6,7,7,8,11,11,11,11,11,11,11,162,0,5,5.589538271601388,2.1393000001808105,13.30069999994521,25524.01851851852
1788768694,10,GET,GET /articles/{id} (detail),0.900000,0.000000,8,8,9,9,10,10,10,10,10,10,10,60,0,5,5.419060000015937,2.3927000002004206,9.998800000175834,2595.05
1788768694,10,POST,[setup] POST /auth/login,0.000000,0.000000,0,0,0,0,0,0,0,0,0,0,0,3,0,740,739.7818999999496,738.7398000000758,740.8909999999196,178.0
1788768694,10,,Aggregated,10.000000,0.000000,6,7,8,8,10,10,11,11,11,11,11,721,0,5,15.732607628291937,1.9969999998465937,752.4680000001354,24340.782246879335
1788768695,10,GET,GET /articles (anon),6.900000,0.000000,6,7,7,8,9,10,11,12,12,12,12,505,0,5,15.746550099006392,1.9969999998465937,752.4680000001354,26731.0
1788768695,10,GET,GET /articles (list),2.000000,0.000000,6,7,7,8,11,11,11,11,11,11,11,163,0,5,5.59391288343361,2.1393000001808105,13.30069999994521,25531.423312883435
1788768695,10,GET,GET /articles/{id} (detail),0.900000,0.000000,8,8,8,9,10,10,10,10,10,10,10,62,0,5,5.355350000018594,2.3927000002004206,9.998800000175834,2619.532258064516
1788768695,10,POST,[setup] POST /auth/login,0.000000,0.000000,0,0,0,0,0,0,0,0,0,0,0,3,0,740,739.7818999999496,738.7398000000758,740.8909999999196,178.0
1788768695,10,,Aggregated,9.800000,0.000000,6,7,8,8,10,11,11,12,12,12,12,733,0,5,15.57325102319087,1.9969999998465937,752.4680000001354,24316.12824010914
1788768696,10,GET,GET /articles (anon),6.700000,0.000000,6,7,8,9,10,11,12,12,12,12,12,511,0,5,15.660051272013126,1.9969999998465937,752.4680000001354,26731.0
1788768696,10,GET,GET /articles (list),2.100000,0.000000,7,7,8,8,11,11,11,11,11,11,11,166,0,5,5.607898795181219,2.1393000001808105,13.30069999994521,25517.753012048193
1788768696,10,GET,GET /articles/{id} (detail),0.800000,0.000000,8,8,8,8,9,9,9,9,9,9,9,62,0,5,5.355350000018594,2.3927000002004206,9.998800000175834,2619.532258064516
1788768696,10,POST,[setup] POST /auth/login,0.000000,0.000000,0,0,0,0,0,0,0,0,0,0,0,3,0,740,739.7818999999496,738.7398000000758,740.8909999999196,178.0
1788768696,10,,Aggregated,9.600000,0.000000,6,7,8,8,10,11,12,12,12,12,12,742,0,5,15.477863611859556,1.9969999998465937,752.4680000001354,24337.51078167116
1788768697,10,GET,GET /articles (anon),6.800000,0.000000,6,8,8,9,10,11,12,12,12,12,12,518,0,5,15.54852741312349,1.9969999998465937,752.4680000001354,26731.0
1788768697,10,GET,GET /articles (list),2.000000,0.000000,7,7,8,8,11,11,11,11,11,11,11,168,0,5,5.61360476190419,2.1393000001808105,13.30069999994521,25497.26785714286
1788768697,10,GET,GET /articles/{id} (detail),1.000000,0.000000,7,8,8,8,9,9,9,9,9,9,9,63,0,5,5.382855555573827,2.3927000002004206,9.998800000175834,2595.5238095238096
1788768697,10,POST,[setup] POST /auth/login,0.000000,0.000000,0,0,0,0,0,0,0,0,0,0,0,3,0,740,739.7818999999496,738.7398000000758,740.8909999999196,178.0
1788768697,10,,Aggregated,9.800000,0.000000,6,8,8,9,10,11,12,12,12,12,12,752,0,5,15.366606914892117,1.9969999998465937,752.4680000001354,24327.46143617021
1788768698,10,GET,GET /articles (anon),6.700000,0.000000,6,8,9,9,10,11,12,12,12,12,12,526,0,5,15.395095627372905,1.9969999998465937,752.4680000001354,26731.0
1788768698,10,GET,GET /articles (list),2.200000,0.000000,7,7,8,8,11,11,11,11,11,11,11,168,0,5,5.61360476190419,2.1393000001808105,13.30069999994521,25497.26785714286
1788768698,10,GET,GET /articles/{id} (detail),0.900000,0.000000,7,7,8,8,9,9,9,9,9,9,9,64,0,5,5.4096453125183075,2.3927000002004206,9.998800000175834,2621.484375
1788768698,10,POST,[setup] POST /auth/login,0.000000,0.000000,0,0,0,0,0,0,0,0,0,0,0,3,0,740,739.7818999999496,738.7398000000758,740.8909999999196,178.0
1788768698,10,,Aggregated,9.800000,0.000000,7,8,8,9,10,11,12,12,12,12,12,761,0,5,15.251601708277361,1.9969999998465937,752.4680000001354,24326.35479632063
1788768699,10,GET,GET /articles (anon),6.600000,0.000000,6,8,9,9,10,10,12,12,12,12,12,534,0,5,15.245153558049587,1.9969999998465937,752.4680000001354,26731.0
1788768699,10,GET,GET /articles (list),2.200000,0.000000,6,7,8,8,10,11,11,11,11,11,11,171,0,5,5.630007017545233,2.1393000001808105,13.30069999994521,25511.152046783627
1788768699,10,GET,GET /articles/{id} (detail),0.900000,0.000000,7,7,8,8,8,9,9,9,9,9,9,66,0,5,5.404745454563564,2.3927000002004206,9.998800000175834,2627.1363636363635
1788768699,10,POST,[setup] POST /auth/login,0.000000,0.000000,0,0,0,0,0,0,0,0,0,0,0,3,0,740,739.7818999999496,738.7398000000758,740.8909999999196,178.0
1788768699,10,,Aggregated,9.700000,0.000000,6,7,8,9,10,10,12,12,12,12,12,774,0,5,15.090054392764547,1.9969999998465937,752.4680000001354,24303.21188630491
1788768700,10,GET,GET /articles (anon),6.600000,0.000000,6,8,9,9,10,11,12,12,12,12,12,540,0,5,15.156809999996733,1.9969999998465937,752.4680000001354,26731.0
1788768700,10,GET,GET /articles (list),2.200000,0.000000,6,7,8,8,10,11,11,11,11,11,11,174,0,5,5.641119540233303,2.1393000001808105,13.30069999994521,25506.08620689655
1788768700,10,GET,GET /articles/{id} (detail),0.900000,0.000000,7,7,7,8,9,9,9,9,9,9,9,66,0,5,5.404745454563564,2.3927000002004206,9.998800000175834,2627.1363636363635
1788768700,10,POST,[setup] POST /auth/login,0.000000,0.000000,0,0,0,0,0,0,0,0,0,0,0,3,0,740,739.7818999999496,738.7398000000758,740.8909999999196,178.0
1788768700,10,,Aggregated,9.700000,0.000000,6,7,8,9,10,11,12,12,12,12,12,783,0,5,14.996540357598818,1.9969999998465937,752.4680000001354,24325.318007662834
1788768701,10,GET,GET /articles (anon),6.800000,0.000000,6,7,8,9,10,11,12,12,12,12,12,548,0,5,15.012247810215614,1.9969999998465937,752.4680000001354,26731.0
1788768701,10,GET,GET /articles (list),2.000000,0.000000,6,6,7,8,8,8,8,8,8,8,8,176,0,5,5.609711931823953,2.1393000001808105,13.30069999994521,25494.204545454544
1788768701,10,GET,GET /articles/{id} (detail),0.900000,0.000000,7,7,7,8,9,9,9,9,9,9,9,67,0,5,5.396382089575535,2.3927000002004206,9.998800000175834,2624.791044776119
1788768701,10,POST,[setup] POST /auth/login,0.000000,0.000000,0,0,0,0,0,0,0,0,0,0,0,3,0,740,739.7818999999496,738.7398000000758,740.8909999999196,178.0
1788768701,10,,Aggregated,9.700000,0.000000,6,7,8,8,10,10,12,12,12,12,12,794,0,5,14.855068513854636,1.9969999998465937,752.4680000001354,24322.37153652393
1788768702,10,GET,GET /articles (anon),6.900000,0.000000,6,6,8,9,10,10,12,12,12,12,12,554,0,5,14.920421841152052,1.9969999998465937,752.4680000001354,26731.0
1788768702,10,GET,GET /articles (list),2.000000,0.000000,6,7,8,8,8,8,8,8,8,8,8,178,0,5,5.625487640457046,2.1393000001808105,13.30069999994521,25475.134831460673
1788768702,10,GET,GET /articles/{id} (detail),1.100000,0.000000,7,7,7,9,10,10,10,10,10,10,10,68,0,5,5.465039705902253,2.3927000002004206,10.065099999792437,2625.294117647059
1788768702,10,POST,[setup] POST /auth/login,0.000000,0.000000,0,0,0,0,0,0,0,0,0,0,0,3,0,740,739.7818999999496,738.7398000000758,740.8909999999196,178.0
1788768702,10,,Aggregated,10.000000,0.000000,6,7,8,8,10,10,12,12,12,12,12,803,0,5,14.767395890411946,1.9969999998465937,752.4680000001354,24312.08219178082
1788768703,10,GET,GET /articles (anon),7.000000,0.000000,6,7,8,9,10,11,12,12,12,12,12,562,0,5,14.815603380780834,1.9969999998465937,752.4680000001354,26731.0
1788768703,10,GET,GET /articles (list),2.200000,0.000000,6,6,8,8,8,8,8,8,8,8,8,180,0,5,5.621655000009519,2.1393000001808105,13.30069999994521,25489.088888888888
1788768703,10,GET,GET /articles/{id} (detail),0.900000,0.000000,7,7,7,7,10,10,10,10,10,10,10,68,0,5,5.465039705902253,2.3927000002004206,10.065099999792437,2625.294117647059
1788768703,10,POST,[setup] POST /auth/login,0.000000,0.000000,0,0,0,0,0,0,0,0,0,0,0,3,0,740,739.7818999999496,738.7398000000758,740.8909999999196,178.0
1788768703,10,,Aggregated,10.100000,0.000000,6,7,8,8,10,11,12,12,12,12,12,813,0,5,14.673106273064876,1.9969999998465937,752.4680000001354,24341.835178351783
1788768704,10,GET,GET /articles (anon),7.000000,0.000000,6,7,8,9,10,11,12,12,12,12,12,569,0,5,14.723505799646947,1.9969999998465937,752.4680000001354,26731.0
1788768704,10,GET,GET /articles (list),2.000000,0.000000,6,6,8,8,8,8,8,8,8,8,8,182,0,5,5.618152747264513,2.1393000001808105,13.30069999994521,25502.736263736264
1788768704,10,GET,GET /articles/{id} (detail),1.100000,0.000000,7,7,7,9,10,10,10,10,10,10,10,69,0,5,5.510197101471746,2.3927000002004206,10.065099999792437,2610.2608695652175
1788768704,10,POST,[setup] POST /auth/login,0.000000,0.000000,0,0,0,0,0,0,0,0,0,0,0,3,0,740,739.7818999999496,738.7398000000758,740.8909999999196,178.0
1788768704,10,,Aggregated,10.100000,0.000000,6,7,8,8,10,11,12,12,12,12,12,823,0,5,14.580471324426068,1.9969999998465937,752.4680000001354,24340.314702308628
1788768705,10,GET,GET /articles (anon),7.100000,0.000000,6,7,8,8,10,11,11,12,12,12,12,576,0,5,14.629115277775403,1.9969999998465937,752.4680000001354,26731.0
1788768705,10,GET,GET /articles (list),2.000000,0.000000,6,6,8,8,8,8,8,8,8,8,8,184,0,5,5.617748913056422,2.1393000001808105,13.30069999994521,25491.407608695652
1788768705,10,GET,GET /articles/{id} (detail),1.000000,0.000000,7,7,9,9,10,10,10,10,10,10,10,70,0,5,5.525830000026742,2.3927000002004206,10.065099999792437,2607.957142857143
1788768705,10,POST,[setup] POST /auth/login,0.000000,0.000000,0,0,0,0,0,0,0,0,0,0,0,3,0,740,739.7818999999496,738.7398000000758,740.8909999999196,178.0
1788768705,10,,Aggregated,10.100000,0.000000,6,7,8,8,10,10,11,12,12,12,12,833,0,5,14.485222088838817,1.9969999998465937,752.4680000001354,24334.412965186075
1788768706,10,GET,GET /articles (anon),7.200000,0.000000,6,7,8,9,10,11,11,12,12,12,12,584,0,5,14.54357260273551,1.9969999998465937,752.4680000001354,26731.0
1788768706,10,GET,GET /articles (list),1.900000,0.000000,6,6,8,8,8,9,9,9,9,9,9,186,0,5,5.63796236560505,2.1393000001808105,13.30069999994521,25480.322580645163
1788768706,10,GET,GET /articles/{id} (detail),0.900000,0.000000,7,7,9,9,10,10,10,10,10,10,10,71,0,5,5.501352112697903,2.3927000002004206,10.065099999792437,2606.0140845070423
1788768706,10,POST,[setup] POST /auth/login,0.000000,0.000000,0,0,0,0,0,0,0,0,0,0,0,3,0,740,739.7818999999496,738.7398000000758,740.8909999999196,178.0
1788768706,10,,Aggregated,10.000000,0.000000,6,7,8,8,10,11,11,12,12,12,12,844,0,5,14.398162440760045,1.9969999998465937,752.4680000001354,24331.52251184834
1788768707,10,GET,GET /articles (anon),7.100000,0.000000,6,7,8,8,10,11,11,12,12,12,12,591,0,5,14.433334010148885,1.9969999998465937,752.4680000001354,26731.0
1788768707,10,GET,GET /articles (list),2.000000,0.000000,6,8,8,8,8,9,11,11,11,11,11,189,0,5,5.686346560860474,2.1393000001808105,13.30069999994521,25493.15343915344
1788768707,10,GET,GET /articles/{id} (detail),0.800000,0.000000,7,9,10,10,10,10,10,10,10,10,10,72,0,5,5.566905555573006,2.3927000002004206,10.221199999705277,2586.3611111111113
1788768707,10,POST,[setup] POST /auth/login,0.000000,0.000000,0,0,0,0,0,0,0,0,0,0,0,3,0,740,739.7818999999496,738.7398000000758,740.8909999999196,178.0
1788768707,10,,Aggregated,9.900000,0.000000,6,7,8,8,10,11,11,12,12,12,12,855,0,5,14.298225497078041,1.9969999998465937,752.4680000001354,24330.969590643275
1788768708,10,GET,GET /articles (anon),7.200000,0.000000,7,7,8,8,11,11,11,12,12,12,12,597,0,5,14.347751591288047,1.9969999998465937,752.4680000001354,26731.0
1788768708,10,GET,GET /articles (list),2.000000,0.000000,6,7,8,8,8,9,11,11,11,11,11,192,0,5,5.70054635417705,2.1393000001808105,13.30069999994521,25498.671875
1788768708,10,GET,GET /articles/{id} (detail),0.900000,0.000000,7,9,10,10,10,10,10,10,10,10,10,72,0,5,5.566905555573006,2.3927000002004206,10.221199999705277,2586.3611111111113
1788768708,10,POST,[setup] POST /auth/login,0.000000,0.000000,0,0,0,0,0,0,0,0,0,0,0,3,0,740,739.7818999999496,738.7398000000758,740.8909999999196,178.0
1788768708,10,,Aggregated,10.100000,0.000000,6,7,8,8,10,11,11,12,12,12,12,864,0,5,14.21328182870609,1.9969999998465937,752.4680000001354,24352.89814814815
1788768709,10,GET,GET /articles (anon),7.300000,0.000000,7,7,8,8,10,11,11,12,12,12,12,605,0,5,14.232629752064549,1.9969999998465937,752.4680000001354,26731.0
1788768709,10,GET,GET /articles (list),2.000000,0.000000,7,8,8,8,9,11,11,11,11,11,11,195,0,5,5.750519487190057,2.1393000001808105,13.30069999994521,25494.34358974359
1788768709,10,GET,GET /articles/{id} (detail),0.900000,0.000000,9,9,10,10,10,10,10,10,10,10,10,72,0,5,5.566905555573006,2.3927000002004206,10.221199999705277,2586.3611111111113
1788768709,10,POST,[setup] POST /auth/login,0.000000,0.000000,0,0,0,0,0,0,0,0,0,0,0,3,0,740,739.7818999999496,738.7398000000758,740.8909999999196,178.0
1788768709,10,,Aggregated,10.200000,0.000000,7,7,8,8,10,11,11,12,12,12,12,875,0,5,14.11686308571682,1.9969999998465937,752.4680000001354,24377.604571428572
1788768710,10,GET,GET /articles (anon),7.300000,0.000000,7,7,8,8,10,11,11,12,12,12,12,612,0,5,14.124010947711172,1.9969999998465937,752.4680000001354,26731.0
1788768710,10,GET,GET /articles (list),2.000000,0.000000,7,8,8,9,11,11,11,11,11,11,11,195,0,5,5.750519487190057,2.1393000001808105,13.30069999994521,25494.34358974359
1788768710,10,GET,GET /articles/{id} (detail),0.900000,0.000000,7,9,10,10,10,10,10,10,10,10,10,74,0,5,5.52175405407586,2.3927000002004206,10.221199999705277,2613.635135135135
1788768710,10,POST,[setup] POST /auth/login,0.000000,0.000000,0,0,0,0,0,0,0,0,0,0,0,3,0,740,739.7818999999496,738.7398000000758,740.8909999999196,178.0
1788768710,10,,Aggregated,10.200000,0.000000,7,7,8,8,10,11,11,12,12,12,12,884,0,5,14.019458710410362,1.9969999998465937,752.4680000001354,24349.221719457015
1788768711,10,GET,GET /articles (anon),7.100000,0.000000,7,7,8,8,10,11,11,12,12,12,12,620,0,5,14.020109354837293,1.9969999998465937,752.4680000001354,26731.0
1788768711,10,GET,GET /articles (list),2.300000,0.000000,7,8,9,9,10,11,11,11,11,11,11,199,0,5,5.775510552774077,2.1393000001808105,13.30069999994521,25496.381909547737
1788768711,10,GET,GET /articles/{id} (detail),0.600000,0.000000,7,9,10,10,10,10,10,10,10,10,10,74,0,5,5.52175405407586,2.3927000002004206,10.221199999705277,2613.635135135135
1788768711,10,POST,[setup] POST /auth/login,0.000000,0.000000,0,0,0,0,0,0,0,0,0,0,0,3,0,740,739.7818999999496,738.7398000000758,740.8909999999196,178.0
1788768711,10,,Aggregated,10.000000,0.000000,7,7,8,8,10,11,11,12,12,12,12,896,0,5,13.917131584824359,1.9969999998465937,752.4680000001354,24376.05245535714
1788768712,10,GET,GET /articles (anon),7.100000,0.000000,7,7,8,8,10,11,11,13,13,13,13,626,0,5,13.960554632587108,1.9969999998465937,752.4680000001354,26731.0
1788768712,10,GET,GET /articles (list),2.300000,0.000000,7,8,9,9,11,11,11,11,11,11,11,200,0,5,5.769936000010603,2.1393000001808105,13.30069999994521,25495.92
1788768712,10,GET,GET /articles/{id} (detail),0.600000,0.000000,7,7,9,9,10,10,10,10,10,10,10,74,0,5,5.52175405407586,2.3927000002004206,10.221199999705277,2613.635135135135
1788768712,10,POST,[setup] POST /auth/login,0.000000,0.000000,0,0,0,0,0,0,0,0,0,0,0,3,0,740,739.7818999999496,738.7398000000758,740.8909999999196,178.0
1788768712,10,,Aggregated,10.000000,0.000000,7,7,8,9,10,11,11,13,13,13,13,903,0,5,13.866278959028918,1.9969999998465937,752.4680000001354,24392.838316722038
1788768713,10,GET,GET /articles (anon),7.000000,0.000000,7,7,8,8,10,11,11,13,13,13,13,633,0,5,13.886234755134673,1.9969999998465937,752.4680000001354,26731.0
1788768713,10,GET,GET /articles (list),2.200000,0.000000,7,8,9,9,10,11,11,11,11,11,11,202,0,5,5.7544836633771395,2.1393000001808105,13.30069999994521,25501.579207920793
1788768713,10,GET,GET /articles/{id} (detail),0.700000,0.000000,5,5,7,7,10,10,10,10,10,10,10,75,0,5,5.518334666685405,2.3927000002004206,10.221199999705277,2636.3866666666668
1788768713,10,POST,[setup] POST /auth/login,0.000000,0.000000,0,0,0,0,0,0,0,0,0,0,0,3,0,740,739.7818999999496,738.7398000000758,740.8909999999196,178.0
1788768713,10,,Aggregated,9.900000,0.000000,7,7,8,8,10,11,11,13,13,13,13,913,0,5,13.784899342829885,1.9969999998465937,752.4680000001354,24392.447973713035
1788768714,10,GET,GET /articles (anon),7.200000,0.000000,7,7,8,9,11,11,13,13,13,13,13,643,0,5,13.79521446345295,1.9969999998465937,752.4680000001354,26731.0
1788768714,10,GET,GET /articles (list),2.200000,0.000000,7,8,9,9,10,11,11,11,11,11,11,204,0,5,5.760500000011395,2.1393000001808105,13.30069999994521,25507.12745098039
1788768714,10,GET,GET /articles/{id} (detail),0.600000,0.000000,5,5,10,10,10,10,10,10,10,10,10,76,0,5,5.58125789475645,2.3927000002004206,10.300500000084867,2641.657894736842
1788768714,10,POST,[setup] POST /auth/login,0.000000,0.000000,0,0,0,0,0,0,0,0,0,0,0,3,0,740,739.7818999999496,738.7398000000758,740.8909999999196,178.0
1788768714,10,,Aggregated,10.000000,0.000000,7,7,8,9,10,11,13,13,13,13,13,926,0,5,13.7030088552958,1.9969999998465937,752.4680000001354,24398.258099352053
1788768715,10,GET,GET /articles (anon),7.100000,0.000000,7,7,8,8,10,11,13,13,13,13,13,650,0,5,13.725043076924171,1.9969999998465937,752.4680000001354,26731.0
1788768715,10,GET,GET /articles (list),2.100000,0.000000,7,8,9,9,10,11,11,11,11,11,11,207,0,5,5.781095169091397,2.1393000001808105,13.30069999994521,25480.99033816425
1788768715,10,GET,GET /articles/{id} (detail),0.700000,0.000000,10,10,10,10,18,18,18,18,18,18,18,77,0,5,5.740271428589654,2.3927000002004206,17.825299999913113,2645.7272727272725
1788768715,10,POST,[setup] POST /auth/login,0.000000,0.000000,0,0,0,0,0,0,0,0,0,0,0,3,0,740,739.7818999999496,738.7398000000758,740.8909999999196,178.0
1788768715,10,,Aggregated,9.900000,0.000000,7,7,8,9,10,11,13,18,18,18,18,937,0,5,13.63853927428376,1.9969999998465937,752.4680000001354,24390.57630736393
1788768716,10,GET,GET /articles (anon),7.100000,0.000000,7,7,8,9,10,11,13,13,13,13,13,657,0,5,13.654780517505085,1.9969999998465937,752.4680000001354,26731.0
1788768716,10,GET,GET /articles (list),2.300000,0.000000,7,7,9,9,10,10,11,11,11,11,11,209,0,5,5.803041148335447,2.1393000001808105,13.30069999994521,25486.602870813396
1788768716,10,GET,GET /articles/{id} (detail),0.700000,0.000000,10,10,10,10,18,18,18,18,18,18,18,79,0,5,5.781022784826228,2.3927000002004206,17.825299999913113,2666.0
1788768716,10,POST,[setup] POST /auth/login,0.000000,0.000000,0,0,0,0,0,0,0,0,0,0,0,3,0,740,739.7818999999496,738.7398000000758,740.8909999999196,178.0
1788768716,10,,Aggregated,10.100000,0.000000,7,7,8,9,10,11,13,18,18,18,18,948,0,5,13.565477742620327,1.9969999998465937,752.4680000001354,24367.209915611813
1788768717,10,GET,GET /articles (anon),7.300000,0.000000,7,7,8,9,10,11,13,13,13,13,13,665,0,5,13.56916586466222,1.9969999998465937,752.4680000001354,26731.0
1788768717,10,GET,GET /articles (list),2.300000,0.000000,7,7,9,10,10,11,11,11,11,11,11,210,0,5,5.810141428582938,2.1393000001808105,13.30069999994521,25486.209523809524
1788768717,10,GET,GET /articles/{id} (detail),0.700000,0.000000,5,8,10,10,18,18,18,18,18,18,18,81,0,5,5.8022580247094915,2.3927000002004206,17.825299999913113,2652.3456790123455
1788768717,10,POST,[setup] POST /auth/login,0.000000,0.000000,0,0,0,0,0,0,0,0,0,0,0,3,0,740,739.7818999999496,738.7398000000758,740.8909999999196,178.0
1788768717,10,,Aggregated,10.300000,0.000000,7,7,9,9,10,11,13,18,18,18,18,959,0,5,13.485874452559033,1.9969999998465937,752.4680000001354,24341.598540145984
1788768718,10,GET,GET /articles (anon),7.300000,0.000000,7,8,8,9,10,11,13,13,13,13,13,673,0,5,13.493750074295425,1.9969999998465937,752.4680000001354,26731.0
1788768718,10,GET,GET /articles (list),2.300000,0.000000,7,8,9,9,10,10,10,10,10,10,10,212,0,5,5.832937735860623,2.1393000001808105,13.30069999994521,25497.95283018868
1788768718,10,GET,GET /articles/{id} (detail),0.700000,0.000000,5,8,10,10,18,18,18,18,18,18,18,81,0,5,5.8022580247094915,2.3927000002004206,17.825299999913113,2652.3456790123455
1788768718,10,POST,[setup] POST /auth/login,0.000000,0.000000,0,0,0,0,0,0,0,0,0,0,0,3,0,740,739.7818999999496,738.7398000000758,740.8909999999196,178.0
1788768718,10,,Aggregated,10.300000,0.000000,7,8,9,9,10,11,13,18,18,18,18,969,0,5,13.4233283797777,1.9969999998465937,752.4680000001354,24366.25696594427
1788768719,10,GET,GET /articles (anon),7.100000,0.000000,7,8,9,9,10,11,13,13,13,13,13,678,0,5,13.435811651917533,1.9969999998465937,752.4680000001354,26731.0
1788768719,10,GET,GET /articles (list),2.100000,0.000000,7,7,9,9,10,10,10,10,10,10,10,214,0,5,5.843930841131614,2.1393000001808105,13.30069999994521,25488.257009345794
1788768719,10,GET,GET /articles/{id} (detail),0.900000,0.000000,5,8,10,10,10,18,18,18,18,18,18,83,0,5,5.8093301204992835,2.3927000002004206,17.825299999913113,2670.4698795180725
1788768719,10,POST,[setup] POST /auth/login,0.000000,0.000000,0,0,0,0,0,0,0,0,0,0,0,3,0,740,739.7818999999496,738.7398000000758,740.8909999999196,178.0
1788768719,10,,Aggregated,10.100000,0.000000,7,8,9,9,10,11,13,18,18,18,18,978,0,5,13.355420858899327,1.9969999998465937,752.4680000001354,24335.672801635992
1788768720,10,GET,GET /articles (anon),7.100000,0.000000,7,8,9,9,10,11,13,13,13,13,13,686,0,5,13.362502915452133,1.9969999998465937,752.4680000001354,26731.0
1788768720,10,GET,GET /articles (list),2.100000,0.000000,6,7,7,8,10,10,10,10,10,10,10,215,0,5,5.838476744196838,2.1393000001808105,13.30069999994521,25494.037209302325
1788768720,10,GET,GET /articles/{id} (detail),0.900000,0.000000,8,8,10,10,18,18,18,18,18,18,18,84,0,5,5.775914285728894,2.3927000002004206,17.825299999913113,2686.1071428571427
1788768720,10,POST,[setup] POST /auth/login,0.000000,0.000000,0,0,0,0,0,0,0,0,0,0,0,3,0,740,739.7818999999496,738.7398000000758,740.8909999999196,178.0
1788768720,10,,Aggregated,10.100000,0.000000,7,8,8,9,10,11,13,18,18,18,18,988,0,5,13.2859028340117,1.9969999998465937,752.4680000001354,24336.893724696358
1788768721,10,GET,GET /articles (anon),7.400000,0.000000,7,8,8,9,10,11,12,13,13,13,13,692,0,5,13.297375867050953,1.9969999998465937,752.4680000001354,26731.0
1788768721,10,GET,GET /articles (list),2.000000,0.000000,6,7,7,8,10,10,10,10,10,10,10,218,0,5,5.82863532110982,2.1393000001808105,13.30069999994521,25469.39908256881
1788768721,10,GET,GET /articles/{id} (detail),1.000000,0.000000,8,8,10,10,18,18,18,18,18,18,18,84,0,5,5.775914285728894,2.3927000002004206,17.825299999913113,2686.1071428571427
1788768721,10,POST,[setup] POST /auth/login,0.000000,0.000000,0,0,0,0,0,0,0,0,0,0,0,3,0,740,739.7818999999496,738.7398000000758,740.8909999999196,178.0
1788768721,10,,Aggregated,10.400000,0.000000,7,8,8,9,10,11,13,18,18,18,18,997,0,5,13.216598896692352,1.9969999998465937,752.4680000001354,24349.396188565697
1788768722,10,GET,GET /articles (anon),7.400000,0.000000,7,8,9,9,10,11,12,13,13,13,13,701,0,6,13.230052211125548,1.9969999998465937,752.4680000001354,26731.0
1788768722,10,GET,GET /articles (list),2.000000,0.000000,6,7,8,8,10,10,10,10,10,10,10,220,0,5,5.833522272736115,2.1393000001808105,13.30069999994521,25480.868181818183
1788768722,10,GET,GET /articles/{id} (detail),1.000000,0.000000,8,10,10,12,18,18,18,18,18,18,18,85,0,5,5.8456941176647135,2.3927000002004206,17.825299999913113,2694.211764705882
1788768722,10,POST,[setup] POST /auth/login,0.000000,0.000000,0,0,0,0,0,0,0,0,0,0,0,3,0,740,739.7818999999496,738.7398000000758,740.8909999999196,178.0
1788768722,10,,Aggregated,10.400000,0.000000,7,8,8,9,10,11,13,18,18,18,18,1009,0,5,13.15547195243043,1.9969999998465937,752.4680000001354,24354.572844400398
1788768723,10,GET,GET /articles (anon),7.300000,0.000000,7,8,8,9,10,10,11,12,12,12,12,710,0,6,13.148109718308596,1.9969999998465937,752.4680000001354,26731.0
1788768723,10,GET,GET /articles (list),1.900000,0.000000,7,8,9,10,10,11,11,11,11,11,11,222,0,5,5.875523873883467,2.1393000001808105,13.30069999994521,25492.130630630632
1788768723,10,GET,GET /articles/{id} (detail),1.000000,0.000000,8,8,10,12,18,18,18,18,18,18,18,85,0,5,5.8456941176647135,2.3927000002004206,17.825299999913113,2694.211764705882
1788768723,10,POST,[setup] POST /auth/login,0.000000,0.000000,0,0,0,0,0,0,0,0,0,0,0,3,0,740,739.7818999999496,738.7398000000758,740.8909999999196,178.0
1788768723,10,,Aggregated,10.200000,0.000000,7,8,8,9,10,11,12,18,18,18,18,1020,0,6,13.093876372551552,1.9969999998465937,752.4680000001354,24380.200980392157
1788768724,10,GET,GET /articles (anon),7.400000,0.000000,7,8,8,9,10,10,11,11,11,11,11,715,0,6,13.107410489508359,1.9969999998465937,752.4680000001354,26731.0
1788768724,10,GET,GET /articles (list),1.900000,0.000000,8,9,10,10,10,11,11,11,11,11,11,225,0,6,5.917357333344423,2.1393000001808105,13.30069999994521,25482.568888888887
1788768724,10,GET,GET /articles/{id} (detail),1.000000,0.000000,6,8,8,10,12,12,12,12,12,12,12,86,0,5,5.852617441881426,2.3927000002004206,17.825299999913113,2671.8255813953488
1788768724,10,POST,[setup] POST /auth/login,0.000000,0.000000,0,0,0,0,0,0,0,0,0,0,0,3,0,740,739.7818999999496,738.7398000000758,740.8909999999196,178.0
1788768724,10,,Aggregated,10.300000,0.000000,7,8,9,9,10,10,11,12,12,12,12,1029,0,6,13.047497278914115,1.9969999998465937,752.4680000001354,24369.82896015549
1788768725,10,GET,GET /articles (anon),7.400000,0.000000,7,8,8,9,10,10,11,11,11,11,11,723,0,6,13.03615214384203,1.9969999998465937,752.4680000001354,26731.0
1788768725,10,GET,GET /articles (list),2.100000,0.000000,7,9,9,10,10,10,11,11,11,11,11,228,0,6,5.919842543867641,2.1393000001808105,13.30069999994521,25493.175438596492
1788768725,10,GET,GET /articles/{id} (detail),1.000000,0.000000,6,8,8,10,12,12,12,12,12,12,12,87,0,5,5.8331459770294,2.3927000002004206,17.825299999913113,2682.7816091954023
1788768725,10,POST,[setup] POST /auth/login,0.000000,0.000000,0,0,0,0,0,0,0,0,0,0,0,3,0,740,739.7818999999496,738.7398000000758,740.8909999999196,178.0
1788768725,10,,Aggregated,10.500000,0.000000,7,8,8,9,10,11,11,12,12,12,12,1041,0,6,12.969924591739689,1.9969999998465937,752.4680000001354,24373.57636887608
1788768726,10,GET,GET /articles (anon),7.300000,0.000000,7,8,9,9,10,10,11,11,11,11,11,727,0,6,13.016690508936588,1.9969999998465937,752.4680000001354,26731.0
1788768726,10,GET,GET /articles (list),2.000000,0.000000,7,8,9,9,10,10,11,11,11,11,11,231,0,6,5.9139484848553066,2.1393000001808105,13.30069999994521,25489.593073593074
1788768726,10,GET,GET /articles/{id} (detail),1.000000,0.000000,6,8,8,10,12,12,12,12,12,12,12,87,0,5,5.8331459770294,2.3927000002004206,17.825299999913113,2682.7816091954023
1788768726,10,POST,[setup] POST /auth/login,0.000000,0.000000,0,0,0,0,0,0,0,0,0,0,0,3,0,740,739.7818999999496,738.7398000000758,740.8909999999196,178.0
1788768726,10,,Aggregated,10.300000,0.000000,7,8,9,9,10,11,11,12,12,12,12,1048,0,6,12.935196087786146,1.9969999998465937,752.4680000001354,24384.989503816792
1788768727,10,GET,GET /articles (anon),7.000000,0.000000,8,8,9,9,10,10,11,11,11,11,11,733,0,6,12.977600818548055,1.9969999998465937,752.4680000001354,26731.0
1788768727,10,GET,GET /articles (list),2.100000,0.000000,7,8,8,9,10,10,11,11,11,11,11,233,0,6,5.908417167387589,2.1393000001808105,13.30069999994521,25480.75965665236
1788768727,10,GET,GET /articles/{id} (detail),1.000000,0.000000,6,7,8,8,12,12,12,12,12,12,12,88,0,5,5.845531818196874,2.3927000002004206,17.825299999913113,2672.2727272727275
1788768727,10,POST,[setup] POST /auth/login,0.000000,0.000000,0,0,0,0,0,0,0,0,0,0,0,3,0,740,739.7818999999496,738.7398000000758,740.8909999999196,178.0
1788768727,10,,Aggregated,10.100000,0.000000,7,8,9,9,10,11,11,12,12,12,12,1057,0,6,12.888358656573516,1.9969999998465937,752.4680000001354,24377.04257332072
1788768728,10,GET,GET /articles (anon),6.900000,0.000000,8,8,9,9,10,10,11,11,11,11,11,740,0,6,12.929325405399583,1.9969999998465937,752.4680000001354,26731.0
1788768728,10,GET,GET /articles (list),2.200000,0.000000,6,8,8,9,10,10,11,11,11,11,11,235,0,6,5.90160553192231,2.1393000001808105,13.30069999994521,25485.753191489363
1788768728,10,GET,GET /articles/{id} (detail),0.900000,0.000000,6,7,8,8,12,12,12,12,12,12,12,89,0,5,5.851993258449021,2.3927000002004206,17.825299999913113,2649.7078651685392
1788768728,10,POST,[setup] POST /auth/login,0.000000,0.000000,0,0,0,0,0,0,0,0,0,0,0,3,0,740,739.7818999999496,738.7398000000758,740.8909999999196,178.0
1788768728,10,,Aggregated,10.000000,0.000000,7,8,9,9,10,11,11,12,12,12,12,1067,0,6,12.8348183692589,1.9969999998465937,752.4680000001354,24373.430178069353
1788768729,10,GET,GET /articles (anon),7.100000,0.000000,8,8,9,9,10,10,11,11,11,11,11,748,0,6,12.867376069513792,1.9969999998465937,752.4680000001354,26731.0
1788768729,10,GET,GET /articles (list),2.300000,0.000000,6,8,8,9,10,10,11,11,11,11,11,239,0,6,5.911497489553436,2.1393000001808105,13.30069999994521,25487.594142259415
1788768729,10,GET,GET /articles/{id} (detail),0.700000,0.000000,6,7,8,8,12,12,12,12,12,12,12,89,0,5,5.851993258449021,2.3927000002004206,17.825299999913113,2649.7078651685392
1788768729,10,POST,[setup] POST /auth/login,0.000000,0.000000,0,0,0,0,0,0,0,0,0,0,0,3,0,740,739.7818999999496,738.7398000000758,740.8909999999196,178.0
1788768729,10,,Aggregated,10.100000,0.000000,7,8,9,9,10,11,11,12,12,12,12,1079,0,6,12.76906237256849,1.9969999998465937,752.4680000001354,24395.441149212234
1788768730,10,GET,GET /articles (anon),6.800000,0.000000,8,9,9,9,10,10,11,11,11,11,11,758,0,6,12.79298007914931,1.9969999998465937,752.4680000001354,26731.0
1788768730,10,GET,GET /articles (list),2.300000,0.000000,6,8,8,9,10,10,11,11,11,11,11,241,0,6,5.9064178423354425,2.1393000001808105,13.30069999994521,25479.070539419088
1788768730,10,GET,GET /articles/{id} (detail),0.800000,0.000000,6,6,7,7,12,12,12,12,12,12,12,90,0,5,5.843625555578708,2.3927000002004206,17.825299999913113,2639.5444444444443
1788768730,10,POST,[setup] POST /auth/login,0.000000,0.000000,0,0,0,0,0,0,0,0,0,0,0,3,0,740,739.7818999999496,738.7398000000758,740.8909999999196,178.0
1788768730,10,,Aggregated,9.900000,0.000000,7,8,9,9,10,11,11,12,12,12,12,1092,0,6,12.697616849816805,1.9969999998465937,752.4680000001354,24396.196886446887
1788768731,10,GET,GET /articles (anon),6.900000,0.000000,8,9,9,9,10,11,11,20,20,20,20,766,0,6,12.749863446469213,1.9969999998465937,752.4680000001354,26731.0
1788768731,10,GET,GET /articles (list),2.300000,0.000000,7,8,8,9,10,11,18,18,18,18,18,245,0,6,5.964202040824454,2.1393000001808105,18.048199999611825,25457.02448979592
1788768731,10,GET,GET /articles/{id} (detail),0.700000,0.000000,6,6,7,7,12,12,12,12,12,12,12,90,0,5,5.843625555578708,2.3927000002004206,17.825299999913113,2639.5444444444443
1788768731,10,POST,[setup] POST /auth/login,0.000000,0.000000,0,0,0,0,0,0,0,0,0,0,0,3,0,740,739.7818999999496,738.7398000000758,740.8909999999196,178.0
1788768731,10,,Aggregated,9.900000,0.000000,8,8,9,9,10,11,18,20,20,20,20,1104,0,6,12.656609510868968,1.9969999998465937,752.4680000001354,24412.146739130436
1788768732,10,GET,GET /articles (anon),6.800000,0.000000,8,9,9,9,10,11,11,20,20,20,20,773,0,6,12.69298020697757,1.9969999998465937,752.4680000001354,26731.0
1788768732,10,GET,GET /articles (list),2.500000,0.000000,6,7,8,9,10,10,18,18,18,18,18,247,0,6,5.978623481789202,2.1393000001808105,18.048199999611825,25467.34008097166
1788768732,10,GET,GET /articles/{id} (detail),0.500000,0.000000,6,6,6,7,7,7,7,7,7,7,7,90,0,5,5.843625555578708,2.3927000002004206,17.825299999913113,2639.5444444444443
1788768732,10,POST,[setup] POST /auth/login,0.000000,0.000000,0,0,0,0,0,0,0,0,0,0,0,3,0,740,739.7818999999496,738.7398000000758,740.8909999999196,178.0
1788768732,10,,Aggregated,9.800000,0.000000,7,8,9,9,10,11,18,20,20,20,20,1113,0,6,12.608864061093914,1.9969999998465937,752.4680000001354,24430.89757412399
1788768733,10,GET,GET /articles (anon),7.200000,0.000000,8,9,9,9,10,11,11,20,20,20,20,779,0,6,12.65397535300814,1.9969999998465937,752.4680000001354,26731.0
1788768733,10,GET,GET /articles (list),2.600000,0.000000,6,7,8,8,10,11,18,18,18,18,18,250,0,6,6.003950800002713,2.1393000001808105,18.048199999611825,25477.196
1788768733,10,GET,GET /articles/{id} (detail),0.600000,0.000000,6,7,7,7,7,7,7,7,7,7,7,91,0,5,5.860456043977208,2.3927000002004206,17.825299999913113,2645.3186813186812
1788768733,10,POST,[setup] POST /auth/login,0.000000,0.000000,0,0,0,0,0,0,0,0,0,0,0,3,0,740,739.7818999999496,738.7398000000758,740.8909999999196,178.0
1788768733,10,,Aggregated,10.400000,0.000000,7,8,9,9,10,11,18,20,20,20,20,1123,0,6,12.565522439889397,1.9969999998465937,752.4680000001354,24429.212822796082
1788768734,10,GET,GET /articles (anon),7.100000,0.000000,8,9,9,9,11,11,12,20,20,20,20,789,0,6,12.583341064628407,1.9969999998465937,752.4680000001354,26731.0
1788768734,10,GET,GET /articles (list),2.600000,0.000000,6,7,8,9,10,11,18,18,18,18,18,252,0,6,6.021848412701946,2.1393000001808105,18.048199999611825,25487.146825396827
1788768734,10,GET,GET /articles/{id} (detail),0.600000,0.000000,6,7,7,7,7,7,7,7,7,7,7,91,0,5,5.860456043977208,2.3927000002004206,17.825299999913113,2645.3186813186812
1788768734,10,POST,[setup] POST /auth/login,0.000000,0.000000,0,0,0,0,0,0,0,0,0,0,0,3,0,740,739.7818999999496,738.7398000000758,740.8909999999196,178.0
1788768734,10,,Aggregated,10.300000,0.000000,7,9,9,9,10,11,18,20,20,20,20,1135,0,6,12.509611541845356,1.9969999998465937,752.4680000001354,24453.548898678415
1788768735,10,GET,GET /articles (anon),6.900000,0.000000,8,9,9,9,10,11,12,20,20,20,20,794,0,6,12.557468639787743,1.9969999998465937,752.4680000001354,26731.0
1788768735,10,GET,GET /articles (list),2.600000,0.000000,7,8,9,9,10,11,18,18,18,18,18,254,0,6,6.038787007878275,2.1393000001808105,18.048199999611825,25486.492125984252
1788768735,10,GET,GET /articles/{id} (detail),0.600000,0.000000,6,6,7,7,7,7,7,7,7,7,7,93,0,5,5.848783870978193,2.3927000002004206,17.825299999913113,2638.4086021505377
1788768735,10,POST,[setup] POST /auth/login,0.000000,0.000000,0,0,0,0,0,0,0,0,0,0,0,3,0,740,739.7818999999496,738.7398000000758,740.8909999999196,178.0
1788768735,10,,Aggregated,10.100000,0.000000,8,9,9,9,10,11,18,20,20,20,20,1144,0,6,12.471822202791408,1.9969999998465937,752.4680000001354,24426.476398601397
1788768736,10,GET,GET /articles (anon),7.300000,0.000000,8,9,9,9,11,11,12,20,20,20,20,800,0,6,12.524271624988614,1.9969999998465937,752.4680000001354,26731.0
1788768736,10,GET,GET /articles (list),2.700000,0.000000,7,8,9,9,10,11,18,18,18,18,18,255,0,6,6.047918431376471,2.1393000001808105,18.048199999611825,25473.564705882352
1788768736,10,GET,GET /articles/{id} (detail),0.500000,0.000000,6,6,7,7,11,11,11,11,11,11,11,95,0,5,5.894188421069358,2.3927000002004206,17.825299999913113,2648.3894736842103
1788768736,10,POST,[setup] POST /auth/login,0.000000,0.000000,0,0,0,0,0,0,0,0,0,0,0,3,0,740,739.7818999999496,738.7398000000758,740.8909999999196,178.0
1788768736,10,,Aggregated,10.500000,0.000000,8,8,9,9,11,11,18,20,20,20,20,1153,0,6,12.437927233298637,1.9969999998465937,752.4680000001354,24399.557675628796
1788768737,10,GET,GET /articles (anon),7.300000,0.000000,8,9,9,9,11,11,12,20,20,20,20,807,0,6,12.479967657983988,1.9969999998465937,752.4680000001354,26731.0
1788768737,10,GET,GET /articles (list),2.700000,0.000000,7,8,9,10,10,11,18,18,18,18,18,257,0,6,6.059442801562435,2.1393000001808105,18.048199999611825,25478.186770428016
1788768737,10,GET,GET /articles/{id} (detail),0.500000,0.000000,6,6,7,7,11,11,11,11,11,11,11,95,0,5,5.894188421069358,2.3927000002004206,17.825299999913113,2648.3894736842103
1788768737,10,POST,[setup] POST /auth/login,0.000000,0.000000,0,0,0,0,0,0,0,0,0,0,0,3,0,740,739.7818999999496,738.7398000000758,740.8909999999196,178.0
1788768737,10,,Aggregated,10.500000,0.000000,8,9,9,9,11,11,18,20,20,20,20,1162,0,6,12.39922917383482,1.9969999998465937,752.4680000001354,24416.473321858863
1788768738,10,GET,GET /articles (anon),7.500000,0.000000,8,9,9,9,10,11,12,20,20,20,20,814,0,6,12.424366339057995,1.9969999998465937,752.4680000001354,26731.0
1788768738,10,GET,GET /articles (list),2.300000,0.000000,7,8,9,10,10,11,18,18,18,18,18,260,0,6,6.0694088461594635,2.1393000001808105,18.048199999611825,25492.64230769231
1788768738,10,GET,GET /articles/{id} (detail),0.700000,0.000000,6,7,10,10,11,11,11,11,11,11,11,96,0,5,5.933218750020804,2.3927000002004206,17.825299999913113,2628.6145833333335
1788768738,10,POST,[setup] POST /auth/login,0.000000,0.000000,0,0,0,0,0,0,0,0,0,0,0,3,0,740,739.7818999999496,738.7398000000758,740.8909999999196,178.0
1788768738,10,,Aggregated,10.500000,0.000000,8,9,9,9,10,11,18,20,20,20,20,1173,0,6,12.34476999147188,1.9969999998465937,752.4680000001354,24416.028985507248
1788768739,10,GET,GET /articles (anon),7.200000,0.000000,7,8,9,9,10,11,12,20,20,20,20,823,0,6,12.352034750901877,1.9969999998465937,752.4680000001354,26731.0
1788768739,10,GET,GET /articles (list),2.400000,0.000000,7,8,9,10,10,11,18,18,18,18,18,261,0,6,6.069708429124664,2.1393000001808105,18.048199999611825,25479.988505747126
1788768739,10,GET,GET /articles/{id} (detail),0.700000,0.000000,6,7,8,10,11,11,11,11,11,11,11,98,0,5,5.937733673479261,2.3927000002004206,17.825299999913113,2642.3469387755104
1788768739,10,POST,[setup] POST /auth/login,0.000000,0.000000,0,0,0,0,0,0,0,0,0,0,0,3,0,740,739.7818999999496,738.7398000000758,740.8909999999196,178.0
1788768739,10,,Aggregated,10.300000,0.000000,7,8,9,9,10,11,18,20,20,20,20,1185,0,6,12.279461687759156,1.9969999998465937,752.4680000001354,24396.096202531644
1788768740,10,GET,GET /articles (anon),7.200000,0.000000,7,8,9,9,11,11,12,12,12,12,12,830,0,6,12.316193132520278,1.9969999998465937,752.4680000001354,26731.0
1788768740,10,GET,GET /articles (list),2.300000,0.000000,8,9,10,10,10,11,11,11,11,11,11,262,0,6,6.082946946570568,2.1393000001808105,18.048199999611825,25484.763358778626
1788768740,10,GET,GET /articles/{id} (detail),0.700000,0.000000,6,7,8,10,11,11,11,11,11,11,11,99,0,5,5.924638383848188,2.3927000002004206,17.825299999913113,2624.717171717172
1788768740,10,POST,[setup] POST /auth/login,0.000000,0.000000,0,0,0,0,0,0,0,0,0,0,0,3,0,740,739.7818999999496,738.7398000000758,740.8909999999196,178.0
1788768740,10,,Aggregated,10.200000,0.000000,7,8,9,9,10,11,12,12,12,12,12,1194,0,6,12.246279145723735,1.9969999998465937,752.4680000001354,24392.0594639866
1788768741,10,GET,GET /articles (anon),7.200000,0.000000,7,8,9,9,10,11,12,12,12,12,12,835,0,6,12.279279640708278,1.9969999998465937,752.4680000001354,26731.0
1788768741,10,GET,GET /articles (list),2.400000,0.000000,8,9,10,10,10,11,11,11,11,11,11,264,0,6,6.08625492424842,2.1393000001808105,18.048199999611825,25494.204545454544
1788768741,10,GET,GET /articles/{id} (detail),0.700000,0.000000,6,7,8,10,11,11,11,11,11,11,11,100,0,5,5.905713000015567,2.3927000002004206,17.825299999913113,2641.67
1788768741,10,POST,[setup] POST /auth/login,0.000000,0.000000,0,0,0,0,0,0,0,0,0,0,0,3,0,740,739.7818999999496,738.7398000000758,740.8909999999196,178.0
1788768741,10,,Aggregated,10.300000,0.000000,7,8,9,9,10,11,12,12,12,12,12,1202,0,6,12.204564725452913,1.9969999998465937,752.4680000001354,24388.98169717138
1788768742,20,GET,GET /articles (anon),6.900000,0.000000,7,8,9,9,10,11,12,12,12,12,12,842,0,6,12.22626733965572,1.9969999998465937,752.4680000001354,26731.0
1788768742,20,GET,GET /articles (list),2.200000,0.000000,8,9,9,10,10,11,11,11,11,11,11,267,0,6,6.0804670412021435,2.1393000001808105,18.048199999611825,25474.086142322096
1788768742,20,GET,GET /articles/{id} (detail),0.900000,0.000000,6,7,8,10,11,11,11,11,11,11,11,100,0,5,5.905713000015567,2.3927000002004206,17.825299999913113,2641.67
1788768742,20,POST,[setup] POST /auth/login,0.000000,0.000000,0,0,0,0,0,0,0,0,0,0,0,3,0,740,739.7818999999496,738.7398000000758,740.8909999999196,178.0
1788768742,20,,Aggregated,10.000000,0.000000,7,8,9,9,10,11,12,12,12,12,12,1212,0,6,12.15174818481229,1.9969999998465937,752.4680000001354,24400.811881188118
1788768743,30,GET,GET /articles (anon),7.000000,0.000000,7,9,9,11,720,920,920,920,920,920,920,852,0,6,20.77807042252262,1.9969999998465937,919.542999999976,26731.0
1788768743,30,GET,GET /articles (list),2.000000,0.000000,8,9,10,28,32,260,840,840,840,840,840,272,0,6,10.367385294124594,2.1393000001808105,844.6903000003658,25487.433823529413
1788768743,30,GET,GET /articles/{id} (detail),0.900000,0.000000,6,8,10,11,32,32,32,32,32,32,32,101,0,5,6.167734653481242,2.3927000002004206,32.3699000000488,2656.0
1788768743,30,POST,[setup] POST /auth/login,0.000000,0.000000,0,0,0,0,0,0,0,0,0,0,0,7,0,900,833.7336857143782,738.7398000000758,904.6703000003617,178.0
1788768743,30,,Aggregated,9.900000,0.000000,8,9,10,12,840,910,920,920,920,920,920,1232,0,6,21.900910551942708,1.9969999998465937,919.542999999976,24331.896103896102
1788768744,40,GET,GET /articles (anon),6.800000,0.000000,8,11,430,690,760,920,920,920,920,920,920,868,0,6,28.925241474642394,1.9969999998465937,919.542999999976,26731.0
1788768744,40,GET,GET /articles (list),2.000000,0.000000,9,28,32,61,260,700,840,840,840,840,840,277,0,6,13.470438628166042,2.1393000001808105,844.6903000003658,25472.303249097473
1788768744,40,GET,GET /articles/{id} (detail),1.000000,0.000000,10,11,110,110,200,320,320,320,320,320,320,104,0,5,12.07905961539469,2.3927000002004206,323.41400000041176,2659.144230769231
1788768744,40,POST,[setup] POST /auth/login,0.000000,0.000000,900,900,900,900,900,900,900,900,900,900,900,11,0,740,745.9756727272096,223.36099999938597,904.6703000003617,178.1818181818182
1788768744,40,,Aggregated,9.800000,0.000000,9,32,260,700,760,910,920,920,920,920,920,1260,0,6,30.397123571422178,1.9969999998465937,919.542999999976,24235.592857142856
1788768745,50,GET,GET /articles (anon),6.600000,0.000000,12,350,680,710,760,920,920,920,920,920,920,890,0,6,38.28131393257137,1.9969999998465937,919.542999999976,26731.0
1788768745,50,GET,GET /articles (list),1.900000,0.000000,10,50,65,160,360,700,840,840,840,840,840,285,0,6,18.12819578948173,2.1393000001808105,844.6903000003658,25466.456140350878
1788768745,50,GET,GET /articles/{id} (detail),0.900000,0.000000,20,54,110,200,320,600,600,600,600,600,600,108,0,6,17.97866851851874,2.3927000002004206,602.621399999407,2666.953703703704
1788768745,50,POST,[setup] POST /auth/login,0.000000,0.000000,720,900,900,900,900,900,900,900,900,900,900,13,0,740,738.058361538431,223.36099999938597,904.6703000003617,178.46153846153845
1788768745,50,,Aggregated,9.400000,0.000000,28,270,560,700,740,900,920,920,920,920,920,1296,0,6,39.17697538579509,1.9969999998465937,919.542999999976,24181.235339506173
1788768746,50,GET,GET /articles (anon),7.100000,0.000000,230,460,710,720,910,970,1000,1000,1100,1100,1100,923,0,6,54.3323874322775,1.9969999998465937,1058.1734999996115,26731.0
1788768746,50,GET,GET /articles (list),2.100000,0.000000,61,140,290,340,700,800,850,850,850,850,850,299,0,6,31.097120066901592,2.1393000001808105,854.039300000295,25501.60200668896
1788768746,50,GET,GET /articles/{id} (detail),1.000000,0.000000,17,32,110,200,320,600,600,600,600,600,600,110,0,6,17.838033636363352,2.3927000002004206,602.621399999407,2678.490909090909
1788768746,50,POST,[setup] POST /auth/login,0.700000,0.000000,780,900,900,900,900,1000,1000,1000,1000,1000,1000,17,0,740,728.907847058856,223.36099999938597,1002.2326000007524,178.8235294117647
1788768746,50,,Aggregated,10.900000,0.000000,140,430,690,710,840,920,1000,1000,1100,1100,1100,1349,0,6,54.707523795401215,1.9969999998465937,1058.1734999996115,24162.613787991104
1788768747,50,GET,GET /articles (anon),9.200000,0.000000,70,400,660,710,790,920,1000,1000,1100,1100,1100,947,0,6,53.14572016894843,1.9969999998465937,1058.1734999996115,26731.0
1788768747,50,GET,GET /articles (list),2.600000,0.000000,28,80,170,290,510,800,840,850,850,850,850,309,0,6,30.3406317152224,2.1393000001808105,854.039300000295,25518.10355987055
1788768747,50,GET,GET /articles/{id} (detail),1.300000,0.000000,10,32,54,110,320,600,600,600,600,600,600,112,0,6,17.593064285713517,2.023699999881501,602.621399999407,2691.625
1788768747,50,POST,[setup] POST /auth/login,1.000000,0.000000,780,900,900,900,900,1000,1000,1000,1000,1000,1000,17,0,740,728.907847058856,223.36099999938597,1002.2326000007524,178.8235294117647
1788768747,50,,Aggregated,14.100000,0.000000,61,350,570,710,790,920,1000,1000,1100,1100,1100,1385,0,6,53.47733487364502,1.9969999998465937,1058.1734999996115,24190.507581227437
1788768748,50,GET,GET /articles (anon),9.000000,0.000000,11,330,460,680,760,920,1000,1000,1100,1100,1100,982,0,6,51.521857535635625,1.9969999998465937,1058.1734999996115,26731.0
1788768748,50,GET,GET /articles (list),3.100000,0.000000,14,62,110,170,490,710,840,850,850,850,850,322,0,6,29.51712080746333,2.1393000001808105,854.039300000295,25516.521739130436
1788768748,50,GET,GET /articles/{id} (detail),1.400000,0.000000,8,17,32,54,200,320,600,600,600,600,600,117,0,5,17.10934102563372,2.023699999881501,602.621399999407,2664.974358974359
1788768748,50,POST,[setup] POST /auth/login,1.100000,0.000000,780,900,900,900,900,1000,1000,1000,1000,1000,1000,17,0,740,728.907847058856,223.36099999938597,1002.2326000007524,178.8235294117647
1788768748,50,,Aggregated,14.600000,0.000000,14,220,430,630,760,910,1000,1000,1100,1100,1100,1438,0,6,51.80264485396182,1.9969999998465937,1058.1734999996115,24187.068150208623
1788768749,50,GET,GET /articles (anon),12.600000,0.000000,10,77,390,480,740,920,1000,1000,1100,1100,1100,1019,0,6,49.93807438664916,1.7769999994925456,1058.1734999996115,26731.0
1788768749,50,GET,GET /articles (list),4.700000,0.000000,12,32,80,160,490,710,840,850,850,850,850,331,0,6,28.976343806647865,2.1393000001808105,854.039300000295,25518.09667673716
1788768749,50,GET,GET /articles/{id} (detail),1.600000,0.000000,8,15,20,54,200,320,600,600,600,600,600,123,0,6,16.6950422764112,2.023699999881501,602.621399999407,2709.60162601626
1788768749,50,POST,[setup] POST /auth/login,1.400000,0.000000,780,900,900,900,900,1000,1000,1000,1000,1000,1000,17,0,740,728.907847058856,223.36099999938597,1002.2326000007524,178.8235294117647
1788768749,50,,Aggregated,20.300000,0.000000,11,70,340,460,740,900,970,1000,1100,1100,1100,1490,0,6,50.28388671140607,1.7769999994925456,1058.1734999996115,24175.637583892618
1788768750,50,GET,GET /articles (anon),15.100000,0.000000,9,21,340,430,740,920,1000,1000,1100,1100,1100,1049,0,6,48.71028608197769,1.7769999994925456,1058.1734999996115,26731.0
1788768750,50,GET,GET /articles (list),5.700000,0.000000,10,21,62,99,340,700,840,850,850,850,850,345,0,6,28.055027826083435,2.1393000001808105,854.039300000295,25516.289855072464
1788768750,50,GET,GET /articles/{id} (detail),2.100000,0.000000,6,11,17,20,110,320,600,600,600,600,600,131,0,6,15.993454961822751,1.8694999998842832,602.621399999407,2681.885496183206
1788768750,50,POST,[setup] POST /auth/login,1.400000,0.000000,780,900,900,900,900,1000,1000,1000,1000,1000,1000,17,0,740,728.907847058856,223.36099999938597,1002.2326000007524,178.8235294117647
1788768750,50,,Aggregated,24.300000,0.000000,10,28,240,390,720,900,970,1000,1100,1100,1100,1542,0,6,48.8084634889706,1.7769999994925456,1058.1734999996115,24123.41504539559
1788768751,50,GET,GET /articles (anon),18.200000,0.000000,9,14,230,390,720,910,1000,1000,1100,1100,1100,1081,0,6,47.452901110079274,1.7769999994925456,1058.1734999996115,26731.0
1788768751,50,GET,GET /articles (list),6.500000,0.000000,10,16,50,80,340,700,840,850,850,850,850,355,0,6,27.409532394366078,2.1393000001808105,854.039300000295,25508.394366197183
1788768751,50,GET,GET /articles/{id} (detail),2.400000,0.000000,6,10,13,17,110,320,600,600,600,600,600,137,0,5,15.54027810217606,1.8694999998842832,602.621399999407,2715.5547445255474
1788768751,50,POST,[setup] POST /auth/login,1.400000,0.000000,780,900,900,900,900,1000,1000,1000,1000,1000,1000,17,0,740,728.907847058856,223.36099999938597,1002.2326000007524,178.8235294117647
1788768751,50,,Aggregated,28.500000,0.000000,9,15,140,340,710,840,920,1000,1100,1100,1100,1590,0,6,47.51410163521652,1.7769999994925456,1058.1734999996115,24104.88176100629
1788768752,50,GET,GET /articles (anon),20.900000,0.000000,8,12,67,340,710,790,970,1000,1100,1100,1100,1117,0,6,46.16792909579112,1.7769999994925456,1058.1734999996115,26731.0
1788768752,50,GET,GET /articles (list),7.700000,0.000000,9,14,28,64,300,700,840,850,850,850,850,367,0,6,26.717986103540913,2.1393000001808105,854.039300000295,25511.25068119891
1788768752,50,GET,GET /articles/{id} (detail),2.600000,0.000000,6,11,13,16,54,200,600,600,600,600,600,141,0,5,15.377809929063044,1.8694999998842832,602.621399999407,2708.7801418439717
1788768752,50,POST,[setup] POST /auth/login,1.400000,0.000000,780,900,900,900,900,1000,1000,1000,1000,1000,1000,17,0,740,728.907847058856,223.36099999938597,1002.2326000007524,178.8235294117647
1788768752,50,,Aggregated,32.600000,0.000000,9,13,62,240,710,790,920,1000,1100,1100,1100,1642,0,6,46.24529981729394,1.7769999994925456,1058.1734999996115,24120.666260657734
1788768753,50,GET,GET /articles (anon),23.100000,0.000000,8,10,14,21,440,710,970,1000,1100,1100,1100,1152,0,6,44.973131250001096,1.7769999994925456,1058.1734999996115,26731.0
1788768753,50,GET,GET /articles (list),8.400000,0.000000,8,10,16,27,170,490,710,800,850,850,850,378,0,6,26.151662962955392,2.1393000001808105,854.039300000295,25496.664021164022
1788768753,50,GET,GET /articles/{id} (detail),3.300000,0.000000,6,10,12,13,54,200,600,600,600,600,600,148,0,6,15.020972297280865,1.8694999998842832,602.621399999407,2694.25
1788768753,50,POST,[setup] POST /auth/login,1.400000,0.000000,690,780,780,780,1000,1000,1000,1000,1000,1000,1000,17,0,740,728.907847058856,223.36099999938597,1002.2326000007524,178.8235294117647
1788768753,50,,Aggregated,36.200000,0.000000,8,10,15,27,400,710,800,1000,1100,1100,1100,1695,0,6,45.02000772861152,1.7769999994925456,1058.1734999996115,24090.64306784661
1788768754,50,GET,GET /articles (anon),26.400000,0.000000,7,9,10,12,77,440,910,1000,1100,1100,1100,1185,0,6,43.88914362869262,1.7769999994925456,1058.1734999996115,26731.0
1788768754,50,GET,GET /articles (list),9.400000,0.000000,7,9,10,14,99,290,710,800,850,850,850,389,0,6,25.572470694079623,2.1393000001808105,854.039300000295,25486.313624678663
1788768754,50,GET,GET /articles/{id} (detail),3.900000,0.000000,6,8,10,11,15,17,54,54,54,54,54,153,0,6,14.68656405226807,1.7949000002772664,602.621399999407,2706.052287581699
1788768754,50,POST,[setup] POST /auth/login,1.400000,0.000000,780,780,1000,1000,1000,1000,1000,1000,1000,1000,1000,17,0,740,728.907847058856,223.36099999938597,1002.2326000007524,178.8235294117647
1788768754,50,,Aggregated,41.100000,0.000000,7,9,10,12,77,430,800,1000,1100,1100,1100,1744,0,6,43.919038990822976,1.7769999994925456,1058.1734999996115,24086.85607798165
1788768755,50,GET,GET /articles (anon),29.100000,0.000000,7,9,10,11,19,430,910,1000,1100,1100,1100,1220,0,6,42.85580901639791,1.7769999994925456,1058.1734999996115,26731.0
1788768755,50,GET,GET /articles (list),10.400000,0.000000,7,9,10,12,64,290,710,800,850,850,850,402,0,6,25.000288805962718,2.1393000001808105,854.039300000295,25508.666666666668
1788768755,50,GET,GET /articles/{id} (detail),4.300000,0.000000,6,8,8,10,13,15,17,17,17,17,17,157,0,6,14.463621656035405,1.7949000002772664,602.621399999407,2694.7133757961783
1788768755,50,POST,[setup] POST /auth/login,1.400000,0.000000,780,780,1000,1000,1000,1000,1000,1000,1000,1000,1000,17,0,740,728.907847058856,223.36099999938597,1002.2326000007524,178.8235294117647
1788768755,50,,Aggregated,45.200000,0.000000,7,9,10,12,20,400,800,1000,1100,1100,1100,1796,0,6,42.871060746102756,1.7769999994925456,1058.1734999996115,24104.907572383072
1788768756,50,GET,GET /articles (anon),30.900000,0.000000,6,8,9,9,12,14,18,19,21,21,21,1253,0,6,41.89839776536711,1.7769999994925456,1058.1734999996115,26731.0
1788768756,50,GET,GET /articles (list),11.100000,0.000000,7,8,9,10,12,15,21,21,21,21,21,415,0,6,24.466104337341633,2.1393000001808105,854.039300000295,25504.53734939759
1788768756,50,GET,GET /articles/{id} (detail),4.800000,0.000000,6,8,9,10,12,13,16,16,16,16,16,161,0,6,14.303690062099111,1.7949000002772664,602.621399999407,2667.6211180124224
1788768756,50,POST,[setup] POST /auth/login,0.700000,0.000000,780,780,1000,1000,1000,1000,1000,1000,1000,1000,1000,17,0,740,728.907847058856,223.36099999938597,1002.2326000007524,178.8235294117647
1788768756,50,,Aggregated,47.500000,0.000000,6,8,9,9,12,15,18,20,21,21,21,1846,0,6,41.899487107259084,1.7769999994925456,1058.1734999996115,24112.054712892743
1788768757,50,GET,GET /articles (anon),31.400000,0.000000,6,8,9,9,13,14,18,18,21,21,21,1291,0,6,40.906537025561676,1.7769999994925456,1058.1734999996115,26731.0
1788768757,50,GET,GET /articles (list),11.600000,0.000000,6,8,9,10,12,15,18,18,21,21,21,425,0,6,24.09664329411124,2.1393000001808105,854.039300000295,25524.028235294118
1788768757,50,GET,GET /articles/{id} (detail),4.900000,0.000000,6,8,9,10,12,13,16,16,16,16,16,166,0,6,14.17288674697265,1.7949000002772664,602.621399999407,2698.632530120482
1788768757,50,POST,[setup] POST /auth/login,0.400000,0.000000,780,780,1000,1000,1000,1000,1000,1000,1000,1000,1000,17,0,740,728.907847058856,223.36099999938597,1002.2326000007524,178.8235294117647
1788768757,50,,Aggregated,48.300000,0.000000,6,8,9,10,12,15,18,18,21,21,21,1899,0,6,40.966585202735864,1.7769999994925456,1058.1734999996115,24122.404423380725
1788768758,50,GET,GET /articles (anon),34.600000,0.000000,7,8,9,10,13,14,18,18,21,21,21,1317,0,6,40.26728633257331,1.7769999994925456,1058.1734999996115,26731.0
1788768758,50,GET,GET /articles (list),12.200000,0.000000,6,8,9,10,13,15,18,18,21,21,21,437,0,6,23.65721693363318,2.1393000001808105,854.039300000295,25503.45995423341
1788768758,50,GET,GET /articles/{id} (detail),5.100000,0.000000,7,8,9,10,11,13,16,16,16,16,16,170,0,6,14.036719999980692,1.7949000002772664,602.621399999407,2681.170588235294
1788768758,50,POST,[setup] POST /auth/login,0.300000,0.000000,780,780,1000,1000,1000,1000,1000,1000,1000,1000,1000,17,0,740,728.907847058856,223.36099999938597,1002.2326000007524,178.8235294117647
1788768758,50,,Aggregated,52.200000,0.000000,7,8,9,10,13,15,18,18,21,21,21,1941,0,6,40.26166702730242,1.7769999994925456,1058.1734999996115,24115.70221535291
1788768759,50,GET,GET /articles (anon),33.700000,0.000000,6,8,9,10,12,14,17,18,20,20,20,1350,0,6,39.452175925925985,1.7769999994925456,1058.1734999996115,26731.0
1788768759,50,GET,GET /articles (list),11.500000,0.000000,7,8,9,10,12,14,18,18,21,21,21,451,0,6,23.183825942341194,2.1393000001808105,854.039300000295,25519.727272727272
1788768759,50,GET,GET /articles/{id} (detail),5.200000,0.000000,7,8,9,9,11,13,15,16,16,16,16,175,0,6,13.829830285698595,1.7949000002772664,602.621399999407,2666.6285714285714
1788768759,50,POST,[setup] POST /auth/login,0.000000,0.000000,780,780,1000,1000,1000,1000,1000,1000,1000,1000,1000,17,0,740,728.907847058856,223.36099999938597,1002.2326000007524,178.8235294117647
1788768759,50,,Aggregated,50.400000,0.000000,6,8,9,10,12,14,17,18,21,21,21,1993,0,6,39.40190501755835,1.7769999994925456,1058.1734999996115,24117.38434520823
1788768760,50,GET,GET /articles (anon),34.000000,0.000000,7,8,10,11,13,15,18,18,20,20,20,1383,0,6,38.75692856109825,1.7769999994925456,1058.1734999996115,26731.0
1788768760,50,GET,GET /articles (list),11.700000,0.000000,7,8,9,10,13,14,18,18,21,21,21,463,0,6,22.80413434124493,2.1393000001808105,854.039300000295,25513.099352051835
1788768760,50,GET,GET /articles/{id} (detail),5.100000,0.000000,8,9,9,10,11,13,16,16,16,16,16,178,0,6,13.726766292117308,1.7949000002772664,602.621399999407,2668.067415730337
1788768760,50,POST,[setup] POST /auth/login,0.000000,0.000000,780,780,1000,1000,1000,1000,1000,1000,1000,1000,1000,17,0,740,728.907847058856,223.36099999938597,1002.2326000007524,178.8235294117647
1788768760,50,,Aggregated,50.800000,0.000000,7,8,9,10,13,14,18,18,21,21,21,2041,0,6,38.703549338555995,1.7769999994925456,1058.1734999996115,24134.97991180794
1788768761,50,GET,GET /articles (anon),33.000000,0.000000,7,9,10,11,13,14,17,18,19,19,19,1413,0,6,38.10715357395557,1.7769999994925456,1058.1734999996115,26731.0
1788768761,50,GET,GET /articles (list),11.700000,0.000000,7,9,10,10,13,14,18,18,21,21,21,477,0,6,22.363994129971832,2.1393000001808105,854.039300000295,25498.46331236897
1788768761,50,GET,GET /articles/{id} (detail),5.200000,0.000000,8,9,9,10,11,13,16,16,16,16,16,183,0,6,13.494878142064607,1.7949000002772664,602.621399999407,2663.6065573770493
1788768761,50,POST,[setup] POST /auth/login,0.000000,0.000000,780,780,1000,1000,1000,1000,1000,1000,1000,1000,1000,17,0,740,728.907847058856,223.36099999938597,1002.2326000007524,178.8235294117647
1788768761,50,,Aggregated,49.900000,0.000000,7,9,10,10,13,14,17,18,21,21,21,2090,0,6,37.97800444975802,1.7769999994925456,1058.1734999996115,24126.387559808612
1788768762,50,GET,GET /articles (anon),33.200000,0.000000,7,9,10,11,13,14,17,18,22,22,22,1446,0,6,37.43585670816206,1.7769999994925456,1058.1734999996115,26731.0
1788768762,50,GET,GET /articles (list),11.500000,0.000000,7,9,10,10,13,14,18,18,21,21,21,486,0,6,22.074708024683975,2.1393000001808105,854.039300000295,25490.526748971195
1788768762,50,GET,GET /articles/{id} (detail),5.300000,0.000000,8,8,9,9,11,13,20,20,20,20,20,189,0,6,13.360932804223237,1.7949000002772664,602.621399999407,2652.3809523809523
1788768762,50,POST,[setup] POST /auth/login,0.000000,0.000000,780,780,1000,1000,1000,1000,1000,1000,1000,1000,1000,17,0,740,728.907847058856,223.36099999938597,1002.2326000007524,178.8235294117647
1788768762,50,,Aggregated,50.000000,0.000000,7,9,10,11,13,14,18,19,22,22,22,2138,0,6,37.31394134705219,1.7769999994925456,1058.1734999996115,24109.336763330215
1788768763,50,GET,GET /articles (anon),33.000000,0.000000,7,9,10,11,13,14,17,18,22,22,22,1476,0,6,36.801751897022335,1.7769999994925456,1058.1734999996115,26731.0
1788768763,50,GET,GET /articles (list),12.000000,0.000000,7,9,10,10,12,14,16,18,21,21,21,500,0,6,21.617291799994746,2.1393000001808105,854.039300000295,25496.48
1788768763,50,GET,GET /articles/{id} (detail),4.900000,0.000000,8,9,9,10,11,11,20,20,20,20,20,192,0,6,13.276911979154704,1.7949000002772664,602.621399999407,2664.4166666666665
1788768763,50,POST,[setup] POST /auth/login,0.000000,0.000000,780,780,1000,1000,1000,1000,1000,1000,1000,1000,1000,17,0,740,728.907847058856,223.36099999938597,1002.2326000007524,178.8235294117647
1788768763,50,,Aggregated,49.900000,0.000000,7,9,10,11,13,14,17,19,22,22,22,2185,0,6,36.644682929062085,1.7769999994925456,1058.1734999996115,24127.141418764302
1788768764,50,GET,GET /articles (anon),32.600000,0.000000,7,9,10,11,14,14,17,18,22,22,22,1515,0,6,36.04498508250952,1.7769999994925456,1058.1734999996115,26731.0
1788768764,50,GET,GET /articles (list),12.000000,0.000000,7,9,10,10,12,14,16,18,21,21,21,515,0,6,21.20166563106412,2.1393000001808105,854.039300000295,25503.40776699029
1788768764,50,GET,GET /articles/{id} (detail),4.700000,0.000000,8,9,10,10,11,15,20,20,20,20,20,195,0,6,13.231492307677867,1.7949000002772664,602.621399999407,2662.102564102564
1788768764,50,POST,[setup] POST /auth/login,0.000000,0.000000,0,0,0,0,0,0,0,0,0,0,0,17,0,740,728.907847058856,223.36099999938597,1002.2326000007524,178.8235294117647
1788768764,50,,Aggregated,49.300000,0.000000,7,9,10,11,13,14,17,19,22,22,22,2242,0,6,35.904810258696536,1.7769999994925456,1058.1734999996115,24154.2685102587
1788768765,50,GET,GET /articles (anon),32.600000,0.000000,7,9,10,11,14,15,17,19,22,22,22,1546,0,6,35.493651811125645,1.7769999994925456,1058.1734999996115,26731.0
1788768765,50,GET,GET /articles (list),11.800000,0.000000,7,9,10,10,11,13,14,16,18,18,18,530,0,6,20.771650754715907,2.1393000001808105,854.039300000295,25522.071698113206
1788768765,50,GET,GET /articles/{id} (detail),4.900000,0.000000,8,9,10,10,12,15,20,20,20,20,20,199,0,6,13.060083919594145,1.7450000004828325,602.621399999407,2682.532663316583
1788768765,50,POST,[setup] POST /auth/login,0.000000,0.000000,0,0,0,0,0,0,0,0,0,0,0,17,0,740,728.907847058856,223.36099999938597,1002.2326000007524,178.8235294117647
1788768765,50,,Aggregated,49.300000,0.000000,7,9,10,11,13,14,17,19,22,22,22,2292,0,6,35.28470798429291,1.7450000004828325,1058.1734999996115,24166.530541012216
1788768766,50,GET,GET /articles (anon),32.600000,0.000000,7,9,10,11,14,15,17,19,22,22,22,1576,0,6,34.95219384517799,1.7769999994925456,1058.1734999996115,26731.0
1788768766,50,GET,GET /articles (list),12.200000,0.000000,7,9,10,10,11,13,15,16,19,19,19,541,0,6,20.489415341957496,2.1393000001808105,854.039300000295,25522.506469500924
1788768766,50,GET,GET /articles/{id} (detail),4.300000,0.000000,7,8,9,10,11,15,20,20,20,20,20,203,0,6,12.868761083739498,1.7450000004828325,602.621399999407,2665.64039408867
1788768766,50,POST,[setup] POST /auth/login,0.000000,0.000000,0,0,0,0,0,0,0,0,0,0,0,17,0,740,728.907847058856,223.36099999938597,1002.2326000007524,178.8235294117647
1788768766,50,,Aggregated,49.100000,0.000000,7,9,10,11,13,14,17,19,22,22,22,2337,0,6,34.73394227642237,1.7450000004828325,1058.1734999996115,24167.692340607617
1788768767,50,GET,GET /articles (anon),32.600000,0.000000,7,8,10,10,13,15,17,19,22,22,22,1611,0,6,34.26508001241497,1.7769999994925456,1058.1734999996115,26731.0
1788768767,50,GET,GET /articles (list),12.200000,0.000000,6,8,10,10,11,12,14,15,19,19,19,554,0,6,20.079152346570055,2.0629999999073334,854.039300000295,25530.691335740074
1788768767,50,GET,GET /articles/{id} (detail),4.200000,0.000000,5,8,8,9,11,12,20,20,20,20,20,209,0,6,12.563532057415244,1.683200000115903,602.621399999407,2655.1387559808613
1788768767,50,POST,[setup] POST /auth/login,0.000000,0.000000,0,0,0,0,0,0,0,0,0,0,0,17,0,740,728.907847058856,223.36099999938597,1002.2326000007524,178.8235294117647
1788768767,50,,Aggregated,49.000000,0.000000,6,8,10,10,12,14,17,19,22,22,22,2391,0,6,34.02011957340048,1.683200000115903,1058.1734999996115,24159.601840234212
1788768768,50,GET,GET /articles (anon),32.000000,0.000000,6,8,9,10,13,15,17,19,22,22,22,1639,0,6,33.7503251372796,1.7769999994925456,1058.1734999996115,26731.0
1788768768,50,GET,GET /articles (list),12.900000,0.000000,5,7,9,10,11,12,14,15,19,19,19,569,0,6,19.65026326889019,1.7811000006986433,854.039300000295,25510.769771528998
1788768768,50,GET,GET /articles/{id} (detail),4.000000,0.000000,5,6,8,9,11,15,20,20,20,20,20,212,0,6,12.450571226416818,1.683200000115903,602.621399999407,2656.7075471698113
1788768768,50,POST,[setup] POST /auth/login,0.000000,0.000000,0,0,0,0,0,0,0,0,0,0,0,17,0,740,728.907847058856,223.36099999938597,1002.2326000007524,178.8235294117647
1788768768,50,,Aggregated,48.900000,0.000000,6,8,9,10,12,14,17,19,22,22,22,2437,0,6,33.45454952810858,1.683200000115903,1058.1734999996115,24166.59786622897
1788768769,50,GET,GET /articles (anon),31.800000,0.000000,6,7,9,10,11,14,16,18,22,22,22,1674,0,6,33.163102867382804,1.7769999994925456,1058.1734999996115,26731.0
1788768769,50,GET,GET /articles (list),12.800000,0.000000,5,7,8,9,11,11,14,15,19,19,19,580,0,6,19.380060862070046,1.7116999997597304,854.039300000295,25498.01896551724
1788768769,50,GET,GET /articles/{id} (detail),4.100000,0.000000,4,5,8,9,11,15,20,20,20,20,20,216,0,6,12.301329166670408,1.683200000115903,602.621399999407,2652.0138888888887
1788768769,50,POST,[setup] POST /auth/login,0.000000,0.000000,0,0,0,0,0,0,0,0,0,0,0,17,0,740,728.907847058856,223.36099999938597,1002.2326000007524,178.8235294117647
1788768769,50,,Aggregated,48.700000,0.000000,5,7,9,9,11,14,16,19,22,22,22,2487,0,6,32.892637716124135,1.683200000115903,1058.1734999996115,24170.655408122235
1788768770,50,GET,GET /articles (anon),31.200000,0.000000,5,7,8,9,11,14,16,18,22,22,22,1704,0,6,32.64533110328523,1.7769999994925456,1058.1734999996115,26731.0
1788768770,50,GET,GET /articles (list),12.700000,0.000000,5,6,7,8,10,11,12,15,19,19,19,593,0,6,19.040000843172848,1.7116999997597304,854.039300000295,25495.362563237773
1788768770,50,GET,GET /articles/{id} (detail),4.200000,0.000000,4,5,6,8,11,15,20,20,20,20,20,221,0,5,12.093856561088977,1.683200000115903,602.621399999407,2658.556561085973
1788768770,50,POST,[setup] POST /auth/login,0.000000,0.000000,0,0,0,0,0,0,0,0,0,0,0,17,0,740,728.907847058856,223.36099999938597,1002.2326000007524,178.8235294117647
1788768770,50,,Aggregated,48.100000,0.000000,5,6,8,9,11,13,16,19,22,22,22,2535,0,6,32.34025262327442,1.683200000115903,1058.1734999996115,24165.26824457594
1788768771,50,GET,GET /articles (anon),31.500000,0.000000,5,6,7,8,11,13,16,17,19,19,19,1739,0,6,32.06060034502358,1.7769999994925456,1058.1734999996115,26731.0
1788768771,50,GET,GET /articles (list),12.700000,0.000000,4,5,7,8,10,11,12,15,19,19,19,603,0,6,18.788605306804016,1.6889999997147243,854.039300000295,25498.592039800995
1788768771,50,GET,GET /articles/{id} (detail),4.200000,0.000000,4,5,5,6,9,11,15,15,15,15,15,228,0,5,11.82942061404303,1.683200000115903,602.621399999407,2645.5263157894738
1788768771,50,POST,[setup] POST /auth/login,0.000000,0.000000,0,0,0,0,0,0,0,0,0,0,0,17,0,740,728.907847058856,223.36099999938597,1002.2326000007524,178.8235294117647
1788768771,50,,Aggregated,48.400000,0.000000,5,6,7,8,10,11,15,17,19,19,19,2587,0,6,31.76322160804061,1.683200000115903,1058.1734999996115,24146.532663316582
1788768772,50,GET,GET /articles (anon),31.500000,0.000000,4,6,7,8,10,11,15,16,19,19,19,1764,0,6,31.661904591834386,1.7769999994925456,1058.1734999996115,26731.0
1788768772,50,GET,GET /articles (list),12.800000,0.000000,4,5,6,7,10,11,13,15,19,19,19,611,0,6,18.608232405894448,1.6889999997147243,854.039300000295,25512.556464811783
1788768772,50,GET,GET /articles/{id} (detail),4.000000,0.000000,4,4,5,6,8,11,12,15,15,15,15,238,0,5,11.471215126058658,1.683200000115903,602.621399999407,2627.1470588235293
1788768772,50,POST,[setup] POST /auth/login,0.000000,0.000000,0,0,0,0,0,0,0,0,0,0,0,17,0,740,728.907847058856,223.36099999938597,1002.2326000007524,178.8235294117647
1788768772,50,,Aggregated,48.300000,0.000000,4,5,6,7,10,11,15,16,19,19,19,2630,0,6,31.309054106463776,1.683200000115903,1058.1734999996115,24095.040684410647
1788768773,50,GET,GET /articles (anon),31.900000,0.000000,4,5,6,7,9,11,14,16,19,19,19,1803,0,6,31.070753355515762,1.6583000005994109,1058.1734999996115,26731.0
1788768773,50,GET,GET /articles (list),12.600000,0.000000,4,5,6,7,9,11,13,15,19,19,19,625,0,6,18.270223680005437,1.6889999997147243,854.039300000295,25523.1952
1788768773,50,GET,GET /articles/{id} (detail),4.100000,0.000000,3,4,4,5,6,8,15,15,15,15,15,242,0,5,11.34154545455519,1.683200000115903,602.621399999407,2624.4793388429753
1788768773,50,POST,[setup] POST /auth/login,0.000000,0.000000,0,0,0,0,0,0,0,0,0,0,0,17,0,740,728.907847058856,223.36099999938597,1002.2326000007524,178.8235294117647
1788768773,50,,Aggregated,48.600000,0.000000,4,5,6,7,9,11,14,16,19,19,19,2687,0,6,30.731501860811708,1.6583000005994109,1058.1734999996115,24110.961667286938
1788768774,50,GET,GET /articles (anon),31.900000,0.000000,4,5,6,6,8,10,12,16,19,19,19,1839,0,6,30.538892224031315,1.6583000005994109,1058.1734999996115,26731.0
1788768774,50,GET,GET /articles (list),12.500000,0.000000,4,4,5,6,8,11,15,17,19,19,19,637,0,6,18.024544897962674,1.6889999997147243,854.039300000295,25522.478806907377
1788768774,50,GET,GET /articles/{id} (detail),4.500000,0.000000,3,4,4,5,6,6,8,8,8,8,8,246,0,5,11.22645609756901,1.683200000115903,602.621399999407,2614.743902439024
1788768774,50,POST,[setup] POST /auth/login,0.000000,0.000000,0,0,0,0,0,0,0,0,0,0,0,17,0,740,728.907847058856,223.36099999938597,1002.2326000007524,178.8235294117647
1788768774,50,,Aggregated,48.900000,0.000000,4,5,5,6,8,10,13,17,19,19,19,2739,0,6,30.228477364000767,1.6583000005994109,1058.1734999996115,24119.16575392479
1788768775,50,GET,GET /articles (anon),32.200000,0.000000,4,5,5,6,7,10,11,12,15,15,15,1872,0,6,30.094622649569256,1.6583000005994109,1058.1734999996115,26731.0
1788768775,50,GET,GET /articles (list),12.500000,0.000000,4,4,5,5,7,9,13,15,17,17,17,648,0,6,17.812281944450092,1.6889999997147243,854.039300000295,25531.890432098764
1788768775,50,GET,GET /articles/{id} (detail),4.800000,0.000000,4,4,4,5,5,6,6,7,7,7,7,252,0,5,11.081038492065206,1.683200000115903,602.621399999407,2626.6626984126983
1788768775,50,POST,[setup] POST /auth/login,0.000000,0.000000,0,0,0,0,0,0,0,0,0,0,0,17,0,740,728.907847058856,223.36099999938597,1002.2326000007524,178.8235294117647
1788768775,50,,Aggregated,49.500000,0.000000,4,4,5,5,7,9,11,13,17,17,17,2789,0,6,29.7824838293288,1.6583000005994109,1058.1734999996115,24112.605234851202
1788768776,50,GET,GET /articles (anon),32.000000,0.000000,4,5,5,6,7,8,11,11,15,15,15,1905,0,6,29.658729343828348,1.6583000005994109,1058.1734999996115,26731.0
1788768776,50,GET,GET /articles (list),12.200000,0.000000,4,4,5,6,8,9,13,13,17,17,17,664,0,6,17.500155873497956,1.6889999997147243,854.039300000295,25539.11295180723
1788768776,50,GET,GET /articles/{id} (detail),5.200000,0.000000,4,4,5,5,6,6,7,10,10,10,10,256,0,5,10.983689843746092,1.683200000115903,602.621399999407,2647.37109375
1788768776,50,POST,[setup] POST /auth/login,0.000000,0.000000,0,0,0,0,0,0,0,0,0,0,0,17,0,740,728.907847058856,223.36099999938597,1002.2326000007524,178.8235294117647
1788768776,50,,Aggregated,49.400000,0.000000,4,5,5,6,7,8,11,13,17,17,17,2842,0,6,29.31852248416429,1.6583000005994109,1058.1734999996115,24124.311400422237
1788768777,50,GET,GET /articles (anon),32.200000,0.000000,4,5,5,6,7,9,11,11,15,15,15,1936,0,6,29.26077133264001,1.6583000005994109,1058.1734999996115,26731.0
1788768777,50,GET,GET /articles (list),12.000000,0.000000,4,4,5,6,8,9,13,13,17,17,17,676,0,6,17.265274556215438,1.6889999997147243,854.039300000295,25534.229289940828
1788768777,50,GET,GET /articles/{id} (detail),5.300000,0.000000,4,4,5,5,6,7,10,10,10,10,10,260,0,5,10.879117692304764,1.683200000115903,602.621399999407,2634.0
1788768777,50,POST,[setup] POST /auth/login,0.000000,0.000000,0,0,0,0,0,0,0,0,0,0,0,17,0,740,728.907847058856,223.36099999938597,1002.2326000007524,178.8235294117647
1788768777,50,,Aggregated,49.500000,0.000000,4,5,5,6,7,9,11,13,17,17,17,2889,0,6,28.91664344063418,1.6583000005994109,1058.1734999996115,24126.076497057806
1788768778,50,GET,GET /articles (anon),32.400000,0.000000,4,5,5,6,7,9,11,11,15,15,15,1973,0,6,28.777173238718373,1.6583000005994109,1058.1734999996115,26731.0
1788768778,50,GET,GET /articles (list),11.800000,0.000000,4,5,5,6,8,9,13,13,17,17,17,690,0,6,17.00302521739552,1.6889999997147243,854.039300000295,25552.742028985507
1788768778,50,GET,GET /articles/{id} (detail),5.400000,0.000000,4,4,5,5,6,7,10,10,10,10,10,264,0,5,10.754593939387206,1.6521999996257364,602.621399999407,2643.693181818182
1788768778,50,POST,[setup] POST /auth/login,0.000000,0.000000,0,0,0,0,0,0,0,0,0,0,0,17,0,740,728.907847058856,223.36099999938597,1002.2326000007524,178.8235294117647
1788768778,50,,Aggregated,49.600000,0.000000,4,5,5,6,7,9,11,13,17,17,17,2944,0,6,28.444326222823605,1.6521999996257364,1058.1734999996115,24141.518342391304
1788768779,50,GET,GET /articles (anon),32.800000,0.000000,4,5,5,5,6,8,10,11,15,15,15,2001,0,6,28.43003948025595,1.6583000005994109,1058.1734999996115,26731.0
1788768779,50,GET,GET /articles (list),12.200000,0.000000,4,4,5,6,8,9,13,13,17,17,17,702,0,6,16.783554843309155,1.6889999997147243,854.039300000295,25549.696581196582
1788768779,50,GET,GET /articles/{id} (detail),5.200000,0.000000,3,4,5,5,6,7,7,10,10,10,10,269,0,5,10.615617100370823,1.6521999996257364,602.621399999407,2647.6691449814125
1788768779,50,POST,[setup] POST /auth/login,0.000000,0.000000,0,0,0,0,0,0,0,0,0,0,0,17,0,740,728.907847058856,223.36099999938597,1002.2326000007524,178.8235294117647
1788768779,50,,Aggregated,50.200000,0.000000,4,4,5,5,7,9,10,13,17,17,17,2989,0,6,28.07547638005859,1.6521999996257364,1058.1734999996115,24135.122448979593
1788768780,50,GET,GET /articles (anon),33.000000,0.000000,4,5,5,6,7,9,10,11,15,15,15,2033,0,6,28.047874225278495,1.6583000005994109,1058.1734999996115,26731.0
1788768780,50,GET,GET /articles (list),12.100000,0.000000,4,5,5,6,8,10,13,13,17,17,17,712,0,6,16.619223595510352,1.6889999997147243,854.039300000295,25554.31882022472
1788768780,50,GET,GET /articles/{id} (detail),5.200000,0.000000,4,4,5,5,6,7,7,10,10,10,10,274,0,5,10.503533941601765,1.6521999996257364,602.621399999407,2637.543795620438
1788768780,50,POST,[setup] POST /auth/login,0.000000,0.000000,0,0,0,0,0,0,0,0,0,0,0,17,0,740,728.907847058856,223.36099999938597,1002.2326000007524,178.8235294117647
1788768780,50,,Aggregated,50.300000,0.000000,4,5,5,6,7,9,11,13,17,17,17,3036,0,6,27.70870131752095,1.6521999996257364,1058.1734999996115,24131.925230566536
1788768781,50,GET,GET /articles (anon),33.200000,0.000000,4,5,5,6,7,9,10,11,15,15,15,2066,0,6,27.668922458853658,1.6583000005994109,1058.1734999996115,26731.0
1788768781,50,GET,GET /articles (list),12.300000,0.000000,4,5,6,6,8,9,12,13,17,17,17,728,0,6,16.365640521984247,1.6889999997147243,854.039300000295,25559.64423076923
1788768781,50,GET,GET /articles/{id} (detail),5.000000,0.000000,4,4,5,5,6,7,10,10,10,10,10,278,0,5,10.397121942442485,1.6521999996257364,602.621399999407,2645.5647482014388
1788768781,50,POST,[setup] POST /auth/login,0.000000,0.000000,0,0,0,0,0,0,0,0,0,0,0,17,0,740,728.907847058856,223.36099999938597,1002.2326000007524,178.8235294117647
1788768781,50,,Aggregated,50.500000,0.000000,4,5,5,6,7,9,11,12,17,17,17,3089,0,6,27.309813337648208,1.6521999996257364,1058.1734999996115,24141.202330851407
1788768782,50,GET,GET /articles (anon),33.300000,0.000000,4,5,5,6,7,9,11,12,18,18,18,2102,0,6,27.27845604186179,1.6583000005994109,1058.1734999996115,26731.0
1788768782,50,GET,GET /articles (list),12.000000,0.000000,4,5,6,6,9,11,13,17,19,19,19,738,0,6,16.228139972906188,1.6889999997147243,854.039300000295,25557.81571815718
1788768782,50,GET,GET /articles/{id} (detail),5.300000,0.000000,4,4,5,5,6,7,10,10,10,10,10,284,0,5,10.247792253515296,1.6521999996257364,602.621399999407,2641.056338028169
1788768782,50,POST,[setup] POST /auth/login,0.000000,0.000000,0,0,0,0,0,0,0,0,0,0,0,17,0,740,728.907847058856,223.36099999938597,1002.2326000007524,178.8235294117647
1788768782,50,,Aggregated,50.600000,0.000000,4,5,5,6,7,9,11,13,19,19,19,3141,0,5,26.939665170326872,1.6521999996257364,1058.1734999996115,24133.502069404647
1788768783,50,GET,GET /articles (anon),33.300000,0.000000,4,5,5,6,7,9,11,12,18,18,18,2130,0,5,26.97378276995034,1.6583000005994109,1058.1734999996115,26731.0
1788768783,50,GET,GET /articles (list),12.400000,0.000000,4,5,6,7,9,11,13,17,19,19,19,747,0,6,16.09713935743736,1.6889999997147243,854.039300000295,25558.016064257026
1788768783,50,GET,GET /articles/{id} (detail),5.300000,0.000000,3,4,5,5,6,7,10,10,10,10,10,291,0,5,10.083347766313446,1.6521999996257364,602.621399999407,2638.1168384879725
1788768783,50,POST,[setup] POST /auth/login,0.000000,0.000000,0,0,0,0,0,0,0,0,0,0,0,17,0,740,728.907847058856,223.36099999938597,1002.2326000007524,178.8235294117647
1788768783,50,,Aggregated,51.000000,0.000000,4,5,5,6,7,9,11,13,19,19,19,3185,0,5,26.62618775510117,1.6521999996257364,1058.1734999996115,24112.904238618525
1788768784,50,GET,GET /articles (anon),32.700000,0.000000,4,5,5,6,7,9,11,12,18,18,18,2164,0,5,26.619093715338607,1.6583000005994109,1058.1734999996115,26731.0
1788768784,50,GET,GET /articles (list),12.700000,0.000000,4,5,6,6,9,10,12,13,19,19,19,761,0,5,15.87522391590819,1.6889999997147243,854.039300000295,25565.917214191853
1788768784,50,GET,GET /articles/{id} (detail),4.900000,0.000000,3,4,5,5,6,7,10,10,10,10,10,296,0,5,9.978515202688511,1.6521999996257364,602.621399999407,2641.6689189189187
1788768784,50,POST,[setup] POST /auth/login,0.000000,0.000000,0,0,0,0,0,0,0,0,0,0,0,17,0,740,728.907847058856,223.36099999938597,1002.2326000007524,178.8235294117647
1788768784,50,,Aggregated,50.300000,0.000000,4,5,5,6,7,9,11,13,19,19,19,3238,0,5,26.259987059911907,1.6521999996257364,1058.1734999996115,24115.66429894997
1788768785,50,GET,GET /articles (anon),32.700000,0.000000,4,5,5,6,7,8,10,11,18,18,18,2190,0,5,26.346574018262057,1.6583000005994109,1058.1734999996115,26731.0
1788768785,50,GET,GET /articles (list),12.600000,0.000000,4,5,6,6,8,10,11,12,19,19,19,774,0,5,15.66276485788655,1.6889999997147243,854.039300000295,25559.31266149871
1788768785,50,GET,GET /articles/{id} (detail),4.600000,0.000000,3,4,4,5,6,7,10,10,10,10,10,300,0,5,9.88513433332173,1.6521999996257364,602.621399999407,2634.13
1788768785,50,POST,[setup] POST /auth/login,0.000000,0.000000,0,0,0,0,0,0,0,0,0,0,0,17,0,740,728.907847058856,223.36099999938597,1002.2326000007524,178.8235294117647
1788768785,50,,Aggregated,49.900000,0.000000,4,5,5,6,7,9,11,11,19,19,19,3281,0,5,25.96127729350647,1.6521999996257364,1058.1734999996115,24113.708320633952
1788768786,50,GET,GET /articles (anon),32.700000,0.000000,4,4,5,5,6,8,10,11,18,18,18,2230,0,5,25.94298224214985,1.6583000005994109,1058.1734999996115,26731.0
1788768786,50,GET,GET /articles (list),12.300000,0.000000,4,5,5,6,8,9,11,12,19,19,19,785,0,5,15.502344076439782,1.6889999997147243,854.039300000295,25545.830573248408
1788768786,50,GET,GET /articles/{id} (detail),4.800000,0.000000,3,4,4,5,5,6,7,7,7,7,7,303,0,5,9.823711881177204,1.6521999996257364,602.621399999407,2623.7227722772277
1788768786,50,POST,[setup] POST /auth/login,0.000000,0.000000,0,0,0,0,0,0,0,0,0,0,0,17,0,740,728.907847058856,223.36099999938597,1002.2326000007524,178.8235294117647
1788768786,50,,Aggregated,49.800000,0.000000,4,4,5,5,7,8,11,11,19,19,19,3335,0,5,25.604260449773978,1.6521999996257364,1058.1734999996115,24126.427286356822
1788768787,50,GET,GET /articles (anon),32.700000,0.000000,4,4,5,5,6,8,10,11,18,18,18,2260,0,5,25.639097300882792,1.6583000005994109,1058.1734999996115,26731.0
1788768787,50,GET,GET /articles (list),12.600000,0.000000,3,4,5,6,7,9,11,12,19,19,19,801,0,5,15.244903495633626,1.6889999997147243,854.039300000295,25536.188514357054
1788768787,50,GET,GET /articles/{id} (detail),4.700000,0.000000,3,4,4,4,5,6,7,7,7,7,7,310,0,5,9.659889032247754,1.6521999996257364,602.621399999407,2626.990322580645
1788768787,50,POST,[setup] POST /auth/login,0.000000,0.000000,0,0,0,0,0,0,0,0,0,0,0,17,0,740,728.907847058856,223.36099999938597,1002.2326000007524,178.8235294117647
1788768787,50,,Aggregated,50.000000,0.000000,3,4,5,5,6,8,11,11,19,19,19,3388,0,5,25.248384474614717,1.6521999996257364,1058.1734999996115,24109.785714285714
1788768788,50,GET,GET /articles (anon),32.000000,0.000000,4,4,5,5,6,8,10,11,18,18,18,2291,0,5,25.350594805759787,1.6583000005994109,1058.1734999996115,26731.0
1788768788,50,GET,GET /articles (list),12.100000,0.000000,4,4,5,6,8,10,11,12,19,19,19,813,0,5,15.095562976634094,1.6889999997147243,854.039300000295,25524.953259532595
1788768788,50,GET,GET /articles/{id} (detail),4.700000,0.000000,3,4,4,4,5,6,7,7,7,7,7,313,0,5,9.598274440881019,1.6521999996257364,602.621399999407,2626.1693290734825
1788768788,50,POST,[setup] POST /auth/login,0.000000,0.000000,0,0,0,0,0,0,0,0,0,0,0,17,0,740,728.907847058856,223.36099999938597,1002.2326000007524,178.8235294117647
1788768788,50,,Aggregated,48.800000,0.000000,4,4,5,5,7,8,11,11,19,19,19,3434,0,5,24.96988896330668,1.6521999996257364,1058.1734999996115,24116.930401863716
1788768789,50,GET,GET /articles (anon),32.100000,0.000000,4,4,5,5,7,8,10,11,18,18,18,2326,0,5,25.033130352534286,1.6583000005994109,1058.1734999996115,26731.0
1788768789,50,GET,GET /articles (list),12.200000,0.000000,4,5,5,6,8,10,12,14,19,19,19,825,0,5,14.950931515157373,1.6889999997147243,854.039300000295,25533.774545454544
1788768789,50,GET,GET /articles/{id} (detail),5.000000,0.000000,3,4,4,4,5,6,7,7,7,7,7,317,0,5,9.522544794935035,1.6521999996257364,602.621399999407,2627.0662460567823
1788768789,50,POST,[setup] POST /auth/login,0.000000,0.000000,0,0,0,0,0,0,0,0,0,0,0,17,0,740,728.907847058856,223.36099999938597,1002.2326000007524,178.8235294117647
1788768789,50,,Aggregated,49.300000,0.000000,4,4,5,5,7,8,11,12,19,19,19,3485,0,5,24.669055896698456,1.6521999996257364,1058.1734999996115,24125.535150645625
1788768790,50,GET,GET /articles (anon),32.100000,0.000000,4,4,5,5,6,7,9,11,18,18,18,2354,0,5,24.776898640609705,1.6583000005994109,1058.1734999996115,26731.0
1788768790,50,GET,GET /articles (list),12.400000,0.000000,3,4,5,5,7,9,11,14,19,19,19,841,0,5,14.728406658744545,1.6889999997147243,854.039300000295,25542.59690844233
1788768790,50,GET,GET /articles/{id} (detail),4.800000,0.000000,3,4,4,4,5,5,6,6,6,6,6,323,0,5,9.404413003081268,1.6521999996257364,602.621399999407,2629.7523219814243
1788768790,50,POST,[setup] POST /auth/login,0.000000,0.000000,0,0,0,0,0,0,0,0,0,0,0,17,0,740,728.907847058856,223.36099999938597,1002.2326000007524,178.8235294117647
1788768790,50,,Aggregated,49.300000,0.000000,4,4,5,5,6,8,10,11,19,19,19,3535,0,5,24.36788350777787,1.6521999996257364,1058.1734999996115,24118.401131541726
1788768791,50,GET,GET /articles (anon),32.000000,0.000000,3,4,5,5,6,7,9,11,18,18,18,2385,0,5,24.500435094338,1.6583000005994109,1058.1734999996115,26731.0
1788768791,50,GET,GET /articles (list),12.400000,0.000000,3,4,5,5,6,9,11,14,19,19,19,852,0,5,14.579998122073402,1.6889999997147243,854.039300000295,25522.846244131455
1788768791,50,GET,GET /articles/{id} (detail),4.900000,0.000000,3,4,4,4,5,6,18,18,18,18,18,329,0,5,9.346503951352924,1.6521999996257364,602.621399999407,2624.6686930091187
1788768791,50,POST,[setup] POST /auth/login,0.000000,0.000000,0,0,0,0,0,0,0,0,0,0,0,17,0,740,728.907847058856,223.36099999938597,1002.2326000007524,178.8235294117647
1788768791,50,,Aggregated,49.300000,0.000000,3,4,5,5,6,8,10,14,19,19,19,3583,0,5,24.092137677922935,1.6521999996257364,1058.1734999996115,24104.229974881386
1788768792,50,GET,GET /articles (anon),32.000000,0.000000,4,4,5,5,6,7,8,9,18,18,18,2421,0,5,24.206200413050688,1.6583000005994109,1058.1734999996115,26731.0
1788768792,50,GET,GET /articles (list),12.600000,0.000000,3,4,5,5,6,8,10,10,14,14,14,867,0,5,14.404859054216423,1.6889999997147243,854.039300000295,25527.15109573241
1788768792,50,GET,GET /articles/{id} (detail),4.700000,0.000000,3,4,4,4,5,7,18,18,18,18,18,334,0,5,9.269240119741783,1.6521999996257364,602.621399999407,2622.182634730539
1788768792,50,POST,[setup] POST /auth/login,0.000000,0.000000,0,0,0,0,0,0,0,0,0,0,0,17,0,740,728.907847058856,223.36099999938597,1002.2326000007524,178.8235294117647
1788768792,50,,Aggregated,49.300000,0.000000,3,4,5,5,6,7,9,10,18,18,18,3639,0,5,23.792136191260028,1.6521999996257364,1058.1734999996115,24107.348172574882
1788768793,50,GET,GET /articles (anon),31.500000,0.000000,4,4,5,5,7,8,11,13,18,18,18,2456,0,5,23.963399714983613,1.6583000005994109,1058.1734999996115,26731.0
1788768793,50,GET,GET /articles (list),12.600000,0.000000,3,4,5,5,6,8,10,10,14,14,14,876,0,5,14.307735844754378,1.6889999997147243,854.039300000295,25523.96803652968
1788768793,50,GET,GET /articles/{id} (detail),5.000000,0.000000,4,4,5,5,7,10,18,18,18,18,18,339,0,5,9.254977876084828,1.6521999996257364,602.621399999407,2625.1592920353983
1788768793,50,POST,[setup] POST /auth/login,0.000000,0.000000,0,0,0,0,0,0,0,0,0,0,0,17,0,740,728.907847058856,223.36099999938597,1002.2326000007524,178.8235294117647
1788768793,50,,Aggregated,49.100000,0.000000,4,4,5,5,7,8,11,14,18,18,18,3688,0,5,23.56739620390388,1.6521999996257364,1058.1734999996115,24106.101138828635
1788768794,50,GET,GET /articles (anon),31.400000,0.000000,4,4,5,6,7,8,11,13,18,18,18,2488,0,5,23.71070048231458,1.6583000005994109,1058.1734999996115,26731.0
1788768794,50,GET,GET /articles (list),12.400000,0.000000,3,4,5,5,6,8,10,10,14,14,14,887,0,5,14.18382525367057,1.6889999997147243,854.039300000295,25511.84329199549
1788768794,50,GET,GET /articles/{id} (detail),5.000000,0.000000,4,4,5,5,7,10,18,18,18,18,18,346,0,5,9.167684393041046,1.6521999996257364,602.621399999407,2630.4132947976877
1788768794,50,POST,[setup] POST /auth/login,0.000000,0.000000,0,0,0,0,0,0,0,0,0,0,0,17,0,740,728.907847058856,223.36099999938597,1002.2326000007524,178.8235294117647
1788768794,50,,Aggregated,48.800000,0.000000,4,4,5,5,7,8,11,14,18,18,18,3738,0,5,23.311056179774436,1.6521999996257364,1058.1734999996115,24090.12734082397
1788768795,50,GET,GET /articles (anon),31.900000,0.000000,4,5,5,6,7,9,13,16,28,28,28,2518,0,5,23.51851981731491,1.6583000005994109,1058.1734999996115,26731.0
1788768795,50,GET,GET /articles (list),13.000000,0.000000,4,5,5,6,7,9,14,20,27,27,27,901,0,5,14.098400443959614,1.6889999997147243,854.039300000295,25509.154273029966
1788768795,50,GET,GET /articles/{id} (detail),4.800000,0.000000,4,4,5,5,7,10,17,18,18,18,18,352,0,5,9.08541079543051,1.6521999996257364,602.621399999407,2632.715909090909
1788768795,50,POST,[setup] POST /auth/login,0.000000,0.000000,0,0,0,0,0,0,0,0,0,0,0,17,0,740,728.907847058856,223.36099999938597,1002.2326000007524,178.8235294117647
1788768795,50,,Aggregated,49.700000,0.000000,4,5,5,6,7,9,16,18,28,28,28,3788,0,5,23.10237320485698,1.6521999996257364,1058.1734999996115,24081.88014783527
1788768796,50,GET,GET /articles (anon),32.100000,0.000000,4,5,6,7,8,10,14,16,28,28,28,2551,0,5,23.31051403371181,1.6583000005994109,1058.1734999996115,26731.0
1788768796,50,GET,GET /articles (list),13.000000,0.000000,4,5,6,6,8,10,14,20,27,27,27,912,0,5,14.01824440790085,1.6889999997147243,854.039300000295,25520.981359649122
1788768796,50,GET,GET /articles/{id} (detail),4.900000,0.000000,4,5,5,6,7,11,17,18,18,18,18,357,0,5,9.054531652638122,1.6521999996257364,602.621399999407,2639.560224089636
1788768796,50,POST,[setup] POST /auth/login,0.000000,0.000000,0,0,0,0,0,0,0,0,0,0,0,17,0,740,728.907847058856,223.36099999938597,1002.2326000007524,178.8235294117647
1788768796,50,,Aggregated,50.000000,0.000000,4,5,6,6,8,10,16,18,28,28,28,3837,0,5,22.901657909824426,1.6521999996257364,1058.1734999996115,24084.253062288248
1788768797,50,GET,GET /articles (anon),31.800000,0.000000,5,6,7,7,9,11,16,17,28,28,28,2581,0,5,23.137593762108427,1.6583000005994109,1058.1734999996115,26731.0
1788768797,50,GET,GET /articles (list),12.600000,0.000000,5,6,6,7,10,11,14,20,27,27,27,923,0,5,13.943948212356274,1.6889999997147243,854.039300000295,25529.044420368366
1788768797,50,GET,GET /articles/{id} (detail),5.100000,0.000000,4,5,6,7,10,11,18,18,18,18,18,360,0,5,9.044157222199878,1.6521999996257364,602.621399999407,2648.3444444444444
1788768797,50,POST,[setup] POST /auth/login,0.000000,0.000000,0,0,0,0,0,0,0,0,0,0,0,17,0,740,728.907847058856,223.36099999938597,1002.2326000007524,178.8235294117647
1788768797,50,,Aggregated,49.500000,0.000000,5,6,7,7,9,11,16,18,28,28,28,3881,0,5,22.7353062870391,1.6521999996257364,1058.1734999996115,24094.940221592373
1788768798,50,GET,GET /articles (anon),32.200000,0.000000,5,6,8,8,11,14,21,28,40,40,40,2616,0,5,22.97585997706602,1.6583000005994109,1058.1734999996115,26731.0
1788768798,50,GET,GET /articles (list),12.700000,0.000000,5,6,7,7,10,12,22,23,27,27,27,935,0,5,13.895453903747926,1.6889999997147243,854.039300000295,25524.223529411764
1788768798,50,GET,GET /articles/{id} (detail),5.300000,0.000000,5,6,7,8,10,17,18,19,19,19,19,365,0,5,9.06879561641402,1.6521999996257364,602.621399999407,2641.441095890411
1788768798,50,POST,[setup] POST /auth/login,0.000000,0.000000,0,0,0,0,0,0,0,0,0,0,0,17,0,740,728.907847058856,223.36099999938597,1002.2326000007524,178.8235294117647
1788768798,50,,Aggregated,50.200000,0.000000,5,6,7,8,10,13,21,27,40,40,40,3933,0,5,22.577839537248984,1.6521999996257364,1058.1734999996115,24093.722603610477
1788768799,50,GET,GET /articles (anon),32.100000,0.000000,5,7,8,9,11,14,21,28,40,40,40,2651,0,5,22.750243870240094,1.6583000005994109,1058.1734999996115,26731.0
1788768799,50,GET,GET /articles (list),12.300000,0.000000,5,6,7,8,10,12,22,23,27,27,27,948,0,5,13.783962763718188,1.6889999997147243,854.039300000295,25525.00210970464
1788768799,50,GET,GET /articles/{id} (detail),5.200000,0.000000,5,6,7,8,10,17,18,19,19,19,19,369,0,5,9.021371544692277,1.6521999996257364,602.621399999407,2638.5230352303524
1788768799,50,POST,[setup] POST /auth/login,0.000000,0.000000,0,0,0,0,0,0,0,0,0,0,0,17,0,740,728.907847058856,223.36099999938597,1002.2326000007524,178.8235294117647
1788768799,50,,Aggregated,49.600000,0.000000,5,7,8,8,10,13,21,27,40,40,40,3985,0,5,22.35844735257288,1.6521999996257364,1058.1734999996115,24099.93425345044
1788768800,50,GET,GET /articles (anon),31.900000,0.000000,6,7,8,9,11,14,21,28,40,40,40,2677,0,5,22.599624990664438,1.6583000005994109,1058.1734999996115,26731.0
1788768800,50,GET,GET /articles (list),12.000000,0.000000,6,6,7,8,10,12,22,23,27,27,27,960,0,5,13.682207291671963,1.6889999997147243,854.039300000295,25535.930208333335
1788768800,50,GET,GET /articles/{id} (detail),5.100000,0.000000,5,7,8,9,10,11,19,19,19,19,19,375,0,5,8.992993333310247,1.6521999996257364,602.621399999407,2633.552
1788768800,50,POST,[setup] POST /auth/login,0.000000,0.000000,0,0,0,0,0,0,0,0,0,0,0,17,0,740,728.907847058856,223.36099999938597,1002.2326000007524,178.8235294117647
1788768800,50,,Aggregated,49.000000,0.000000,6,7,8,9,11,13,21,27,40,40,40,4029,0,5,22.188612807149475,1.6521999996257364,1058.1734999996115,24091.338297344253
1788768801,50,GET,GET /articles (anon),32.200000,0.000000,6,8,8,9,11,14,21,28,40,40,40,2718,0,5,22.369408204565314,1.6583000005994109,1058.1734999996115,26731.0
1788768801,50,GET,GET /articles (list),12.100000,0.000000,6,7,7,8,10,12,22,23,27,27,27,971,0,5,13.593133676625282,1.6889999997147243,854.039300000295,25534.07209062822
1788768801,50,GET,GET /articles/{id} (detail),5.300000,0.000000,6,7,8,9,11,12,19,19,19,19,19,380,0,5,8.976101052606186,1.6521999996257364,602.621399999407,2633.6263157894737
1788768801,50,POST,[setup] POST /auth/login,0.000000,0.000000,0,0,0,0,0,0,0,0,0,0,0,17,0,740,728.907847058856,223.36099999938597,1002.2326000007524,178.8235294117647
1788768801,50,,Aggregated,49.600000,0.000000,6,7,8,9,11,13,21,27,40,40,40,4086,0,5,21.97781108663782,1.6521999996257364,1058.1734999996115,24095.022026431718
1788768802,50,GET,GET /articles (anon),32.000000,0.000000,6,8,9,10,11,14,21,28,40,40,40,2749,0,5,22.189363368500995,1.6583000005994109,1058.1734999996115,26731.0
1788768802,50,GET,GET /articles (list),12.000000,0.000000,6,7,8,9,11,12,22,23,27,27,27,979,0,5,13.548502655773534,1.6889999997147243,854.039300000295,25536.503575076607
1788768802,50,GET,GET /articles/{id} (detail),5.400000,0.000000,6,7,8,9,10,12,17,19,19,19,19,388,0,5,8.916602577295231,1.6521999996257364,602.621399999407,2652.0257731958764
1788768802,50,POST,[setup] POST /auth/login,0.000000,0.000000,0,0,0,0,0,0,0,0,0,0,0,17,0,740,728.907847058856,223.36099999938597,1002.2326000007524,178.8235294117647
1788768802,50,,Aggregated,49.400000,0.000000,6,8,9,9,11,13,21,27,40,40,40,4133,0,5,21.803440406484924,1.6521999996257364,1058.1734999996115,24078.34067263489
1788768803,50,GET,GET /articles (anon),32.200000,0.000000,6,8,9,10,11,14,21,28,40,40,40,2782,0,5,22.02150506829965,1.6583000005994109,1058.1734999996115,26731.0
1788768803,50,GET,GET /articles (list),11.700000,0.000000,6,7,8,9,11,12,22,23,27,27,27,989,0,5,13.492762386251362,1.6889999997147243,854.039300000295,25544.55611729019
1788768803,50,GET,GET /articles/{id} (detail),5.000000,0.000000,6,7,8,9,10,11,12,19,19,19,19,395,0,5,8.872768101243505,1.6521999996257364,602.621399999407,2656.012658227848
1788768803,50,POST,[setup] POST /auth/login,0.000000,0.000000,0,0,0,0,0,0,0,0,0,0,0,17,0,740,728.907847058856,223.36099999938597,1002.2326000007524,178.8235294117647
1788768803,50,,Aggregated,48.900000,0.000000,6,8,9,10,11,13,21,27,40,40,40,4183,0,5,21.63622899832739,1.6521999996257364,1058.1734999996115,24069.178340903658
1788768804,50,GET,GET /articles (anon),33.500000,0.000000,7,8,9,10,12,15,21,28,40,40,40,2816,0,5,21.853824751423318,1.6583000005994109,1058.1734999996115,26731.0
1788768804,50,GET,GET /articles (list),11.700000,0.000000,7,7,9,10,11,12,22,23,27,27,27,996,0,5,13.4465954819307,1.6889999997147243,854.039300000295,25541.11144578313
1788768804,50,GET,GET /articles/{id} (detail),5.200000,0.000000,6,8,9,9,12,13,18,19,19,19,19,403,0,5,8.887106451588998,1.6521999996257364,602.621399999407,2652.7990074441686
1788768804,50,POST,[setup] POST /auth/login,0.000000,0.000000,0,0,0,0,0,0,0,0,0,0,0,17,0,740,728.907847058856,223.36099999938597,1002.2326000007524,178.8235294117647
1788768804,50,,Aggregated,50.400000,0.000000,7,8,9,10,12,15,21,27,40,40,40,4232,0,5,21.48065144139922,1.6521999996257364,1058.1734999996115,24051.408553875237
1788768805,50,GET,GET /articles (anon),32.600000,0.000000,7,8,10,10,12,14,16,27,40,40,40,2848,0,5,21.700014747195286,1.6583000005994109,1058.1734999996115,26731.0
1788768805,50,GET,GET /articles (list),10.900000,0.000000,7,8,9,9,11,12,13,22,23,23,23,1008,0,5,13.371284126986351,1.6889999997147243,854.039300000295,25543.633928571428
1788768805,50,GET,GET /articles/{id} (detail),5.700000,0.000000,7,8,9,9,12,13,18,19,19,19,19,409,0,5,8.84367041562588,1.6521999996257364,602.621399999407,2659.281173594132
1788768805,50,POST,[setup] POST /auth/login,0.000000,0.000000,0,0,0,0,0,0,0,0,0,0,0,17,0,740,728.907847058856,223.36099999938597,1002.2326000007524,178.8235294117647
1788768805,50,,Aggregated,49.200000,0.000000,7,8,9,10,12,13,17,23,40,40,40,4282,0,5,21.31910112097279,1.6521999996257364,1058.1734999996115,24046.837225595515
1788768806,50,GET,GET /articles (anon),32.500000,0.000000,7,9,10,11,12,15,17,27,40,40,40,2882,0,5,21.549251839004167,1.6583000005994109,1058.1734999996115,26731.0
1788768806,50,GET,GET /articles (list),11.100000,0.000000,7,8,9,10,12,13,15,22,23,23,23,1024,0,5,13.303296972658085,1.6889999997147243,854.039300000295,25555.70703125
1788768806,50,GET,GET /articles/{id} (detail),5.400000,0.000000,7,8,9,9,12,13,18,19,19,19,19,411,0,5,8.837121411168862,1.6521999996257364,602.621399999407,2658.004866180049
1788768806,50,POST,[setup] POST /auth/login,0.000000,0.000000,0,0,0,0,0,0,0,0,0,0,0,17,0,740,728.907847058856,223.36099999938597,1002.2326000007524,178.8235294117647
1788768806,50,,Aggregated,49.000000,0.000000,7,8,10,10,12,14,17,23,40,40,40,4334,0,5,21.170053114905922,1.6521999996257364,1058.1734999996115,24066.281956622057
1788768807,50,GET,GET /articles (anon),32.700000,0.000000,7,8,9,10,12,15,16,27,40,40,40,2912,0,5,21.389601167586445,1.6583000005994109,1058.1734999996115,26731.0
1788768807,50,GET,GET /articles (list),10.700000,0.000000,6,8,9,9,11,13,15,22,23,23,23,1035,0,5,13.22291169082245,1.6889999997147243,854.039300000295,25559.423188405795
1788768807,50,GET,GET /articles/{id} (detail),5.600000,0.000000,6,8,9,9,12,13,18,19,19,19,19,415,0,5,8.795413975876288,1.6521999996257364,602.621399999407,2656.253012048193
1788768807,50,POST,[setup] POST /auth/login,0.000000,0.000000,0,0,0,0,0,0,0,0,0,0,0,17,0,740,728.907847058856,223.36099999938597,1002.2326000007524,178.8235294117647
1788768807,50,,Aggregated,49.000000,0.000000,7,8,9,10,12,14,17,23,40,40,40,4379,0,5,21.0125056862301,1.6521999996257364,1058.1734999996115,24069.435944279518
1788768808,50,GET,GET /articles (anon),33.200000,0.000000,7,8,9,10,11,13,15,16,17,17,17,2947,0,5,21.22361394638989,1.6583000005994109,1058.1734999996115,26731.0
1788768808,50,GET,GET /articles (list),10.700000,0.000000,6,7,9,9,11,13,14,15,15,15,15,1048,0,5,13.152161164120523,1.6889999997147243,854.039300000295,25561.49141221374
1788768808,50,GET,GET /articles/{id} (detail),5.600000,0.000000,6,8,9,9,11,12,13,18,18,18,18,418,0,5,8.7667813396859,1.6521999996257364,602.621399999407,2642.8636363636365
1788768808,50,POST,[setup] POST /auth/login,0.000000,0.000000,0,0,0,0,0,0,0,0,0,0,0,17,0,740,728.907847058856,223.36099999938597,1002.2326000007524,178.8235294117647
1788768808,50,,Aggregated,49.500000,0.000000,7,8,9,10,11,13,15,16,18,18,18,4430,0,5,20.854492821669982,1.6521999996257364,1058.1734999996115,24079.561399548533
1788768809,50,GET,GET /articles (anon),33.000000,0.000000,7,8,9,10,12,15,16,16,19,19,19,2981,0,5,21.07242039584364,1.6583000005994109,1058.1734999996115,26731.0
1788768809,50,GET,GET /articles (list),11.200000,0.000000,7,8,9,9,12,13,15,15,16,16,16,1064,0,5,13.068231672930427,1.6889999997147243,854.039300000295,25564.306390977443
1788768809,50,GET,GET /articles/{id} (detail),5.300000,0.000000,6,7,8,9,12,12,18,18,18,18,18,421,0,5,8.746389786198902,1.6521999996257364,602.621399999407,2642.693586698337
1788768809,50,POST,[setup] POST /auth/login,0.000000,0.000000,0,0,0,0,0,0,0,0,0,0,0,17,0,740,728.907847058856,223.36099999938597,1002.2326000007524,178.8235294117647
1788768809,50,,Aggregated,49.500000,0.000000,7,8,9,10,12,13,16,16,19,19,19,4483,0,5,20.699341333927634,1.6521999996257364,1058.1734999996115,24091.266339504797
1788768810,50,GET,GET /articles (anon),33.200000,0.000000,7,8,10,10,12,15,16,19,37,37,37,3010,0,6,20.97266458472087,1.6583000005994109,1058.1734999996115,26731.0
1788768810,50,GET,GET /articles (list),11.200000,0.000000,7,8,9,11,12,13,15,15,16,16,16,1075,0,5,13.020577767440765,1.6889999997147243,854.039300000295,25562.858604651163
1788768810,50,GET,GET /articles/{id} (detail),5.400000,0.000000,6,7,9,9,12,13,15,18,18,18,18,427,0,5,8.739862060868417,1.6521999996257364,602.621399999407,2638.2646370023417
1788768810,50,POST,[setup] POST /auth/login,0.000000,0.000000,0,0,0,0,0,0,0,0,0,0,0,17,0,740,728.907847058856,223.36099999938597,1002.2326000007524,178.8235294117647
1788768810,50,,Aggregated,49.800000,0.000000,7,8,9,10,12,15,16,18,37,37,37,4529,0,5,20.589135791565337,1.6521999996257364,1058.1734999996115,24082.570545374256
1788768811,50,GET,GET /articles (anon),32.800000,0.000000,7,9,10,10,13,15,18,34,37,37,37,3047,0,6,20.849516704958432,1.6583000005994109,1058.1734999996115,26731.0
1788768811,50,GET,GET /articles (list),11.100000,0.000000,7,9,10,11,12,14,16,18,34,34,34,1085,0,6,13.004629585251394,1.6889999997147243,854.039300000295,25558.623041474653
1788768811,50,GET,GET /articles/{id} (detail),5.300000,0.000000,6,8,9,9,12,15,24,24,24,24,24,432,0,5,8.74037407405547,1.6521999996257364,602.621399999407,2638.6643518518517
1788768811,50,POST,[setup] POST /auth/login,0.000000,0.000000,0,0,0,0,0,0,0,0,0,0,0,17,0,740,728.907847058856,223.36099999938597,1002.2326000007524,178.8235294117647
1788768811,50,,Aggregated,49.200000,0.000000,7,9,10,10,13,15,18,34,37,37,37,4581,0,5,20.477139380047582,1.6521999996257364,1058.1734999996115,24082.821654660554
1788768812,50,GET,GET /articles (anon),33.000000,0.000000,7,9,10,11,13,16,18,34,37,37,37,3082,0,6,20.700593867621706,1.6583000005994109,1058.1734999996115,26731.0
1788768812,50,GET,GET /articles (list),11.700000,0.000000,7,9,9,11,12,15,18,22,34,34,34,1096,0,6,12.951775729924684,1.6889999997147243,854.039300000295,25554.327554744526
1788768812,50,GET,GET /articles/{id} (detail),5.100000,0.000000,6,8,9,10,12,15,18,24,24,24,24,442,0,5,8.711479185507315,1.6521999996257364,602.621399999407,2647.4660633484164
1788768812,50,POST,[setup] POST /auth/login,0.000000,0.000000,0,0,0,0,0,0,0,0,0,0,0,17,0,740,728.907847058856,223.36099999938597,1002.2326000007524,178.8235294117647
1788768812,50,,Aggregated,49.800000,0.000000,7,9,10,11,13,15,18,34,37,37,37,4637,0,5,20.322683566961775,1.6521999996257364,1058.1734999996115,24059.888936812593
1788768813,50,GET,GET /articles (anon),32.900000,0.000000,7,9,10,11,13,17,19,34,37,37,37,3112,0,6,20.585610122112453,1.6583000005994109,1058.1734999996115,26731.0
1788768813,50,GET,GET /articles (list),11.500000,0.000000,7,9,10,11,13,15,18,22,34,34,34,1102,0,6,12.928028221413264,1.6889999997147243,854.039300000295,25554.20508166969
1788768813,50,GET,GET /articles/{id} (detail),5.200000,0.000000,6,9,11,12,13,18,18,24,24,24,24,450,0,5,8.761007333318453,1.6521999996257364,602.621399999407,2639.751111111111
1788768813,50,POST,[setup] POST /auth/login,0.000000,0.000000,0,0,0,0,0,0,0,0,0,0,0,17,0,740,728.907847058856,223.36099999938597,1002.2326000007524,178.8235294117647
1788768813,50,,Aggregated,49.600000,0.000000,7,9,10,11,13,17,19,34,37,37,37,4681,0,6,20.218541444136857,1.6521999996257364,1058.1734999996115,24041.558214056826
1788768814,50,GET,GET /articles (anon),32.500000,0.000000,7,9,10,10,13,17,20,34,37,37,37,3145,0,6,20.438106836252334,1.6583000005994109,1058.1734999996115,26731.0
1788768814,50,GET,GET /articles (list),11.300000,0.000000,7,9,10,11,13,15,18,22,34,34,34,1116,0,6,12.854508602150274,1.6889999997147243,854.039300000295,25555.571684587812
1788768814,50,GET,GET /articles/{id} (detail),5.100000,0.000000,6,9,11,11,13,17,18,24,24,24,24,454,0,5,8.763381938311868,1.6521999996257364,602.621399999407,2640.442731277533
1788768814,50,POST,[setup] POST /auth/login,0.000000,0.000000,0,0,0,0,0,0,0,0,0,0,0,17,0,740,728.907847058856,223.36099999938597,1002.2326000007524,178.8235294117647
1788768814,50,,Aggregated,48.900000,0.000000,7,9,10,11,13,17,20,34,37,37,37,4732,0,6,20.074701267964258,1.6521999996257364,1058.1734999996115,24047.086644125106
1788768815,50,GET,GET /articles (anon),33.100000,0.000000,7,9,10,11,15,18,25,34,37,37,37,3174,0,6,20.331552898554232,1.6583000005994109,1058.1734999996115,26731.0
1788768815,50,GET,GET /articles (list),11.700000,0.000000,7,9,10,11,13,16,22,31,34,34,34,1127,0,6,12.841670452528387,1.6889999997147243,854.039300000295,25555.950310559005
1788768815,50,GET,GET /articles/{id} (detail),5.100000,0.000000,6,9,11,12,15,18,24,25,25,25,25,460,0,5,8.768372391289077,1.6521999996257364,602.621399999407,2643.7021739130437
1788768815,50,POST,[setup] POST /auth/login,0.000000,0.000000,0,0,0,0,0,0,0,0,0,0,0,17,0,740,728.907847058856,223.36099999938597,1002.2326000007524,178.8235294117647
1788768815,50,,Aggregated,49.900000,0.000000,7,9,10,11,14,18,25,34,37,37,37,4778,0,6,19.972749309335185,1.6521999996257364,1058.1734999996115,24040.371075763916
1788768816,50,GET,GET /articles (anon),32.900000,0.000000,7,8,10,10,14,18,25,34,37,37,37,3209,0,6,20.19665465877594,1.6583000005994109,1058.1734999996115,26731.0
1788768816,50,GET,GET /articles (list),11.300000,0.000000,7,9,10,11,13,16,22,31,34,34,34,1139,0,6,12.797300965759238,1.6889999997147243,854.039300000295,25556.861281826164
1788768816,50,GET,GET /articles/{id} (detail),5.500000,0.000000,6,9,11,11,15,18,24,25,25,25,25,467,0,5,8.750523340455496,1.6521999996257364,602.621399999407,2647.8051391862955
1788768816,50,POST,[setup] POST /auth/login,0.000000,0.000000,0,0,0,0,0,0,0,0,0,0,0,17,0,740,728.907847058856,223.36099999938597,1002.2326000007524,178.8235294117647
1788768816,50,,Aggregated,49.700000,0.000000,7,9,10,11,13,18,25,34,37,37,37,4832,0,6,19.83963543046448,1.6521999996257364,1058.1734999996115,24033.23861754967
1788768817,50,GET,GET /articles (anon),32.700000,0.000000,7,9,10,11,15,18,25,34,37,37,37,3234,0,6,20.098303586892637,1.6583000005994109,1058.1734999996115,26731.0
1788768817,50,GET,GET /articles (list),11.900000,0.000000,7,9,10,11,13,18,23,31,34,34,34,1153,0,6,12.737775281873478,1.6889999997147243,854.039300000295,25559.302688638334
1788768817,50,GET,GET /articles/{id} (detail),5.200000,0.000000,6,9,11,11,15,18,24,25,25,25,25,471,0,5,8.712537579599378,1.6521999996257364,602.621399999407,2652.1889596602973
1788768817,50,POST,[setup] POST /auth/login,0.000000,0.000000,0,0,0,0,0,0,0,0,0,0,0,17,0,740,728.907847058856,223.36099999938597,1002.2326000007524,178.8235294117647
1788768817,50,,Aggregated,49.800000,0.000000,7,9,10,11,14,18,25,34,37,37,37,4875,0,6,19.729150215385047,1.6521999996257364,1058.1734999996115,24034.902769230768
1788768819,50,GET,GET /articles (anon),32.300000,0.000000,6,8,10,10,14,18,25,34,37,37,37,3271,0,6,19.925670987469108,1.6583000005994109,1058.1734999996115,26731.0
1788768819,50,GET,GET /articles (list),11.900000,0.000000,7,9,10,11,13,18,31,34,34,34,34,1165,0,6,12.660127124464285,1.6889999997147243,854.039300000295,25553.502145922746
1788768819,50,GET,GET /articles/{id} (detail),5.100000,0.000000,7,10,11,12,17,18,25,25,25,25,25,472,0,5,8.704025211846144,1.6521999996257364,602.621399999407,2654.9661016949153
1788768819,50,POST,[setup] POST /auth/login,0.000000,0.000000,0,0,0,0,0,0,0,0,0,0,0,17,0,740,728.907847058856,223.36099999938597,1002.2326000007524,178.8235294117647
1788768819,50,,Aggregated,49.300000,0.000000,6,9,10,11,14,18,25,34,37,37,37,4925,0,6,19.578812426396677,1.6521999996257364,1058.1734999996115,24053.424365482235
1788768820,50,GET,GET /articles (anon),31.900000,0.000000,6,8,9,10,13,17,23,25,34,34,34,3304,0,6,19.78244016344104,1.6583000005994109,1058.1734999996115,26731.0
1788768820,50,GET,GET /articles (list),11.800000,0.000000,7,9,9,10,13,18,23,31,34,34,34,1177,0,6,12.59227909940471,1.6889999997147243,854.039300000295,25551.677994902293
1788768820,50,GET,GET /articles/{id} (detail),5.600000,0.000000,6,9,11,11,13,18,24,25,25,25,25,481,0,5,8.643829313911706,1.6521999996257364,602.621399999407,2653.744282744283
1788768820,50,POST,[setup] POST /auth/login,0.000000,0.000000,0,0,0,0,0,0,0,0,0,0,0,17,0,740,728.907847058856,223.36099999938597,1002.2326000007524,178.8235294117647
1788768820,50,,Aggregated,49.300000,0.000000,6,8,9,10,13,17,24,25,34,34,34,4979,0,6,19.427879112271555,1.6521999996257364,1058.1734999996115,24035.557340831492
1788768821,50,GET,GET /articles (anon),31.900000,0.000000,6,7,8,9,12,15,20,24,25,25,25,3337,0,6,19.639627479775278,1.6583000005994109,1058.1734999996115,26731.0
1788768821,50,GET,GET /articles (list),11.800000,0.000000,6,8,9,9,12,14,22,23,31,31,31,1187,0,6,12.538215248525495,1.6889999997147243,854.039300000295,25559.37742207245
1788768821,50,GET,GET /articles/{id} (detail),5.600000,0.000000,6,7,10,11,13,17,18,25,25,25,25,486,0,5,8.60243312755159,1.6521999996257364,602.621399999407,2654.88683127572
1788768821,50,POST,[setup] POST /auth/login,0.000000,0.000000,0,0,0,0,0,0,0,0,0,0,0,17,0,740,728.907847058856,223.36099999938597,1002.2326000007524,178.8235294117647
1788768821,50,,Aggregated,49.300000,0.000000,6,7,9,9,12,16,22,24,31,31,31,5027,0,6,19.294313566739586,1.6521999996257364,1058.1734999996115,24036.92918241496
1788768822,50,GET,GET /articles (anon),32.100000,0.000000,5,6,7,8,11,15,20,24,25,25,25,3374,0,6,19.48394241256931,1.6583000005994109,1058.1734999996115,26731.0
1788768822,50,GET,GET /articles (list),11.200000,0.000000,6,8,9,9,11,13,18,23,31,31,31,1198,0,6,12.471095909849797,1.6889999997147243,854.039300000295,25561.446577629384
1788768822,50,GET,GET /articles/{id} (detail),5.900000,0.000000,6,7,9,11,13,17,25,25,25,25,25,492,0,5,8.57707032518159,1.6521999996257364,602.621399999407,2651.4471544715448
1788768822,50,POST,[setup] POST /auth/login,0.000000,0.000000,0,0,0,0,0,0,0,0,0,0,0,17,0,740,728.907847058856,223.36099999938597,1002.2326000007524,178.8235294117647
1788768822,50,,Aggregated,49.200000,0.000000,6,7,8,9,11,15,20,24,31,31,31,5081,0,6,19.147913127336782,1.6521999996257364,1058.1734999996115,24034.748868333005
1788768823,50,GET,GET /articles (anon),32.500000,0.000000,5,6,7,8,10,13,20,24,25,25,25,3401,0,6,19.37309635401687,1.6583000005994109,1058.1734999996115,26731.0
1788768823,50,GET,GET /articles (list),11.200000,0.000000,6,8,9,9,11,13,16,23,31,31,31,1208,0,6,12.416452483444344,1.6889999997147243,854.039300000295,25565.172185430463
1788768823,50,GET,GET /articles/{id} (detail),5.900000,0.000000,6,6,7,8,11,11,25,25,25,25,25,496,0,5,8.541399999978877,1.6521999996257364,602.621399999407,2647.235887096774
1788768823,50,POST,[setup] POST /auth/login,0.000000,0.000000,0,0,0,0,0,0,0,0,0,0,0,17,0,740,728.907847058856,223.36099999938597,1002.2326000007524,178.8235294117647
1788768823,50,,Aggregated,49.600000,0.000000,5,6,8,8,10,13,20,24,31,31,31,5122,0,6,19.038450429520033,1.6521999996257364,1058.1734999996115,24035.714174150722
1788768824,50,GET,GET /articles (anon),32.100000,0.000000,5,6,7,8,9,12,18,24,25,25,25,3430,0,6,19.256168104960743,1.6583000005994109,1058.1734999996115,26731.0
1788768824,50,GET,GET /articles (list),11.300000,0.000000,6,8,8,9,10,13,18,23,31,31,31,1221,0,6,12.343661425061786,1.6889999997147243,854.039300000295,25559.447993447993
1788768824,50,GET,GET /articles/{id} (detail),5.900000,0.000000,5,6,7,7,9,11,25,25,25,25,25,500,0,5,8.504707999977654,1.6521999996257364,602.621399999407,2644.65
1788768824,50,POST,[setup] POST /auth/login,0.000000,0.000000,0,0,0,0,0,0,0,0,0,0,0,17,0,740,728.907847058856,223.36099999938597,1002.2326000007524,178.8235294117647
1788768824,50,,Aggregated,49.300000,0.000000,5,6,7,8,9,13,18,24,31,31,31,5168,0,5,18.91719322755507,1.6521999996257364,1058.1734999996115,24036.52883126935
1788768825,50,GET,GET /articles (anon),31.600000,0.000000,5,6,7,7,9,12,15,17,18,18,18,3466,0,6,19.115697172537818,1.6583000005994109,1058.1734999996115,26731.0
1788768825,50,GET,GET /articles (list),11.200000,0.000000,5,6,8,8,9,11,13,18,23,23,23,1235,0,6,12.255940809716975,1.6889999997147243,854.039300000295,25561.076923076922
1788768825,50,GET,GET /articles/{id} (detail),5.400000,0.000000,5,6,6,7,9,9,11,11,11,11,11,503,0,5,8.479363220652466,1.6521999996257364,602.621399999407,2645.8707753479125
1788768825,50,POST,[setup] POST /auth/login,0.000000,0.000000,0,0,0,0,0,0,0,0,0,0,0,17,0,740,728.907847058856,223.36099999938597,1002.2326000007524,178.8235294117647
1788768825,50,,Aggregated,48.200000,0.000000,5,6,7,8,9,11,13,17,23,23,23,5221,0,5,18.77947642214225,1.6521999996257364,1058.1734999996115,24047.40260486497
1788768826,50,GET,GET /articles (anon),31.600000,0.000000,5,6,6,7,8,10,14,17,18,18,18,3497,0,6,18.99475779239779,1.6583000005994109,1058.1734999996115,26731.0
1788768826,50,GET,GET /articles (list),11.200000,0.000000,5,6,7,8,9,10,13,18,23,23,23,1250,0,6,12.175297359998149,1.6889999997147243,854.039300000295,25553.7672
1788768826,50,GET,GET /articles/{id} (detail),5.400000,0.000000,5,6,6,6,7,8,9,9,9,9,9,511,0,5,8.426827201544386,1.6521999996257364,602.621399999407,2651.307240704501
1788768826,50,POST,[setup] POST /auth/login,0.000000,0.000000,0,0,0,0,0,0,0,0,0,0,0,17,0,740,728.907847058856,223.36099999938597,1002.2326000007524,178.8235294117647
1788768826,50,,Aggregated,48.200000,0.000000,5,6,6,7,8,10,13,17,23,23,23,5275,0,5,18.642906502370018,1.6521999996257364,1058.1734999996115,24033.814976303318
1788768827,50,GET,GET /articles (anon),32.000000,0.000000,5,6,6,7,8,10,12,14,18,18,18,3532,0,6,18.864658012463558,1.6583000005994109,1058.1734999996115,26731.0
1788768827,50,GET,GET /articles (list),11.900000,0.000000,5,6,6,7,8,9,11,12,18,18,18,1262,0,5,12.099348415212464,1.6889999997147243,854.039300000295,25551.011885895405
1788768827,50,GET,GET /articles/{id} (detail),4.800000,0.000000,5,6,6,6,7,9,9,9,9,9,9,511,0,5,8.426827201544386,1.6521999996257364,602.621399999407,2651.307240704501
1788768827,50,POST,[setup] POST /auth/login,0.000000,0.000000,0,0,0,0,0,0,0,0,0,0,0,17,0,740,728.907847058856,223.36099999938597,1002.2326000007524,178.8235294117647
1788768827,50,,Aggregated,48.700000,0.000000,5,6,6,7,8,9,12,13,18,18,18,5322,0,5,18.526285588126367,1.6521999996257364,1058.1734999996115,24054.326756858325
1788768828,50,GET,GET /articles (anon),32.000000,0.000000,5,6,6,7,9,11,13,18,20,20,20,3565,0,6,18.75207784011835,1.6583000005994109,1058.1734999996115,26731.0
1788768828,50,GET,GET /articles (list),11.900000,0.000000,5,6,6,7,8,9,12,18,19,19,19,1273,0,5,12.049434878238522,1.6889999997147243,854.039300000295,25555.55616653574
1788768828,50,GET,GET /articles/{id} (detail),4.800000,0.000000,5,6,6,6,7,8,9,9,9,9,9,517,0,5,8.383500580251692,1.6521999996257364,602.621399999407,2654.292069632495
1788768828,50,POST,[setup] POST /auth/login,0.000000,0.000000,0,0,0,0,0,0,0,0,0,0,0,17,0,740,728.907847058856,223.36099999938597,1002.2326000007524,178.8235294117647
1788768828,50,,Aggregated,48.700000,0.000000,5,6,6,7,8,10,13,18,20,20,20,5372,0,5,18.413215059569918,1.6521999996257364,1058.1734999996115,24051.29318689501
1788768829,50,GET,GET /articles (anon),32.100000,0.000000,5,6,7,7,9,12,18,19,20,20,20,3597,0,6,18.64369485683135,1.6583000005994109,1058.1734999996115,26731.0
1788768829,50,GET,GET /articles (list),12.300000,0.000000,5,6,6,7,9,12,18,19,20,20,20,1290,0,5,11.98053790697472,1.6889999997147243,854.039300000295,25559.457364341084
1788768829,50,GET,GET /articles/{id} (detail),4.400000,0.000000,5,6,6,7,9,10,19,19,19,19,19,521,0,5,8.397344721674184,1.6521999996257364,602.621399999407,2657.1535508637235
1788768829,50,POST,[setup] POST /auth/login,0.000000,0.000000,0,0,0,0,0,0,0,0,0,0,0,17,0,740,728.907847058856,223.36099999938597,1002.2326000007524,178.8235294117647
1788768829,50,,Aggregated,48.800000,0.000000,5,6,6,7,9,12,18,19,20,20,20,5425,0,5,18.300961161292516,1.6521999996257364,1058.1734999996115,24057.23944700461
1788768830,50,GET,GET /articles (anon),33.000000,0.000000,5,6,7,7,10,12,18,19,20,20,20,3636,0,6,18.500278492854584,1.6583000005994109,1058.1734999996115,26731.0
1788768830,50,GET,GET /articles (list),11.900000,0.000000,5,6,6,7,10,12,18,19,20,20,20,1306,0,5,11.90419096477245,1.6889999997147243,854.039300000295,25570.761868300153
1788768830,50,GET,GET /articles/{id} (detail),4.600000,0.000000,5,6,7,7,9,11,19,19,19,19,19,524,0,5,8.387773282426249,1.6521999996257364,602.621399999407,2655.2041984732823
1788768830,50,POST,[setup] POST /auth/login,0.000000,0.000000,0,0,0,0,0,0,0,0,0,0,0,17,0,740,728.907847058856,223.36099999938597,1002.2326000007524,178.8235294117647
1788768830,50,,Aggregated,49.500000,0.000000,5,6,7,7,10,12,18,19,20,20,20,5483,0,5,18.165331497356068,1.6521999996257364,1058.1734999996115,24071.438628488053
1788768831,50,GET,GET /articles (anon),32.500000,0.000000,5,6,7,7,10,12,18,19,20,20,20,3669,0,5,18.384219732903404,1.6583000005994109,1058.1734999996115,26731.0
1788768831,50,GET,GET /articles (list),12.000000,0.000000,5,6,6,7,10,12,18,19,20,20,20,1314,0,5,11.861413926935075,1.6889999997147243,854.039300000295,25568.894216133944
1788768831,50,GET,GET /articles/{id} (detail),4.900000,0.000000,5,6,6,7,8,11,19,19,19,19,19,527,0,5,8.365699810228916,1.6521999996257364,602.621399999407,2656.0702087286527
1788768831,50,POST,[setup] POST /auth/login,0.000000,0.000000,0,0,0,0,0,0,0,0,0,0,0,17,0,740,728.907847058856,223.36099999938597,1002.2326000007524,178.8235294117647
1788768831,50,,Aggregated,49.400000,0.000000,5,6,7,7,10,12,18,19,20,20,20,5527,0,5,18.063643441289273,1.6521999996257364,1058.1734999996115,24077.50226162475
1788768832,50,GET,GET /articles (anon),33.200000,0.000000,5,6,7,7,10,12,18,19,20,20,20,3700,0,5,18.27637624324849,1.6583000005994109,1058.1734999996115,26731.0
1788768832,50,GET,GET /articles (list),12.900000,0.000000,5,6,6,7,10,12,18,19,20,20,20,1326,0,5,11.80422948717395,1.6889999997147243,854.039300000295,25567.135746606335
1788768832,50,GET,GET /articles/{id} (detail),4.300000,0.000000,5,6,7,7,8,11,19,19,19,19,19,532,0,5,8.325599248103956,1.6521999996257364,602.621399999407,2652.1654135338345
1788768832,50,POST,[setup] POST /auth/login,0.000000,0.000000,0,0,0,0,0,0,0,0,0,0,0,17,0,740,728.907847058856,223.36099999938597,1002.2326000007524,178.8235294117647
1788768832,50,,Aggregated,50.400000,0.000000,5,6,7,7,10,12,18,19,20,20,20,5575,0,5,17.954377147982644,1.6521999996257364,1058.1734999996115,24075.464394618833
1788768833,50,GET,GET /articles (anon),33.200000,0.000000,5,6,7,7,10,12,14,19,20,20,20,3732,0,5,18.15283997856907,1.6583000005994109,1058.1734999996115,26731.0
1788768833,50,GET,GET /articles (list),12.600000,0.000000,5,6,6,7,10,12,18,19,20,20,20,1338,0,5,11.73178019431526,1.6889999997147243,854.039300000295,25564.417040358745
1788768833,50,GET,GET /articles/{id} (detail),4.000000,0.000000,5,6,6,7,7,10,19,19,19,19,19,541,0,5,8.242821996288702,1.6521999996257364,602.621399999407,2651.467652495379
1788768833,50,POST,[setup] POST /auth/login,0.000000,0.000000,0,0,0,0,0,0,0,0,0,0,0,17,0,740,728.907847058856,223.36099999938597,1002.2326000007524,178.8235294117647
1788768833,50,,Aggregated,49.800000,0.000000,5,6,7,7,10,12,17,19,20,20,20,5628,0,5,17.820597157072793,1.6521999996257364,1058.1734999996115,24058.771499644634
1788768834,50,GET,GET /articles (anon),32.900000,0.000000,5,6,6,7,9,12,17,19,20,20,20,3763,0,5,18.03318017539656,1.6583000005994109,1058.1734999996115,26731.0
1788768834,50,GET,GET /articles (list),12.800000,0.000000,4,5,6,7,9,12,18,19,20,20,20,1351,0,5,11.655476757951543,1.6889999997147243,854.039300000295,25557.854182087343
1788768834,50,GET,GET /articles/{id} (detail),4.000000,0.000000,5,6,6,7,7,10,19,19,19,19,19,546,0,5,8.204849084235914,1.6521999996257364,602.621399999407,2657.3168498168498
1788768834,50,POST,[setup] POST /auth/login,0.000000,0.000000,0,0,0,0,0,0,0,0,0,0,0,17,0,740,728.907847058856,223.36099999938597,1002.2326000007524,178.8235294117647
1788768834,50,,Aggregated,49.700000,0.000000,5,6,6,7,9,12,17,19,20,20,20,5677,0,5,17.698905601550564,1.6521999996257364,1058.1734999996115,24056.95772415008
1788768835,50,GET,GET /articles (anon),33.000000,0.000000,5,6,7,7,10,12,14,19,20,20,20,3801,0,5,17.914868981851193,1.6583000005994109,1058.1734999996115,26731.0
1788768835,50,GET,GET /articles (list),13.000000,0.000000,4,6,7,7,10,12,18,19,20,20,20,1361,0,5,11.629504849370104,1.6889999997147243,854.039300000295,25561.598824393826
1788768835,50,GET,GET /articles/{id} (detail),4.500000,0.000000,5,6,6,7,8,10,19,19,19,19,19,550,0,5,8.188468181804803,1.6521999996257364,602.621399999407,2658.2909090909093
1788768835,50,POST,[setup] POST /auth/login,0.000000,0.000000,0,0,0,0,0,0,0,0,0,0,0,17,0,740,728.907847058856,223.36099999938597,1002.2326000007524,178.8235294117647
1788768835,50,,Aggregated,50.500000,0.000000,5,6,7,7,10,12,17,19,20,20,20,5729,0,5,17.597707104206968,1.6521999996257364,1058.1734999996115,24063.356083086055
1788768836,50,GET,GET /articles (anon),33.300000,0.000000,5,6,7,8,10,12,14,19,20,20,20,3831,0,5,17.829236909427074,1.6583000005994109,1058.1734999996115,26731.0
1788768836,50,GET,GET /articles (list),12.800000,0.000000,5,6,7,8,11,12,18,19,20,20,20,1370,0,5,11.600451824812682,1.6889999997147243,854.039300000295,25559.74598540146
1788768836,50,GET,GET /articles/{id} (detail),4.600000,0.000000,5,6,7,7,10,10,19,19,19,19,19,560,0,5,8.167134999987573,1.6521999996257364,602.621399999407,2653.525
1788768836,50,POST,[setup] POST /auth/login,0.000000,0.000000,0,0,0,0,0,0,0,0,0,0,0,17,0,740,728.907847058856,223.36099999938597,1002.2326000007524,178.8235294117647
1788768836,50,,Aggregated,50.700000,0.000000,5,6,7,8,10,12,17,19,20,20,20,5778,0,5,17.508039910003728,1.6521999996257364,1058.1734999996115,24041.593457943924
1788768837,50,GET,GET /articles (anon),33.100000,0.000000,5,6,7,8,10,11,13,17,20,20,20,3868,0,5,17.72385423992123,1.6583000005994109,1058.1734999996115,26731.0
1788768837,50,GET,GET /articles (list),12.500000,0.000000,5,7,8,9,12,15,18,20,20,20,20,1384,0,5,11.581978251440248,1.6889999997147243,854.039300000295,25561.196531791906
1788768837,50,GET,GET /articles/{id} (detail),4.700000,0.000000,5,6,7,7,10,10,19,19,19,19,19,562,0,5,8.157840391447127,1.6521999996257364,602.621399999407,2649.2491103202847
1788768837,50,POST,[setup] POST /auth/login,0.000000,0.000000,0,0,0,0,0,0,0,0,0,0,0,17,0,740,728.907847058856,223.36099999938597,1002.2326000007524,178.8235294117647
1788768837,50,,Aggregated,50.300000,0.000000,5,6,7,8,10,12,16,19,20,20,20,5831,0,5,17.417503995884395,1.6521999996257364,1058.1734999996115,24054.900017149717
1788768838,50,GET,GET /articles (anon),33.200000,0.000000,5,6,7,8,9,11,12,13,16,16,16,3900,0,5,17.6312488974403,1.6583000005994109,1058.1734999996115,26731.0
1788768838,50,GET,GET /articles (list),11.900000,0.000000,5,7,8,9,12,14,15,16,20,20,20,1395,0,5,11.540212831536545,1.6889999997147243,854.039300000295,25568.518279569893
1788768838,50,GET,GET /articles/{id} (detail),4.800000,0.000000,5,6,7,7,9,10,11,11,11,11,11,569,0,5,8.128139718791427,1.6521999996257364,602.621399999407,2647.4973637961334
1788768838,50,POST,[setup] POST /auth/login,0.000000,0.000000,0,0,0,0,0,0,0,0,0,0,0,17,0,740,728.907847058856,223.36099999938597,1002.2326000007524,178.8235294117647
1788768838,50,,Aggregated,49.900000,0.000000,5,6,7,8,10,11,13,15,20,20,20,5881,0,5,17.3230424247582,1.6521999996257364,1058.1734999996115,24048.367454514537
1788768839,50,GET,GET /articles (anon),33.300000,0.000000,5,6,8,8,10,11,15,19,20,20,20,3933,0,5,17.556989321132612,1.6583000005994109,1058.1734999996115,26731.0
1788768839,50,GET,GET /articles (list),12.000000,0.000000,5,7,8,9,12,15,16,20,20,20,20,1407,0,5,11.522743638942694,1.6889999997147243,854.039300000295,25554.897654584223
1788768839,50,GET,GET /articles/{id} (detail),5.100000,0.000000,5,6,7,7,9,10,10,11,11,11,11,577,0,5,8.099160658568044,1.6521999996257364,602.621399999407,2647.270363951473
1788768839,50,POST,[setup] POST /auth/login,0.000000,0.000000,0,0,0,0,0,0,0,0,0,0,0,17,0,740,728.907847058856,223.36099999938597,1002.2326000007524,178.8235294117647
1788768839,50,,Aggregated,50.400000,0.000000,5,7,8,8,10,12,15,19,20,20,20,5934,0,5,17.244487428378946,1.6521999996257364,1058.1734999996115,24034.256656555444
1788768840,50,GET,GET /articles (anon),33.000000,0.000000,6,7,8,8,10,12,17,19,23,23,23,3965,0,5,17.472685044140963,1.6583000005994109,1058.1734999996115,26731.0
1788768840,50,GET,GET /articles (list),12.200000,0.000000,6,7,8,10,12,15,16,20,20,20,20,1417,0,5,11.490504516580213,1.6889999997147243,854.039300000295,25550.774170783345
1788768840,50,GET,GET /articles/{id} (detail),5.200000,0.000000,6,6,7,7,10,11,11,16,16,16,16,581,0,5,8.110625473312394,1.6521999996257364,602.621399999407,2650.3580034423408
1788768840,50,POST,[setup] POST /auth/login,0.000000,0.000000,0,0,0,0,0,0,0,0,0,0,0,17,0,740,728.907847058856,223.36099999938597,1002.2326000007524,178.8235294117647
1788768840,50,,Aggregated,50.400000,0.000000,6,7,8,8,10,12,16,19,23,23,23,5980,0,5,17.16805148829558,1.6521999996257364,1058.1734999996115,24036.247491638795
1788768841,50,GET,GET /articles (anon),33.500000,0.000000,6,7,8,9,11,13,18,19,24,24,24,4004,0,6,17.378057942062668,1.6583000005994109,1058.1734999996115,26731.0
1788768841,50,GET,GET /articles (list),12.200000,0.000000,6,8,10,11,13,15,16,20,20,20,20,1431,0,5,11.462568204048925,1.6889999997147243,854.039300000295,25560.466107617052
1788768841,50,GET,GET /articles/{id} (detail),5.600000,0.000000,5,6,7,7,10,11,11,16,16,16,16,587,0,5,8.066747018729012,1.6521999996257364,602.621399999407,2648.5604770017035
1788768841,50,POST,[setup] POST /auth/login,0.000000,0.000000,0,0,0,0,0,0,0,0,0,0,0,17,0,740,728.907847058856,223.36099999938597,1002.2326000007524,178.8235294117647
1788768841,50,,Aggregated,51.300000,0.000000,6,7,8,9,11,13,17,20,24,24,24,6039,0,5,17.07423298559477,1.6521999996257364,1058.1734999996115,24038.03543633052
1788768842,50,GET,GET /articles (anon),32.800000,0.000000,6,7,8,9,11,13,18,19,24,24,24,4032,0,5,17.292986631949372,1.6583000005994109,1058.1734999996115,26731.0
1788768842,50,GET,GET /articles (list),11.100000,0.000000,6,8,10,11,13,15,16,20,20,20,20,1442,0,5,11.41984341192339,1.6889999997147243,854.039300000295,25562.176837725383
1788768842,50,GET,GET /articles/{id} (detail),5.700000,0.000000,6,6,7,7,10,11,16,16,16,16,16,589,0,5,8.060813582332692,1.6521999996257364,602.621399999407,2646.1782682512735
1788768842,50,POST,[setup] POST /auth/login,0.000000,0.000000,0,0,0,0,0,0,0,0,0,0,0,17,0,740,728.907847058856,223.36099999938597,1002.2326000007524,178.8235294117647
1788768842,50,,Aggregated,49.600000,0.000000,6,7,8,9,11,14,17,20,24,24,24,6080,0,5,16.995392911185412,1.6521999996257364,1058.1734999996115,24046.330592105263
1788768843,50,GET,GET /articles (anon),32.900000,0.000000,6,8,8,9,11,13,18,19,24,24,24,4065,0,6,17.21284907749507,1.6583000005994109,1058.1734999996115,26731.0
1788768843,50,GET,GET /articles (list),11.500000,0.000000,7,9,10,11,14,16,17,20,20,20,20,1457,0,6,11.383608853806125,1.6889999997147243,854.039300000295,25562.512010981467
1788768843,50,GET,GET /articles/{id} (detail),6.000000,0.000000,6,7,7,7,10,11,16,16,16,16,16,593,0,5,8.033054468792928,1.6521999996257364,602.621399999407,2648.4654300168636
1788768843,50,POST,[setup] POST /auth/login,0.000000,0.000000,0,0,0,0,0,0,0,0,0,0,0,17,0,740,728.907847058856,223.36099999938597,1002.2326000007524,178.8235294117647
1788768843,50,,Aggregated,50.400000,0.000000,6,8,9,9,11,15,17,20,24,24,24,6132,0,5,16.913108985650222,1.6521999996257364,1058.1734999996115,24050.827625570775
1788768844,50,GET,GET /articles (anon),32.700000,0.000000,6,8,9,9,11,14,19,20,24,24,24,4096,0,6,17.138777832034826,1.6583000005994109,1058.1734999996115,26731.0
1788768844,50,GET,GET /articles (list),11.500000,0.000000,7,9,10,11,14,16,19,20,20,20,20,1471,0,6,11.351206186265005,1.6889999997147243,854.039300000295,25564.7525492862
1788768844,50,GET,GET /articles/{id} (detail),5.700000,0.000000,6,6,7,8,11,12,16,16,16,16,16,600,0,5,8.028905833324794,1.6521999996257364,602.621399999407,2652.48
1788768844,50,POST,[setup] POST /auth/login,0.000000,0.000000,0,0,0,0,0,0,0,0,0,0,0,17,0,740,728.907847058856,223.36099999938597,1002.2326000007524,178.8235294117647
1788768844,50,,Aggregated,49.900000,0.000000,6,8,9,10,12,15,18,20,24,24,24,6184,0,5,16.83486985769814,1.6521999996257364,1058.1734999996115,24044.381468305302
1788768845,50,GET,GET /articles (anon),32.800000,0.000000,6,8,9,9,11,15,19,20,24,24,24,4128,0,6,17.061551162795023,1.6583000005994109,1058.1734999996115,26731.0
1788768845,50,GET,GET /articles (list),11.800000,0.000000,7,9,10,10,15,17,20,20,22,22,22,1480,0,6,11.341225405402458,1.6889999997147243,854.039300000295,25563.914864864866
1788768845,50,GET,GET /articles/{id} (detail),5.200000,0.000000,6,6,7,9,11,12,16,16,16,16,16,604,0,5,8.030260761582165,1.6521999996257364,602.621399999407,2652.004966887417
1788768845,50,POST,[setup] POST /auth/login,0.000000,0.000000,0,0,0,0,0,0,0,0,0,0,0,17,0,740,728.907847058856,223.36099999938597,1002.2326000007524,178.8235294117647
1788768845,50,,Aggregated,49.800000,0.000000,6,8,9,9,12,15,19,20,24,24,24,6229,0,5,16.769434532029077,1.6521999996257364,1058.1734999996115,24046.397977203404
1788768846,50,GET,GET /articles (anon),32.900000,0.000000,6,8,9,9,12,16,19,23,24,24,24,4162,0,6,16.992162782320165,1.6583000005994109,1058.1734999996115,26731.0
1788768846,50,GET,GET /articles (list),12.100000,0.000000,6,8,10,10,13,16,20,20,22,22,22,1491,0,6,11.30125124077455,1.6889999997147243,854.039300000295,25564.65392354125
1788768846,50,GET,GET /articles/{id} (detail),5.200000,0.000000,6,7,8,10,12,15,17,17,17,17,17,611,0,5,8.047639607194512,1.6521999996257364,602.621399999407,2644.495908346972
1788768846,50,POST,[setup] POST /auth/login,0.000000,0.000000,0,0,0,0,0,0,0,0,0,0,0,17,0,740,728.907847058856,223.36099999938597,1002.2326000007524,178.8235294117647
1788768846,50,,Aggregated,50.200000,0.000000,6,8,9,10,12,16,19,20,24,24,24,6281,0,6,16.697992087248412,1.6521999996257364,1058.1734999996115,24039.189301066708
1788768847,50,GET,GET /articles (anon),33.000000,0.000000,6,8,9,9,12,16,19,23,24,24,24,4192,0,6,16.90870190840081,1.6583000005994109,1058.1734999996115,26731.0
1788768847,50,GET,GET /articles (list),11.900000,0.000000,6,8,9,10,13,16,20,20,22,22,22,1504,0,6,11.251660039887879,1.6889999997147243,854.039300000295,25563.030585106382
1788768847,50,GET,GET /articles/{id} (detail),5.300000,0.000000,6,7,10,11,12,15,17,17,17,17,17,614,0,5,8.054228501621065,1.6521999996257364,602.621399999407,2640.7019543973943
1788768847,50,POST,[setup] POST /auth/login,0.000000,0.000000,0,0,0,0,0,0,0,0,0,0,0,17,0,740,728.907847058856,223.36099999938597,1002.2326000007524,178.8235294117647
1788768847,50,,Aggregated,50.200000,0.000000,6,8,9,10,12,16,19,20,24,24,24,6327,0,6,16.617750086929505,1.6521999996257364,1058.1734999996115,24044.18855697803
1788768848,50,GET,GET /articles (anon),32.500000,0.000000,6,8,9,9,11,14,18,23,24,24,24,4229,0,6,16.818576117289524,1.6583000005994109,1058.1734999996115,26731.0
1788768848,50,GET,GET /articles (list),12.000000,0.000000,6,8,9,10,13,15,19,20,22,22,22,1515,0,6,11.22201386138096,1.6889999997147243,854.039300000295,25565.0099009901
1788768848,50,GET,GET /articles/{id} (detail),5.100000,0.000000,6,7,10,11,12,15,17,17,17,17,17,619,0,5,8.034281744741794,1.6521999996257364,602.621399999407,2646.453957996769
1788768848,50,POST,[setup] POST /auth/login,0.000000,0.000000,0,0,0,0,0,0,0,0,0,0,0,17,0,740,728.907847058856,223.36099999938597,1002.2326000007524,178.8235294117647
1788768848,50,,Aggregated,49.600000,0.000000,6,8,9,9,12,15,18,20,24,24,24,6380,0,6,16.5347591222578,1.6521999996257364,1058.1734999996115,24046.643260188088
1788768849,50,GET,GET /articles (anon),32.400000,0.000000,6,8,9,9,11,14,17,19,24,24,24,4266,0,6,16.730723769343143,1.6583000005994109,1058.1734999996115,26731.0
1788768849,50,GET,GET /articles (list),11.900000,0.000000,6,8,9,10,13,16,19,20,22,22,22,1526,0,6,11.191707404975585,1.6889999997147243,854.039300000295,25568.6998689384
1788768849,50,GET,GET /articles/{id} (detail),5.100000,0.000000,6,7,9,10,12,14,17,17,17,17,17,623,0,5,8.02569165328162,1.6521999996257364,602.621399999407,2649.5040128410915
1788768849,50,POST,[setup] POST /auth/login,0.000000,0.000000,0,0,0,0,0,0,0,0,0,0,0,17,0,740,728.907847058856,223.36099999938597,1002.2326000007524,178.8235294117647
1788768849,50,,Aggregated,49.400000,0.000000,6,8,9,10,12,15,17,20,24,24,24,6432,0,6,16.455729539801784,1.6521999996257364,1058.1734999996115,24052.54399875622
1788768850,50,GET,GET /articles (anon),32.500000,0.000000,6,7,9,9,11,13,17,19,24,24,24,4291,0,6,16.67074796085254,1.6583000005994109,1058.1734999996115,26731.0
1788768850,50,GET,GET /articles (list),11.900000,0.000000,6,7,8,9,10,15,19,20,22,22,22,1541,0,6,11.132379623615774,1.6889999997147243,854.039300000295,25570.31213497729
1788768850,50,GET,GET /articles/{id} (detail),4.900000,0.000000,6,7,9,10,12,14,17,17,17,17,17,627,0,5,8.011864752781978,1.6521999996257364,602.621399999407,2648.2583732057415
1788768850,50,POST,[setup] POST /auth/login,0.000000,0.000000,0,0,0,0,0,0,0,0,0,0,0,17,0,740,728.907847058856,223.36099999938597,1002.2326000007524,178.8235294117647
1788768850,50,,Aggregated,49.300000,0.000000,6,7,9,9,11,14,17,19,24,24,24,6476,0,6,16.384195352069877,1.6521999996257364,1058.1734999996115,24053.43885114268
1788768851,50,GET,GET /articles (anon),32.600000,0.000000,6,8,9,9,11,14,17,19,24,24,24,4328,0,6,16.584298036048587,1.6583000005994109,1058.1734999996115,26731.0
1788768851,50,GET,GET /articles (list),11.900000,0.000000,6,7,9,10,11,17,22,22,23,23,23,1554,0,6,11.105742985837084,1.6889999997147243,854.039300000295,25569.54761904762
1788768851,50,GET,GET /articles/{id} (detail),4.500000,0.000000,6,7,9,10,12,14,17,17,17,17,17,631,0,5,7.990950237708545,1.6521999996257364,602.621399999407,2650.4025356576863
1788768851,50,POST,[setup] POST /auth/login,0.000000,0.000000,0,0,0,0,0,0,0,0,0,0,0,17,0,740,728.907847058856,223.36099999938597,1002.2326000007524,178.8235294117647
1788768851,50,,Aggregated,49.000000,0.000000,6,8,9,9,11,15,17,22,24,24,24,6530,0,6,16.304577258806006,1.6521999996257364,1058.1734999996115,24058.543491577337
1788768852,50,GET,GET /articles (anon),32.300000,0.000000,6,7,9,9,11,14,17,19,24,24,24,4364,0,6,16.4920304995449,1.6583000005994109,1058.1734999996115,26731.0
1788768852,50,GET,GET /articles (list),12.000000,0.000000,6,7,9,10,12,17,22,22,23,23,23,1567,0,6,11.072042246323969,1.6889999997147243,854.039300000295,25571.693682195277
1788768852,50,GET,GET /articles/{id} (detail),4.600000,0.000000,6,8,10,11,13,15,17,17,17,17,17,633,0,5,7.975950236957175,1.6521999996257364,602.621399999407,2649.0758293838862
1788768852,50,POST,[setup] POST /auth/login,0.000000,0.000000,0,0,0,0,0,0,0,0,0,0,0,17,0,740,728.907847058856,223.36099999938597,1002.2326000007524,178.8235294117647
1788768852,50,,Aggregated,48.900000,0.000000,6,7,9,9,11,15,17,22,24,24,24,6581,0,5,16.222659352681575,1.6521999996257364,1058.1734999996115,24070.0247682723
1788768853,50,GET,GET /articles (anon),32.100000,0.000000,6,7,9,9,10,13,16,17,24,24,24,4394,0,6,16.42095648612107,1.6583000005994109,1058.1734999996115,26731.0
1788768853,50,GET,GET /articles (list),12.200000,0.000000,5,7,8,9,11,15,22,22,23,23,23,1581,0,6,11.019338330164809,1.6889999997147243,854.039300000295,25570.824794433902
1788768853,50,GET,GET /articles/{id} (detail),4.500000,0.000000,6,8,9,10,12,14,17,17,17,17,17,636,0,5,7.968898899361216,1.6521999996257364,602.621399999407,2647.3427672955977
1788768853,50,POST,[setup] POST /auth/login,0.000000,0.000000,0,0,0,0,0,0,0,0,0,0,0,17,0,740,728.907847058856,223.36099999938597,1002.2326000007524,178.8235294117647
1788768853,50,,Aggregated,48.800000,0.000000,6,7,8,9,11,14,17,22,24,24,24,6628,0,5,16.14890009052508,1.6521999996257364,1058.1734999996115,24075.17169583585
1788768854,50,GET,GET /articles (anon),32.700000,0.000000,6,7,8,9,10,13,16,17,24,24,24,4427,0,6,16.34014562909704,1.6583000005994109,1058.1734999996115,26731.0
1788768854,50,GET,GET /articles (list),12.600000,0.000000,5,7,7,8,10,13,17,22,23,23,23,1590,0,5,10.983488679239713,1.6889999997147243,854.039300000295,25570.0106918239
1788768854,50,GET,GET /articles/{id} (detail),4.300000,0.000000,6,7,9,10,12,14,17,17,17,17,17,643,0,5,7.941701710721389,1.6521999996257364,602.621399999407,2649.0793157076205
1788768854,50,POST,[setup] POST /auth/login,0.000000,0.000000,0,0,0,0,0,0,0,0,0,0,0,17,0,740,728.907847058856,223.36099999938597,1002.2326000007524,178.8235294117647
1788768854,50,,Aggregated,49.600000,0.000000,5,7,8,9,10,13,16,20,24,24,24,6677,0,5,16.070019364983906,1.6521999996257364,1058.1734999996115,24067.822674853975
1788768855,50,GET,GET /articles (anon),32.800000,0.000000,5,7,8,9,10,11,16,17,24,24,24,4460,0,6,16.25151215246946,1.6583000005994109,1058.1734999996115,26731.0
1788768855,50,GET,GET /articles (list),12.400000,0.000000,5,6,7,8,10,13,17,22,23,23,23,1601,0,5,10.937829793872142,1.6889999997147243,854.039300000295,25569.82823235478
1788768855,50,GET,GET /articles/{id} (detail),4.100000,0.000000,5,6,6,7,12,13,17,17,17,17,17,652,0,5,7.894751533731351,1.6521999996257364,602.621399999407,2652.0598159509204
1788768855,50,POST,[setup] POST /auth/login,0.000000,0.000000,0,0,0,0,0,0,0,0,0,0,0,17,0,740,728.907847058856,223.36099999938597,1002.2326000007524,178.8235294117647
1788768855,50,,Aggregated,49.300000,0.000000,5,6,8,9,10,13,16,20,24,24,24,6730,0,5,15.978012050519444,1.6521999996257364,1058.1734999996115,24054.938781575038
1788768856,50,GET,GET /articles (anon),32.900000,0.000000,5,7,8,9,10,11,15,16,22,22,22,4494,0,6,16.172989897644186,1.6583000005994109,1058.1734999996115,26731.0
1788768856,50,GET,GET /articles (list),12.000000,0.000000,5,6,7,8,10,13,17,22,23,23,23,1608,0,5,10.917629291039098,1.6889999997147243,854.039300000295,25570.408582089553
1788768856,50,GET,GET /articles/{id} (detail),4.400000,0.000000,5,6,6,7,9,11,14,14,14,14,14,657,0,5,7.88713820394736,1.6521999996257364,602.621399999407,2656.459665144597
1788768856,50,POST,[setup] POST /auth/login,0.000000,0.000000,0,0,0,0,0,0,0,0,0,0,0,17,0,740,728.907847058856,223.36099999938597,1002.2326000007524,178.8235294117647
1788768856,50,,Aggregated,49.300000,0.000000,5,6,8,8,10,11,15,17,23,23,23,6776,0,5,15.910603261510804,1.6521999996257364,1058.1734999996115,24054.702626918537
1788768857,50,GET,GET /articles (anon),33.000000,0.000000,5,7,8,9,10,11,15,16,22,22,22,4526,0,6,16.102058683167098,1.6583000005994109,1058.1734999996115,26731.0
1788768857,50,GET,GET /articles (list),12.100000,0.000000,5,6,7,8,10,12,17,22,23,23,23,1617,0,5,10.891928014837548,1.6889999997147243,854.039300000295,25571.251700680274
1788768857,50,GET,GET /articles/{id} (detail),4.700000,0.000000,5,6,6,6,9,11,14,14,14,14,14,664,0,5,7.865340060233673,1.6521999996257364,602.621399999407,2653.5542168674697
1788768857,50,POST,[setup] POST /auth/login,0.000000,0.000000,0,0,0,0,0,0,0,0,0,0,0,17,0,740,728.907847058856,223.36099999938597,1002.2326000007524,178.8235294117647
1788768857,50,,Aggregated,49.800000,0.000000,5,6,8,8,10,11,15,17,23,23,23,6824,0,5,15.841762075029557,1.6521999996257364,1058.1734999996115,24047.218640093786
1788768858,50,GET,GET /articles (anon),33.600000,0.000000,5,6,7,8,10,11,14,16,22,22,22,4562,0,6,16.018634743536165,1.6583000005994109,1058.1734999996115,26731.0
1788768858,50,GET,GET /articles (list),11.700000,0.000000,5,6,7,8,10,11,15,22,23,23,23,1630,0,5,10.845522453983385,1.6889999997147243,854.039300000295,25573.301226993866
1788768858,50,GET,GET /articles/{id} (detail),4.600000,0.000000,6,6,7,7,9,11,14,14,14,14,14,670,0,5,7.863279253722034,1.6521999996257364,602.621399999407,2656.3582089552237
1788768858,50,POST,[setup] POST /auth/login,0.000000,0.000000,0,0,0,0,0,0,0,0,0,0,0,17,0,740,728.907847058856,223.36099999938597,1002.2326000007524,178.8235294117647
1788768858,50,,Aggregated,49.900000,0.000000,5,6,7,8,10,11,14,16,23,23,23,6879,0,5,15.760291292338795,1.6521999996257364,1058.1734999996115,24046.242622474198
1788768859,50,GET,GET /articles (anon),33.500000,0.000000,5,6,7,7,10,11,14,16,22,22,22,4596,0,6,15.933433398609857,1.6583000005994109,1058.1734999996115,26731.0
1788768859,50,GET,GET /articles (list),11.400000,0.000000,5,6,7,8,10,11,15,22,23,23,23,1638,0,5,10.813854212449495,1.6889999997147243,854.039300000295,25569.018315018315
1788768859,50,GET,GET /articles/{id} (detail),5.100000,0.000000,5,6,7,8,9,11,12,14,14,14,14,678,0,5,7.832964454269601,1.6521999996257364,602.621399999407,2660.362831858407
1788768859,50,POST,[setup] POST /auth/login,0.000000,0.000000,0,0,0,0,0,0,0,0,0,0,0,17,0,740,728.907847058856,223.36099999938597,1002.2326000007524,178.8235294117647
1788768859,50,,Aggregated,50.000000,0.000000,5,6,7,8,10,11,14,16,23,23,23,6929,0,5,15.67980031750582,1.6521999996257364,1058.1734999996115,24035.862895078655
1788768860,50,GET,GET /articles (anon),33.300000,0.000000,5,6,7,8,9,11,13,14,16,16,16,4629,0,6,15.87139948153284,1.6583000005994109,1058.1734999996115,26731.0
1788768860,50,GET,GET /articles (list),11.300000,0.000000,5,6,7,8,10,12,13,15,15,15,15,1649,0,5,10.795154578527068,1.6889999997147243,854.039300000295,25570.79684657368
1788768860,50,GET,GET /articles/{id} (detail),5.200000,0.000000,6,6,7,8,9,11,12,14,14,14,14,686,0,5,7.817957288622572,1.6521999996257364,602.621399999407,2657.8731778425654
1788768860,50,POST,[setup] POST /auth/login,0.000000,0.000000,0,0,0,0,0,0,0,0,0,0,0,17,0,740,728.907847058856,223.36099999938597,1002.2326000007524,178.8235294117647
1788768860,50,,Aggregated,49.800000,0.000000,5,6,7,8,9,11,13,14,16,16,16,6981,0,5,15.617314167025004,1.6521999996257364,1058.1734999996115,24026.698753760207
1788768861,50,GET,GET /articles (anon),33.000000,0.000000,5,6,7,8,10,11,14,15,17,17,17,4668,0,6,15.791317737791857,1.6583000005994109,1058.1734999996115,26731.0
1788768861,50,GET,GET /articles (list),11.100000,0.000000,5,6,7,8,9,10,12,13,13,13,13,1659,0,5,10.764228149481905,1.6889999997147243,854.039300000295,25570.71609403255
1788768861,50,GET,GET /articles/{id} (detail),5.600000,0.000000,6,6,7,8,10,11,12,14,14,14,14,690,0,5,7.804471159413985,1.6521999996257364,602.621399999407,2652.2884057971014
1788768861,50,POST,[setup] POST /auth/login,0.000000,0.000000,0,0,0,0,0,0,0,0,0,0,0,17,0,740,728.907847058856,223.36099999938597,1002.2326000007524,178.8235294117647
1788768861,50,,Aggregated,49.700000,0.000000,5,6,7,8,10,11,13,15,17,17,17,7034,0,5,15.545670201876362,1.6521999996257364,1058.1734999996115,24031.16932044356
1788768862,60,GET,GET /articles (anon),33.000000,0.000000,5,6,7,8,10,11,14,15,17,17,17,4678,0,6,15.773516908937381,1.6583000005994109,1058.1734999996115,26731.0
1788768862,60,GET,GET /articles (list),11.100000,0.000000,5,6,8,8,10,12,14,16,16,16,16,1666,0,5,10.749837094831388,1.6889999997147243,854.039300000295,25573.99819927971
1788768862,60,GET,GET /articles/{id} (detail),5.600000,0.000000,6,6,7,8,10,11,13,14,14,14,14,693,0,5,7.7965829725773075,1.6521999996257364,602.621399999407,2650.7417027417027
1788768862,60,POST,[setup] POST /auth/login,0.000000,0.000000,0,0,0,0,0,0,0,0,0,0,0,17,0,740,728.907847058856,223.36099999938597,1002.2326000007524,178.8235294117647
1788768862,60,,Aggregated,49.700000,0.000000,5,6,7,8,10,11,14,15,17,17,17,7054,0,5,15.522002565919202,1.6521999996257364,1058.1734999996115,24028.05542954352
1788768863,70,GET,GET /articles (anon),33.500000,0.000000,6,7,9,10,220,540,700,720,720,720,720,4722,0,6,19.231083629820247,1.6583000005994109,1058.1734999996115,26731.0
1788768863,70,GET,GET /articles (list),10.900000,0.000000,6,8,9,10,89,240,550,720,720,720,720,1677,0,6,12.331424329151975,1.6889999997147243,854.039300000295,25574.58914728682
1788768863,70,GET,GET /articles/{id} (detail),5.600000,0.000000,6,7,9,10,100,350,390,510,510,510,510,701,0,5,10.700951783160424,1.6521999996257364,602.621399999407,2655.880171184023
1788768863,70,POST,[setup] POST /auth/login,0.000000,0.000000,680,680,680,680,680,680,680,680,680,680,680,22,0,720,690.7389636363115,223.36099999938597,1002.2326000007524,178.9090909090909
1788768863,70,,Aggregated,50.000000,0.000000,6,8,9,10,220,510,690,720,720,720,720,7122,0,6,18.841140115135154,1.6521999996257364,1058.1734999996115,24007.03117101938
1788768864,80,GET,GET /articles (anon),33.500000,0.000000,6,9,11,17,470,560,720,720,750,750,750,4755,0,6,20.655309484755765,1.6583000005994109,1058.1734999996115,26731.0
1788768864,80,GET,GET /articles (list),10.900000,0.000000,7,10,14,70,300,380,550,720,720,720,720,1691,0,6,13.979238734468733,1.6889999997147243,854.039300000295,25573.752808988764
1788768864,80,GET,GET /articles/{id} (detail),5.600000,0.000000,6,8,10,14,350,360,390,510,510,510,510,707,0,5,12.203547666189532,1.6521999996257364,602.621399999407,2662.5714285714284
1788768864,80,POST,[setup] POST /auth/login,0.000000,0.000000,680,680,680,680,740,740,740,740,740,740,740,23,0,720,692.6662521738327,223.36099999938597,1002.2326000007524,178.8695652173913
1788768864,80,,Aggregated,50.000000,0.000000,6,9,12,68,380,540,700,720,750,750,750,7176,0,6,20.403305643811816,1.6521999996257364,1058.1734999996115,24001.905379041247
1788768865,90,GET,GET /articles (anon),32.500000,0.000000,8,15,310,450,640,790,930,930,950,950,950,4794,0,6,25.76482421777472,1.6583000005994109,1058.1734999996115,26731.0
1788768865,90,GET,GET /articles (list),9.900000,0.000000,8,12,99,220,480,640,910,950,950,950,950,1698,0,6,16.559532979968044,1.6889999997147243,948.8066000003528,25575.06772673734
1788768865,90,GET,GET /articles/{id} (detail),6.100000,0.000000,7,9,68,300,360,460,470,510,510,510,510,710,0,5,14.10095394365617,1.6521999996257364,602.621399999407,2664.3605633802817
1788768865,90,POST,[setup] POST /auth/login,0.000000,0.000000,740,900,900,900,900,900,900,900,900,900,900,27,0,740,723.2385444443834,223.36099999938597,1002.2326000007524,178.74074074074073
1788768865,90,,Aggregated,48.500000,0.000000,8,14,260,400,620,790,920,930,950,950,950,7229,0,6,25.062079443905272,1.6521999996257364,1058.1734999996115,23996.597178032924
1788768866,100,GET,GET /articles (anon),32.500000,0.000000,9,99,410,490,660,830,930,940,950,950,950,4794,0,6,25.76482421777472,1.6583000005994109,1058.1734999996115,26731.0
1788768866,100,GET,GET /articles (list),9.900000,0.000000,8,14,120,240,490,640,910,950,950,950,950,1698,0,6,16.559532979968044,1.6889999997147243,948.8066000003528,25575.06772673734
1788768866,100,GET,GET /articles/{id} (detail),6.100000,0.000000,8,13,100,330,390,460,510,510,510,510,510,710,0,5,14.10095394365617,1.6521999996257364,602.621399999407,2664.3605633802817
1788768866,100,POST,[setup] POST /auth/login,0.000000,0.000000,740,900,900,900,900,900,900,900,900,900,900,27,0,740,723.2385444443834,223.36099999938597,1002.2326000007524,178.74074074074073
1788768866,100,,Aggregated,48.500000,0.000000,9,92,350,450,650,830,930,930,950,950,950,7229,0,6,25.062079443905272,1.6521999996257364,1058.1734999996115,23996.597178032924
1788768867,100,GET,GET /articles (anon),32.500000,0.000000,10,210,450,510,700,860,930,940,950,950,950,4794,0,6,25.76482421777472,1.6583000005994109,1058.1734999996115,26731.0
1788768867,100,GET,GET /articles (list),9.900000,0.000000,9,89,240,310,490,720,910,950,950,950,950,1698,0,6,16.559532979968044,1.6889999997147243,948.8066000003528,25575.06772673734
1788768867,100,GET,GET /articles/{id} (detail),6.100000,0.000000,8,68,330,350,450,470,510,510,510,510,510,710,0,5,14.10095394365617,1.6521999996257364,602.621399999407,2664.3605633802817
1788768867,100,POST,[setup] POST /auth/login,0.000000,0.000000,740,900,900,900,900,900,900,900,900,900,900,27,0,740,723.2385444443834,223.36099999938597,1002.2326000007524,178.74074074074073
1788768867,100,,Aggregated,48.500000,0.000000,10,190,410,490,680,890,930,940,950,950,950,7229,0,6,25.062079443905272,1.6521999996257364,1058.1734999996115,23996.597178032924
1788768868,100,GET,GET /articles (anon),32.500000,0.000000,14,370,510,540,720,910,930,940,950,950,950,4794,0,6,25.76482421777472,1.6583000005994109,1058.1734999996115,26731.0
1788768868,100,GET,GET /articles (list),9.900000,0.000000,13,120,300,350,520,720,910,950,950,950,950,1698,0,6,16.559532979968044,1.6889999997147243,948.8066000003528,25575.06772673734
1788768868,100,GET,GET /articles/{id} (detail),6.100000,0.000000,10,300,350,350,450,470,510,510,510,510,510,710,0,5,14.10095394365617,1.6521999996257364,602.621399999407,2664.3605633802817
1788768868,100,POST,[setup] POST /auth/login,0.000000,0.000000,740,900,900,900,900,900,900,900,900,900,900,27,0,740,723.2385444443834,223.36099999938597,1002.2326000007524,178.74074074074073
1788768868,100,,Aggregated,48.500000,0.000000,14,320,470,520,720,900,930,940,950,950,950,7229,0,6,25.062079443905272,1.6521999996257364,1058.1734999996115,23996.597178032924
1788768869,100,GET,GET /articles (anon),32.500000,0.000000,140,460,530,600,720,920,930,950,950,950,950,4794,0,6,25.76482421777472,1.6583000005994109,1058.1734999996115,26731.0
1788768869,100,GET,GET /articles (list),9.900000,0.000000,70,240,350,380,550,890,910,950,950,950,950,1698,0,6,16.559532979968044,1.6889999997147243,948.8066000003528,25575.06772673734
1788768869,100,GET,GET /articles/{id} (detail),6.100000,0.000000,100,350,350,390,460,470,510,510,510,510,510,710,0,5,14.10095394365617,1.6521999996257364,602.621399999407,2664.3605633802817
1788768869,100,POST,[setup] POST /auth/login,0.000000,0.000000,740,900,900,900,900,900,900,900,900,900,900,27,0,740,723.2385444443834,223.36099999938597,1002.2326000007524,178.74074074074073
1788768869,100,,Aggregated,48.500000,0.000000,130,410,510,540,720,910,930,950,950,950,950,7229,0,6,25.062079443905272,1.6521999996257364,1058.1734999996115,23996.597178032924
1788768870,100,GET,GET /articles (anon),32.500000,0.000000,390,510,600,660,830,930,940,950,950,950,950,4794,0,6,25.76482421777472,1.6583000005994109,1058.1734999996115,26731.0
1788768870,100,GET,GET /articles (list),9.900000,0.000000,220,320,480,490,720,910,950,950,950,950,950,1698,0,6,16.559532979968044,1.6889999997147243,948.8066000003528,25575.06772673734
1788768870,100,GET,GET /articles/{id} (detail),6.100000,0.000000,100,350,360,390,460,470,510,510,510,510,510,710,0,5,14.10095394365617,1.6521999996257364,602.621399999407,2664.3605633802817
1788768870,100,POST,[setup] POST /auth/login,0.000000,0.000000,740,900,900,900,900,900,900,900,900,900,900,27,0,740,723.2385444443834,223.36099999938597,1002.2326000007524,178.74074074074073
1788768870,100,,Aggregated,48.500000,0.000000,320,490,540,640,830,920,930,950,950,950,950,7229,0,6,25.062079443905272,1.6521999996257364,1058.1734999996115,23996.597178032924
1788768871,100,GET,GET /articles (anon),32.500000,0.000000,470,540,650,700,910,930,940,950,950,950,950,4794,0,6,25.76482421777472,1.6583000005994109,1058.1734999996115,26731.0
1788768871,100,GET,GET /articles (list),9.900000,0.000000,300,380,490,520,720,910,950,950,950,950,950,1698,0,6,16.559532979968044,1.6889999997147243,948.8066000003528,25575.06772673734
1788768871,100,GET,GET /articles/{id} (detail),6.100000,0.000000,350,360,390,450,470,510,510,510,510,510,510,710,0,5,14.10095394365617,1.6521999996257364,602.621399999407,2664.3605633802817
1788768871,100,POST,[setup] POST /auth/login,0.000000,0.000000,740,900,900,900,900,900,900,900,900,900,900,27,0,740,723.2385444443834,223.36099999938597,1002.2326000007524,178.74074074074073
1788768871,100,,Aggregated,48.500000,0.000000,420,530,640,700,900,930,940,950,950,950,950,7229,0,6,25.062079443905272,1.6521999996257364,1058.1734999996115,23996.597178032924
1788768872,100,GET,GET /articles (anon),32.500000,0.000000,490,540,640,790,930,930,950,950,950,950,950,4794,0,6,25.76482421777472,1.6583000005994109,1058.1734999996115,26731.0
1788768872,100,GET,GET /articles (list),9.900000,0.000000,310,480,490,520,890,910,950,950,950,950,950,1698,0,6,16.559532979968044,1.6889999997147243,948.8066000003528,25575.06772673734
1788768872,100,GET,GET /articles/{id} (detail),6.100000,0.000000,350,360,450,460,470,470,470,470,470,470,470,710,0,5,14.10095394365617,1.6521999996257364,602.621399999407,2664.3605633802817
1788768872,100,POST,[setup] POST /auth/login,0.000000,0.000000,900,900,900,900,900,900,900,900,900,900,900,27,0,740,723.2385444443834,223.36099999938597,1002.2326000007524,178.74074074074073
1788768872,100,,Aggregated,48.500000,0.000000,470,530,640,790,910,930,950,950,950,950,950,7229,0,6,25.062079443905272,1.6521999996257364,1058.1734999996115,23996.597178032924
1788768873,100,GET,GET /articles (anon),32.500000,0.000000,620,830,920,930,930,950,950,950,950,950,950,4794,0,6,25.76482421777472,1.6583000005994109,1058.1734999996115,26731.0
1788768873,100,GET,GET /articles (list),9.900000,0.000000,640,890,910,910,950,950,950,950,950,950,950,1698,0,6,16.559532979968044,1.6889999997147243,948.8066000003528,25575.06772673734
1788768873,100,GET,GET /articles/{id} (detail),6.100000,0.000000,460,460,470,470,470,470,470,470,470,470,470,710,0,5,14.10095394365617,1.6521999996257364,602.621399999407,2664.3605633802817
1788768873,100,POST,[setup] POST /auth/login,0.000000,0.000000,900,900,900,900,900,900,900,900,900,900,900,27,0,740,723.2385444443834,223.36099999938597,1002.2326000007524,178.74074074074073
1788768873,100,,Aggregated,48.500000,0.000000,620,890,910,920,930,950,950,950,950,950,950,7229,0,6,25.062079443905272,1.6521999996257364,1058.1734999996115,23996.597178032924
1788768874,100,GET,GET /articles (anon),32.500000,0.000000,620,830,920,930,930,950,950,950,950,950,950,4794,0,6,25.76482421777472,1.6583000005994109,1058.1734999996115,26731.0
1788768874,100,GET,GET /articles (list),9.900000,0.000000,640,890,910,910,950,950,950,950,950,950,950,1698,0,6,16.559532979968044,1.6889999997147243,948.8066000003528,25575.06772673734
1788768874,100,GET,GET /articles/{id} (detail),6.100000,0.000000,460,460,470,470,470,470,470,470,470,470,470,710,0,5,14.10095394365617,1.6521999996257364,602.621399999407,2664.3605633802817
1788768874,100,POST,[setup] POST /auth/login,0.000000,0.000000,900,900,900,900,900,900,900,900,900,900,900,27,0,740,723.2385444443834,223.36099999938597,1002.2326000007524,178.74074074074073
1788768874,100,,Aggregated,48.500000,0.000000,620,890,910,920,930,950,950,950,950,950,950,7229,0,6,25.062079443905272,1.6521999996257364,1058.1734999996115,23996.597178032924
1788768875,100,GET,GET /articles (anon),32.500000,0.000000,620,830,920,930,930,950,950,950,950,950,950,4794,0,6,25.76482421777472,1.6583000005994109,1058.1734999996115,26731.0
1788768875,100,GET,GET /articles (list),9.900000,0.000000,640,890,910,910,950,950,950,950,950,950,950,1698,0,6,16.559532979968044,1.6889999997147243,948.8066000003528,25575.06772673734
1788768875,100,GET,GET /articles/{id} (detail),6.100000,0.000000,460,460,470,470,470,470,470,470,470,470,470,710,0,5,14.10095394365617,1.6521999996257364,602.621399999407,2664.3605633802817
1788768875,100,POST,[setup] POST /auth/login,0.000000,0.000000,900,900,900,900,900,900,900,900,900,900,900,27,0,740,723.2385444443834,223.36099999938597,1002.2326000007524,178.74074074074073
1788768875,100,,Aggregated,48.500000,0.000000,620,890,910,920,930,950,950,950,950,950,950,7229,0,6,25.062079443905272,1.6521999996257364,1058.1734999996115,23996.597178032924
1788768876,100,GET,GET /articles (anon),32.500000,0.000000,620,830,920,930,930,950,950,950,950,950,950,4794,0,6,25.76482421777472,1.6583000005994109,1058.1734999996115,26731.0
1788768876,100,GET,GET /articles (list),9.900000,0.000000,640,890,910,910,950,950,950,950,950,950,950,1698,0,6,16.559532979968044,1.6889999997147243,948.8066000003528,25575.06772673734
1788768876,100,GET,GET /articles/{id} (detail),6.100000,0.000000,460,460,470,470,470,470,470,470,470,470,470,710,0,5,14.10095394365617,1.6521999996257364,602.621399999407,2664.3605633802817
1788768876,100,POST,[setup] POST /auth/login,0.000000,0.000000,900,900,900,900,900,900,900,900,900,900,900,27,0,740,723.2385444443834,223.36099999938597,1002.2326000007524,178.74074074074073
1788768876,100,,Aggregated,48.500000,0.000000,620,890,910,920,930,950,950,950,950,950,950,7229,0,6,25.062079443905272,1.6521999996257364,1058.1734999996115,23996.597178032924
1788768877,100,GET,GET /articles (anon),32.500000,0.000000,620,830,920,930,930,950,950,950,950,950,950,4794,0,6,25.76482421777472,1.6583000005994109,1058.1734999996115,26731.0
1788768877,100,GET,GET /articles (list),9.900000,0.000000,640,890,910,910,950,950,950,950,950,950,950,1698,0,6,16.559532979968044,1.6889999997147243,948.8066000003528,25575.06772673734
1788768877,100,GET,GET /articles/{id} (detail),6.100000,0.000000,460,460,470,470,470,470,470,470,470,470,470,710,0,5,14.10095394365617,1.6521999996257364,602.621399999407,2664.3605633802817
1788768877,100,POST,[setup] POST /auth/login,0.000000,0.000000,900,900,900,900,900,900,900,900,900,900,900,27,0,740,723.2385444443834,223.36099999938597,1002.2326000007524,178.74074074074073
1788768877,100,,Aggregated,48.500000,0.000000,620,890,910,920,930,950,950,950,950,950,950,7229,0,6,25.062079443905272,1.6521999996257364,1058.1734999996115,23996.597178032924
1788768878,100,GET,GET /articles (anon),32.500000,0.000000,620,830,920,930,930,950,950,950,950,950,950,4794,0,6,25.76482421777472,1.6583000005994109,1058.1734999996115,26731.0
1788768878,100,GET,GET /articles (list),9.900000,0.000000,640,890,910,910,950,950,950,950,950,950,950,1698,0,6,16.559532979968044,1.6889999997147243,948.8066000003528,25575.06772673734
1788768878,100,GET,GET /articles/{id} (detail),6.100000,0.000000,460,460,470,470,470,470,470,470,470,470,470,710,0,5,14.10095394365617,1.6521999996257364,602.621399999407,2664.3605633802817
1788768878,100,POST,[setup] POST /auth/login,0.000000,0.000000,900,900,900,900,900,900,900,900,900,900,900,27,0,740,723.2385444443834,223.36099999938597,1002.2326000007524,178.74074074074073
1788768878,100,,Aggregated,48.500000,0.000000,620,890,910,920,930,950,950,950,950,950,950,7229,0,6,25.062079443905272,1.6521999996257364,1058.1734999996115,23996.597178032924
1788768879,100,GET,GET /articles (anon),32.500000,0.000000,620,830,920,930,930,950,950,950,950,950,950,4794,0,6,25.76482421777472,1.6583000005994109,1058.1734999996115,26731.0
1788768879,100,GET,GET /articles (list),9.900000,0.000000,640,890,910,910,950,950,950,950,950,950,950,1698,0,6,16.559532979968044,1.6889999997147243,948.8066000003528,25575.06772673734
1788768879,100,GET,GET /articles/{id} (detail),6.100000,0.000000,460,460,470,470,470,470,470,470,470,470,470,710,0,5,14.10095394365617,1.6521999996257364,602.621399999407,2664.3605633802817
1788768879,100,POST,[setup] POST /auth/login,0.000000,0.000000,900,900,900,900,900,900,900,900,900,900,900,27,0,740,723.2385444443834,223.36099999938597,1002.2326000007524,178.74074074074073
1788768879,100,,Aggregated,48.500000,0.000000,620,890,910,920,930,950,950,950,950,950,950,7229,0,6,25.062079443905272,1.6521999996257364,1058.1734999996115,23996.597178032924
1788768880,100,GET,GET /articles (anon),32.500000,0.000000,620,830,920,930,930,950,950,950,950,950,950,4794,0,6,25.76482421777472,1.6583000005994109,1058.1734999996115,26731.0
1788768880,100,GET,GET /articles (list),9.900000,0.000000,640,890,910,910,950,950,950,950,950,950,950,1698,0,6,16.559532979968044,1.6889999997147243,948.8066000003528,25575.06772673734
1788768880,100,GET,GET /articles/{id} (detail),6.100000,0.000000,460,460,470,470,470,470,470,470,470,470,470,710,0,5,14.10095394365617,1.6521999996257364,602.621399999407,2664.3605633802817
1788768880,100,POST,[setup] POST /auth/login,0.000000,0.000000,900,900,900,900,900,900,900,900,900,900,900,27,0,740,723.2385444443834,223.36099999938597,1002.2326000007524,178.74074074074073
1788768880,100,,Aggregated,48.500000,0.000000,620,890,910,920,930,950,950,950,950,950,950,7229,0,6,25.062079443905272,1.6521999996257364,1058.1734999996115,23996.597178032924
1788768881,100,GET,GET /articles (anon),32.500000,0.000000,620,830,920,930,930,950,950,950,950,950,950,4794,0,6,25.76482421777472,1.6583000005994109,1058.1734999996115,26731.0
1788768881,100,GET,GET /articles (list),9.900000,0.000000,640,890,910,910,950,950,950,950,950,950,950,1698,0,6,16.559532979968044,1.6889999997147243,948.8066000003528,25575.06772673734
1788768881,100,GET,GET /articles/{id} (detail),6.100000,0.000000,460,460,470,470,470,470,470,470,470,470,470,710,0,5,14.10095394365617,1.6521999996257364,602.621399999407,2664.3605633802817
1788768881,100,POST,[setup] POST /auth/login,0.000000,0.000000,900,900,900,900,900,900,900,900,900,900,900,27,0,740,723.2385444443834,223.36099999938597,1002.2326000007524,178.74074074074073
1788768881,100,,Aggregated,48.500000,0.000000,620,890,910,920,930,950,950,950,950,950,950,7229,0,6,25.062079443905272,1.6521999996257364,1058.1734999996115,23996.597178032924
1788768882,100,GET,GET /articles (anon),32.500000,0.000000,0,0,0,0,0,0,0,0,0,0,0,4794,0,6,25.76482421777472,1.6583000005994109,1058.1734999996115,26731.0
1788768882,100,GET,GET /articles (list),9.900000,0.000000,0,0,0,0,0,0,0,0,0,0,0,1698,0,6,16.559532979968044,1.6889999997147243,948.8066000003528,25575.06772673734
1788768882,100,GET,GET /articles/{id} (detail),6.100000,0.000000,0,0,0,0,0,0,0,0,0,0,0,710,0,5,14.10095394365617,1.6521999996257364,602.621399999407,2664.3605633802817
1788768882,100,POST,[setup] POST /auth/login,0.000000,0.000000,0,0,0,0,0,0,0,0,0,0,0,27,0,740,723.2385444443834,223.36099999938597,1002.2326000007524,178.74074074074073
1788768882,100,,Aggregated,48.500000,0.000000,0,0,0,0,0,0,0,0,0,0,0,7229,0,6,25.062079443905272,1.6521999996257364,1058.1734999996115,23996.597178032924
1788768883,100,GET,GET /articles (anon),32.500000,0.000000,0,0,0,0,0,0,0,0,0,0,0,4794,0,6,25.76482421777472,1.6583000005994109,1058.1734999996115,26731.0
1788768883,100,GET,GET /articles (list),9.900000,0.000000,0,0,0,0,0,0,0,0,0,0,0,1698,0,6,16.559532979968044,1.6889999997147243,948.8066000003528,25575.06772673734
1788768883,100,GET,GET /articles/{id} (detail),6.100000,0.000000,0,0,0,0,0,0,0,0,0,0,0,710,0,5,14.10095394365617,1.6521999996257364,602.621399999407,2664.3605633802817
1788768883,100,POST,[setup] POST /auth/login,0.000000,0.000000,0,0,0,0,0,0,0,0,0,0,0,27,0,740,723.2385444443834,223.36099999938597,1002.2326000007524,178.74074074074073
1788768883,100,,Aggregated,48.500000,0.000000,0,0,0,0,0,0,0,0,0,0,0,7229,0,6,25.062079443905272,1.6521999996257364,1058.1734999996115,23996.597178032924
1788768884,100,GET,GET /articles (anon),32.500000,0.000000,0,0,0,0,0,0,0,0,0,0,0,4794,0,6,25.76482421777472,1.6583000005994109,1058.1734999996115,26731.0
1788768884,100,GET,GET /articles (list),9.900000,0.000000,0,0,0,0,0,0,0,0,0,0,0,1698,0,6,16.559532979968044,1.6889999997147243,948.8066000003528,25575.06772673734
1788768884,100,GET,GET /articles/{id} (detail),6.100000,0.000000,0,0,0,0,0,0,0,0,0,0,0,710,0,5,14.10095394365617,1.6521999996257364,602.621399999407,2664.3605633802817
1788768884,100,POST,[setup] POST /auth/login,0.000000,0.000000,0,0,0,0,0,0,0,0,0,0,0,27,0,740,723.2385444443834,223.36099999938597,1002.2326000007524,178.74074074074073
1788768884,100,,Aggregated,48.500000,0.000000,0,0,0,0,0,0,0,0,0,0,0,7229,0,6,25.062079443905272,1.6521999996257364,1058.1734999996115,23996.597178032924
1788768885,100,GET,GET /articles (anon),32.500000,0.000000,0,0,0,0,0,0,0,0,0,0,0,4794,0,6,25.76482421777472,1.6583000005994109,1058.1734999996115,26731.0
1788768885,100,GET,GET /articles (list),9.900000,0.000000,0,0,0,0,0,0,0,0,0,0,0,1698,0,6,16.559532979968044,1.6889999997147243,948.8066000003528,25575.06772673734
1788768885,100,GET,GET /articles/{id} (detail),6.100000,0.000000,0,0,0,0,0,0,0,0,0,0,0,710,0,5,14.10095394365617,1.6521999996257364,602.621399999407,2664.3605633802817
1788768885,100,POST,[setup] POST /auth/login,0.000000,0.000000,0,0,0,0,0,0,0,0,0,0,0,27,0,740,723.2385444443834,223.36099999938597,1002.2326000007524,178.74074074074073
1788768885,100,,Aggregated,48.500000,0.000000,0,0,0,0,0,0,0,0,0,0,0,7229,0,6,25.062079443905272,1.6521999996257364,1058.1734999996115,23996.597178032924
1788768886,100,GET,GET /articles (anon),32.500000,0.000000,0,0,0,0,0,0,0,0,0,0,0,4794,0,6,25.76482421777472,1.6583000005994109,1058.1734999996115,26731.0
1788768886,100,GET,GET /articles (list),9.900000,0.000000,0,0,0,0,0,0,0,0,0,0,0,1698,0,6,16.559532979968044,1.6889999997147243,948.8066000003528,25575.06772673734
1788768886,100,GET,GET /articles/{id} (detail),6.100000,0.000000,0,0,0,0,0,0,0,0,0,0,0,710,0,5,14.10095394365617,1.6521999996257364,602.621399999407,2664.3605633802817
1788768886,100,POST,[setup] POST /auth/login,0.000000,0.000000,0,0,0,0,0,0,0,0,0,0,0,27,0,740,723.2385444443834,223.36099999938597,1002.2326000007524,178.74074074074073
1788768886,100,,Aggregated,48.500000,0.000000,0,0,0,0,0,0,0,0,0,0,0,7229,0,6,25.062079443905272,1.6521999996257364,1058.1734999996115,23996.597178032924
1788768887,100,GET,GET /articles (anon),32.500000,0.000000,0,0,0,0,0,0,0,0,0,0,0,4794,0,6,25.76482421777472,1.6583000005994109,1058.1734999996115,26731.0
1788768887,100,GET,GET /articles (list),9.900000,0.000000,0,0,0,0,0,0,0,0,0,0,0,1698,0,6,16.559532979968044,1.6889999997147243,948.8066000003528,25575.06772673734
1788768887,100,GET,GET /articles/{id} (detail),6.100000,0.000000,0,0,0,0,0,0,0,0,0,0,0,710,0,5,14.10095394365617,1.6521999996257364,602.621399999407,2664.3605633802817
1788768887,100,POST,[setup] POST /auth/login,0.000000,0.000000,0,0,0,0,0,0,0,0,0,0,0,27,0,740,723.2385444443834,223.36099999938597,1002.2326000007524,178.74074074074073
1788768887,100,,Aggregated,48.500000,0.000000,0,0,0,0,0,0,0,0,0,0,0,7229,0,6,25.062079443905272,1.6521999996257364,1058.1734999996115,23996.597178032924
1788768888,100,GET,GET /articles (anon),32.500000,0.000000,0,0,0,0,0,0,0,0,0,0,0,4794,0,6,25.76482421777472,1.6583000005994109,1058.1734999996115,26731.0
1788768888,100,GET,GET /articles (list),9.900000,0.000000,0,0,0,0,0,0,0,0,0,0,0,1698,0,6,16.559532979968044,1.6889999997147243,948.8066000003528,25575.06772673734
1788768888,100,GET,GET /articles/{id} (detail),6.100000,0.000000,0,0,0,0,0,0,0,0,0,0,0,710,0,5,14.10095394365617,1.6521999996257364,602.621399999407,2664.3605633802817
1788768888,100,POST,[setup] POST /auth/login,0.000000,0.000000,0,0,0,0,0,0,0,0,0,0,0,27,0,740,723.2385444443834,223.36099999938597,1002.2326000007524,178.74074074074073
1788768888,100,,Aggregated,48.500000,0.000000,0,0,0,0,0,0,0,0,0,0,0,7229,0,6,25.062079443905272,1.6521999996257364,1058.1734999996115,23996.597178032924
1788768889,100,GET,GET /articles (anon),32.500000,0.000000,0,0,0,0,0,0,0,0,0,0,0,4794,0,6,25.76482421777472,1.6583000005994109,1058.1734999996115,26731.0
1788768889,100,GET,GET /articles (list),9.900000,0.000000,0,0,0,0,0,0,0,0,0,0,0,1698,0,6,16.559532979968044,1.6889999997147243,948.8066000003528,25575.06772673734
1788768889,100,GET,GET /articles/{id} (detail),6.100000,0.000000,0,0,0,0,0,0,0,0,0,0,0,710,0,5,14.10095394365617,1.6521999996257364,602.621399999407,2664.3605633802817
1788768889,100,POST,[setup] POST /auth/login,0.000000,0.000000,0,0,0,0,0,0,0,0,0,0,0,27,0,740,723.2385444443834,223.36099999938597,1002.2326000007524,178.74074074074073
1788768889,100,,Aggregated,48.500000,0.000000,0,0,0,0,0,0,0,0,0,0,0,7229,0,6,25.062079443905272,1.6521999996257364,1058.1734999996115,23996.597178032924
1788768890,100,GET,GET /articles (anon),32.500000,0.000000,0,0,0,0,0,0,0,0,0,0,0,4794,0,6,25.76482421777472,1.6583000005994109,1058.1734999996115,26731.0
1788768890,100,GET,GET /articles (list),9.900000,0.000000,0,0,0,0,0,0,0,0,0,0,0,1698,0,6,16.559532979968044,1.6889999997147243,948.8066000003528,25575.06772673734
1788768890,100,GET,GET /articles/{id} (detail),6.100000,0.000000,0,0,0,0,0,0,0,0,0,0,0,710,0,5,14.10095394365617,1.6521999996257364,602.621399999407,2664.3605633802817
1788768890,100,POST,[setup] POST /auth/login,0.000000,0.000000,0,0,0,0,0,0,0,0,0,0,0,27,0,740,723.2385444443834,223.36099999938597,1002.2326000007524,178.74074074074073
1788768890,100,,Aggregated,48.500000,0.000000,0,0,0,0,0,0,0,0,0,0,0,7229,0,6,25.062079443905272,1.6521999996257364,1058.1734999996115,23996.597178032924
1788768891,100,GET,GET /articles (anon),32.500000,0.000000,0,0,0,0,0,0,0,0,0,0,0,4794,0,6,25.76482421777472,1.6583000005994109,1058.1734999996115,26731.0
1788768891,100,GET,GET /articles (list),9.900000,0.000000,0,0,0,0,0,0,0,0,0,0,0,1698,0,6,16.559532979968044,1.6889999997147243,948.8066000003528,25575.06772673734
1788768891,100,GET,GET /articles/{id} (detail),6.100000,0.000000,0,0,0,0,0,0,0,0,0,0,0,710,0,5,14.10095394365617,1.6521999996257364,602.621399999407,2664.3605633802817
1788768891,100,POST,[setup] POST /auth/login,0.000000,0.000000,0,0,0,0,0,0,0,0,0,0,0,27,0,740,723.2385444443834,223.36099999938597,1002.2326000007524,178.74074074074073
1788768891,100,,Aggregated,48.500000,0.000000,0,0,0,0,0,0,0,0,0,0,0,7229,0,6,25.062079443905272,1.6521999996257364,1058.1734999996115,23996.597178032924
1788768892,100,GET,GET /articles (anon),32.500000,0.000000,0,0,0,0,0,0,0,0,0,0,0,4794,0,6,25.76482421777472,1.6583000005994109,1058.1734999996115,26731.0
1788768892,100,GET,GET /articles (list),9.900000,0.000000,0,0,0,0,0,0,0,0,0,0,0,1698,0,6,16.559532979968044,1.6889999997147243,948.8066000003528,25575.06772673734
1788768892,100,GET,GET /articles/{id} (detail),6.100000,0.000000,0,0,0,0,0,0,0,0,0,0,0,710,0,5,14.10095394365617,1.6521999996257364,602.621399999407,2664.3605633802817
1788768892,100,POST,[setup] POST /auth/login,0.000000,0.000000,0,0,0,0,0,0,0,0,0,0,0,27,0,740,723.2385444443834,223.36099999938597,1002.2326000007524,178.74074074074073
1788768892,100,,Aggregated,48.500000,0.000000,0,0,0,0,0,0,0,0,0,0,0,7229,0,6,25.062079443905272,1.6521999996257364,1058.1734999996115,23996.597178032924
1788768893,100,GET,GET /articles (anon),32.500000,0.000000,0,0,0,0,0,0,0,0,0,0,0,4794,0,6,25.76482421777472,1.6583000005994109,1058.1734999996115,26731.0
1788768893,100,GET,GET /articles (list),9.900000,0.000000,0,0,0,0,0,0,0,0,0,0,0,1698,0,6,16.559532979968044,1.6889999997147243,948.8066000003528,25575.06772673734
1788768893,100,GET,GET /articles/{id} (detail),6.100000,0.000000,0,0,0,0,0,0,0,0,0,0,0,710,0,5,14.10095394365617,1.6521999996257364,602.621399999407,2664.3605633802817
1788768893,100,POST,[setup] POST /auth/login,0.000000,0.000000,0,0,0,0,0,0,0,0,0,0,0,27,0,740,723.2385444443834,223.36099999938597,1002.2326000007524,178.74074074074073
1788768893,100,,Aggregated,48.500000,0.000000,0,0,0,0,0,0,0,0,0,0,0,7229,0,6,25.062079443905272,1.6521999996257364,1058.1734999996115,23996.597178032924
1788768894,100,GET,GET /articles (anon),32.500000,0.000000,0,0,0,0,0,0,0,0,0,0,0,4794,0,6,25.76482421777472,1.6583000005994109,1058.1734999996115,26731.0
1788768894,100,GET,GET /articles (list),9.900000,0.000000,0,0,0,0,0,0,0,0,0,0,0,1698,0,6,16.559532979968044,1.6889999997147243,948.8066000003528,25575.06772673734
1788768894,100,GET,GET /articles/{id} (detail),6.100000,0.000000,0,0,0,0,0,0,0,0,0,0,0,710,0,5,14.10095394365617,1.6521999996257364,602.621399999407,2664.3605633802817
1788768894,100,POST,[setup] POST /auth/login,0.000000,0.000000,0,0,0,0,0,0,0,0,0,0,0,27,0,740,723.2385444443834,223.36099999938597,1002.2326000007524,178.74074074074073
1788768894,100,,Aggregated,48.500000,0.000000,0,0,0,0,0,0,0,0,0,0,0,7229,0,6,25.062079443905272,1.6521999996257364,1058.1734999996115,23996.597178032924
1788768895,99,GET,GET /articles (anon),0.000000,0.000000,31000,31000,31000,31000,31000,31000,31000,31000,31000,31000,31000,4808,7,6,115.17156936356315,1.6583000005994109,31037.874300000112,26692.112728785356
1788768895,99,GET,GET /articles (list),0.000000,0.000000,31000,31000,31000,31000,31000,31000,31000,31000,31000,31000,31000,1706,1,6,160.10672092613453,1.6889999997147243,31223.338700000568,25563.27608440797
1788768895,99,GET,GET /articles/{id} (detail),0.000000,0.000000,31000,31000,31000,31000,31000,31000,31000,31000,31000,31000,31000,712,0,5,100.08780308988199,1.6521999996257364,30959.485700000187,2663.4073033707864
1788768895,99,POST,[setup] POST /auth/login,0.000000,0.000000,0,0,0,0,0,0,0,0,0,0,0,30,1,740,3709.4587499999616,223.36099999938597,30612.522700000227,173.43333333333334
1788768895,99,,Aggregated,0.000000,0.000000,31000,31000,31000,31000,31000,31000,31000,31000,31000,31000,31000,7256,9,6,139.11704102811345,1.6521999996257364,31223.338700000568,23959.230429988973
1788768896,99,GET,GET /articles (anon),0.000000,0.000000,31000,31000,31000,31000,31000,31000,31000,31000,31000,31000,31000,4808,7,6,115.17156936356315,1.6583000005994109,31037.874300000112,26692.112728785356
1788768896,99,GET,GET /articles (list),0.000000,0.000000,31000,31000,31000,31000,31000,31000,31000,31000,31000,31000,31000,1706,1,6,160.10672092613453,1.6889999997147243,31223.338700000568,25563.27608440797
1788768896,99,GET,GET /articles/{id} (detail),0.000000,0.000000,31000,31000,31000,31000,31000,31000,31000,31000,31000,31000,31000,712,0,5,100.08780308988199,1.6521999996257364,30959.485700000187,2663.4073033707864
1788768896,99,POST,[setup] POST /auth/login,0.000000,0.000000,31000,31000,31000,31000,31000,31000,31000,31000,31000,31000,31000,30,1,740,3709.4587499999616,223.36099999938597,30612.522700000227,173.43333333333334
1788768896,99,,Aggregated,0.000000,0.000000,31000,31000,31000,31000,31000,31000,31000,31000,31000,31000,31000,7256,9,6,139.11704102811345,1.6521999996257364,31223.338700000568,23959.230429988973
1788768897,99,GET,GET /articles (anon),0.000000,0.000000,31000,31000,31000,31000,31000,31000,31000,31000,31000,31000,31000,4808,7,6,115.17156936356315,1.6583000005994109,31037.874300000112,26692.112728785356
1788768897,99,GET,GET /articles (list),0.000000,0.000000,31000,31000,31000,31000,31000,31000,31000,31000,31000,31000,31000,1706,1,6,160.10672092613453,1.6889999997147243,31223.338700000568,25563.27608440797
1788768897,99,GET,GET /articles/{id} (detail),0.000000,0.000000,31000,31000,31000,31000,31000,31000,31000,31000,31000,31000,31000,712,0,5,100.08780308988199,1.6521999996257364,30959.485700000187,2663.4073033707864
1788768897,99,POST,[setup] POST /auth/login,0.000000,0.000000,31000,31000,31000,31000,31000,31000,31000,31000,31000,31000,31000,30,1,740,3709.4587499999616,223.36099999938597,30612.522700000227,173.43333333333334
1788768897,99,,Aggregated,0.000000,0.000000,31000,31000,31000,31000,31000,31000,31000,31000,31000,31000,31000,7256,9,6,139.11704102811345,1.6521999996257364,31223.338700000568,23959.230429988973
1788768898,99,GET,GET /articles (anon),0.000000,0.000000,31000,31000,31000,31000,31000,31000,31000,31000,31000,31000,31000,4808,7,6,115.17156936356315,1.6583000005994109,31037.874300000112,26692.112728785356
1788768898,99,GET,GET /articles (list),0.000000,0.000000,31000,31000,31000,31000,31000,31000,31000,31000,31000,31000,31000,1706,1,6,160.10672092613453,1.6889999997147243,31223.338700000568,25563.27608440797
1788768898,99,GET,GET /articles/{id} (detail),0.000000,0.000000,31000,31000,31000,31000,31000,31000,31000,31000,31000,31000,31000,712,0,5,100.08780308988199,1.6521999996257364,30959.485700000187,2663.4073033707864
1788768898,99,POST,[setup] POST /auth/login,0.000000,0.000000,31000,31000,31000,31000,31000,31000,31000,31000,31000,31000,31000,30,1,740,3709.4587499999616,223.36099999938597,30612.522700000227,173.43333333333334
1788768898,99,,Aggregated,0.000000,0.000000,31000,31000,31000,31000,31000,31000,31000,31000,31000,31000,31000,7256,9,6,139.11704102811345,1.6521999996257364,31223.338700000568,23959.230429988973
1788768899,99,GET,GET /articles (anon),0.000000,0.000000,31000,31000,31000,31000,31000,31000,31000,31000,31000,31000,31000,4808,7,6,115.17156936356315,1.6583000005994109,31037.874300000112,26692.112728785356
1788768899,99,GET,GET /articles (list),0.000000,0.000000,31000,31000,31000,31000,31000,31000,31000,31000,31000,31000,31000,1706,1,6,160.10672092613453,1.6889999997147243,31223.338700000568,25563.27608440797
1788768899,99,GET,GET /articles/{id} (detail),0.000000,0.000000,31000,31000,31000,31000,31000,31000,31000,31000,31000,31000,31000,712,0,5,100.08780308988199,1.6521999996257364,30959.485700000187,2663.4073033707864
1788768899,99,POST,[setup] POST /auth/login,0.000000,0.000000,31000,31000,31000,31000,31000,31000,31000,31000,31000,31000,31000,30,1,740,3709.4587499999616,223.36099999938597,30612.522700000227,173.43333333333334
1788768899,99,,Aggregated,0.000000,0.000000,31000,31000,31000,31000,31000,31000,31000,31000,31000,31000,31000,7256,9,6,139.11704102811345,1.6521999996257364,31223.338700000568,23959.230429988973
1788768900,99,GET,GET /articles (anon),0.000000,0.000000,31000,31000,31000,31000,31000,31000,31000,31000,31000,31000,31000,4808,7,6,115.17156936356315,1.6583000005994109,31037.874300000112,26692.112728785356
1788768900,99,GET,GET /articles (list),0.000000,0.000000,31000,31000,31000,31000,31000,31000,31000,31000,31000,31000,31000,1706,1,6,160.10672092613453,1.6889999997147243,31223.338700000568,25563.27608440797
1788768900,99,GET,GET /articles/{id} (detail),0.000000,0.000000,31000,31000,31000,31000,31000,31000,31000,31000,31000,31000,31000,712,0,5,100.08780308988199,1.6521999996257364,30959.485700000187,2663.4073033707864
1788768900,99,POST,[setup] POST /auth/login,0.000000,0.000000,31000,31000,31000,31000,31000,31000,31000,31000,31000,31000,31000,30,1,740,3709.4587499999616,223.36099999938597,30612.522700000227,173.43333333333334
1788768900,99,,Aggregated,0.000000,0.000000,31000,31000,31000,31000,31000,31000,31000,31000,31000,31000,31000,7256,9,6,139.11704102811345,1.6521999996257364,31223.338700000568,23959.230429988973
1788768901,99,GET,GET /articles (anon),0.000000,0.000000,31000,31000,31000,31000,31000,31000,31000,31000,31000,31000,31000,4808,7,6,115.17156936356315,1.6583000005994109,31037.874300000112,26692.112728785356
1788768901,99,GET,GET /articles (list),0.000000,0.000000,31000,31000,31000,31000,31000,31000,31000,31000,31000,31000,31000,1706,1,6,160.10672092613453,1.6889999997147243,31223.338700000568,25563.27608440797
1788768901,99,GET,GET /articles/{id} (detail),0.000000,0.000000,31000,31000,31000,31000,31000,31000,31000,31000,31000,31000,31000,712,0,5,100.08780308988199,1.6521999996257364,30959.485700000187,2663.4073033707864
1788768901,99,POST,[setup] POST /auth/login,0.000000,0.000000,31000,31000,31000,31000,31000,31000,31000,31000,31000,31000,31000,30,1,740,3709.4587499999616,223.36099999938597,30612.522700000227,173.43333333333334
1788768901,99,,Aggregated,0.000000,0.000000,31000,31000,31000,31000,31000,31000,31000,31000,31000,31000,31000,7256,9,6,139.11704102811345,1.6521999996257364,31223.338700000568,23959.230429988973
1788768902,99,GET,GET /articles (anon),0.000000,0.000000,31000,31000,31000,31000,31000,31000,31000,31000,31000,31000,31000,4808,7,6,115.17156936356315,1.6583000005994109,31037.874300000112,26692.112728785356
1788768902,99,GET,GET /articles (list),0.000000,0.000000,31000,31000,31000,31000,31000,31000,31000,31000,31000,31000,31000,1706,1,6,160.10672092613453,1.6889999997147243,31223.338700000568,25563.27608440797
1788768902,99,GET,GET /articles/{id} (detail),0.000000,0.000000,31000,31000,31000,31000,31000,31000,31000,31000,31000,31000,31000,712,0,5,100.08780308988199,1.6521999996257364,30959.485700000187,2663.4073033707864
1788768902,99,POST,[setup] POST /auth/login,0.000000,0.000000,31000,31000,31000,31000,31000,31000,31000,31000,31000,31000,31000,30,1,740,3709.4587499999616,223.36099999938597,30612.522700000227,173.43333333333334
1788768902,99,,Aggregated,0.000000,0.000000,31000,31000,31000,31000,31000,31000,31000,31000,31000,31000,31000,7256,9,6,139.11704102811345,1.6521999996257364,31223.338700000568,23959.230429988973
1788768903,99,GET,GET /articles (anon),0.000000,0.000000,31000,31000,31000,31000,31000,31000,31000,31000,31000,31000,31000,4808,7,6,115.17156936356315,1.6583000005994109,31037.874300000112,26692.112728785356
1788768903,99,GET,GET /articles (list),0.000000,0.000000,31000,31000,31000,31000,31000,31000,31000,31000,31000,31000,31000,1706,1,6,160.10672092613453,1.6889999997147243,31223.338700000568,25563.27608440797
1788768903,99,GET,GET /articles/{id} (detail),0.000000,0.000000,31000,31000,31000,31000,31000,31000,31000,31000,31000,31000,31000,712,0,5,100.08780308988199,1.6521999996257364,30959.485700000187,2663.4073033707864
1788768903,99,POST,[setup] POST /auth/login,0.000000,0.000000,31000,31000,31000,31000,31000,31000,31000,31000,31000,31000,31000,30,1,740,3709.4587499999616,223.36099999938597,30612.522700000227,173.43333333333334
1788768903,99,,Aggregated,0.000000,0.000000,31000,31000,31000,31000,31000,31000,31000,31000,31000,31000,31000,7256,9,6,139.11704102811345,1.6521999996257364,31223.338700000568,23959.230429988973
1788768904,99,GET,GET /articles (anon),0.000000,0.000000,31000,31000,31000,31000,31000,31000,31000,31000,31000,31000,31000,4808,7,6,115.17156936356315,1.6583000005994109,31037.874300000112,26692.112728785356
1788768904,99,GET,GET /articles (list),0.000000,0.000000,31000,31000,31000,31000,31000,31000,31000,31000,31000,31000,31000,1706,1,6,160.10672092613453,1.6889999997147243,31223.338700000568,25563.27608440797
1788768904,99,GET,GET /articles/{id} (detail),0.000000,0.000000,31000,31000,31000,31000,31000,31000,31000,31000,31000,31000,31000,712,0,5,100.08780308988199,1.6521999996257364,30959.485700000187,2663.4073033707864
1788768904,99,POST,[setup] POST /auth/login,0.000000,0.000000,31000,31000,31000,31000,31000,31000,31000,31000,31000,31000,31000,30,1,740,3709.4587499999616,223.36099999938597,30612.522700000227,173.43333333333334
1788768904,99,,Aggregated,0.000000,0.000000,31000,31000,31000,31000,31000,31000,31000,31000,31000,31000,31000,7256,9,6,139.11704102811345,1.6521999996257364,31223.338700000568,23959.230429988973
1788768905,99,GET,GET /articles (anon),0.000000,0.000000,31000,31000,31000,31000,31000,31000,31000,31000,31000,31000,31000,4808,7,6,115.17156936356315,1.6583000005994109,31037.874300000112,26692.112728785356
1788768905,99,GET,GET /articles (list),0.000000,0.000000,31000,31000,31000,31000,31000,31000,31000,31000,31000,31000,31000,1706,1,6,160.10672092613453,1.6889999997147243,31223.338700000568,25563.27608440797
1788768905,99,GET,GET /articles/{id} (detail),0.000000,0.000000,31000,31000,31000,31000,31000,31000,31000,31000,31000,31000,31000,712,0,5,100.08780308988199,1.6521999996257364,30959.485700000187,2663.4073033707864
1788768905,99,POST,[setup] POST /auth/login,0.000000,0.000000,31000,31000,31000,31000,31000,31000,31000,31000,31000,31000,31000,30,1,740,3709.4587499999616,223.36099999938597,30612.522700000227,173.43333333333334
1788768905,99,,Aggregated,0.000000,0.000000,31000,31000,31000,31000,31000,31000,31000,31000,31000,31000,31000,7256,9,6,139.11704102811345,1.6521999996257364,31223.338700000568,23959.230429988973
1788768906,99,GET,GET /articles (anon),0.000000,0.000000,31000,31000,31000,31000,31000,31000,31000,31000,31000,31000,31000,4808,7,6,115.17156936356315,1.6583000005994109,31037.874300000112,26692.112728785356
1788768906,99,GET,GET /articles (list),0.000000,0.000000,31000,31000,31000,31000,31000,31000,31000,31000,31000,31000,31000,1706,1,6,160.10672092613453,1.6889999997147243,31223.338700000568,25563.27608440797
1788768906,99,GET,GET /articles/{id} (detail),0.000000,0.000000,31000,31000,31000,31000,31000,31000,31000,31000,31000,31000,31000,712,0,5,100.08780308988199,1.6521999996257364,30959.485700000187,2663.4073033707864
1788768906,99,POST,[setup] POST /auth/login,0.000000,0.000000,31000,31000,31000,31000,31000,31000,31000,31000,31000,31000,31000,30,1,740,3709.4587499999616,223.36099999938597,30612.522700000227,173.43333333333334
1788768906,99,,Aggregated,0.000000,0.000000,31000,31000,31000,31000,31000,31000,31000,31000,31000,31000,31000,7256,9,6,139.11704102811345,1.6521999996257364,31223.338700000568,23959.230429988973
1788768907,99,GET,GET /articles (anon),0.000000,0.000000,31000,31000,31000,31000,31000,31000,31000,31000,31000,31000,31000,4808,7,6,115.17156936356315,1.6583000005994109,31037.874300000112,26692.112728785356
1788768907,99,GET,GET /articles (list),0.000000,0.000000,31000,31000,31000,31000,31000,31000,31000,31000,31000,31000,31000,1706,1,6,160.10672092613453,1.6889999997147243,31223.338700000568,25563.27608440797
1788768907,99,GET,GET /articles/{id} (detail),0.000000,0.000000,31000,31000,31000,31000,31000,31000,31000,31000,31000,31000,31000,712,0,5,100.08780308988199,1.6521999996257364,30959.485700000187,2663.4073033707864
1788768907,99,POST,[setup] POST /auth/login,0.000000,0.000000,31000,31000,31000,31000,31000,31000,31000,31000,31000,31000,31000,30,1,740,3709.4587499999616,223.36099999938597,30612.522700000227,173.43333333333334
1788768907,99,,Aggregated,0.000000,0.000000,31000,31000,31000,31000,31000,31000,31000,31000,31000,31000,31000,7256,9,6,139.11704102811345,1.6521999996257364,31223.338700000568,23959.230429988973
1788768908,99,GET,GET /articles (anon),0.000000,0.000000,31000,31000,31000,31000,31000,31000,31000,31000,31000,31000,31000,4808,7,6,115.17156936356315,1.6583000005994109,31037.874300000112,26692.112728785356
1788768908,99,GET,GET /articles (list),0.000000,0.000000,31000,31000,31000,31000,31000,31000,31000,31000,31000,31000,31000,1706,1,6,160.10672092613453,1.6889999997147243,31223.338700000568,25563.27608440797
1788768908,99,GET,GET /articles/{id} (detail),0.000000,0.000000,31000,31000,31000,31000,31000,31000,31000,31000,31000,31000,31000,712,0,5,100.08780308988199,1.6521999996257364,30959.485700000187,2663.4073033707864
1788768908,99,POST,[setup] POST /auth/login,0.000000,0.000000,31000,31000,31000,31000,31000,31000,31000,31000,31000,31000,31000,30,1,740,3709.4587499999616,223.36099999938597,30612.522700000227,173.43333333333334
1788768908,99,,Aggregated,0.000000,0.000000,31000,31000,31000,31000,31000,31000,31000,31000,31000,31000,31000,7256,9,6,139.11704102811345,1.6521999996257364,31223.338700000568,23959.230429988973
1788768909,99,GET,GET /articles (anon),0.000000,0.000000,31000,31000,31000,31000,31000,31000,31000,31000,31000,31000,31000,4808,7,6,115.17156936356315,1.6583000005994109,31037.874300000112,26692.112728785356
1788768909,99,GET,GET /articles (list),0.000000,0.000000,31000,31000,31000,31000,31000,31000,31000,31000,31000,31000,31000,1706,1,6,160.10672092613453,1.6889999997147243,31223.338700000568,25563.27608440797
1788768909,99,GET,GET /articles/{id} (detail),0.000000,0.000000,31000,31000,31000,31000,31000,31000,31000,31000,31000,31000,31000,712,0,5,100.08780308988199,1.6521999996257364,30959.485700000187,2663.4073033707864
1788768909,99,POST,[setup] POST /auth/login,0.000000,0.000000,31000,31000,31000,31000,31000,31000,31000,31000,31000,31000,31000,30,1,740,3709.4587499999616,223.36099999938597,30612.522700000227,173.43333333333334
1788768909,99,,Aggregated,0.000000,0.000000,31000,31000,31000,31000,31000,31000,31000,31000,31000,31000,31000,7256,9,6,139.11704102811345,1.6521999996257364,31223.338700000568,23959.230429988973
1788768910,99,GET,GET /articles (anon),0.000000,0.000000,31000,31000,31000,31000,31000,31000,31000,31000,31000,31000,31000,4808,7,6,115.17156936356315,1.6583000005994109,31037.874300000112,26692.112728785356
1788768910,99,GET,GET /articles (list),0.000000,0.000000,31000,31000,31000,31000,31000,31000,31000,31000,31000,31000,31000,1706,1,6,160.10672092613453,1.6889999997147243,31223.338700000568,25563.27608440797
1788768910,99,GET,GET /articles/{id} (detail),0.000000,0.000000,31000,31000,31000,31000,31000,31000,31000,31000,31000,31000,31000,712,0,5,100.08780308988199,1.6521999996257364,30959.485700000187,2663.4073033707864
1788768910,99,POST,[setup] POST /auth/login,0.000000,0.000000,31000,31000,31000,31000,31000,31000,31000,31000,31000,31000,31000,30,1,740,3709.4587499999616,223.36099999938597,30612.522700000227,173.43333333333334
1788768910,99,,Aggregated,0.000000,0.000000,31000,31000,31000,31000,31000,31000,31000,31000,31000,31000,31000,7256,9,6,139.11704102811345,1.6521999996257364,31223.338700000568,23959.230429988973
1788768911,99,GET,GET /articles (anon),0.000000,0.000000,31000,31000,31000,31000,31000,31000,31000,31000,31000,31000,31000,4808,7,6,115.17156936356315,1.6583000005994109,31037.874300000112,26692.112728785356
1788768911,99,GET,GET /articles (list),0.000000,0.000000,31000,31000,31000,31000,31000,31000,31000,31000,31000,31000,31000,1706,1,6,160.10672092613453,1.6889999997147243,31223.338700000568,25563.27608440797
1788768911,99,GET,GET /articles/{id} (detail),0.000000,0.000000,31000,31000,31000,31000,31000,31000,31000,31000,31000,31000,31000,712,0,5,100.08780308988199,1.6521999996257364,30959.485700000187,2663.4073033707864
1788768911,99,POST,[setup] POST /auth/login,0.000000,0.000000,31000,31000,31000,31000,31000,31000,31000,31000,31000,31000,31000,30,1,740,3709.4587499999616,223.36099999938597,30612.522700000227,173.43333333333334
1788768911,99,,Aggregated,0.000000,0.000000,31000,31000,31000,31000,31000,31000,31000,31000,31000,31000,31000,7256,9,6,139.11704102811345,1.6521999996257364,31223.338700000568,23959.230429988973
1788768912,99,GET,GET /articles (anon),0.000000,0.000000,31000,31000,31000,31000,31000,31000,31000,31000,31000,31000,31000,4808,7,6,115.17156936356315,1.6583000005994109,31037.874300000112,26692.112728785356
1788768912,99,GET,GET /articles (list),0.000000,0.000000,31000,31000,31000,31000,31000,31000,31000,31000,31000,31000,31000,1706,1,6,160.10672092613453,1.6889999997147243,31223.338700000568,25563.27608440797
1788768912,99,GET,GET /articles/{id} (detail),0.000000,0.000000,31000,31000,31000,31000,31000,31000,31000,31000,31000,31000,31000,712,0,5,100.08780308988199,1.6521999996257364,30959.485700000187,2663.4073033707864
1788768912,99,POST,[setup] POST /auth/login,0.000000,0.000000,31000,31000,31000,31000,31000,31000,31000,31000,31000,31000,31000,30,1,740,3709.4587499999616,223.36099999938597,30612.522700000227,173.43333333333334
1788768912,99,,Aggregated,0.000000,0.000000,31000,31000,31000,31000,31000,31000,31000,31000,31000,31000,31000,7256,9,6,139.11704102811345,1.6521999996257364,31223.338700000568,23959.230429988973
1788768913,99,GET,GET /articles (anon),0.000000,0.000000,0,0,0,0,0,0,0,0,0,0,0,4808,7,6,115.17156936356315,1.6583000005994109,31037.874300000112,26692.112728785356
1788768913,99,GET,GET /articles (list),0.000000,0.000000,0,0,0,0,0,0,0,0,0,0,0,1706,1,6,160.10672092613453,1.6889999997147243,31223.338700000568,25563.27608440797
1788768913,99,GET,GET /articles/{id} (detail),0.000000,0.000000,0,0,0,0,0,0,0,0,0,0,0,712,0,5,100.08780308988199,1.6521999996257364,30959.485700000187,2663.4073033707864
1788768913,99,POST,[setup] POST /auth/login,0.000000,0.000000,0,0,0,0,0,0,0,0,0,0,0,30,1,740,3709.4587499999616,223.36099999938597,30612.522700000227,173.43333333333334
1788768913,99,,Aggregated,0.000000,0.000000,0,0,0,0,0,0,0,0,0,0,0,7256,9,6,139.11704102811345,1.6521999996257364,31223.338700000568,23959.230429988973
1788768914,99,GET,GET /articles (anon),0.000000,0.000000,0,0,0,0,0,0,0,0,0,0,0,4808,7,6,115.17156936356315,1.6583000005994109,31037.874300000112,26692.112728785356
1788768914,99,GET,GET /articles (list),0.000000,0.000000,0,0,0,0,0,0,0,0,0,0,0,1706,1,6,160.10672092613453,1.6889999997147243,31223.338700000568,25563.27608440797
1788768914,99,GET,GET /articles/{id} (detail),0.000000,0.000000,0,0,0,0,0,0,0,0,0,0,0,712,0,5,100.08780308988199,1.6521999996257364,30959.485700000187,2663.4073033707864
1788768914,99,POST,[setup] POST /auth/login,0.000000,0.000000,0,0,0,0,0,0,0,0,0,0,0,30,1,740,3709.4587499999616,223.36099999938597,30612.522700000227,173.43333333333334
1788768914,99,,Aggregated,0.000000,0.000000,0,0,0,0,0,0,0,0,0,0,0,7256,9,6,139.11704102811345,1.6521999996257364,31223.338700000568,23959.230429988973
1788768915,99,GET,GET /articles (anon),0.000000,0.000000,0,0,0,0,0,0,0,0,0,0,0,4808,7,6,115.17156936356315,1.6583000005994109,31037.874300000112,26692.112728785356
1788768915,99,GET,GET /articles (list),0.000000,0.000000,0,0,0,0,0,0,0,0,0,0,0,1706,1,6,160.10672092613453,1.6889999997147243,31223.338700000568,25563.27608440797
1788768915,99,GET,GET /articles/{id} (detail),0.000000,0.000000,0,0,0,0,0,0,0,0,0,0,0,712,0,5,100.08780308988199,1.6521999996257364,30959.485700000187,2663.4073033707864
1788768915,99,POST,[setup] POST /auth/login,0.000000,0.000000,0,0,0,0,0,0,0,0,0,0,0,30,1,740,3709.4587499999616,223.36099999938597,30612.522700000227,173.43333333333334
1788768915,99,,Aggregated,0.000000,0.000000,0,0,0,0,0,0,0,0,0,0,0,7256,9,6,139.11704102811345,1.6521999996257364,31223.338700000568,23959.230429988973
1788768916,99,GET,GET /articles (anon),0.000000,0.000000,0,0,0,0,0,0,0,0,0,0,0,4808,7,6,115.17156936356315,1.6583000005994109,31037.874300000112,26692.112728785356
1788768916,99,GET,GET /articles (list),0.000000,0.000000,0,0,0,0,0,0,0,0,0,0,0,1706,1,6,160.10672092613453,1.6889999997147243,31223.338700000568,25563.27608440797
1788768916,99,GET,GET /articles/{id} (detail),0.000000,0.000000,0,0,0,0,0,0,0,0,0,0,0,712,0,5,100.08780308988199,1.6521999996257364,30959.485700000187,2663.4073033707864
1788768916,99,POST,[setup] POST /auth/login,0.000000,0.000000,0,0,0,0,0,0,0,0,0,0,0,30,1,740,3709.4587499999616,223.36099999938597,30612.522700000227,173.43333333333334
1788768916,99,,Aggregated,0.000000,0.000000,0,0,0,0,0,0,0,0,0,0,0,7256,9,6,139.11704102811345,1.6521999996257364,31223.338700000568,23959.230429988973
1788768917,99,GET,GET /articles (anon),0.000000,0.000000,0,0,0,0,0,0,0,0,0,0,0,4808,7,6,115.17156936356315,1.6583000005994109,31037.874300000112,26692.112728785356
1788768917,99,GET,GET /articles (list),0.000000,0.000000,0,0,0,0,0,0,0,0,0,0,0,1706,1,6,160.10672092613453,1.6889999997147243,31223.338700000568,25563.27608440797
1788768917,99,GET,GET /articles/{id} (detail),0.000000,0.000000,0,0,0,0,0,0,0,0,0,0,0,712,0,5,100.08780308988199,1.6521999996257364,30959.485700000187,2663.4073033707864
1788768917,99,POST,[setup] POST /auth/login,0.000000,0.000000,0,0,0,0,0,0,0,0,0,0,0,30,1,740,3709.4587499999616,223.36099999938597,30612.522700000227,173.43333333333334
1788768917,99,,Aggregated,0.000000,0.000000,0,0,0,0,0,0,0,0,0,0,0,7256,9,6,139.11704102811345,1.6521999996257364,31223.338700000568,23959.230429988973
1788768918,99,GET,GET /articles (anon),0.000000,0.000000,0,0,0,0,0,0,0,0,0,0,0,4808,7,6,115.17156936356315,1.6583000005994109,31037.874300000112,26692.112728785356
1788768918,99,GET,GET /articles (list),0.000000,0.000000,0,0,0,0,0,0,0,0,0,0,0,1706,1,6,160.10672092613453,1.6889999997147243,31223.338700000568,25563.27608440797
1788768918,99,GET,GET /articles/{id} (detail),0.000000,0.000000,0,0,0,0,0,0,0,0,0,0,0,712,0,5,100.08780308988199,1.6521999996257364,30959.485700000187,2663.4073033707864
1788768918,99,POST,[setup] POST /auth/login,0.000000,0.000000,0,0,0,0,0,0,0,0,0,0,0,30,1,740,3709.4587499999616,223.36099999938597,30612.522700000227,173.43333333333334
1788768918,99,,Aggregated,0.000000,0.000000,0,0,0,0,0,0,0,0,0,0,0,7256,9,6,139.11704102811345,1.6521999996257364,31223.338700000568,23959.230429988973
1788768919,99,GET,GET /articles (anon),0.000000,0.000000,0,0,0,0,0,0,0,0,0,0,0,4808,7,6,115.17156936356315,1.6583000005994109,31037.874300000112,26692.112728785356
1788768919,99,GET,GET /articles (list),0.000000,0.000000,0,0,0,0,0,0,0,0,0,0,0,1706,1,6,160.10672092613453,1.6889999997147243,31223.338700000568,25563.27608440797
1788768919,99,GET,GET /articles/{id} (detail),0.000000,0.000000,0,0,0,0,0,0,0,0,0,0,0,712,0,5,100.08780308988199,1.6521999996257364,30959.485700000187,2663.4073033707864
1788768919,99,POST,[setup] POST /auth/login,0.000000,0.000000,0,0,0,0,0,0,0,0,0,0,0,30,1,740,3709.4587499999616,223.36099999938597,30612.522700000227,173.43333333333334
1788768919,99,,Aggregated,0.000000,0.000000,0,0,0,0,0,0,0,0,0,0,0,7256,9,6,139.11704102811345,1.6521999996257364,31223.338700000568,23959.230429988973
1788768920,99,GET,GET /articles (anon),0.000000,0.000000,0,0,0,0,0,0,0,0,0,0,0,4808,7,6,115.17156936356315,1.6583000005994109,31037.874300000112,26692.112728785356
1788768920,99,GET,GET /articles (list),0.000000,0.000000,0,0,0,0,0,0,0,0,0,0,0,1706,1,6,160.10672092613453,1.6889999997147243,31223.338700000568,25563.27608440797
1788768920,99,GET,GET /articles/{id} (detail),0.000000,0.000000,0,0,0,0,0,0,0,0,0,0,0,712,0,5,100.08780308988199,1.6521999996257364,30959.485700000187,2663.4073033707864
1788768920,99,POST,[setup] POST /auth/login,0.000000,0.000000,0,0,0,0,0,0,0,0,0,0,0,30,1,740,3709.4587499999616,223.36099999938597,30612.522700000227,173.43333333333334
1788768920,99,,Aggregated,0.000000,0.000000,0,0,0,0,0,0,0,0,0,0,0,7256,9,6,139.11704102811345,1.6521999996257364,31223.338700000568,23959.230429988973
1788768921,99,GET,GET /articles (anon),0.000000,0.000000,0,0,0,0,0,0,0,0,0,0,0,4808,7,6,115.17156936356315,1.6583000005994109,31037.874300000112,26692.112728785356
1788768921,99,GET,GET /articles (list),0.000000,0.000000,0,0,0,0,0,0,0,0,0,0,0,1706,1,6,160.10672092613453,1.6889999997147243,31223.338700000568,25563.27608440797
1788768921,99,GET,GET /articles/{id} (detail),0.000000,0.000000,0,0,0,0,0,0,0,0,0,0,0,712,0,5,100.08780308988199,1.6521999996257364,30959.485700000187,2663.4073033707864
1788768921,99,POST,[setup] POST /auth/login,0.000000,0.000000,0,0,0,0,0,0,0,0,0,0,0,30,1,740,3709.4587499999616,223.36099999938597,30612.522700000227,173.43333333333334
1788768921,99,,Aggregated,0.000000,0.000000,0,0,0,0,0,0,0,0,0,0,0,7256,9,6,139.11704102811345,1.6521999996257364,31223.338700000568,23959.230429988973
1788768922,99,GET,GET /articles (anon),0.000000,0.000000,0,0,0,0,0,0,0,0,0,0,0,4808,7,6,115.17156936356315,1.6583000005994109,31037.874300000112,26692.112728785356
1788768922,99,GET,GET /articles (list),0.000000,0.000000,0,0,0,0,0,0,0,0,0,0,0,1706,1,6,160.10672092613453,1.6889999997147243,31223.338700000568,25563.27608440797
1788768922,99,GET,GET /articles/{id} (detail),0.000000,0.000000,0,0,0,0,0,0,0,0,0,0,0,712,0,5,100.08780308988199,1.6521999996257364,30959.485700000187,2663.4073033707864
1788768922,99,POST,[setup] POST /auth/login,0.000000,0.000000,0,0,0,0,0,0,0,0,0,0,0,30,1,740,3709.4587499999616,223.36099999938597,30612.522700000227,173.43333333333334
1788768922,99,,Aggregated,0.000000,0.000000,0,0,0,0,0,0,0,0,0,0,0,7256,9,6,139.11704102811345,1.6521999996257364,31223.338700000568,23959.230429988973
1788768923,99,GET,GET /articles (anon),0.000000,0.000000,0,0,0,0,0,0,0,0,0,0,0,4808,7,6,115.17156936356315,1.6583000005994109,31037.874300000112,26692.112728785356
1788768923,99,GET,GET /articles (list),0.000000,0.000000,0,0,0,0,0,0,0,0,0,0,0,1706,1,6,160.10672092613453,1.6889999997147243,31223.338700000568,25563.27608440797
1788768923,99,GET,GET /articles/{id} (detail),0.000000,0.000000,0,0,0,0,0,0,0,0,0,0,0,712,0,5,100.08780308988199,1.6521999996257364,30959.485700000187,2663.4073033707864
1788768923,99,POST,[setup] POST /auth/login,0.000000,0.000000,0,0,0,0,0,0,0,0,0,0,0,30,1,740,3709.4587499999616,223.36099999938597,30612.522700000227,173.43333333333334
1788768923,99,,Aggregated,0.000000,0.000000,0,0,0,0,0,0,0,0,0,0,0,7256,9,6,139.11704102811345,1.6521999996257364,31223.338700000568,23959.230429988973
1788768924,99,GET,GET /articles (anon),0.000000,0.000000,0,0,0,0,0,0,0,0,0,0,0,4808,7,6,115.17156936356315,1.6583000005994109,31037.874300000112,26692.112728785356
1788768924,99,GET,GET /articles (list),0.000000,0.000000,0,0,0,0,0,0,0,0,0,0,0,1706,1,6,160.10672092613453,1.6889999997147243,31223.338700000568,25563.27608440797
1788768924,99,GET,GET /articles/{id} (detail),0.000000,0.000000,0,0,0,0,0,0,0,0,0,0,0,712,0,5,100.08780308988199,1.6521999996257364,30959.485700000187,2663.4073033707864
1788768924,99,POST,[setup] POST /auth/login,0.000000,0.000000,0,0,0,0,0,0,0,0,0,0,0,30,1,740,3709.4587499999616,223.36099999938597,30612.522700000227,173.43333333333334
1788768924,99,,Aggregated,0.000000,0.000000,0,0,0,0,0,0,0,0,0,0,0,7256,9,6,139.11704102811345,1.6521999996257364,31223.338700000568,23959.230429988973
1788768925,99,GET,GET /articles (anon),0.000000,0.000000,0,0,0,0,0,0,0,0,0,0,0,4810,9,6,140.248552515595,1.6583000005994109,60547.40949999996,26681.02286902287
1788768925,99,GET,GET /articles (list),0.000000,0.000000,0,0,0,0,0,0,0,0,0,0,0,1708,3,6,230.8192581381644,1.6889999997147243,60597.525199999836,25533.367096018734
1788768925,99,GET,GET /articles/{id} (detail),0.000000,0.000000,0,0,0,0,0,0,0,0,0,0,0,712,0,5,100.08780308988199,1.6521999996257364,30959.485700000187,2663.4073033707864
1788768925,99,POST,[setup] POST /auth/login,0.000000,0.000000,0,0,0,0,0,0,0,0,0,0,0,30,1,740,3709.4587499999616,223.36099999938597,30612.522700000227,173.43333333333334
1788768925,99,,Aggregated,0.000000,0.000000,0,0,0,0,0,0,0,0,0,0,0,7260,13,6,172.36654391184447,1.6521999996257364,60597.525199999836,23946.04132231405
1788768926,99,GET,GET /articles (anon),0.000000,0.000000,61000,61000,61000,61000,61000,61000,61000,61000,61000,61000,61000,4810,9,6,140.248552515595,1.6583000005994109,60547.40949999996,26681.02286902287
1788768926,99,GET,GET /articles (list),0.000000,0.000000,61000,61000,61000,61000,61000,61000,61000,61000,61000,61000,61000,1708,3,6,230.8192581381644,1.6889999997147243,60597.525199999836,25533.367096018734
1788768926,99,GET,GET /articles/{id} (detail),0.000000,0.000000,0,0,0,0,0,0,0,0,0,0,0,712,0,5,100.08780308988199,1.6521999996257364,30959.485700000187,2663.4073033707864
1788768926,99,POST,[setup] POST /auth/login,0.000000,0.000000,0,0,0,0,0,0,0,0,0,0,0,30,1,740,3709.4587499999616,223.36099999938597,30612.522700000227,173.43333333333334
1788768926,99,,Aggregated,0.000000,0.000000,61000,61000,61000,61000,61000,61000,61000,61000,61000,61000,61000,7260,13,6,172.36654391184447,1.6521999996257364,60597.525199999836,23946.04132231405
1788768927,99,GET,GET /articles (anon),0.000000,0.000000,61000,61000,61000,61000,61000,61000,61000,61000,61000,61000,61000,4810,9,6,140.248552515595,1.6583000005994109,60547.40949999996,26681.02286902287
1788768927,99,GET,GET /articles (list),0.000000,0.000000,61000,61000,61000,61000,61000,61000,61000,61000,61000,61000,61000,1708,3,6,230.8192581381644,1.6889999997147243,60597.525199999836,25533.367096018734
1788768927,99,GET,GET /articles/{id} (detail),0.000000,0.000000,0,0,0,0,0,0,0,0,0,0,0,712,0,5,100.08780308988199,1.6521999996257364,30959.485700000187,2663.4073033707864
1788768927,99,POST,[setup] POST /auth/login,0.000000,0.000000,0,0,0,0,0,0,0,0,0,0,0,30,1,740,3709.4587499999616,223.36099999938597,30612.522700000227,173.43333333333334
1788768927,99,,Aggregated,0.000000,0.000000,61000,61000,61000,61000,61000,61000,61000,61000,61000,61000,61000,7260,13,6,172.36654391184447,1.6521999996257364,60597.525199999836,23946.04132231405
1788768928,99,GET,GET /articles (anon),0.000000,0.000000,61000,61000,61000,61000,61000,61000,61000,61000,61000,61000,61000,4810,9,6,140.248552515595,1.6583000005994109,60547.40949999996,26681.02286902287
1788768928,99,GET,GET /articles (list),0.000000,0.000000,61000,61000,61000,61000,61000,61000,61000,61000,61000,61000,61000,1708,3,6,230.8192581381644,1.6889999997147243,60597.525199999836,25533.367096018734
1788768928,99,GET,GET /articles/{id} (detail),0.000000,0.000000,0,0,0,0,0,0,0,0,0,0,0,712,0,5,100.08780308988199,1.6521999996257364,30959.485700000187,2663.4073033707864
1788768928,99,POST,[setup] POST /auth/login,0.000000,0.000000,0,0,0,0,0,0,0,0,0,0,0,30,1,740,3709.4587499999616,223.36099999938597,30612.522700000227,173.43333333333334
1788768928,99,,Aggregated,0.000000,0.000000,61000,61000,61000,61000,61000,61000,61000,61000,61000,61000,61000,7260,13,6,172.36654391184447,1.6521999996257364,60597.525199999836,23946.04132231405
1788768929,99,GET,GET /articles (anon),0.000000,0.000000,61000,61000,61000,61000,61000,61000,61000,61000,61000,61000,61000,4810,9,6,140.248552515595,1.6583000005994109,60547.40949999996,26681.02286902287
1788768929,99,GET,GET /articles (list),0.000000,0.000000,61000,61000,61000,61000,61000,61000,61000,61000,61000,61000,61000,1708,3,6,230.8192581381644,1.6889999997147243,60597.525199999836,25533.367096018734
1788768929,99,GET,GET /articles/{id} (detail),0.000000,0.000000,0,0,0,0,0,0,0,0,0,0,0,712,0,5,100.08780308988199,1.6521999996257364,30959.485700000187,2663.4073033707864
1788768929,99,POST,[setup] POST /auth/login,0.000000,0.000000,0,0,0,0,0,0,0,0,0,0,0,30,1,740,3709.4587499999616,223.36099999938597,30612.522700000227,173.43333333333334
1788768929,99,,Aggregated,0.000000,0.000000,61000,61000,61000,61000,61000,61000,61000,61000,61000,61000,61000,7260,13,6,172.36654391184447,1.6521999996257364,60597.525199999836,23946.04132231405
1788768930,99,GET,GET /articles (anon),0.000000,0.000000,61000,61000,61000,61000,61000,61000,61000,61000,61000,61000,61000,4810,9,6,140.248552515595,1.6583000005994109,60547.40949999996,26681.02286902287
1788768930,99,GET,GET /articles (list),0.000000,0.000000,61000,61000,61000,61000,61000,61000,61000,61000,61000,61000,61000,1708,3,6,230.8192581381644,1.6889999997147243,60597.525199999836,25533.367096018734
1788768930,99,GET,GET /articles/{id} (detail),0.000000,0.000000,0,0,0,0,0,0,0,0,0,0,0,712,0,5,100.08780308988199,1.6521999996257364,30959.485700000187,2663.4073033707864
1788768930,99,POST,[setup] POST /auth/login,0.000000,0.000000,0,0,0,0,0,0,0,0,0,0,0,30,1,740,3709.4587499999616,223.36099999938597,30612.522700000227,173.43333333333334
1788768930,99,,Aggregated,0.000000,0.000000,61000,61000,61000,61000,61000,61000,61000,61000,61000,61000,61000,7260,13,6,172.36654391184447,1.6521999996257364,60597.525199999836,23946.04132231405
1788768931,99,GET,GET /articles (anon),0.000000,0.000000,61000,61000,61000,61000,61000,61000,61000,61000,61000,61000,61000,4810,9,6,140.248552515595,1.6583000005994109,60547.40949999996,26681.02286902287
1788768931,99,GET,GET /articles (list),0.000000,0.000000,61000,61000,61000,61000,61000,61000,61000,61000,61000,61000,61000,1708,3,6,230.8192581381644,1.6889999997147243,60597.525199999836,25533.367096018734
1788768931,99,GET,GET /articles/{id} (detail),0.000000,0.000000,0,0,0,0,0,0,0,0,0,0,0,712,0,5,100.08780308988199,1.6521999996257364,30959.485700000187,2663.4073033707864
1788768931,99,POST,[setup] POST /auth/login,0.000000,0.000000,0,0,0,0,0,0,0,0,0,0,0,30,1,740,3709.4587499999616,223.36099999938597,30612.522700000227,173.43333333333334
1788768931,99,,Aggregated,0.000000,0.000000,61000,61000,61000,61000,61000,61000,61000,61000,61000,61000,61000,7260,13,6,172.36654391184447,1.6521999996257364,60597.525199999836,23946.04132231405
1788768932,99,GET,GET /articles (anon),0.000000,0.000000,61000,61000,61000,61000,61000,61000,61000,61000,61000,61000,61000,4810,9,6,140.248552515595,1.6583000005994109,60547.40949999996,26681.02286902287
1788768932,99,GET,GET /articles (list),0.000000,0.000000,61000,61000,61000,61000,61000,61000,61000,61000,61000,61000,61000,1708,3,6,230.8192581381644,1.6889999997147243,60597.525199999836,25533.367096018734
1788768932,99,GET,GET /articles/{id} (detail),0.000000,0.000000,0,0,0,0,0,0,0,0,0,0,0,712,0,5,100.08780308988199,1.6521999996257364,30959.485700000187,2663.4073033707864
1788768932,99,POST,[setup] POST /auth/login,0.000000,0.000000,0,0,0,0,0,0,0,0,0,0,0,30,1,740,3709.4587499999616,223.36099999938597,30612.522700000227,173.43333333333334
1788768932,99,,Aggregated,0.000000,0.000000,61000,61000,61000,61000,61000,61000,61000,61000,61000,61000,61000,7260,13,6,172.36654391184447,1.6521999996257364,60597.525199999836,23946.04132231405
1788768933,99,GET,GET /articles (anon),0.000000,0.000000,61000,61000,61000,61000,61000,61000,61000,61000,61000,61000,61000,4810,9,6,140.248552515595,1.6583000005994109,60547.40949999996,26681.02286902287
1788768933,99,GET,GET /articles (list),0.000000,0.000000,61000,61000,61000,61000,61000,61000,61000,61000,61000,61000,61000,1708,3,6,230.8192581381644,1.6889999997147243,60597.525199999836,25533.367096018734
1788768933,99,GET,GET /articles/{id} (detail),0.000000,0.000000,0,0,0,0,0,0,0,0,0,0,0,712,0,5,100.08780308988199,1.6521999996257364,30959.485700000187,2663.4073033707864
1788768933,99,POST,[setup] POST /auth/login,0.000000,0.000000,0,0,0,0,0,0,0,0,0,0,0,30,1,740,3709.4587499999616,223.36099999938597,30612.522700000227,173.43333333333334
1788768933,99,,Aggregated,0.000000,0.000000,61000,61000,61000,61000,61000,61000,61000,61000,61000,61000,61000,7260,13,6,172.36654391184447,1.6521999996257364,60597.525199999836,23946.04132231405
1788768934,99,GET,GET /articles (anon),0.000000,0.000000,61000,61000,61000,61000,61000,61000,61000,61000,61000,61000,61000,4810,9,6,140.248552515595,1.6583000005994109,60547.40949999996,26681.02286902287
1788768934,99,GET,GET /articles (list),0.000000,0.000000,61000,61000,61000,61000,61000,61000,61000,61000,61000,61000,61000,1708,3,6,230.8192581381644,1.6889999997147243,60597.525199999836,25533.367096018734
1788768934,99,GET,GET /articles/{id} (detail),0.000000,0.000000,0,0,0,0,0,0,0,0,0,0,0,712,0,5,100.08780308988199,1.6521999996257364,30959.485700000187,2663.4073033707864
1788768934,99,POST,[setup] POST /auth/login,0.000000,0.000000,0,0,0,0,0,0,0,0,0,0,0,30,1,740,3709.4587499999616,223.36099999938597,30612.522700000227,173.43333333333334
1788768934,99,,Aggregated,0.000000,0.000000,61000,61000,61000,61000,61000,61000,61000,61000,61000,61000,61000,7260,13,6,172.36654391184447,1.6521999996257364,60597.525199999836,23946.04132231405
1788768935,99,GET,GET /articles (anon),0.000000,0.000000,61000,61000,61000,61000,61000,61000,61000,61000,61000,61000,61000,4810,9,6,140.248552515595,1.6583000005994109,60547.40949999996,26681.02286902287
1788768935,99,GET,GET /articles (list),0.000000,0.000000,61000,61000,61000,61000,61000,61000,61000,61000,61000,61000,61000,1708,3,6,230.8192581381644,1.6889999997147243,60597.525199999836,25533.367096018734
1788768935,99,GET,GET /articles/{id} (detail),0.000000,0.000000,0,0,0,0,0,0,0,0,0,0,0,712,0,5,100.08780308988199,1.6521999996257364,30959.485700000187,2663.4073033707864
1788768935,99,POST,[setup] POST /auth/login,0.000000,0.000000,0,0,0,0,0,0,0,0,0,0,0,30,1,740,3709.4587499999616,223.36099999938597,30612.522700000227,173.43333333333334
1788768935,99,,Aggregated,0.000000,0.000000,61000,61000,61000,61000,61000,61000,61000,61000,61000,61000,61000,7260,13,6,172.36654391184447,1.6521999996257364,60597.525199999836,23946.04132231405
1788768936,99,GET,GET /articles (anon),0.000000,0.000000,61000,61000,61000,61000,61000,61000,61000,61000,61000,61000,61000,4810,9,6,140.248552515595,1.6583000005994109,60547.40949999996,26681.02286902287
1788768936,99,GET,GET /articles (list),0.000000,0.000000,61000,61000,61000,61000,61000,61000,61000,61000,61000,61000,61000,1708,3,6,230.8192581381644,1.6889999997147243,60597.525199999836,25533.367096018734
1788768936,99,GET,GET /articles/{id} (detail),0.000000,0.000000,0,0,0,0,0,0,0,0,0,0,0,712,0,5,100.08780308988199,1.6521999996257364,30959.485700000187,2663.4073033707864
1788768936,99,POST,[setup] POST /auth/login,0.000000,0.000000,0,0,0,0,0,0,0,0,0,0,0,30,1,740,3709.4587499999616,223.36099999938597,30612.522700000227,173.43333333333334
1788768936,99,,Aggregated,0.000000,0.000000,61000,61000,61000,61000,61000,61000,61000,61000,61000,61000,61000,7260,13,6,172.36654391184447,1.6521999996257364,60597.525199999836,23946.04132231405
1788768937,99,GET,GET /articles (anon),0.000000,0.000000,61000,61000,61000,61000,61000,61000,61000,61000,61000,61000,61000,4810,9,6,140.248552515595,1.6583000005994109,60547.40949999996,26681.02286902287
1788768937,99,GET,GET /articles (list),0.000000,0.000000,61000,61000,61000,61000,61000,61000,61000,61000,61000,61000,61000,1708,3,6,230.8192581381644,1.6889999997147243,60597.525199999836,25533.367096018734
1788768937,99,GET,GET /articles/{id} (detail),0.000000,0.000000,0,0,0,0,0,0,0,0,0,0,0,712,0,5,100.08780308988199,1.6521999996257364,30959.485700000187,2663.4073033707864
1788768937,99,POST,[setup] POST /auth/login,0.000000,0.000000,0,0,0,0,0,0,0,0,0,0,0,30,1,740,3709.4587499999616,223.36099999938597,30612.522700000227,173.43333333333334
1788768937,99,,Aggregated,0.000000,0.000000,61000,61000,61000,61000,61000,61000,61000,61000,61000,61000,61000,7260,13,6,172.36654391184447,1.6521999996257364,60597.525199999836,23946.04132231405
1788768938,99,GET,GET /articles (anon),0.000000,0.000000,61000,61000,61000,61000,61000,61000,61000,61000,61000,61000,61000,4810,9,6,140.248552515595,1.6583000005994109,60547.40949999996,26681.02286902287
1788768938,99,GET,GET /articles (list),0.000000,0.000000,61000,61000,61000,61000,61000,61000,61000,61000,61000,61000,61000,1708,3,6,230.8192581381644,1.6889999997147243,60597.525199999836,25533.367096018734
1788768938,99,GET,GET /articles/{id} (detail),0.000000,0.000000,0,0,0,0,0,0,0,0,0,0,0,712,0,5,100.08780308988199,1.6521999996257364,30959.485700000187,2663.4073033707864
1788768938,99,POST,[setup] POST /auth/login,0.000000,0.000000,0,0,0,0,0,0,0,0,0,0,0,30,1,740,3709.4587499999616,223.36099999938597,30612.522700000227,173.43333333333334
1788768938,99,,Aggregated,0.000000,0.000000,61000,61000,61000,61000,61000,61000,61000,61000,61000,61000,61000,7260,13,6,172.36654391184447,1.6521999996257364,60597.525199999836,23946.04132231405
1788768939,99,GET,GET /articles (anon),0.000000,0.000000,61000,61000,61000,61000,61000,61000,61000,61000,61000,61000,61000,4810,9,6,140.248552515595,1.6583000005994109,60547.40949999996,26681.02286902287
1788768939,99,GET,GET /articles (list),0.000000,0.000000,61000,61000,61000,61000,61000,61000,61000,61000,61000,61000,61000,1708,3,6,230.8192581381644,1.6889999997147243,60597.525199999836,25533.367096018734
1788768939,99,GET,GET /articles/{id} (detail),0.000000,0.000000,0,0,0,0,0,0,0,0,0,0,0,712,0,5,100.08780308988199,1.6521999996257364,30959.485700000187,2663.4073033707864
1788768939,99,POST,[setup] POST /auth/login,0.000000,0.000000,0,0,0,0,0,0,0,0,0,0,0,30,1,740,3709.4587499999616,223.36099999938597,30612.522700000227,173.43333333333334
1788768939,99,,Aggregated,0.000000,0.000000,61000,61000,61000,61000,61000,61000,61000,61000,61000,61000,61000,7260,13,6,172.36654391184447,1.6521999996257364,60597.525199999836,23946.04132231405
1788768940,99,GET,GET /articles (anon),0.000000,0.000000,61000,61000,61000,61000,61000,61000,61000,61000,61000,61000,61000,4810,9,6,140.248552515595,1.6583000005994109,60547.40949999996,26681.02286902287
1788768940,99,GET,GET /articles (list),0.000000,0.000000,61000,61000,61000,61000,61000,61000,61000,61000,61000,61000,61000,1708,3,6,230.8192581381644,1.6889999997147243,60597.525199999836,25533.367096018734
1788768940,99,GET,GET /articles/{id} (detail),0.000000,0.000000,0,0,0,0,0,0,0,0,0,0,0,712,0,5,100.08780308988199,1.6521999996257364,30959.485700000187,2663.4073033707864
1788768940,99,POST,[setup] POST /auth/login,0.000000,0.000000,0,0,0,0,0,0,0,0,0,0,0,30,1,740,3709.4587499999616,223.36099999938597,30612.522700000227,173.43333333333334
1788768940,99,,Aggregated,0.000000,0.000000,61000,61000,61000,61000,61000,61000,61000,61000,61000,61000,61000,7260,13,6,172.36654391184447,1.6521999996257364,60597.525199999836,23946.04132231405
1788768941,99,GET,GET /articles (anon),0.000000,0.000000,61000,61000,61000,61000,61000,61000,61000,61000,61000,61000,61000,4810,9,6,140.248552515595,1.6583000005994109,60547.40949999996,26681.02286902287
1788768941,99,GET,GET /articles (list),0.000000,0.000000,61000,61000,61000,61000,61000,61000,61000,61000,61000,61000,61000,1708,3,6,230.8192581381644,1.6889999997147243,60597.525199999836,25533.367096018734
1788768941,99,GET,GET /articles/{id} (detail),0.000000,0.000000,0,0,0,0,0,0,0,0,0,0,0,712,0,5,100.08780308988199,1.6521999996257364,30959.485700000187,2663.4073033707864
1788768941,99,POST,[setup] POST /auth/login,0.000000,0.000000,0,0,0,0,0,0,0,0,0,0,0,30,1,740,3709.4587499999616,223.36099999938597,30612.522700000227,173.43333333333334
1788768941,99,,Aggregated,0.000000,0.000000,61000,61000,61000,61000,61000,61000,61000,61000,61000,61000,61000,7260,13,6,172.36654391184447,1.6521999996257364,60597.525199999836,23946.04132231405
1788768942,99,GET,GET /articles (anon),0.000000,0.000000,61000,61000,61000,61000,61000,61000,61000,61000,61000,61000,61000,4810,9,6,140.248552515595,1.6583000005994109,60547.40949999996,26681.02286902287
1788768942,99,GET,GET /articles (list),0.000000,0.000000,61000,61000,61000,61000,61000,61000,61000,61000,61000,61000,61000,1708,3,6,230.8192581381644,1.6889999997147243,60597.525199999836,25533.367096018734
1788768942,99,GET,GET /articles/{id} (detail),0.000000,0.000000,0,0,0,0,0,0,0,0,0,0,0,712,0,5,100.08780308988199,1.6521999996257364,30959.485700000187,2663.4073033707864
1788768942,99,POST,[setup] POST /auth/login,0.000000,0.000000,0,0,0,0,0,0,0,0,0,0,0,30,1,740,3709.4587499999616,223.36099999938597,30612.522700000227,173.43333333333334
1788768942,99,,Aggregated,0.000000,0.000000,61000,61000,61000,61000,61000,61000,61000,61000,61000,61000,61000,7260,13,6,172.36654391184447,1.6521999996257364,60597.525199999836,23946.04132231405
1788768943,99,GET,GET /articles (anon),0.000000,0.000000,0,0,0,0,0,0,0,0,0,0,0,4810,9,6,140.248552515595,1.6583000005994109,60547.40949999996,26681.02286902287
1788768943,99,GET,GET /articles (list),0.000000,0.000000,0,0,0,0,0,0,0,0,0,0,0,1708,3,6,230.8192581381644,1.6889999997147243,60597.525199999836,25533.367096018734
1788768943,99,GET,GET /articles/{id} (detail),0.000000,0.000000,0,0,0,0,0,0,0,0,0,0,0,712,0,5,100.08780308988199,1.6521999996257364,30959.485700000187,2663.4073033707864
1788768943,99,POST,[setup] POST /auth/login,0.000000,0.000000,0,0,0,0,0,0,0,0,0,0,0,30,1,740,3709.4587499999616,223.36099999938597,30612.522700000227,173.43333333333334
1788768943,99,,Aggregated,0.000000,0.000000,0,0,0,0,0,0,0,0,0,0,0,7260,13,6,172.36654391184447,1.6521999996257364,60597.525199999836,23946.04132231405
1788768944,99,GET,GET /articles (anon),0.000000,0.000000,0,0,0,0,0,0,0,0,0,0,0,4810,9,6,140.248552515595,1.6583000005994109,60547.40949999996,26681.02286902287
1788768944,99,GET,GET /articles (list),0.000000,0.000000,0,0,0,0,0,0,0,0,0,0,0,1708,3,6,230.8192581381644,1.6889999997147243,60597.525199999836,25533.367096018734
1788768944,99,GET,GET /articles/{id} (detail),0.000000,0.000000,0,0,0,0,0,0,0,0,0,0,0,712,0,5,100.08780308988199,1.6521999996257364,30959.485700000187,2663.4073033707864
1788768944,99,POST,[setup] POST /auth/login,0.000000,0.000000,0,0,0,0,0,0,0,0,0,0,0,30,1,740,3709.4587499999616,223.36099999938597,30612.522700000227,173.43333333333334
1788768944,99,,Aggregated,0.000000,0.000000,0,0,0,0,0,0,0,0,0,0,0,7260,13,6,172.36654391184447,1.6521999996257364,60597.525199999836,23946.04132231405
1788768945,99,GET,GET /articles (anon),0.000000,0.000000,0,0,0,0,0,0,0,0,0,0,0,4810,9,6,140.248552515595,1.6583000005994109,60547.40949999996,26681.02286902287
1788768945,99,GET,GET /articles (list),0.000000,0.000000,0,0,0,0,0,0,0,0,0,0,0,1708,3,6,230.8192581381644,1.6889999997147243,60597.525199999836,25533.367096018734
1788768945,99,GET,GET /articles/{id} (detail),0.000000,0.000000,0,0,0,0,0,0,0,0,0,0,0,712,0,5,100.08780308988199,1.6521999996257364,30959.485700000187,2663.4073033707864
1788768945,99,POST,[setup] POST /auth/login,0.000000,0.000000,0,0,0,0,0,0,0,0,0,0,0,30,1,740,3709.4587499999616,223.36099999938597,30612.522700000227,173.43333333333334
1788768945,99,,Aggregated,0.000000,0.000000,0,0,0,0,0,0,0,0,0,0,0,7260,13,6,172.36654391184447,1.6521999996257364,60597.525199999836,23946.04132231405
1788768946,99,GET,GET /articles (anon),0.000000,0.000000,0,0,0,0,0,0,0,0,0,0,0,4810,9,6,140.248552515595,1.6583000005994109,60547.40949999996,26681.02286902287
1788768946,99,GET,GET /articles (list),0.000000,0.000000,0,0,0,0,0,0,0,0,0,0,0,1708,3,6,230.8192581381644,1.6889999997147243,60597.525199999836,25533.367096018734
1788768946,99,GET,GET /articles/{id} (detail),0.000000,0.000000,0,0,0,0,0,0,0,0,0,0,0,712,0,5,100.08780308988199,1.6521999996257364,30959.485700000187,2663.4073033707864
1788768946,99,POST,[setup] POST /auth/login,0.000000,0.000000,0,0,0,0,0,0,0,0,0,0,0,30,1,740,3709.4587499999616,223.36099999938597,30612.522700000227,173.43333333333334
1788768946,99,,Aggregated,0.000000,0.000000,0,0,0,0,0,0,0,0,0,0,0,7260,13,6,172.36654391184447,1.6521999996257364,60597.525199999836,23946.04132231405
1788768947,99,GET,GET /articles (anon),0.000000,0.000000,0,0,0,0,0,0,0,0,0,0,0,4810,9,6,140.248552515595,1.6583000005994109,60547.40949999996,26681.02286902287
1788768947,99,GET,GET /articles (list),0.000000,0.000000,0,0,0,0,0,0,0,0,0,0,0,1708,3,6,230.8192581381644,1.6889999997147243,60597.525199999836,25533.367096018734
1788768947,99,GET,GET /articles/{id} (detail),0.000000,0.000000,0,0,0,0,0,0,0,0,0,0,0,712,0,5,100.08780308988199,1.6521999996257364,30959.485700000187,2663.4073033707864
1788768947,99,POST,[setup] POST /auth/login,0.000000,0.000000,0,0,0,0,0,0,0,0,0,0,0,30,1,740,3709.4587499999616,223.36099999938597,30612.522700000227,173.43333333333334
1788768947,99,,Aggregated,0.000000,0.000000,0,0,0,0,0,0,0,0,0,0,0,7260,13,6,172.36654391184447,1.6521999996257364,60597.525199999836,23946.04132231405
1788768948,99,GET,GET /articles (anon),0.000000,0.000000,0,0,0,0,0,0,0,0,0,0,0,4810,9,6,140.248552515595,1.6583000005994109,60547.40949999996,26681.02286902287
1788768948,99,GET,GET /articles (list),0.000000,0.000000,0,0,0,0,0,0,0,0,0,0,0,1708,3,6,230.8192581381644,1.6889999997147243,60597.525199999836,25533.367096018734
1788768948,99,GET,GET /articles/{id} (detail),0.000000,0.000000,0,0,0,0,0,0,0,0,0,0,0,712,0,5,100.08780308988199,1.6521999996257364,30959.485700000187,2663.4073033707864
1788768948,99,POST,[setup] POST /auth/login,0.000000,0.000000,0,0,0,0,0,0,0,0,0,0,0,30,1,740,3709.4587499999616,223.36099999938597,30612.522700000227,173.43333333333334
1788768948,99,,Aggregated,0.000000,0.000000,0,0,0,0,0,0,0,0,0,0,0,7260,13,6,172.36654391184447,1.6521999996257364,60597.525199999836,23946.04132231405
1788768949,99,GET,GET /articles (anon),0.000000,0.000000,0,0,0,0,0,0,0,0,0,0,0,4810,9,6,140.248552515595,1.6583000005994109,60547.40949999996,26681.02286902287
1788768949,99,GET,GET /articles (list),0.000000,0.000000,0,0,0,0,0,0,0,0,0,0,0,1708,3,6,230.8192581381644,1.6889999997147243,60597.525199999836,25533.367096018734
1788768949,99,GET,GET /articles/{id} (detail),0.000000,0.000000,0,0,0,0,0,0,0,0,0,0,0,712,0,5,100.08780308988199,1.6521999996257364,30959.485700000187,2663.4073033707864
1788768949,99,POST,[setup] POST /auth/login,0.000000,0.000000,0,0,0,0,0,0,0,0,0,0,0,30,1,740,3709.4587499999616,223.36099999938597,30612.522700000227,173.43333333333334
1788768949,99,,Aggregated,0.000000,0.000000,0,0,0,0,0,0,0,0,0,0,0,7260,13,6,172.36654391184447,1.6521999996257364,60597.525199999836,23946.04132231405
1788768951,99,GET,GET /articles (anon),0.000000,0.000000,0,0,0,0,0,0,0,0,0,0,0,4810,9,6,140.248552515595,1.6583000005994109,60547.40949999996,26681.02286902287
1788768951,99,GET,GET /articles (list),0.000000,0.000000,0,0,0,0,0,0,0,0,0,0,0,1708,3,6,230.8192581381644,1.6889999997147243,60597.525199999836,25533.367096018734
1788768951,99,GET,GET /articles/{id} (detail),0.000000,0.000000,0,0,0,0,0,0,0,0,0,0,0,712,0,5,100.08780308988199,1.6521999996257364,30959.485700000187,2663.4073033707864
1788768951,99,POST,[setup] POST /auth/login,0.000000,0.000000,0,0,0,0,0,0,0,0,0,0,0,30,1,740,3709.4587499999616,223.36099999938597,30612.522700000227,173.43333333333334
1788768951,99,,Aggregated,0.000000,0.000000,0,0,0,0,0,0,0,0,0,0,0,7260,13,6,172.36654391184447,1.6521999996257364,60597.525199999836,23946.04132231405
1788768952,99,GET,GET /articles (anon),0.000000,0.000000,0,0,0,0,0,0,0,0,0,0,0,4810,9,6,140.248552515595,1.6583000005994109,60547.40949999996,26681.02286902287
1788768952,99,GET,GET /articles (list),0.000000,0.000000,0,0,0,0,0,0,0,0,0,0,0,1708,3,6,230.8192581381644,1.6889999997147243,60597.525199999836,25533.367096018734
1788768952,99,GET,GET /articles/{id} (detail),0.000000,0.000000,0,0,0,0,0,0,0,0,0,0,0,712,0,5,100.08780308988199,1.6521999996257364,30959.485700000187,2663.4073033707864
1788768952,99,POST,[setup] POST /auth/login,0.000000,0.000000,0,0,0,0,0,0,0,0,0,0,0,30,1,740,3709.4587499999616,223.36099999938597,30612.522700000227,173.43333333333334
1788768952,99,,Aggregated,0.000000,0.000000,0,0,0,0,0,0,0,0,0,0,0,7260,13,6,172.36654391184447,1.6521999996257364,60597.525199999836,23946.04132231405
1788768953,99,GET,GET /articles (anon),0.000000,0.000000,0,0,0,0,0,0,0,0,0,0,0,4810,9,6,140.248552515595,1.6583000005994109,60547.40949999996,26681.02286902287
1788768953,99,GET,GET /articles (list),0.000000,0.000000,0,0,0,0,0,0,0,0,0,0,0,1708,3,6,230.8192581381644,1.6889999997147243,60597.525199999836,25533.367096018734
1788768953,99,GET,GET /articles/{id} (detail),0.000000,0.000000,0,0,0,0,0,0,0,0,0,0,0,712,0,5,100.08780308988199,1.6521999996257364,30959.485700000187,2663.4073033707864
1788768953,99,POST,[setup] POST /auth/login,0.000000,0.000000,0,0,0,0,0,0,0,0,0,0,0,30,1,740,3709.4587499999616,223.36099999938597,30612.522700000227,173.43333333333334
1788768953,99,,Aggregated,0.000000,0.000000,0,0,0,0,0,0,0,0,0,0,0,7260,13,6,172.36654391184447,1.6521999996257364,60597.525199999836,23946.04132231405
1788768954,99,GET,GET /articles (anon),0.000000,0.000000,0,0,0,0,0,0,0,0,0,0,0,4810,9,6,140.248552515595,1.6583000005994109,60547.40949999996,26681.02286902287
1788768954,99,GET,GET /articles (list),0.000000,0.000000,0,0,0,0,0,0,0,0,0,0,0,1708,3,6,230.8192581381644,1.6889999997147243,60597.525199999836,25533.367096018734
1788768954,99,GET,GET /articles/{id} (detail),0.000000,0.000000,0,0,0,0,0,0,0,0,0,0,0,712,0,5,100.08780308988199,1.6521999996257364,30959.485700000187,2663.4073033707864
1788768954,99,POST,[setup] POST /auth/login,0.000000,0.000000,0,0,0,0,0,0,0,0,0,0,0,30,1,740,3709.4587499999616,223.36099999938597,30612.522700000227,173.43333333333334
1788768954,99,,Aggregated,0.000000,0.000000,0,0,0,0,0,0,0,0,0,0,0,7260,13,6,172.36654391184447,1.6521999996257364,60597.525199999836,23946.04132231405
1788768955,99,GET,GET /articles (anon),0.000000,0.000000,0,0,0,0,0,0,0,0,0,0,0,4810,9,6,140.248552515595,1.6583000005994109,60547.40949999996,26681.02286902287
1788768955,99,GET,GET /articles (list),0.000000,0.000000,0,0,0,0,0,0,0,0,0,0,0,1708,3,6,230.8192581381644,1.6889999997147243,60597.525199999836,25533.367096018734
1788768955,99,GET,GET /articles/{id} (detail),0.000000,0.000000,0,0,0,0,0,0,0,0,0,0,0,712,0,5,100.08780308988199,1.6521999996257364,30959.485700000187,2663.4073033707864
1788768955,99,POST,[setup] POST /auth/login,0.000000,0.000000,0,0,0,0,0,0,0,0,0,0,0,30,1,740,3709.4587499999616,223.36099999938597,30612.522700000227,173.43333333333334
1788768955,99,,Aggregated,0.000000,0.000000,0,0,0,0,0,0,0,0,0,0,0,7260,13,6,172.36654391184447,1.6521999996257364,60597.525199999836,23946.04132231405
1788768956,99,GET,GET /articles (anon),0.000000,0.000000,90000,90000,90000,90000,91000,91000,91000,91000,91000,91000,91000,4837,29,6,642.968061339676,1.6583000005994109,90821.46300000022,26570.861484391153
1788768956,99,GET,GET /articles (list),0.000000,0.000000,90000,91000,91000,91000,91000,91000,91000,91000,91000,91000,91000,1716,8,6,650.5263512820422,1.6889999997147243,90749.61710000025,25458.477855477857
1788768956,99,GET,GET /articles/{id} (detail),0.000000,0.000000,91000,91000,91000,91000,91000,91000,91000,91000,91000,91000,91000,715,0,5,479.81490447551755,1.6521999996257364,90797.59279999962,2663.074125874126
1788768956,99,POST,[setup] POST /auth/login,0.000000,0.000000,0,0,0,0,0,0,0,0,0,0,0,30,1,740,3709.4587499999616,223.36099999938597,30612.522700000227,173.43333333333334
1788768956,99,,Aggregated,0.000000,0.000000,90000,90000,91000,91000,91000,91000,91000,91000,91000,91000,91000,7298,38,6,641.3662853795547,1.6521999996257364,90821.46300000022,23858.496300356263
1788768957,98,GET,GET /articles (anon),0.000000,0.000000,61000,90000,90000,90000,91000,91000,91000,91000,91000,91000,91000,4914,49,6,1257.5165178469692,1.6583000005994109,91237.06889999994,26464.656695156697
1788768957,98,GET,GET /articles (list),0.000000,0.000000,60000,61000,90000,90000,90000,91000,91000,91000,91000,91000,91000,1743,12,6,1072.261794205383,1.6889999997147243,90749.61710000025,25404.830751577738
1788768957,98,GET,GET /articles/{id} (detail),0.000000,0.000000,60000,60000,61000,90000,91000,91000,91000,91000,91000,91000,91000,729,2,5,1008.7640465020476,1.6521999996257364,90797.59279999962,2660.326474622771
1788768957,98,POST,[setup] POST /auth/login,0.000000,0.000000,90000,90000,90000,90000,90000,90000,90000,90000,90000,90000,90000,33,2,780,11594.229009090875,223.36099999938597,90496.03579999984,169.21212121212122
1788768957,98,,Aggregated,0.000000,0.000000,60000,90000,90000,90000,91000,91000,91000,91000,91000,91000,91000,7419,65,6,1235.5286458013188,1.6521999996257364,91237.06889999994,23759.65830974525
1788768958,98,GET,GET /articles (anon),2.700000,2.000000,17,60000,90000,90000,90000,91000,91000,91000,91000,91000,91000,4976,49,6,1241.9653732114155,1.6583000005994109,91237.06889999994,26467.975281350482
1788768958,98,GET,GET /articles (list),0.800000,0.500000,14,60000,61000,90000,90000,91000,91000,91000,91000,91000,91000,1759,12,6,1062.596476577591,1.6889999997147243,90749.61710000025,25406.88573052871
1788768958,98,GET,GET /articles/{id} (detail),0.300000,0.000000,8,19,60000,60000,90000,91000,91000,91000,91000,91000,91000,741,2,5,992.5423304993159,1.6521999996257364,90797.59279999962,2657.966261808367
1788768958,98,POST,[setup] POST /auth/login,0.000000,0.000000,90000,90000,90000,90000,90000,90000,90000,90000,90000,90000,90000,33,2,780,11594.229009090875,223.36099999938597,90496.03579999984,169.21212121212122
1788768958,98,,Aggregated,3.800000,2.500000,15,60000,90000,90000,90000,91000,91000,91000,91000,91000,91000,7509,65,6,1220.8297141563435,1.6521999996257364,91237.06889999994,23754.227460380876
1788768959,98,GET,GET /articles (anon),10.000000,4.000000,12,20,60000,90000,90000,91000,91000,91000,91000,91000,91000,5052,49,6,1223.443396536027,1.6583000005994109,91237.06889999994,26471.932106096596
1788768959,98,GET,GET /articles (list),3.200000,0.900000,11,17,30000,60000,90000,90000,91000,91000,91000,91000,91000,1784,12,6,1047.8374447309318,1.6889999997147243,90749.61710000025,25410.796524663678
1788768959,98,GET,GET /articles/{id} (detail),1.700000,0.200000,9,14,60000,60000,90000,91000,91000,91000,91000,91000,91000,748,2,5,983.350514304806,1.6521999996257364,90797.59279999962,2665.4598930481284
1788768959,98,POST,[setup] POST /auth/login,0.300000,0.100000,90000,90000,90000,90000,90000,90000,90000,90000,90000,90000,90000,33,2,780,11594.229009090875,223.36099999938597,90496.03579999984,169.21212121212122
1788768959,98,,Aggregated,15.200000,5.200000,11,20,60000,61000,90000,91000,91000,91000,91000,91000,91000,7617,65,6,1203.667294564788,1.6521999996257364,91237.06889999994,23771.617434685573
1788768960,98,GET,GET /articles (anon),16.300000,4.000000,10,16,29,60000,90000,90000,91000,91000,91000,91000,91000,5119,49,6,1207.5665744676708,1.6583000005994109,91237.06889999994,26475.322914631764
1788768960,98,GET,GET /articles (list),5.100000,0.900000,10,14,20,29000,90000,90000,91000,91000,91000,91000,91000,1806,12,6,1035.1985890919054,1.6889999997147243,90749.61710000025,25399.53045404208
1788768960,98,GET,GET /articles/{id} (detail),2.700000,0.200000,8,11,18,31,61000,90000,91000,91000,91000,91000,91000,758,2,5,970.5075559366693,1.6521999996257364,90797.59279999962,2666.410290237467
1788768960,98,POST,[setup] POST /auth/login,0.300000,0.100000,90000,90000,90000,90000,90000,90000,90000,90000,90000,90000,90000,33,2,780,11594.229009090875,223.36099999938597,90496.03579999984,169.21212121212122
1788768960,98,,Aggregated,24.400000,5.200000,10,15,28,60000,90000,90000,91000,91000,91000,91000,91000,7716,65,6,1188.3561730559868,1.6521999996257364,91237.06889999994,23772.09085018144
1788768961,98,GET,GET /articles (anon),23.900000,4.000000,10,15,18,34,90000,90000,91000,91000,91000,91000,91000,5187,49,6,1191.8516944862167,1.6583000005994109,91237.06889999994,26478.67476383266
1788768961,98,GET,GET /articles (list),7.600000,0.900000,9,12,17,23,61000,90000,91000,91000,91000,91000,91000,1829,12,6,1022.2832810278742,1.6889999997147243,90749.61710000025,25400.95790049207
1788768961,98,GET,GET /articles/{id} (detail),3.600000,0.200000,8,10,14,19,60000,90000,91000,91000,91000,91000,91000,765,2,5,961.69772640522,1.6521999996257364,90797.59279999962,2667.3411764705884
1788768961,98,POST,[setup] POST /auth/login,0.300000,0.100000,90000,90000,90000,90000,90000,90000,90000,90000,90000,90000,90000,33,2,780,11594.229009090875,223.36099999938597,90496.03579999984,169.21212121212122
1788768961,98,,Aggregated,35.400000,5.200000,9,14,18,31,90000,90000,91000,91000,91000,91000,91000,7814,65,6,1173.5601712695156,1.6521999996257364,91237.06889999994,23784.14870744817
1788768962,98,GET,GET /articles (anon),30.400000,4.000000,10,14,17,21,90000,90000,91000,91000,91000,91000,91000,5256,49,6,1176.3458388318124,1.6583000005994109,91237.06889999994,26481.98725266362
1788768962,98,GET,GET /articles (list),9.700000,0.900000,9,12,17,20,60000,90000,91000,91000,91000,91000,91000,1843,12,6,1014.5933339663486,1.6889999997147243,90749.61710000025,25405.71730873576
1788768962,98,GET,GET /articles/{id} (detail),4.500000,0.200000,8,10,14,15,60000,90000,91000,91000,91000,91000,91000,781,2,5,942.1778802816817,1.6521999996257364,90797.59279999962,2677.64404609475
1788768962,98,POST,[setup] POST /auth/login,0.300000,0.100000,90000,90000,90000,90000,90000,90000,90000,90000,90000,90000,90000,33,2,780,11594.229009090875,223.36099999938597,90496.03579999984,169.21212121212122
1788768962,98,,Aggregated,44.900000,5.200000,9,13,17,20,90000,90000,91000,91000,91000,91000,91000,7913,65,6,1159.0066631113348,1.6521999996257364,91237.06889999994,23772.132693036776
1788768963,98,GET,GET /articles (anon),37.000000,4.000000,9,13,16,19,90000,90000,91000,91000,91000,91000,91000,5315,49,6,1163.3651297648173,1.6583000005994109,91237.06889999994,26484.751458137347
1788768963,98,GET,GET /articles (list),11.700000,0.900000,9,11,14,17,60000,90000,90000,91000,91000,91000,91000,1864,12,6,1003.2476993562135,1.6889999997147243,90749.61710000025,25403.18347639485
1788768963,98,GET,GET /articles/{id} (detail),5.300000,0.200000,8,10,12,15,60000,90000,91000,91000,91000,91000,91000,789,2,5,932.6884865652652,1.6521999996257364,90797.59279999962,2669.6653992395436
1788768963,98,POST,[setup] POST /auth/login,0.300000,0.100000,90000,90000,90000,90000,90000,90000,90000,90000,90000,90000,90000,33,2,780,11594.229009090875,223.36099999938597,90496.03579999984,169.21212121212122
1788768963,98,,Aggregated,54.300000,5.200000,9,12,15,18,60000,90000,91000,91000,91000,91000,91000,8001,65,6,1146.3367265966765,1.6521999996257364,91237.06889999994,23775.77027871516
1788768964,98,GET,GET /articles (anon),43.700000,4.000000,9,12,15,18,60000,90000,91000,91000,91000,91000,91000,5386,49,6,1148.1542865763104,1.6583000005994109,91237.06889999994,26487.997586334943
1788768964,98,GET,GET /articles (list),13.500000,0.900000,9,11,13,15,60000,90000,90000,91000,91000,91000,91000,1886,12,6,991.6302571579965,1.6889999997147243,90749.61710000025,25407.227465535525
1788768964,98,GET,GET /articles/{id} (detail),6.700000,0.200000,8,10,14,15,60000,61000,91000,91000,91000,91000,91000,796,2,5,924.5860198492378,1.6521999996257364,90797.59279999962,2671.370603015075
1788768964,98,POST,[setup] POST /auth/login,0.300000,0.100000,90000,90000,90000,90000,90000,90000,90000,90000,90000,90000,90000,33,2,780,11594.229009090875,223.36099999938597,90496.03579999984,169.21212121212122
1788768964,98,,Aggregated,64.200000,5.200000,9,11,15,17,60000,90000,91000,91000,91000,91000,91000,8101,65,6,1132.2989361313435,1.6521999996257364,91237.06889999994,23788.96198000247
1788768965,98,GET,GET /articles (anon),50.100000,4.000000,8,11,14,15,23,60000,90000,91000,91000,91000,91000,5456,49,6,1133.5425693548393,1.6583000005994109,91237.06889999994,26491.115285923755
1788768965,98,GET,GET /articles (list),15.300000,0.900000,9,10,12,13,20,60000,61000,90000,90000,90000,90000,1905,12,6,981.8381354330618,1.6889999997147243,90749.61710000025,25410.492913385828
1788768965,98,GET,GET /articles/{id} (detail),7.500000,0.200000,8,9,11,14,18,60000,61000,90000,90000,90000,90000,806,2,5,913.2119830024724,1.6521999996257364,90797.59279999962,2671.87841191067
1788768965,98,POST,[setup] POST /auth/login,0.300000,0.100000,90000,90000,90000,90000,90000,90000,90000,90000,90000,90000,90000,33,2,780,11594.229009090875,223.36099999938597,90496.03579999984,169.21212121212122
1788768965,98,,Aggregated,73.200000,5.200000,8,11,13,15,23,60000,90000,90000,91000,91000,91000,8200,65,6,1118.7400392682935,1.6521999996257364,91237.06889999994,23792.88195121951
1788768966,98,GET,GET /articles (anon),56.900000,4.000000,8,10,12,13,17,21,25,27,36,36,36,5520,49,6,1120.5061251630443,1.6583000005994109,91237.06889999994,26493.896557971013
1788768966,98,GET,GET /articles (list),17.500000,0.900000,8,10,11,12,15,17,20,23,24,24,24,1930,12,6,969.2238508290059,1.6889999997147243,90749.61710000025,25412.39585492228
1788768966,98,GET,GET /articles/{id} (detail),8.300000,0.200000,7,8,10,10,15,18,24,31,31,31,31,815,2,5,903.1784305521388,1.6521999996257364,90797.59279999962,2674.9411042944785
1788768966,98,POST,[setup] POST /auth/login,0.300000,0.100000,90000,90000,90000,90000,90000,90000,90000,90000,90000,90000,90000,33,2,780,11594.229009090875,223.36099999938597,90496.03579999984,169.21212121212122
1788768966,98,,Aggregated,83.000000,5.200000,8,10,11,13,16,19,24,27,36,36,36,8298,65,6,1105.627358544228,1.6521999996257364,91237.06889999994,23798.251867919982
1788768967,98,GET,GET /articles (anon),63.700000,4.000000,8,10,12,13,17,21,25,28,36,36,36,5581,49,6,1108.3542954309269,1.6583000005994109,91237.06889999994,26496.48808457266
1788768967,98,GET,GET /articles (list),19.600000,0.900000,8,10,11,11,16,19,21,24,29,29,29,1952,12,6,958.4176969262198,1.6889999997147243,90749.61710000025,25418.238729508197
1788768967,98,GET,GET /articles/{id} (detail),9.200000,0.200000,7,9,10,11,15,18,24,31,31,31,31,822,2,5,895.5642819951257,1.6521999996257364,90797.59279999962,2680.3564476885645
1788768967,98,POST,[setup] POST /auth/login,0.300000,0.100000,90000,90000,90000,90000,90000,90000,90000,90000,90000,90000,90000,33,2,780,11594.229009090875,223.36099999938597,90496.03579999984,169.21212121212122
1788768967,98,,Aggregated,92.800000,5.200000,8,10,11,13,16,20,24,28,36,36,36,8388,65,6,1093.8626686099196,1.6521999996257364,91237.06889999994,23808.075703385788
1788768968,98,GET,GET /articles (anon),67.500000,2.000000,8,10,11,13,17,21,25,28,34,34,34,5647,49,6,1095.5087084115462,1.6583000005994109,91237.06889999994,26499.228971135115
1788768968,98,GET,GET /articles (list),21.000000,0.400000,8,10,11,11,16,19,21,24,29,29,29,1970,12,6,949.748128324863,1.6889999997147243,90749.61710000025,25420.62385786802
1788768968,98,GET,GET /articles/{id} (detail),9.800000,0.200000,7,9,10,11,15,18,24,31,31,31,31,832,2,5,884.8972162259507,1.6521999996257364,90797.59279999962,2684.455528846154
1788768968,98,POST,[setup] POST /auth/login,0.300000,0.100000,90000,90000,90000,90000,90000,90000,90000,90000,90000,90000,90000,33,2,780,11594.229009090875,223.36099999938597,90496.03579999984,169.21212121212122
1788768968,98,,Aggregated,98.600000,2.700000,8,10,11,12,16,19,24,27,34,34,34,8482,65,6,1081.8421988210325,1.6521999996257364,91237.06889999994,23810.283659514265
1788768969,98,GET,GET /articles (anon),66.200000,0.000000,8,10,11,12,16,19,23,27,33,33,33,5715,49,6,1082.5865899387577,1.6583000005994109,91237.06889999994,26501.986701662292
1788768969,98,GET,GET /articles (list),21.100000,0.000000,8,10,11,12,16,20,22,29,30,30,30,1989,12,6,940.7920011060737,1.6889999997147243,90749.61710000025,25424.290598290598
1788768969,98,GET,GET /articles/{id} (detail),9.300000,0.000000,7,9,9,10,15,16,22,24,24,24,24,842,2,5,874.4795589073509,1.6521999996257364,90797.59279999962,2681.289786223278
1788768969,98,POST,[setup] POST /auth/login,0.000000,0.000000,90000,90000,90000,90000,90000,90000,90000,90000,90000,90000,90000,33,2,780,11594.229009090875,223.36099999938597,90496.03579999984,169.21212121212122
1788768969,98,,Aggregated,96.600000,0.000000,8,10,11,12,16,19,23,27,33,33,33,8579,65,6,1069.7212959086144,1.6521999996257364,91237.06889999994,23812.915025061197
1788768970,98,GET,GET /articles (anon),67.000000,0.000000,8,10,11,12,16,19,24,27,33,33,33,5785,49,6,1069.5861702679333,1.6583000005994109,91237.06889999994,26504.757821953328
1788768970,98,GET,GET /articles (list),21.100000,0.000000,8,10,11,12,17,20,21,29,30,30,30,2005,12,6,933.3565297755517,1.6889999997147243,90749.61710000025,25430.46783042394
1788768970,98,GET,GET /articles/{id} (detail),9.200000,0.000000,7,9,10,13,15,18,22,24,24,24,24,854,2,5,862.328728688511,1.6521999996257364,90797.59279999962,2683.8922716627635
1788768970,98,POST,[setup] POST /auth/login,0.000000,0.000000,90000,90000,90000,90000,90000,90000,90000,90000,90000,90000,90000,33,2,780,11594.229009090875,223.36099999938597,90496.03579999984,169.21212121212122
1788768970,98,,Aggregated,97.300000,0.000000,8,10,11,12,16,19,23,27,33,33,33,8677,65,6,1057.7358682493953,1.6521999996257364,91237.06889999994,23811.886596750028
1788768971,98,GET,GET /articles (anon),65.500000,0.000000,8,10,11,12,16,20,24,27,33,33,33,5855,49,6,1056.9152476174206,1.6583000005994109,91237.06889999994,26507.46268146883
1788768971,98,GET,GET /articles (list),20.000000,0.000000,8,10,11,12,16,20,21,29,30,30,30,2028,12,6,922.8686839743498,1.6889999997147243,90749.61710000025,25432.334812623274
1788768971,98,GET,GET /articles/{id} (detail),9.400000,0.000000,7,9,10,11,14,18,22,24,24,24,24,866,2,5,850.4924185912106,1.6521999996257364,90797.59279999962,2686.8083140877598
1788768971,98,POST,[setup] POST /auth/login,0.000000,0.000000,90000,90000,90000,90000,90000,90000,90000,90000,90000,90000,90000,33,2,780,11594.229009090875,223.36099999938597,90496.03579999984,169.21212121212122
1788768971,98,,Aggregated,94.900000,0.000000,8,10,11,12,16,20,23,27,33,33,33,8782,65,6,1045.2006897859267,1.6521999996257364,91237.06889999994,23811.242199954453
1788768972,98,GET,GET /articles (anon),66.300000,0.000000,8,10,11,12,16,21,26,28,33,33,33,5920,49,6,1045.4218926689189,1.6583000005994109,91237.06889999994,26509.91706081081
1788768972,98,GET,GET /articles (list),19.900000,0.000000,8,10,11,13,17,21,24,30,34,34,34,2046,12,6,914.8455568426102,1.6889999997147243,90749.61710000025,25433.858748778104
1788768972,98,GET,GET /articles/{id} (detail),9.500000,0.000000,7,9,10,12,14,18,22,24,24,24,24,870,2,5,846.6173395402168,1.6521999996257364,90797.59279999962,2686.955172413793
1788768972,98,POST,[setup] POST /auth/login,0.000000,0.000000,90000,90000,90000,90000,90000,90000,90000,90000,90000,90000,90000,33,2,780,11594.229009090875,223.36099999938597,90496.03579999984,169.21212121212122
1788768972,98,,Aggregated,95.700000,0.000000,8,10,11,12,16,21,25,28,34,34,34,8869,65,6,1035.0477231480443,1.6521999996257364,91237.06889999994,23826.76953433307
1788768973,98,GET,GET /articles (anon),66.300000,0.000000,8,10,12,12,16,21,26,28,33,33,33,5979,49,6,1035.216232329821,1.6583000005994109,91237.06889999994,26512.098678708815
1788768973,98,GET,GET /articles (list),19.800000,0.000000,8,10,12,15,19,21,27,30,34,34,34,2068,12,6,905.2452482108207,1.6889999997147243,90749.61710000025,25427.795454545456
1788768973,98,GET,GET /articles/{id} (detail),9.900000,0.000000,7,9,11,12,14,18,20,22,22,22,22,879,2,5,838.0541820250172,1.6521999996257364,90797.59279999962,2684.0546075085326
1788768973,98,POST,[setup] POST /auth/login,0.000000,0.000000,90000,90000,90000,90000,90000,90000,90000,90000,90000,90000,90000,33,2,780,11594.229009090875,223.36099999938597,90496.03579999984,169.21212121212122
1788768973,98,,Aggregated,96.000000,0.000000,8,10,12,13,17,21,25,28,34,34,34,8959,65,6,1024.7643944301826,1.6521999996257364,91237.06889999994,23826.921196562118
1788768974,98,GET,GET /articles (anon),65.700000,0.000000,8,10,12,13,17,22,29,31,47,47,47,6054,49,6,1022.5394143871814,1.6583000005994109,91237.06889999994,26514.810538486952
1788768974,98,GET,GET /articles (list),20.000000,0.000000,8,10,12,14,19,21,27,30,34,34,34,2084,12,6,898.3681569097779,1.6889999997147243,90749.61710000025,25430.259117082533
1788768974,98,GET,GET /articles/{id} (detail),9.100000,0.000000,8,10,12,14,17,20,35,36,36,36,36,894,2,6,824.2407034675487,1.6521999996257364,90797.59279999962,2687.6409395973155
1788768974,98,POST,[setup] POST /auth/login,0.000000,0.000000,0,0,0,0,0,0,0,0,0,0,0,33,2,780,11594.229009090875,223.36099999938597,90496.03579999984,169.21212121212122
1788768974,98,,Aggregated,94.800000,0.000000,8,10,12,13,18,21,29,32,47,47,47,9065,65,6,1012.9215223276342,1.6521999996257364,91237.06889999994,23819.708549365692
1788768975,98,GET,GET /articles (anon),66.100000,0.000000,8,10,12,13,17,21,29,31,47,47,47,6123,49,6,1011.1107484403055,1.6583000005994109,91237.06889999994,26517.246774456966
1788768975,98,GET,GET /articles (list),20.500000,0.000000,8,10,12,14,19,21,27,30,34,34,34,2107,12,6,888.6533426198285,1.6889999997147243,90749.61710000025,25435.20740389179
1788768975,98,GET,GET /articles/{id} (detail),9.200000,0.000000,8,11,12,14,17,20,35,36,36,36,36,904,2,6,815.2111136061807,1.6521999996257364,90797.59279999962,2692.1946902654868
1788768975,98,POST,[setup] POST /auth/login,0.000000,0.000000,0,0,0,0,0,0,0,0,0,0,0,33,2,780,11594.229009090875,223.36099999938597,90496.03579999984,169.21212121212122
1788768975,98,,Aggregated,95.800000,0.000000,8,10,12,13,17,21,29,32,47,47,47,9167,65,6,1001.7436576415403,1.6521999996257364,91237.06889999994,23824.196792843897
1788768976,98,GET,GET /articles (anon),66.800000,0.000000,8,10,12,13,17,23,30,32,47,47,47,6188,49,6,1000.6005067065258,1.6583000005994109,91237.06889999994,26519.492081447963
1788768976,98,GET,GET /articles (list),19.900000,0.000000,8,11,13,15,18,21,24,30,34,34,34,2127,12,6,880.3971832628009,1.6889999997147243,90749.61710000025,25433.597555242126
1788768976,98,GET,GET /articles/{id} (detail),9.700000,0.000000,8,10,12,14,17,20,35,36,36,36,36,917,2,6,803.7599943293209,1.6521999996257364,90797.59279999962,2695.01199563795
1788768976,98,POST,[setup] POST /auth/login,0.000000,0.000000,0,0,0,0,0,0,0,0,0,0,0,33,2,780,11594.229009090875,223.36099999938597,90496.03579999984,169.21212121212122
1788768976,98,,Aggregated,96.400000,0.000000,8,10,12,13,18,21,28,33,47,47,47,9265,65,6,991.2550692282794,1.6521999996257364,91237.06889999994,23818.32584997302
1788768977,98,GET,GET /articles (anon),66.100000,0.000000,8,10,12,13,17,22,28,32,47,47,47,6256,49,6,989.8217817774911,1.6583000005994109,91237.06889999994,26521.79108056266
1788768977,98,GET,GET /articles (list),19.600000,0.000000,8,11,13,14,18,21,24,30,34,34,34,2149,12,6,871.4779842717437,1.6889999997147243,90749.61710000025,25437.095858538854
1788768977,98,GET,GET /articles/{id} (detail),9.800000,0.000000,8,10,12,13,16,19,35,36,36,36,36,923,2,6,798.5954151679175,1.6521999996257364,90797.59279999962,2691.5557963163596
1788768977,98,POST,[setup] POST /auth/login,0.000000,0.000000,0,0,0,0,0,0,0,0,0,0,0,33,2,780,11594.229009090875,223.36099999938597,90496.03579999984,169.21212121212122
1788768977,98,,Aggregated,95.500000,0.000000,8,10,12,13,17,21,28,33,47,47,47,9361,65,6,981.1819656553795,1.6521999996257364,91237.06889999994,23830.20339707296
1788768978,98,GET,GET /articles (anon),65.800000,0.000000,8,10,12,13,17,21,28,31,47,47,47,6317,49,6,980.349475747979,1.6583000005994109,91237.06889999994,26523.811302833623
1788768978,98,GET,GET /articles (list),19.500000,0.000000,8,10,13,14,18,21,24,27,34,34,34,2169,12,6,863.5227116182449,1.6889999997147243,90749.61710000025,25435.85338865837
1788768978,98,GET,GET /articles/{id} (detail),10.400000,0.000000,9,11,12,14,17,19,35,36,36,36,36,932,2,6,790.9742622317463,1.6521999996257364,90797.59279999962,2688.230686695279
1788768978,98,POST,[setup] POST /auth/login,0.000000,0.000000,0,0,0,0,0,0,0,0,0,0,0,33,2,780,11594.229009090875,223.36099999938597,90496.03579999984,169.21212121212122
1788768978,98,,Aggregated,95.700000,0.000000,8,10,12,13,17,21,27,32,47,47,47,9451,65,6,971.9231795048147,1.6521999996257364,91237.06889999994,23831.583641942652
1788768979,98,GET,GET /articles (anon),66.700000,0.000000,8,10,12,13,17,21,28,31,47,47,47,6381,49,6,970.5950415295383,1.6583000005994109,91237.06889999994,26525.889359034634
1788768979,98,GET,GET /articles (list),19.300000,0.000000,8,10,12,13,17,21,24,27,34,34,34,2192,12,6,854.5370606295498,1.6889999997147243,90749.61710000025,25439.595802919706
1788768979,98,GET,GET /articles/{id} (detail),9.900000,0.000000,8,10,12,13,16,19,35,36,36,36,36,939,2,6,785.1139490947692,1.6521999996257364,90797.59279999962,2683.8168264110755
1788768979,98,POST,[setup] POST /auth/login,0.000000,0.000000,0,0,0,0,0,0,0,0,0,0,0,33,2,780,11594.229009090875,223.36099999938597,90496.03579999984,169.21212121212122
1788768979,98,,Aggregated,95.900000,0.000000,8,10,12,13,17,21,27,32,47,47,47,9545,65,6,962.4246990466216,1.6521999996257364,91237.06889999994,23839.809533787324
1788768980,98,GET,GET /articles (anon),66.500000,0.000000,8,11,12,13,18,22,28,31,47,47,47,6447,49,6,960.7676166744197,1.6583000005994109,91237.06889999994,26527.9891422367
1788768980,98,GET,GET /articles (list),19.500000,0.000000,8,11,12,14,17,21,24,27,34,34,34,2217,12,6,845.0130926477103,1.6889999997147243,90749.61710000025,25438.27740189445
1788768980,98,GET,GET /articles/{id} (detail),9.700000,0.000000,8,10,12,13,16,19,35,36,36,36,36,947,2,6,778.5490971488774,1.6521999996257364,90797.59279999962,2685.8796198521645
1788768980,98,POST,[setup] POST /auth/login,0.000000,0.000000,0,0,0,0,0,0,0,0,0,0,0,33,2,780,11594.229009090875,223.36099999938597,90496.03579999984,169.21212121212122
1788768980,98,,Aggregated,95.700000,0.000000,8,10,12,13,17,21,27,32,47,47,47,9644,65,6,952.6501869970971,1.6521999996257364,91237.06889999994,23846.092803815845
1788768981,98,GET,GET /articles (anon),66.500000,0.000000,8,10,12,13,18,22,30,32,47,47,47,6517,49,6,950.5450849777483,1.6583000005994109,91237.06889999994,26530.16970998926
1788768981,98,GET,GET /articles (list),20.300000,0.000000,8,11,12,14,17,21,27,32,34,34,34,2235,12,6,838.2931345413747,1.6889999997147243,90749.61710000025,25435.310514541387
1788768981,98,GET,GET /articles/{id} (detail),9.500000,0.000000,8,10,11,12,16,19,35,36,36,36,36,959,2,6,768.8900084462857,1.6521999996257364,90797.59279999962,2681.4546402502606
1788768981,98,POST,[setup] POST /auth/login,0.000000,0.000000,0,0,0,0,0,0,0,0,0,0,0,33,2,780,11594.229009090875,223.36099999938597,90496.03579999984,169.21212121212122
1788768981,98,,Aggregated,96.300000,0.000000,8,10,12,13,17,21,30,33,47,47,47,9744,65,6,942.966189439656,1.6521999996257364,91237.06889999994,23842.58353858785
1788768982,110,GET,GET /articles (anon),65.900000,0.000000,8,10,11,12,16,21,28,31,47,47,47,6581,49,6,941.3771029022917,1.6583000005994109,91237.06889999994,26532.12277769336
1788768982,110,GET,GET /articles (list),20.200000,0.000000,8,10,12,13,16,19,24,28,32,32,32,2256,12,6,830.5620872340297,1.6889999997147243,90749.61710000025,25434.117907801417
1788768982,110,GET,GET /articles/{id} (detail),9.300000,0.000000,8,10,11,12,16,20,35,36,36,36,36,968,2,6,761.8509282024662,1.6521999996257364,90797.59279999962,2686.371900826446
1788768982,110,POST,[setup] POST /auth/login,0.000000,0.000000,0,0,0,0,0,0,0,0,0,0,0,33,2,780,11594.229009090875,223.36099999938597,90496.03579999984,169.21212121212122
1788768982,110,,Aggregated,95.400000,0.000000,8,10,11,12,16,20,28,32,47,47,47,9838,65,6,934.0345638137836,1.6521999996257364,91237.06889999994,23845.625330351697
1788768983,120,GET,GET /articles (anon),65.600000,0.000000,8,9,11,12,16,20,25,28,790,790,790,6582,49,6,941.3547093436617,1.6583000005994109,91237.06889999994,26532.15299301124
1788768983,120,GET,GET /articles (list),20.900000,0.000000,8,10,12,13,16,19,24,28,32,32,32,2256,12,6,830.5620872340297,1.6889999997147243,90749.61710000025,25434.117907801417
1788768983,120,GET,GET /articles/{id} (detail),9.200000,0.000000,8,9,10,11,13,18,20,22,22,22,22,968,2,6,761.8509282024662,1.6521999996257364,90797.59279999962,2686.371900826446
1788768983,120,POST,[setup] POST /auth/login,0.000000,0.000000,780,780,790,790,790,790,790,790,790,790,790,36,2,780,10678.971124999976,223.36099999938597,90496.03579999984,170.11111111111111
1788768983,120,,Aggregated,95.700000,0.000000,8,10,11,12,16,20,25,31,790,790,790,9842,65,6,933.9219086262959,1.6521999996257364,91237.06889999994,23838.704836415363
1788768984,130,GET,GET /articles (anon),65.600000,0.000000,8,10,11,12,17,21,31,1300,1600,1600,1600,6587,49,6,941.7347323212362,1.6583000005994109,91237.06889999994,26532.303931987248
1788768984,130,GET,GET /articles (list),20.900000,0.000000,8,10,12,13,16,20,24,28,32,32,32,2256,12,6,830.5620872340297,1.6889999997147243,90749.61710000025,25434.117907801417
1788768984,130,GET,GET /articles/{id} (detail),9.200000,0.000000,8,9,10,10,13,15,20,22,22,22,22,968,2,6,761.8509282024662,1.6521999996257364,90797.59279999962,2686.371900826446
1788768984,130,POST,[setup] POST /auth/login,0.000000,0.000000,1300,1300,1300,1300,1600,1600,1600,1600,1600,1600,1600,39,2,780,9964.716487179467,223.36099999938597,90496.03579999984,170.87179487179486
1788768984,130,,Aggregated,95.700000,0.000000,8,10,12,12,16,21,32,1300,1600,1600,1600,9850,65,6,934.3198367614216,1.6521999996257364,91237.06889999994,23832.96730964467
1788768985,140,GET,GET /articles (anon),65.600000,0.000000,8,10,11,12,17,22,31,1300,1600,1600,1600,6587,49,6,941.7347323212362,1.6583000005994109,91237.06889999994,26532.303931987248
1788768985,140,GET,GET /articles (list),20.900000,0.000000,7,10,12,12,15,21,24,28,32,32,32,2256,12,6,830.5620872340297,1.6889999997147243,90749.61710000025,25434.117907801417
1788768985,140,GET,GET /articles/{id} (detail),9.200000,0.000000,8,9,10,11,13,16,20,22,22,22,22,968,2,6,761.8509282024662,1.6521999996257364,90797.59279999962,2686.371900826446
1788768985,140,POST,[setup] POST /auth/login,0.000000,0.000000,1300,1300,1300,1300,1600,1600,1600,1600,1600,1600,1600,39,2,780,9964.716487179467,223.36099999938597,90496.03579999984,170.87179487179486
1788768985,140,,Aggregated,95.700000,0.000000,8,10,11,12,16,22,33,1300,1600,1600,1600,9850,65,6,934.3198367614216,1.6521999996257364,91237.06889999994,23832.96730964467
1788768986,150,GET,GET /articles (anon),65.600000,0.000000,8,10,12,12,17,21,33,1300,1600,1600,1600,6587,49,6,941.7347323212362,1.6583000005994109,91237.06889999994,26532.303931987248
1788768986,150,GET,GET /articles (list),20.900000,0.000000,7,9,12,12,16,21,24,28,32,32,32,2256,12,6,830.5620872340297,1.6889999997147243,90749.61710000025,25434.117907801417
1788768986,150,GET,GET /articles/{id} (detail),9.200000,0.000000,8,9,10,11,13,16,22,22,22,22,22,968,2,6,761.8509282024662,1.6521999996257364,90797.59279999962,2686.371900826446
1788768986,150,POST,[setup] POST /auth/login,0.000000,0.000000,1300,1300,1300,1300,1600,1600,1600,1600,1600,1600,1600,39,2,780,9964.716487179467,223.36099999938597,90496.03579999984,170.87179487179486
1788768986,150,,Aggregated,95.700000,0.000000,8,10,12,12,17,22,780,1300,1600,1600,1600,9850,65,6,934.3198367614216,1.6521999996257364,91237.06889999994,23832.96730964467
1788768987,150,GET,GET /articles (anon),65.600000,0.000000,8,10,11,12,17,22,790,1300,1600,1600,1600,6587,49,6,941.7347323212362,1.6583000005994109,91237.06889999994,26532.303931987248
1788768987,150,GET,GET /articles (list),20.900000,0.000000,7,9,10,12,14,21,28,32,32,32,32,2256,12,6,830.5620872340297,1.6889999997147243,90749.61710000025,25434.117907801417
1788768987,150,GET,GET /articles/{id} (detail),9.200000,0.000000,7,8,10,11,13,20,22,22,22,22,22,968,2,6,761.8509282024662,1.6521999996257364,90797.59279999962,2686.371900826446
1788768987,150,POST,[setup] POST /auth/login,0.000000,0.000000,1300,1300,1300,1300,1600,1600,1600,1600,1600,1600,1600,39,2,780,9964.716487179467,223.36099999938597,90496.03579999984,170.87179487179486
1788768987,150,,Aggregated,95.700000,0.000000,8,10,11,12,17,24,790,1300,1600,1600,1600,9850,65,6,934.3198367614216,1.6521999996257364,91237.06889999994,23832.96730964467
1788768988,150,GET,GET /articles (anon),65.600000,0.000000,8,10,12,12,19,26,1300,1300,1600,1600,1600,6587,49,6,941.7347323212362,1.6583000005994109,91237.06889999994,26532.303931987248
1788768988,150,GET,GET /articles (list),20.900000,0.000000,8,10,12,12,16,24,28,32,32,32,32,2256,12,6,830.5620872340297,1.6889999997147243,90749.61710000025,25434.117907801417
1788768988,150,GET,GET /articles/{id} (detail),9.200000,0.000000,7,8,9,11,13,20,22,22,22,22,22,968,2,6,761.8509282024662,1.6521999996257364,90797.59279999962,2686.371900826446
1788768988,150,POST,[setup] POST /auth/login,0.000000,0.000000,1300,1300,1300,1300,1600,1600,1600,1600,1600,1600,1600,39,2,780,9964.716487179467,223.36099999938597,90496.03579999984,170.87179487179486
1788768988,150,,Aggregated,95.700000,0.000000,8,10,12,12,20,28,1300,1300,1600,1600,1600,9850,65,6,934.3198367614216,1.6521999996257364,91237.06889999994,23832.96730964467
1788768989,150,GET,GET /articles (anon),65.600000,0.000000,8,10,11,12,20,31,1300,1600,1600,1600,1600,6587,49,6,941.7347323212362,1.6583000005994109,91237.06889999994,26532.303931987248
1788768989,150,GET,GET /articles (list),20.900000,0.000000,8,10,12,12,21,24,32,32,32,32,32,2256,12,6,830.5620872340297,1.6889999997147243,90749.61710000025,25434.117907801417
1788768989,150,GET,GET /articles/{id} (detail),9.200000,0.000000,8,9,11,12,15,20,22,22,22,22,22,968,2,6,761.8509282024662,1.6521999996257364,90797.59279999962,2686.371900826446
1788768989,150,POST,[setup] POST /auth/login,0.000000,0.000000,1300,1300,1300,1300,1600,1600,1600,1600,1600,1600,1600,39,2,780,9964.716487179467,223.36099999938597,90496.03579999984,170.87179487179486
1788768989,150,,Aggregated,95.700000,0.000000,8,10,12,12,22,260,1300,1600,1600,1600,1600,9850,65,6,934.3198367614216,1.6521999996257364,91237.06889999994,23832.96730964467
1788768990,150,GET,GET /articles (anon),65.600000,0.000000,7,9,10,11,19,1300,1600,1600,1600,1600,1600,6587,49,6,941.7347323212362,1.6583000005994109,91237.06889999994,26532.303931987248
1788768990,150,GET,GET /articles (list),20.900000,0.000000,6,7,9,10,12,14,24,24,24,24,24,2256,12,6,830.5620872340297,1.6889999997147243,90749.61710000025,25434.117907801417
1788768990,150,GET,GET /articles/{id} (detail),9.200000,0.000000,8,8,15,15,20,22,22,22,22,22,22,968,2,6,761.8509282024662,1.6521999996257364,90797.59279999962,2686.371900826446
1788768990,150,POST,[setup] POST /auth/login,0.000000,0.000000,1300,1300,1300,1300,1600,1600,1600,1600,1600,1600,1600,39,2,780,9964.716487179467,223.36099999938597,90496.03579999984,170.87179487179486
1788768990,150,,Aggregated,95.700000,0.000000,7,9,10,12,24,1300,1600,1600,1600,1600,1600,9850,65,6,934.3198367614216,1.6521999996257364,91237.06889999994,23832.96730964467
1788768991,150,GET,GET /articles (anon),65.600000,0.000000,9,12,790,1300,1300,1600,1600,1600,1600,1600,1600,6587,49,6,941.7347323212362,1.6583000005994109,91237.06889999994,26532.303931987248
1788768991,150,GET,GET /articles (list),20.900000,0.000000,9,10,10,12,14,14,14,14,14,14,14,2256,12,6,830.5620872340297,1.6889999997147243,90749.61710000025,25434.117907801417
1788768991,150,GET,GET /articles/{id} (detail),9.200000,0.000000,15,15,15,15,15,15,15,15,15,15,15,968,2,6,761.8509282024662,1.6521999996257364,90797.59279999962,2686.371900826446
1788768991,150,POST,[setup] POST /auth/login,0.000000,0.000000,1300,1300,1300,1300,1600,1600,1600,1600,1600,1600,1600,39,2,780,9964.716487179467,223.36099999938597,90496.03579999984,170.87179487179486
1788768991,150,,Aggregated,95.700000,0.000000,10,15,780,790,1300,1600,1600,1600,1600,1600,1600,9850,65,6,934.3198367614216,1.6521999996257364,91237.06889999994,23832.96730964467
1788768992,150,GET,GET /articles (anon),65.600000,0.000000,1300,1300,1600,1600,1600,1600,1600,1600,1600,1600,1600,6587,49,6,941.7347323212362,1.6583000005994109,91237.06889999994,26532.303931987248
1788768992,150,GET,GET /articles (list),20.900000,0.000000,9,10,10,12,14,14,14,14,14,14,14,2256,12,6,830.5620872340297,1.6889999997147243,90749.61710000025,25434.117907801417
1788768992,150,GET,GET /articles/{id} (detail),9.200000,0.000000,15,15,15,15,15,15,15,15,15,15,15,968,2,6,761.8509282024662,1.6521999996257364,90797.59279999962,2686.371900826446
1788768992,150,POST,[setup] POST /auth/login,0.000000,0.000000,1300,1300,1300,1600,1600,1600,1600,1600,1600,1600,1600,39,2,780,9964.716487179467,223.36099999938597,90496.03579999984,170.87179487179486
1788768992,150,,Aggregated,95.700000,0.000000,1300,1300,1600,1600,1600,1600,1600,1600,1600,1600,1600,9850,65,6,934.3198367614216,1.6521999996257364,91237.06889999994,23832.96730964467
1788768993,150,GET,GET /articles (anon),65.600000,0.000000,1300,1300,1600,1600,1600,1600,1600,1600,1600,1600,1600,6587,49,6,941.7347323212362,1.6583000005994109,91237.06889999994,26532.303931987248
1788768993,150,GET,GET /articles (list),20.900000,0.000000,9,10,10,12,14,14,14,14,14,14,14,2256,12,6,830.5620872340297,1.6889999997147243,90749.61710000025,25434.117907801417
1788768993,150,GET,GET /articles/{id} (detail),9.200000,0.000000,15,15,15,15,15,15,15,15,15,15,15,968,2,6,761.8509282024662,1.6521999996257364,90797.59279999962,2686.371900826446
1788768993,150,POST,[setup] POST /auth/login,0.000000,0.000000,1300,1300,1300,1600,1600,1600,1600,1600,1600,1600,1600,39,2,780,9964.716487179467,223.36099999938597,90496.03579999984,170.87179487179486
1788768993,150,,Aggregated,95.700000,0.000000,1300,1300,1600,1600,1600,1600,1600,1600,1600,1600,1600,9850,65,6,934.3198367614216,1.6521999996257364,91237.06889999994,23832.96730964467
1788768994,150,GET,GET /articles (anon),65.600000,0.000000,1300,1300,1600,1600,1600,1600,1600,1600,1600,1600,1600,6587,49,6,941.7347323212362,1.6583000005994109,91237.06889999994,26532.303931987248
1788768994,150,GET,GET /articles (list),20.900000,0.000000,9,10,10,12,14,14,14,14,14,14,14,2256,12,6,830.5620872340297,1.6889999997147243,90749.61710000025,25434.117907801417
1788768994,150,GET,GET /articles/{id} (detail),9.200000,0.000000,15,15,15,15,15,15,15,15,15,15,15,968,2,6,761.8509282024662,1.6521999996257364,90797.59279999962,2686.371900826446
1788768994,150,POST,[setup] POST /auth/login,0.000000,0.000000,1300,1300,1300,1600,1600,1600,1600,1600,1600,1600,1600,39,2,780,9964.716487179467,223.36099999938597,90496.03579999984,170.87179487179486
1788768994,150,,Aggregated,95.700000,0.000000,1300,1300,1600,1600,1600,1600,1600,1600,1600,1600,1600,9850,65,6,934.3198367614216,1.6521999996257364,91237.06889999994,23832.96730964467
1788768995,150,GET,GET /articles (anon),65.600000,0.000000,1300,1300,1600,1600,1600,1600,1600,1600,1600,1600,1600,6587,49,6,941.7347323212362,1.6583000005994109,91237.06889999994,26532.303931987248
1788768995,150,GET,GET /articles (list),20.900000,0.000000,9,10,10,12,14,14,14,14,14,14,14,2256,12,6,830.5620872340297,1.6889999997147243,90749.61710000025,25434.117907801417
1788768995,150,GET,GET /articles/{id} (detail),9.200000,0.000000,15,15,15,15,15,15,15,15,15,15,15,968,2,6,761.8509282024662,1.6521999996257364,90797.59279999962,2686.371900826446
1788768995,150,POST,[setup] POST /auth/login,0.000000,0.000000,1300,1300,1300,1600,1600,1600,1600,1600,1600,1600,1600,39,2,780,9964.716487179467,223.36099999938597,90496.03579999984,170.87179487179486
1788768995,150,,Aggregated,95.700000,0.000000,1300,1300,1600,1600,1600,1600,1600,1600,1600,1600,1600,9850,65,6,934.3198367614216,1.6521999996257364,91237.06889999994,23832.96730964467
1788768996,150,GET,GET /articles (anon),65.600000,0.000000,1300,1300,1600,1600,1600,1600,1600,1600,1600,1600,1600,6587,49,6,941.7347323212362,1.6583000005994109,91237.06889999994,26532.303931987248
1788768996,150,GET,GET /articles (list),20.900000,0.000000,9,10,10,12,14,14,14,14,14,14,14,2256,12,6,830.5620872340297,1.6889999997147243,90749.61710000025,25434.117907801417
1788768996,150,GET,GET /articles/{id} (detail),9.200000,0.000000,15,15,15,15,15,15,15,15,15,15,15,968,2,6,761.8509282024662,1.6521999996257364,90797.59279999962,2686.371900826446
1788768996,150,POST,[setup] POST /auth/login,0.000000,0.000000,1300,1300,1300,1600,1600,1600,1600,1600,1600,1600,1600,39,2,780,9964.716487179467,223.36099999938597,90496.03579999984,170.87179487179486
1788768996,150,,Aggregated,95.700000,0.000000,1300,1300,1600,1600,1600,1600,1600,1600,1600,1600,1600,9850,65,6,934.3198367614216,1.6521999996257364,91237.06889999994,23832.96730964467
1788768997,150,GET,GET /articles (anon),65.600000,0.000000,1300,1300,1600,1600,1600,1600,1600,1600,1600,1600,1600,6587,49,6,941.7347323212362,1.6583000005994109,91237.06889999994,26532.303931987248
1788768997,150,GET,GET /articles (list),20.900000,0.000000,9,10,10,12,14,14,14,14,14,14,14,2256,12,6,830.5620872340297,1.6889999997147243,90749.61710000025,25434.117907801417
1788768997,150,GET,GET /articles/{id} (detail),9.200000,0.000000,15,15,15,15,15,15,15,15,15,15,15,968,2,6,761.8509282024662,1.6521999996257364,90797.59279999962,2686.371900826446
1788768997,150,POST,[setup] POST /auth/login,0.000000,0.000000,1300,1300,1300,1600,1600,1600,1600,1600,1600,1600,1600,39,2,780,9964.716487179467,223.36099999938597,90496.03579999984,170.87179487179486
1788768997,150,,Aggregated,95.700000,0.000000,1300,1300,1600,1600,1600,1600,1600,1600,1600,1600,1600,9850,65,6,934.3198367614216,1.6521999996257364,91237.06889999994,23832.96730964467
1788768998,150,GET,GET /articles (anon),65.600000,0.000000,1300,1300,1600,1600,1600,1600,1600,1600,1600,1600,1600,6587,49,6,941.7347323212362,1.6583000005994109,91237.06889999994,26532.303931987248
1788768998,150,GET,GET /articles (list),20.900000,0.000000,9,10,10,12,14,14,14,14,14,14,14,2256,12,6,830.5620872340297,1.6889999997147243,90749.61710000025,25434.117907801417
1788768998,150,GET,GET /articles/{id} (detail),9.200000,0.000000,15,15,15,15,15,15,15,15,15,15,15,968,2,6,761.8509282024662,1.6521999996257364,90797.59279999962,2686.371900826446
1788768998,150,POST,[setup] POST /auth/login,0.000000,0.000000,1300,1300,1300,1600,1600,1600,1600,1600,1600,1600,1600,39,2,780,9964.716487179467,223.36099999938597,90496.03579999984,170.87179487179486
1788768998,150,,Aggregated,95.700000,0.000000,1300,1300,1600,1600,1600,1600,1600,1600,1600,1600,1600,9850,65,6,934.3198367614216,1.6521999996257364,91237.06889999994,23832.96730964467
1788768999,150,GET,GET /articles (anon),65.600000,0.000000,1300,1300,1600,1600,1600,1600,1600,1600,1600,1600,1600,6587,49,6,941.7347323212362,1.6583000005994109,91237.06889999994,26532.303931987248
1788768999,150,GET,GET /articles (list),20.900000,0.000000,9,10,10,12,14,14,14,14,14,14,14,2256,12,6,830.5620872340297,1.6889999997147243,90749.61710000025,25434.117907801417
1788768999,150,GET,GET /articles/{id} (detail),9.200000,0.000000,15,15,15,15,15,15,15,15,15,15,15,968,2,6,761.8509282024662,1.6521999996257364,90797.59279999962,2686.371900826446
1788768999,150,POST,[setup] POST /auth/login,0.000000,0.000000,1300,1300,1300,1600,1600,1600,1600,1600,1600,1600,1600,39,2,780,9964.716487179467,223.36099999938597,90496.03579999984,170.87179487179486
1788768999,150,,Aggregated,95.700000,0.000000,1300,1300,1600,1600,1600,1600,1600,1600,1600,1600,1600,9850,65,6,934.3198367614216,1.6521999996257364,91237.06889999994,23832.96730964467
1788769000,150,GET,GET /articles (anon),65.600000,0.000000,1300,1300,1600,1600,1600,1600,1600,1600,1600,1600,1600,6587,49,6,941.7347323212362,1.6583000005994109,91237.06889999994,26532.303931987248
1788769000,150,GET,GET /articles (list),20.900000,0.000000,0,0,0,0,0,0,0,0,0,0,0,2256,12,6,830.5620872340297,1.6889999997147243,90749.61710000025,25434.117907801417
1788769000,150,GET,GET /articles/{id} (detail),9.200000,0.000000,0,0,0,0,0,0,0,0,0,0,0,968,2,6,761.8509282024662,1.6521999996257364,90797.59279999962,2686.371900826446
1788769000,150,POST,[setup] POST /auth/login,0.000000,0.000000,1300,1300,1300,1600,1600,1600,1600,1600,1600,1600,1600,39,2,780,9964.716487179467,223.36099999938597,90496.03579999984,170.87179487179486
1788769000,150,,Aggregated,95.700000,0.000000,1300,1300,1600,1600,1600,1600,1600,1600,1600,1600,1600,9850,65,6,934.3198367614216,1.6521999996257364,91237.06889999994,23832.96730964467
1788769001,150,GET,GET /articles (anon),65.600000,0.000000,0,0,0,0,0,0,0,0,0,0,0,6587,49,6,941.7347323212362,1.6583000005994109,91237.06889999994,26532.303931987248
1788769001,150,GET,GET /articles (list),20.900000,0.000000,0,0,0,0,0,0,0,0,0,0,0,2256,12,6,830.5620872340297,1.6889999997147243,90749.61710000025,25434.117907801417
1788769001,150,GET,GET /articles/{id} (detail),9.200000,0.000000,0,0,0,0,0,0,0,0,0,0,0,968,2,6,761.8509282024662,1.6521999996257364,90797.59279999962,2686.371900826446
1788769001,150,POST,[setup] POST /auth/login,0.000000,0.000000,0,0,0,0,0,0,0,0,0,0,0,39,2,780,9964.716487179467,223.36099999938597,90496.03579999984,170.87179487179486
1788769001,150,,Aggregated,95.700000,0.000000,0,0,0,0,0,0,0,0,0,0,0,9850,65,6,934.3198367614216,1.6521999996257364,91237.06889999994,23832.96730964467
1788769002,150,GET,GET /articles (anon),65.600000,0.000000,0,0,0,0,0,0,0,0,0,0,0,6587,49,6,941.7347323212362,1.6583000005994109,91237.06889999994,26532.303931987248
1788769002,150,GET,GET /articles (list),20.900000,0.000000,0,0,0,0,0,0,0,0,0,0,0,2256,12,6,830.5620872340297,1.6889999997147243,90749.61710000025,25434.117907801417
1788769002,150,GET,GET /articles/{id} (detail),9.200000,0.000000,0,0,0,0,0,0,0,0,0,0,0,968,2,6,761.8509282024662,1.6521999996257364,90797.59279999962,2686.371900826446
1788769002,150,POST,[setup] POST /auth/login,0.000000,0.000000,0,0,0,0,0,0,0,0,0,0,0,39,2,780,9964.716487179467,223.36099999938597,90496.03579999984,170.87179487179486
1788769002,150,,Aggregated,95.700000,0.000000,0,0,0,0,0,0,0,0,0,0,0,9850,65,6,934.3198367614216,1.6521999996257364,91237.06889999994,23832.96730964467
1788769003,150,GET,GET /articles (anon),65.600000,0.000000,0,0,0,0,0,0,0,0,0,0,0,6587,49,6,941.7347323212362,1.6583000005994109,91237.06889999994,26532.303931987248
1788769003,150,GET,GET /articles (list),20.900000,0.000000,0,0,0,0,0,0,0,0,0,0,0,2256,12,6,830.5620872340297,1.6889999997147243,90749.61710000025,25434.117907801417
1788769003,150,GET,GET /articles/{id} (detail),9.200000,0.000000,0,0,0,0,0,0,0,0,0,0,0,968,2,6,761.8509282024662,1.6521999996257364,90797.59279999962,2686.371900826446
1788769003,150,POST,[setup] POST /auth/login,0.000000,0.000000,0,0,0,0,0,0,0,0,0,0,0,39,2,780,9964.716487179467,223.36099999938597,90496.03579999984,170.87179487179486
1788769003,150,,Aggregated,95.700000,0.000000,0,0,0,0,0,0,0,0,0,0,0,9850,65,6,934.3198367614216,1.6521999996257364,91237.06889999994,23832.96730964467
1788769004,150,GET,GET /articles (anon),65.600000,0.000000,0,0,0,0,0,0,0,0,0,0,0,6587,49,6,941.7347323212362,1.6583000005994109,91237.06889999994,26532.303931987248
1788769004,150,GET,GET /articles (list),20.900000,0.000000,0,0,0,0,0,0,0,0,0,0,0,2256,12,6,830.5620872340297,1.6889999997147243,90749.61710000025,25434.117907801417
1788769004,150,GET,GET /articles/{id} (detail),9.200000,0.000000,0,0,0,0,0,0,0,0,0,0,0,968,2,6,761.8509282024662,1.6521999996257364,90797.59279999962,2686.371900826446
1788769004,150,POST,[setup] POST /auth/login,0.000000,0.000000,0,0,0,0,0,0,0,0,0,0,0,39,2,780,9964.716487179467,223.36099999938597,90496.03579999984,170.87179487179486
1788769004,150,,Aggregated,95.700000,0.000000,0,0,0,0,0,0,0,0,0,0,0,9850,65,6,934.3198367614216,1.6521999996257364,91237.06889999994,23832.96730964467
1788769005,150,GET,GET /articles (anon),65.600000,0.000000,0,0,0,0,0,0,0,0,0,0,0,6587,49,6,941.7347323212362,1.6583000005994109,91237.06889999994,26532.303931987248
1788769005,150,GET,GET /articles (list),20.900000,0.000000,0,0,0,0,0,0,0,0,0,0,0,2256,12,6,830.5620872340297,1.6889999997147243,90749.61710000025,25434.117907801417
1788769005,150,GET,GET /articles/{id} (detail),9.200000,0.000000,0,0,0,0,0,0,0,0,0,0,0,968,2,6,761.8509282024662,1.6521999996257364,90797.59279999962,2686.371900826446
1788769005,150,POST,[setup] POST /auth/login,0.000000,0.000000,0,0,0,0,0,0,0,0,0,0,0,39,2,780,9964.716487179467,223.36099999938597,90496.03579999984,170.87179487179486
1788769005,150,,Aggregated,95.700000,0.000000,0,0,0,0,0,0,0,0,0,0,0,9850,65,6,934.3198367614216,1.6521999996257364,91237.06889999994,23832.96730964467
1788769006,150,GET,GET /articles (anon),65.600000,0.000000,0,0,0,0,0,0,0,0,0,0,0,6587,49,6,941.7347323212362,1.6583000005994109,91237.06889999994,26532.303931987248
1788769006,150,GET,GET /articles (list),20.900000,0.000000,0,0,0,0,0,0,0,0,0,0,0,2256,12,6,830.5620872340297,1.6889999997147243,90749.61710000025,25434.117907801417
1788769006,150,GET,GET /articles/{id} (detail),9.200000,0.000000,0,0,0,0,0,0,0,0,0,0,0,968,2,6,761.8509282024662,1.6521999996257364,90797.59279999962,2686.371900826446
1788769006,150,POST,[setup] POST /auth/login,0.000000,0.000000,0,0,0,0,0,0,0,0,0,0,0,39,2,780,9964.716487179467,223.36099999938597,90496.03579999984,170.87179487179486
1788769006,150,,Aggregated,95.700000,0.000000,0,0,0,0,0,0,0,0,0,0,0,9850,65,6,934.3198367614216,1.6521999996257364,91237.06889999994,23832.96730964467
1788769007,150,GET,GET /articles (anon),65.600000,0.000000,0,0,0,0,0,0,0,0,0,0,0,6587,49,6,941.7347323212362,1.6583000005994109,91237.06889999994,26532.303931987248
1788769007,150,GET,GET /articles (list),20.900000,0.000000,0,0,0,0,0,0,0,0,0,0,0,2256,12,6,830.5620872340297,1.6889999997147243,90749.61710000025,25434.117907801417
1788769007,150,GET,GET /articles/{id} (detail),9.200000,0.000000,0,0,0,0,0,0,0,0,0,0,0,968,2,6,761.8509282024662,1.6521999996257364,90797.59279999962,2686.371900826446
1788769007,150,POST,[setup] POST /auth/login,0.000000,0.000000,0,0,0,0,0,0,0,0,0,0,0,39,2,780,9964.716487179467,223.36099999938597,90496.03579999984,170.87179487179486
1788769007,150,,Aggregated,95.700000,0.000000,0,0,0,0,0,0,0,0,0,0,0,9850,65,6,934.3198367614216,1.6521999996257364,91237.06889999994,23832.96730964467
1788769008,150,GET,GET /articles (anon),65.600000,0.000000,0,0,0,0,0,0,0,0,0,0,0,6587,49,6,941.7347323212362,1.6583000005994109,91237.06889999994,26532.303931987248
1788769008,150,GET,GET /articles (list),20.900000,0.000000,0,0,0,0,0,0,0,0,0,0,0,2256,12,6,830.5620872340297,1.6889999997147243,90749.61710000025,25434.117907801417
1788769008,150,GET,GET /articles/{id} (detail),9.200000,0.000000,0,0,0,0,0,0,0,0,0,0,0,968,2,6,761.8509282024662,1.6521999996257364,90797.59279999962,2686.371900826446
1788769008,150,POST,[setup] POST /auth/login,0.000000,0.000000,0,0,0,0,0,0,0,0,0,0,0,39,2,780,9964.716487179467,223.36099999938597,90496.03579999984,170.87179487179486
1788769008,150,,Aggregated,95.700000,0.000000,0,0,0,0,0,0,0,0,0,0,0,9850,65,6,934.3198367614216,1.6521999996257364,91237.06889999994,23832.96730964467
1788769009,150,GET,GET /articles (anon),65.600000,0.000000,0,0,0,0,0,0,0,0,0,0,0,6587,49,6,941.7347323212362,1.6583000005994109,91237.06889999994,26532.303931987248
1788769009,150,GET,GET /articles (list),20.900000,0.000000,0,0,0,0,0,0,0,0,0,0,0,2256,12,6,830.5620872340297,1.6889999997147243,90749.61710000025,25434.117907801417
1788769009,150,GET,GET /articles/{id} (detail),9.200000,0.000000,0,0,0,0,0,0,0,0,0,0,0,968,2,6,761.8509282024662,1.6521999996257364,90797.59279999962,2686.371900826446
1788769009,150,POST,[setup] POST /auth/login,0.000000,0.000000,0,0,0,0,0,0,0,0,0,0,0,39,2,780,9964.716487179467,223.36099999938597,90496.03579999984,170.87179487179486
1788769009,150,,Aggregated,95.700000,0.000000,0,0,0,0,0,0,0,0,0,0,0,9850,65,6,934.3198367614216,1.6521999996257364,91237.06889999994,23832.96730964467
1788769010,150,GET,GET /articles (anon),65.600000,0.000000,0,0,0,0,0,0,0,0,0,0,0,6587,49,6,941.7347323212362,1.6583000005994109,91237.06889999994,26532.303931987248
1788769010,150,GET,GET /articles (list),20.900000,0.000000,0,0,0,0,0,0,0,0,0,0,0,2256,12,6,830.5620872340297,1.6889999997147243,90749.61710000025,25434.117907801417
1788769010,150,GET,GET /articles/{id} (detail),9.200000,0.000000,0,0,0,0,0,0,0,0,0,0,0,968,2,6,761.8509282024662,1.6521999996257364,90797.59279999962,2686.371900826446
1788769010,150,POST,[setup] POST /auth/login,0.000000,0.000000,0,0,0,0,0,0,0,0,0,0,0,39,2,780,9964.716487179467,223.36099999938597,90496.03579999984,170.87179487179486
1788769010,150,,Aggregated,95.700000,0.000000,0,0,0,0,0,0,0,0,0,0,0,9850,65,6,934.3198367614216,1.6521999996257364,91237.06889999994,23832.96730964467
1788769011,150,GET,GET /articles (anon),65.600000,0.000000,0,0,0,0,0,0,0,0,0,0,0,6587,49,6,941.7347323212362,1.6583000005994109,91237.06889999994,26532.303931987248
1788769011,150,GET,GET /articles (list),20.900000,0.000000,0,0,0,0,0,0,0,0,0,0,0,2256,12,6,830.5620872340297,1.6889999997147243,90749.61710000025,25434.117907801417
1788769011,150,GET,GET /articles/{id} (detail),9.200000,0.000000,0,0,0,0,0,0,0,0,0,0,0,968,2,6,761.8509282024662,1.6521999996257364,90797.59279999962,2686.371900826446
1788769011,150,POST,[setup] POST /auth/login,0.000000,0.000000,0,0,0,0,0,0,0,0,0,0,0,39,2,780,9964.716487179467,223.36099999938597,90496.03579999984,170.87179487179486
1788769011,150,,Aggregated,95.700000,0.000000,0,0,0,0,0,0,0,0,0,0,0,9850,65,6,934.3198367614216,1.6521999996257364,91237.06889999994,23832.96730964467
1788769012,150,GET,GET /articles (anon),65.600000,0.000000,0,0,0,0,0,0,0,0,0,0,0,6587,49,6,941.7347323212362,1.6583000005994109,91237.06889999994,26532.303931987248
1788769012,150,GET,GET /articles (list),20.900000,0.000000,0,0,0,0,0,0,0,0,0,0,0,2256,12,6,830.5620872340297,1.6889999997147243,90749.61710000025,25434.117907801417
1788769012,150,GET,GET /articles/{id} (detail),9.200000,0.000000,0,0,0,0,0,0,0,0,0,0,0,968,2,6,761.8509282024662,1.6521999996257364,90797.59279999962,2686.371900826446
1788769012,150,POST,[setup] POST /auth/login,0.000000,0.000000,0,0,0,0,0,0,0,0,0,0,0,39,2,780,9964.716487179467,223.36099999938597,90496.03579999984,170.87179487179486
1788769012,150,,Aggregated,95.700000,0.000000,0,0,0,0,0,0,0,0,0,0,0,9850,65,6,934.3198367614216,1.6521999996257364,91237.06889999994,23832.96730964467
1788769013,150,GET,GET /articles (anon),65.600000,0.000000,0,0,0,0,0,0,0,0,0,0,0,6587,49,6,941.7347323212362,1.6583000005994109,91237.06889999994,26532.303931987248
1788769013,150,GET,GET /articles (list),20.900000,0.000000,0,0,0,0,0,0,0,0,0,0,0,2256,12,6,830.5620872340297,1.6889999997147243,90749.61710000025,25434.117907801417
1788769013,150,GET,GET /articles/{id} (detail),9.200000,0.000000,0,0,0,0,0,0,0,0,0,0,0,968,2,6,761.8509282024662,1.6521999996257364,90797.59279999962,2686.371900826446
1788769013,150,POST,[setup] POST /auth/login,0.000000,0.000000,0,0,0,0,0,0,0,0,0,0,0,39,2,780,9964.716487179467,223.36099999938597,90496.03579999984,170.87179487179486
1788769013,150,,Aggregated,95.700000,0.000000,0,0,0,0,0,0,0,0,0,0,0,9850,65,6,934.3198367614216,1.6521999996257364,91237.06889999994,23832.96730964467
1788769014,150,GET,GET /articles (anon),0.000000,0.000000,32000,32000,32000,32000,32000,32000,32000,32000,32000,32000,32000,6621,82,6,1098.9012786588103,1.6583000005994109,91237.06889999994,26400.197855308867
1788769014,150,GET,GET /articles (list),0.000000,0.000000,0,0,0,0,0,0,0,0,0,0,0,2260,16,6,884.7774801769783,1.6889999997147243,90749.61710000025,25389.138938053096
1788769014,150,GET,GET /articles/{id} (detail),0.000000,0.000000,0,0,0,0,0,0,0,0,0,0,0,971,5,6,856.5587741503474,1.6521999996257364,90797.59279999962,2678.136972193615
1788769014,150,POST,[setup] POST /auth/login,0.000000,0.000000,0,0,0,0,0,0,0,0,0,0,0,39,2,780,9964.716487179467,223.36099999938597,90496.03579999984,170.87179487179486
1788769014,150,,Aggregated,0.000000,0.000000,32000,32000,32000,32000,32000,32000,32000,32000,32000,32000,32000,9891,105,6,1061.1429566171264,1.6521999996257364,91237.06889999994,23736.96279445961
1788769015,150,GET,GET /articles (anon),0.000000,0.000000,32000,32000,32000,32000,32000,32000,32000,32000,32000,32000,32000,6621,82,6,1098.9012786588103,1.6583000005994109,91237.06889999994,26400.197855308867
1788769015,150,GET,GET /articles (list),0.000000,0.000000,32000,32000,32000,32000,32000,32000,32000,32000,32000,32000,32000,2260,16,6,884.7774801769783,1.6889999997147243,90749.61710000025,25389.138938053096
1788769015,150,GET,GET /articles/{id} (detail),0.000000,0.000000,31000,31000,32000,32000,32000,32000,32000,32000,32000,32000,32000,971,5,6,856.5587741503474,1.6521999996257364,90797.59279999962,2678.136972193615
1788769015,150,POST,[setup] POST /auth/login,0.000000,0.000000,0,0,0,0,0,0,0,0,0,0,0,39,2,780,9964.716487179467,223.36099999938597,90496.03579999984,170.87179487179486
1788769015,150,,Aggregated,0.000000,0.000000,32000,32000,32000,32000,32000,32000,32000,32000,32000,32000,32000,9891,105,6,1061.1429566171264,1.6521999996257364,91237.06889999994,23736.96279445961
1788769016,150,GET,GET /articles (anon),0.000000,0.000000,32000,32000,32000,32000,32000,32000,32000,32000,32000,32000,32000,6621,82,6,1098.9012786588103,1.6583000005994109,91237.06889999994,26400.197855308867
1788769016,150,GET,GET /articles (list),0.000000,0.000000,32000,32000,32000,32000,32000,32000,32000,32000,32000,32000,32000,2260,16,6,884.7774801769783,1.6889999997147243,90749.61710000025,25389.138938053096
1788769016,150,GET,GET /articles/{id} (detail),0.000000,0.000000,31000,31000,32000,32000,32000,32000,32000,32000,32000,32000,32000,971,5,6,856.5587741503474,1.6521999996257364,90797.59279999962,2678.136972193615
1788769016,150,POST,[setup] POST /auth/login,0.000000,0.000000,0,0,0,0,0,0,0,0,0,0,0,39,2,780,9964.716487179467,223.36099999938597,90496.03579999984,170.87179487179486
1788769016,150,,Aggregated,0.000000,0.000000,32000,32000,32000,32000,32000,32000,32000,32000,32000,32000,32000,9891,105,6,1061.1429566171264,1.6521999996257364,91237.06889999994,23736.96279445961
1788769017,150,GET,GET /articles (anon),0.000000,0.000000,32000,32000,32000,32000,32000,32000,32000,32000,32000,32000,32000,6621,82,6,1098.9012786588103,1.6583000005994109,91237.06889999994,26400.197855308867
1788769017,150,GET,GET /articles (list),0.000000,0.000000,32000,32000,32000,32000,32000,32000,32000,32000,32000,32000,32000,2260,16,6,884.7774801769783,1.6889999997147243,90749.61710000025,25389.138938053096
1788769017,150,GET,GET /articles/{id} (detail),0.000000,0.000000,31000,31000,32000,32000,32000,32000,32000,32000,32000,32000,32000,971,5,6,856.5587741503474,1.6521999996257364,90797.59279999962,2678.136972193615
1788769017,150,POST,[setup] POST /auth/login,0.000000,0.000000,0,0,0,0,0,0,0,0,0,0,0,39,2,780,9964.716487179467,223.36099999938597,90496.03579999984,170.87179487179486
1788769017,150,,Aggregated,0.000000,0.000000,32000,32000,32000,32000,32000,32000,32000,32000,32000,32000,32000,9891,105,6,1061.1429566171264,1.6521999996257364,91237.06889999994,23736.96279445961
1788769018,150,GET,GET /articles (anon),0.000000,0.000000,32000,32000,32000,32000,32000,32000,32000,32000,32000,32000,32000,6621,82,6,1098.9012786588103,1.6583000005994109,91237.06889999994,26400.197855308867
1788769018,150,GET,GET /articles (list),0.000000,0.000000,32000,32000,32000,32000,32000,32000,32000,32000,32000,32000,32000,2260,16,6,884.7774801769783,1.6889999997147243,90749.61710000025,25389.138938053096
1788769018,150,GET,GET /articles/{id} (detail),0.000000,0.000000,31000,31000,32000,32000,32000,32000,32000,32000,32000,32000,32000,971,5,6,856.5587741503474,1.6521999996257364,90797.59279999962,2678.136972193615
1788769018,150,POST,[setup] POST /auth/login,0.000000,0.000000,0,0,0,0,0,0,0,0,0,0,0,39,2,780,9964.716487179467,223.36099999938597,90496.03579999984,170.87179487179486
1788769018,150,,Aggregated,0.000000,0.000000,32000,32000,32000,32000,32000,32000,32000,32000,32000,32000,32000,9891,105,6,1061.1429566171264,1.6521999996257364,91237.06889999994,23736.96279445961
1788769019,150,GET,GET /articles (anon),0.000000,0.000000,32000,32000,32000,32000,32000,32000,32000,32000,32000,32000,32000,6621,82,6,1098.9012786588103,1.6583000005994109,91237.06889999994,26400.197855308867
1788769019,150,GET,GET /articles (list),0.000000,0.000000,32000,32000,32000,32000,32000,32000,32000,32000,32000,32000,32000,2260,16,6,884.7774801769783,1.6889999997147243,90749.61710000025,25389.138938053096
1788769019,150,GET,GET /articles/{id} (detail),0.000000,0.000000,31000,31000,32000,32000,32000,32000,32000,32000,32000,32000,32000,971,5,6,856.5587741503474,1.6521999996257364,90797.59279999962,2678.136972193615
1788769019,150,POST,[setup] POST /auth/login,0.000000,0.000000,0,0,0,0,0,0,0,0,0,0,0,39,2,780,9964.716487179467,223.36099999938597,90496.03579999984,170.87179487179486
1788769019,150,,Aggregated,0.000000,0.000000,32000,32000,32000,32000,32000,32000,32000,32000,32000,32000,32000,9891,105,6,1061.1429566171264,1.6521999996257364,91237.06889999994,23736.96279445961
1788769020,150,GET,GET /articles (anon),0.000000,0.000000,32000,32000,32000,32000,32000,32000,32000,32000,32000,32000,32000,6621,82,6,1098.9012786588103,1.6583000005994109,91237.06889999994,26400.197855308867
1788769020,150,GET,GET /articles (list),0.000000,0.000000,32000,32000,32000,32000,32000,32000,32000,32000,32000,32000,32000,2260,16,6,884.7774801769783,1.6889999997147243,90749.61710000025,25389.138938053096
1788769020,150,GET,GET /articles/{id} (detail),0.000000,0.000000,31000,31000,32000,32000,32000,32000,32000,32000,32000,32000,32000,971,5,6,856.5587741503474,1.6521999996257364,90797.59279999962,2678.136972193615
1788769020,150,POST,[setup] POST /auth/login,0.000000,0.000000,0,0,0,0,0,0,0,0,0,0,0,39,2,780,9964.716487179467,223.36099999938597,90496.03579999984,170.87179487179486
1788769020,150,,Aggregated,0.000000,0.000000,32000,32000,32000,32000,32000,32000,32000,32000,32000,32000,32000,9891,105,6,1061.1429566171264,1.6521999996257364,91237.06889999994,23736.96279445961
1788769021,150,GET,GET /articles (anon),0.000000,0.000000,32000,32000,32000,32000,32000,32000,32000,32000,32000,32000,32000,6621,82,6,1098.9012786588103,1.6583000005994109,91237.06889999994,26400.197855308867
1788769021,150,GET,GET /articles (list),0.000000,0.000000,32000,32000,32000,32000,32000,32000,32000,32000,32000,32000,32000,2260,16,6,884.7774801769783,1.6889999997147243,90749.61710000025,25389.138938053096
1788769021,150,GET,GET /articles/{id} (detail),0.000000,0.000000,31000,31000,32000,32000,32000,32000,32000,32000,32000,32000,32000,971,5,6,856.5587741503474,1.6521999996257364,90797.59279999962,2678.136972193615
1788769021,150,POST,[setup] POST /auth/login,0.000000,0.000000,0,0,0,0,0,0,0,0,0,0,0,39,2,780,9964.716487179467,223.36099999938597,90496.03579999984,170.87179487179486
1788769021,150,,Aggregated,0.000000,0.000000,32000,32000,32000,32000,32000,32000,32000,32000,32000,32000,32000,9891,105,6,1061.1429566171264,1.6521999996257364,91237.06889999994,23736.96279445961
1788769022,150,GET,GET /articles (anon),0.000000,0.000000,32000,32000,32000,32000,32000,32000,32000,32000,32000,32000,32000,6621,82,6,1098.9012786588103,1.6583000005994109,91237.06889999994,26400.197855308867
1788769022,150,GET,GET /articles (list),0.000000,0.000000,32000,32000,32000,32000,32000,32000,32000,32000,32000,32000,32000,2260,16,6,884.7774801769783,1.6889999997147243,90749.61710000025,25389.138938053096
1788769022,150,GET,GET /articles/{id} (detail),0.000000,0.000000,31000,31000,32000,32000,32000,32000,32000,32000,32000,32000,32000,971,5,6,856.5587741503474,1.6521999996257364,90797.59279999962,2678.136972193615
1788769022,150,POST,[setup] POST /auth/login,0.000000,0.000000,0,0,0,0,0,0,0,0,0,0,0,39,2,780,9964.716487179467,223.36099999938597,90496.03579999984,170.87179487179486
1788769022,150,,Aggregated,0.000000,0.000000,32000,32000,32000,32000,32000,32000,32000,32000,32000,32000,32000,9891,105,6,1061.1429566171264,1.6521999996257364,91237.06889999994,23736.96279445961
1788769023,150,GET,GET /articles (anon),0.000000,0.000000,32000,32000,32000,32000,32000,32000,32000,32000,32000,32000,32000,6621,82,6,1098.9012786588103,1.6583000005994109,91237.06889999994,26400.197855308867
1788769023,150,GET,GET /articles (list),0.000000,0.000000,32000,32000,32000,32000,32000,32000,32000,32000,32000,32000,32000,2260,16,6,884.7774801769783,1.6889999997147243,90749.61710000025,25389.138938053096
1788769023,150,GET,GET /articles/{id} (detail),0.000000,0.000000,31000,31000,32000,32000,32000,32000,32000,32000,32000,32000,32000,971,5,6,856.5587741503474,1.6521999996257364,90797.59279999962,2678.136972193615
1788769023,150,POST,[setup] POST /auth/login,0.000000,0.000000,0,0,0,0,0,0,0,0,0,0,0,39,2,780,9964.716487179467,223.36099999938597,90496.03579999984,170.87179487179486
1788769023,150,,Aggregated,0.000000,0.000000,32000,32000,32000,32000,32000,32000,32000,32000,32000,32000,32000,9891,105,6,1061.1429566171264,1.6521999996257364,91237.06889999994,23736.96279445961
1788769024,150,GET,GET /articles (anon),0.000000,0.000000,32000,32000,32000,32000,32000,32000,32000,32000,32000,32000,32000,6621,82,6,1098.9012786588103,1.6583000005994109,91237.06889999994,26400.197855308867
1788769024,150,GET,GET /articles (list),0.000000,0.000000,32000,32000,32000,32000,32000,32000,32000,32000,32000,32000,32000,2260,16,6,884.7774801769783,1.6889999997147243,90749.61710000025,25389.138938053096
1788769024,150,GET,GET /articles/{id} (detail),0.000000,0.000000,31000,31000,32000,32000,32000,32000,32000,32000,32000,32000,32000,971,5,6,856.5587741503474,1.6521999996257364,90797.59279999962,2678.136972193615
1788769024,150,POST,[setup] POST /auth/login,0.000000,0.000000,0,0,0,0,0,0,0,0,0,0,0,39,2,780,9964.716487179467,223.36099999938597,90496.03579999984,170.87179487179486
1788769024,150,,Aggregated,0.000000,0.000000,32000,32000,32000,32000,32000,32000,32000,32000,32000,32000,32000,9891,105,6,1061.1429566171264,1.6521999996257364,91237.06889999994,23736.96279445961
1788769025,150,GET,GET /articles (anon),0.000000,0.000000,32000,32000,32000,32000,32000,32000,32000,32000,32000,32000,32000,6621,82,6,1098.9012786588103,1.6583000005994109,91237.06889999994,26400.197855308867
1788769025,150,GET,GET /articles (list),0.000000,0.000000,32000,32000,32000,32000,32000,32000,32000,32000,32000,32000,32000,2260,16,6,884.7774801769783,1.6889999997147243,90749.61710000025,25389.138938053096
1788769025,150,GET,GET /articles/{id} (detail),0.000000,0.000000,31000,31000,32000,32000,32000,32000,32000,32000,32000,32000,32000,971,5,6,856.5587741503474,1.6521999996257364,90797.59279999962,2678.136972193615
1788769025,150,POST,[setup] POST /auth/login,0.000000,0.000000,0,0,0,0,0,0,0,0,0,0,0,39,2,780,9964.716487179467,223.36099999938597,90496.03579999984,170.87179487179486
1788769025,150,,Aggregated,0.000000,0.000000,32000,32000,32000,32000,32000,32000,32000,32000,32000,32000,32000,9891,105,6,1061.1429566171264,1.6521999996257364,91237.06889999994,23736.96279445961
1788769026,150,GET,GET /articles (anon),0.000000,0.000000,32000,32000,32000,32000,32000,32000,32000,32000,32000,32000,32000,6621,82,6,1098.9012786588103,1.6583000005994109,91237.06889999994,26400.197855308867
1788769026,150,GET,GET /articles (list),0.000000,0.000000,32000,32000,32000,32000,32000,32000,32000,32000,32000,32000,32000,2260,16,6,884.7774801769783,1.6889999997147243,90749.61710000025,25389.138938053096
1788769026,150,GET,GET /articles/{id} (detail),0.000000,0.000000,31000,31000,32000,32000,32000,32000,32000,32000,32000,32000,32000,971,5,6,856.5587741503474,1.6521999996257364,90797.59279999962,2678.136972193615
1788769026,150,POST,[setup] POST /auth/login,0.000000,0.000000,0,0,0,0,0,0,0,0,0,0,0,39,2,780,9964.716487179467,223.36099999938597,90496.03579999984,170.87179487179486
1788769026,150,,Aggregated,0.000000,0.000000,32000,32000,32000,32000,32000,32000,32000,32000,32000,32000,32000,9891,105,6,1061.1429566171264,1.6521999996257364,91237.06889999994,23736.96279445961
1788769027,150,GET,GET /articles (anon),0.000000,0.000000,32000,32000,32000,32000,32000,32000,32000,32000,32000,32000,32000,6621,82,6,1098.9012786588103,1.6583000005994109,91237.06889999994,26400.197855308867
1788769027,150,GET,GET /articles (list),0.000000,0.000000,32000,32000,32000,32000,32000,32000,32000,32000,32000,32000,32000,2260,16,6,884.7774801769783,1.6889999997147243,90749.61710000025,25389.138938053096
1788769027,150,GET,GET /articles/{id} (detail),0.000000,0.000000,31000,31000,32000,32000,32000,32000,32000,32000,32000,32000,32000,971,5,6,856.5587741503474,1.6521999996257364,90797.59279999962,2678.136972193615
1788769027,150,POST,[setup] POST /auth/login,0.000000,0.000000,0,0,0,0,0,0,0,0,0,0,0,39,2,780,9964.716487179467,223.36099999938597,90496.03579999984,170.87179487179486
1788769027,150,,Aggregated,0.000000,0.000000,32000,32000,32000,32000,32000,32000,32000,32000,32000,32000,32000,9891,105,6,1061.1429566171264,1.6521999996257364,91237.06889999994,23736.96279445961
1788769028,150,GET,GET /articles (anon),0.000000,0.000000,32000,32000,32000,32000,32000,32000,32000,32000,32000,32000,32000,6621,82,6,1098.9012786588103,1.6583000005994109,91237.06889999994,26400.197855308867
1788769028,150,GET,GET /articles (list),0.000000,0.000000,32000,32000,32000,32000,32000,32000,32000,32000,32000,32000,32000,2260,16,6,884.7774801769783,1.6889999997147243,90749.61710000025,25389.138938053096
1788769028,150,GET,GET /articles/{id} (detail),0.000000,0.000000,31000,31000,32000,32000,32000,32000,32000,32000,32000,32000,32000,971,5,6,856.5587741503474,1.6521999996257364,90797.59279999962,2678.136972193615
1788769028,150,POST,[setup] POST /auth/login,0.000000,0.000000,0,0,0,0,0,0,0,0,0,0,0,39,2,780,9964.716487179467,223.36099999938597,90496.03579999984,170.87179487179486
1788769028,150,,Aggregated,0.000000,0.000000,32000,32000,32000,32000,32000,32000,32000,32000,32000,32000,32000,9891,105,6,1061.1429566171264,1.6521999996257364,91237.06889999994,23736.96279445961
1788769029,150,GET,GET /articles (anon),0.000000,0.000000,32000,32000,32000,32000,32000,32000,32000,32000,32000,32000,32000,6621,82,6,1098.9012786588103,1.6583000005994109,91237.06889999994,26400.197855308867
1788769029,150,GET,GET /articles (list),0.000000,0.000000,32000,32000,32000,32000,32000,32000,32000,32000,32000,32000,32000,2260,16,6,884.7774801769783,1.6889999997147243,90749.61710000025,25389.138938053096
1788769029,150,GET,GET /articles/{id} (detail),0.000000,0.000000,31000,31000,32000,32000,32000,32000,32000,32000,32000,32000,32000,971,5,6,856.5587741503474,1.6521999996257364,90797.59279999962,2678.136972193615
1788769029,150,POST,[setup] POST /auth/login,0.000000,0.000000,0,0,0,0,0,0,0,0,0,0,0,39,2,780,9964.716487179467,223.36099999938597,90496.03579999984,170.87179487179486
1788769029,150,,Aggregated,0.000000,0.000000,32000,32000,32000,32000,32000,32000,32000,32000,32000,32000,32000,9891,105,6,1061.1429566171264,1.6521999996257364,91237.06889999994,23736.96279445961
1788769030,150,GET,GET /articles (anon),0.000000,0.000000,32000,32000,32000,32000,32000,32000,32000,32000,32000,32000,32000,6621,82,6,1098.9012786588103,1.6583000005994109,91237.06889999994,26400.197855308867
1788769030,150,GET,GET /articles (list),0.000000,0.000000,32000,32000,32000,32000,32000,32000,32000,32000,32000,32000,32000,2260,16,6,884.7774801769783,1.6889999997147243,90749.61710000025,25389.138938053096
1788769030,150,GET,GET /articles/{id} (detail),0.000000,0.000000,31000,31000,32000,32000,32000,32000,32000,32000,32000,32000,32000,971,5,6,856.5587741503474,1.6521999996257364,90797.59279999962,2678.136972193615
1788769030,150,POST,[setup] POST /auth/login,0.000000,0.000000,0,0,0,0,0,0,0,0,0,0,0,39,2,780,9964.716487179467,223.36099999938597,90496.03579999984,170.87179487179486
1788769030,150,,Aggregated,0.000000,0.000000,32000,32000,32000,32000,32000,32000,32000,32000,32000,32000,32000,9891,105,6,1061.1429566171264,1.6521999996257364,91237.06889999994,23736.96279445961
1788769031,150,GET,GET /articles (anon),0.000000,0.000000,32000,32000,32000,32000,32000,32000,32000,32000,32000,32000,32000,6621,82,6,1098.9012786588103,1.6583000005994109,91237.06889999994,26400.197855308867
1788769031,150,GET,GET /articles (list),0.000000,0.000000,32000,32000,32000,32000,32000,32000,32000,32000,32000,32000,32000,2260,16,6,884.7774801769783,1.6889999997147243,90749.61710000025,25389.138938053096
1788769031,150,GET,GET /articles/{id} (detail),0.000000,0.000000,31000,31000,32000,32000,32000,32000,32000,32000,32000,32000,32000,971,5,6,856.5587741503474,1.6521999996257364,90797.59279999962,2678.136972193615
1788769031,150,POST,[setup] POST /auth/login,0.000000,0.000000,0,0,0,0,0,0,0,0,0,0,0,39,2,780,9964.716487179467,223.36099999938597,90496.03579999984,170.87179487179486
1788769031,150,,Aggregated,0.000000,0.000000,32000,32000,32000,32000,32000,32000,32000,32000,32000,32000,32000,9891,105,6,1061.1429566171264,1.6521999996257364,91237.06889999994,23736.96279445961
1788769032,150,GET,GET /articles (anon),0.000000,0.000000,0,0,0,0,0,0,0,0,0,0,0,6621,82,6,1098.9012786588103,1.6583000005994109,91237.06889999994,26400.197855308867
1788769032,150,GET,GET /articles (list),0.000000,0.000000,0,0,0,0,0,0,0,0,0,0,0,2260,16,6,884.7774801769783,1.6889999997147243,90749.61710000025,25389.138938053096
1788769032,150,GET,GET /articles/{id} (detail),0.000000,0.000000,0,0,0,0,0,0,0,0,0,0,0,971,5,6,856.5587741503474,1.6521999996257364,90797.59279999962,2678.136972193615
1788769032,150,POST,[setup] POST /auth/login,0.000000,0.000000,0,0,0,0,0,0,0,0,0,0,0,39,2,780,9964.716487179467,223.36099999938597,90496.03579999984,170.87179487179486
1788769032,150,,Aggregated,0.000000,0.000000,0,0,0,0,0,0,0,0,0,0,0,9891,105,6,1061.1429566171264,1.6521999996257364,91237.06889999994,23736.96279445961
1788769033,150,GET,GET /articles (anon),0.000000,0.000000,0,0,0,0,0,0,0,0,0,0,0,6621,82,6,1098.9012786588103,1.6583000005994109,91237.06889999994,26400.197855308867
1788769033,150,GET,GET /articles (list),0.000000,0.000000,0,0,0,0,0,0,0,0,0,0,0,2260,16,6,884.7774801769783,1.6889999997147243,90749.61710000025,25389.138938053096
1788769033,150,GET,GET /articles/{id} (detail),0.000000,0.000000,0,0,0,0,0,0,0,0,0,0,0,971,5,6,856.5587741503474,1.6521999996257364,90797.59279999962,2678.136972193615
1788769033,150,POST,[setup] POST /auth/login,0.000000,0.000000,0,0,0,0,0,0,0,0,0,0,0,39,2,780,9964.716487179467,223.36099999938597,90496.03579999984,170.87179487179486
1788769033,150,,Aggregated,0.000000,0.000000,0,0,0,0,0,0,0,0,0,0,0,9891,105,6,1061.1429566171264,1.6521999996257364,91237.06889999994,23736.96279445961
1788769034,150,GET,GET /articles (anon),0.000000,0.000000,0,0,0,0,0,0,0,0,0,0,0,6621,82,6,1098.9012786588103,1.6583000005994109,91237.06889999994,26400.197855308867
1788769034,150,GET,GET /articles (list),0.000000,0.000000,0,0,0,0,0,0,0,0,0,0,0,2260,16,6,884.7774801769783,1.6889999997147243,90749.61710000025,25389.138938053096
1788769034,150,GET,GET /articles/{id} (detail),0.000000,0.000000,0,0,0,0,0,0,0,0,0,0,0,971,5,6,856.5587741503474,1.6521999996257364,90797.59279999962,2678.136972193615
1788769034,150,POST,[setup] POST /auth/login,0.000000,0.000000,0,0,0,0,0,0,0,0,0,0,0,39,2,780,9964.716487179467,223.36099999938597,90496.03579999984,170.87179487179486
1788769034,150,,Aggregated,0.000000,0.000000,0,0,0,0,0,0,0,0,0,0,0,9891,105,6,1061.1429566171264,1.6521999996257364,91237.06889999994,23736.96279445961
1788769035,150,GET,GET /articles (anon),0.000000,0.000000,0,0,0,0,0,0,0,0,0,0,0,6621,82,6,1098.9012786588103,1.6583000005994109,91237.06889999994,26400.197855308867
1788769035,150,GET,GET /articles (list),0.000000,0.000000,0,0,0,0,0,0,0,0,0,0,0,2260,16,6,884.7774801769783,1.6889999997147243,90749.61710000025,25389.138938053096
1788769035,150,GET,GET /articles/{id} (detail),0.000000,0.000000,0,0,0,0,0,0,0,0,0,0,0,971,5,6,856.5587741503474,1.6521999996257364,90797.59279999962,2678.136972193615
1788769035,150,POST,[setup] POST /auth/login,0.000000,0.000000,0,0,0,0,0,0,0,0,0,0,0,39,2,780,9964.716487179467,223.36099999938597,90496.03579999984,170.87179487179486
1788769035,150,,Aggregated,0.000000,0.000000,0,0,0,0,0,0,0,0,0,0,0,9891,105,6,1061.1429566171264,1.6521999996257364,91237.06889999994,23736.96279445961
1788769036,150,GET,GET /articles (anon),0.000000,0.000000,0,0,0,0,0,0,0,0,0,0,0,6621,82,6,1098.9012786588103,1.6583000005994109,91237.06889999994,26400.197855308867
1788769036,150,GET,GET /articles (list),0.000000,0.000000,0,0,0,0,0,0,0,0,0,0,0,2260,16,6,884.7774801769783,1.6889999997147243,90749.61710000025,25389.138938053096
1788769036,150,GET,GET /articles/{id} (detail),0.000000,0.000000,0,0,0,0,0,0,0,0,0,0,0,971,5,6,856.5587741503474,1.6521999996257364,90797.59279999962,2678.136972193615
1788769036,150,POST,[setup] POST /auth/login,0.000000,0.000000,0,0,0,0,0,0,0,0,0,0,0,39,2,780,9964.716487179467,223.36099999938597,90496.03579999984,170.87179487179486
1788769036,150,,Aggregated,0.000000,0.000000,0,0,0,0,0,0,0,0,0,0,0,9891,105,6,1061.1429566171264,1.6521999996257364,91237.06889999994,23736.96279445961
1788769037,150,GET,GET /articles (anon),0.000000,0.000000,0,0,0,0,0,0,0,0,0,0,0,6621,82,6,1098.9012786588103,1.6583000005994109,91237.06889999994,26400.197855308867
1788769037,150,GET,GET /articles (list),0.000000,0.000000,0,0,0,0,0,0,0,0,0,0,0,2260,16,6,884.7774801769783,1.6889999997147243,90749.61710000025,25389.138938053096
1788769037,150,GET,GET /articles/{id} (detail),0.000000,0.000000,0,0,0,0,0,0,0,0,0,0,0,971,5,6,856.5587741503474,1.6521999996257364,90797.59279999962,2678.136972193615
1788769037,150,POST,[setup] POST /auth/login,0.000000,0.000000,0,0,0,0,0,0,0,0,0,0,0,39,2,780,9964.716487179467,223.36099999938597,90496.03579999984,170.87179487179486
1788769037,150,,Aggregated,0.000000,0.000000,0,0,0,0,0,0,0,0,0,0,0,9891,105,6,1061.1429566171264,1.6521999996257364,91237.06889999994,23736.96279445961
1788769038,150,GET,GET /articles (anon),0.000000,0.000000,0,0,0,0,0,0,0,0,0,0,0,6621,82,6,1098.9012786588103,1.6583000005994109,91237.06889999994,26400.197855308867
1788769038,150,GET,GET /articles (list),0.000000,0.000000,0,0,0,0,0,0,0,0,0,0,0,2260,16,6,884.7774801769783,1.6889999997147243,90749.61710000025,25389.138938053096
1788769038,150,GET,GET /articles/{id} (detail),0.000000,0.000000,0,0,0,0,0,0,0,0,0,0,0,971,5,6,856.5587741503474,1.6521999996257364,90797.59279999962,2678.136972193615
1788769038,150,POST,[setup] POST /auth/login,0.000000,0.000000,0,0,0,0,0,0,0,0,0,0,0,39,2,780,9964.716487179467,223.36099999938597,90496.03579999984,170.87179487179486
1788769038,150,,Aggregated,0.000000,0.000000,0,0,0,0,0,0,0,0,0,0,0,9891,105,6,1061.1429566171264,1.6521999996257364,91237.06889999994,23736.96279445961
1788769039,150,GET,GET /articles (anon),0.000000,0.000000,0,0,0,0,0,0,0,0,0,0,0,6621,82,6,1098.9012786588103,1.6583000005994109,91237.06889999994,26400.197855308867
1788769039,150,GET,GET /articles (list),0.000000,0.000000,0,0,0,0,0,0,0,0,0,0,0,2260,16,6,884.7774801769783,1.6889999997147243,90749.61710000025,25389.138938053096
1788769039,150,GET,GET /articles/{id} (detail),0.000000,0.000000,0,0,0,0,0,0,0,0,0,0,0,971,5,6,856.5587741503474,1.6521999996257364,90797.59279999962,2678.136972193615
1788769039,150,POST,[setup] POST /auth/login,0.000000,0.000000,0,0,0,0,0,0,0,0,0,0,0,39,2,780,9964.716487179467,223.36099999938597,90496.03579999984,170.87179487179486
1788769039,150,,Aggregated,0.000000,0.000000,0,0,0,0,0,0,0,0,0,0,0,9891,105,6,1061.1429566171264,1.6521999996257364,91237.06889999994,23736.96279445961
1788769040,150,GET,GET /articles (anon),0.000000,0.000000,0,0,0,0,0,0,0,0,0,0,0,6621,82,6,1098.9012786588103,1.6583000005994109,91237.06889999994,26400.197855308867
1788769040,150,GET,GET /articles (list),0.000000,0.000000,0,0,0,0,0,0,0,0,0,0,0,2260,16,6,884.7774801769783,1.6889999997147243,90749.61710000025,25389.138938053096
1788769040,150,GET,GET /articles/{id} (detail),0.000000,0.000000,0,0,0,0,0,0,0,0,0,0,0,971,5,6,856.5587741503474,1.6521999996257364,90797.59279999962,2678.136972193615
1788769040,150,POST,[setup] POST /auth/login,0.000000,0.000000,0,0,0,0,0,0,0,0,0,0,0,39,2,780,9964.716487179467,223.36099999938597,90496.03579999984,170.87179487179486
1788769040,150,,Aggregated,0.000000,0.000000,0,0,0,0,0,0,0,0,0,0,0,9891,105,6,1061.1429566171264,1.6521999996257364,91237.06889999994,23736.96279445961
1788769041,150,GET,GET /articles (anon),0.000000,0.000000,0,0,0,0,0,0,0,0,0,0,0,6621,82,6,1098.9012786588103,1.6583000005994109,91237.06889999994,26400.197855308867
1788769041,150,GET,GET /articles (list),0.000000,0.000000,0,0,0,0,0,0,0,0,0,0,0,2260,16,6,884.7774801769783,1.6889999997147243,90749.61710000025,25389.138938053096
1788769041,150,GET,GET /articles/{id} (detail),0.000000,0.000000,0,0,0,0,0,0,0,0,0,0,0,971,5,6,856.5587741503474,1.6521999996257364,90797.59279999962,2678.136972193615
1788769041,150,POST,[setup] POST /auth/login,0.000000,0.000000,0,0,0,0,0,0,0,0,0,0,0,39,2,780,9964.716487179467,223.36099999938597,90496.03579999984,170.87179487179486
1788769041,150,,Aggregated,0.000000,0.000000,0,0,0,0,0,0,0,0,0,0,0,9891,105,6,1061.1429566171264,1.6521999996257364,91237.06889999994,23736.96279445961
1788769042,150,GET,GET /articles (anon),0.000000,0.000000,0,0,0,0,0,0,0,0,0,0,0,6621,82,6,1098.9012786588103,1.6583000005994109,91237.06889999994,26400.197855308867
1788769042,150,GET,GET /articles (list),0.000000,0.000000,0,0,0,0,0,0,0,0,0,0,0,2260,16,6,884.7774801769783,1.6889999997147243,90749.61710000025,25389.138938053096
1788769042,150,GET,GET /articles/{id} (detail),0.000000,0.000000,0,0,0,0,0,0,0,0,0,0,0,971,5,6,856.5587741503474,1.6521999996257364,90797.59279999962,2678.136972193615
1788769042,150,POST,[setup] POST /auth/login,0.000000,0.000000,0,0,0,0,0,0,0,0,0,0,0,39,2,780,9964.716487179467,223.36099999938597,90496.03579999984,170.87179487179486
1788769042,150,,Aggregated,0.000000,0.000000,0,0,0,0,0,0,0,0,0,0,0,9891,105,6,1061.1429566171264,1.6521999996257364,91237.06889999994,23736.96279445961
1788769043,150,GET,GET /articles (anon),0.000000,0.000000,0,0,0,0,0,0,0,0,0,0,0,6621,82,6,1098.9012786588103,1.6583000005994109,91237.06889999994,26400.197855308867
1788769043,150,GET,GET /articles (list),0.000000,0.000000,0,0,0,0,0,0,0,0,0,0,0,2260,16,6,884.7774801769783,1.6889999997147243,90749.61710000025,25389.138938053096
1788769043,150,GET,GET /articles/{id} (detail),0.000000,0.000000,0,0,0,0,0,0,0,0,0,0,0,971,5,6,856.5587741503474,1.6521999996257364,90797.59279999962,2678.136972193615
1788769043,150,POST,[setup] POST /auth/login,0.000000,0.000000,0,0,0,0,0,0,0,0,0,0,0,39,2,780,9964.716487179467,223.36099999938597,90496.03579999984,170.87179487179486
1788769043,150,,Aggregated,0.000000,0.000000,0,0,0,0,0,0,0,0,0,0,0,9891,105,6,1061.1429566171264,1.6521999996257364,91237.06889999994,23736.96279445961
1788769044,150,GET,GET /articles (anon),0.000000,0.000000,61000,61000,61000,61000,61000,61000,61000,61000,61000,61000,61000,6623,84,6,1116.9994790125293,1.6583000005994109,91237.06889999994,26392.23191906991
1788769044,150,GET,GET /articles (list),0.000000,0.000000,61000,61000,61000,61000,61000,61000,61000,61000,61000,61000,61000,2261,17,6,911.3875477664621,1.6889999997147243,90749.61710000025,25377.919062361787
1788769044,150,GET,GET /articles/{id} (detail),0.000000,0.000000,0,0,0,0,0,0,0,0,0,0,0,971,5,6,856.5587741503474,1.6521999996257364,90797.59279999962,2678.136972193615
1788769044,150,POST,[setup] POST /auth/login,0.000000,0.000000,0,0,0,0,0,0,0,0,0,0,0,39,2,780,9964.716487179467,223.36099999938597,90496.03579999984,170.87179487179486
1788769044,150,,Aggregated,0.000000,0.000000,61000,61000,61000,61000,61000,61000,61000,61000,61000,61000,61000,9894,108,6,1079.3286140792397,1.6521999996257364,91237.06889999994,23729.771780877298
1788769045,150,GET,GET /articles (anon),0.000000,0.000000,61000,61000,61000,61000,61000,61000,61000,61000,61000,61000,61000,6623,84,6,1116.9994790125293,1.6583000005994109,91237.06889999994,26392.23191906991
1788769045,150,GET,GET /articles (list),0.000000,0.000000,61000,61000,61000,61000,61000,61000,61000,61000,61000,61000,61000,2261,17,6,911.3875477664621,1.6889999997147243,90749.61710000025,25377.919062361787
1788769045,150,GET,GET /articles/{id} (detail),0.000000,0.000000,0,0,0,0,0,0,0,0,0,0,0,971,5,6,856.5587741503474,1.6521999996257364,90797.59279999962,2678.136972193615
1788769045,150,POST,[setup] POST /auth/login,0.000000,0.000000,0,0,0,0,0,0,0,0,0,0,0,39,2,780,9964.716487179467,223.36099999938597,90496.03579999984,170.87179487179486
1788769045,150,,Aggregated,0.000000,0.000000,61000,61000,61000,61000,61000,61000,61000,61000,61000,61000,61000,9894,108,6,1079.3286140792397,1.6521999996257364,91237.06889999994,23729.771780877298
1788769046,150,GET,GET /articles (anon),0.000000,0.000000,61000,61000,61000,61000,61000,61000,61000,61000,61000,61000,61000,6623,84,6,1116.9994790125293,1.6583000005994109,91237.06889999994,26392.23191906991
1788769046,150,GET,GET /articles (list),0.000000,0.000000,61000,61000,61000,61000,61000,61000,61000,61000,61000,61000,61000,2261,17,6,911.3875477664621,1.6889999997147243,90749.61710000025,25377.919062361787
1788769046,150,GET,GET /articles/{id} (detail),0.000000,0.000000,0,0,0,0,0,0,0,0,0,0,0,971,5,6,856.5587741503474,1.6521999996257364,90797.59279999962,2678.136972193615
1788769046,150,POST,[setup] POST /auth/login,0.000000,0.000000,0,0,0,0,0,0,0,0,0,0,0,39,2,780,9964.716487179467,223.36099999938597,90496.03579999984,170.87179487179486
1788769046,150,,Aggregated,0.000000,0.000000,61000,61000,61000,61000,61000,61000,61000,61000,61000,61000,61000,9894,108,6,1079.3286140792397,1.6521999996257364,91237.06889999994,23729.771780877298
1788769047,150,GET,GET /articles (anon),0.000000,0.000000,61000,61000,61000,61000,61000,61000,61000,61000,61000,61000,61000,6623,84,6,1116.9994790125293,1.6583000005994109,91237.06889999994,26392.23191906991
1788769047,150,GET,GET /articles (list),0.000000,0.000000,61000,61000,61000,61000,61000,61000,61000,61000,61000,61000,61000,2261,17,6,911.3875477664621,1.6889999997147243,90749.61710000025,25377.919062361787
1788769047,150,GET,GET /articles/{id} (detail),0.000000,0.000000,0,0,0,0,0,0,0,0,0,0,0,971,5,6,856.5587741503474,1.6521999996257364,90797.59279999962,2678.136972193615
1788769047,150,POST,[setup] POST /auth/login,0.000000,0.000000,0,0,0,0,0,0,0,0,0,0,0,39,2,780,9964.716487179467,223.36099999938597,90496.03579999984,170.87179487179486
1788769047,150,,Aggregated,0.000000,0.000000,61000,61000,61000,61000,61000,61000,61000,61000,61000,61000,61000,9894,108,6,1079.3286140792397,1.6521999996257364,91237.06889999994,23729.771780877298
1788769048,150,GET,GET /articles (anon),0.000000,0.000000,61000,61000,61000,61000,61000,61000,61000,61000,61000,61000,61000,6623,84,6,1116.9994790125293,1.6583000005994109,91237.06889999994,26392.23191906991
1788769048,150,GET,GET /articles (list),0.000000,0.000000,61000,61000,61000,61000,61000,61000,61000,61000,61000,61000,61000,2261,17,6,911.3875477664621,1.6889999997147243,90749.61710000025,25377.919062361787
1788769048,150,GET,GET /articles/{id} (detail),0.000000,0.000000,0,0,0,0,0,0,0,0,0,0,0,971,5,6,856.5587741503474,1.6521999996257364,90797.59279999962,2678.136972193615
1788769048,150,POST,[setup] POST /auth/login,0.000000,0.000000,0,0,0,0,0,0,0,0,0,0,0,39,2,780,9964.716487179467,223.36099999938597,90496.03579999984,170.87179487179486
1788769048,150,,Aggregated,0.000000,0.000000,61000,61000,61000,61000,61000,61000,61000,61000,61000,61000,61000,9894,108,6,1079.3286140792397,1.6521999996257364,91237.06889999994,23729.771780877298
1788769049,150,GET,GET /articles (anon),0.000000,0.000000,61000,61000,61000,61000,61000,61000,61000,61000,61000,61000,61000,6623,84,6,1116.9994790125293,1.6583000005994109,91237.06889999994,26392.23191906991
1788769049,150,GET,GET /articles (list),0.000000,0.000000,61000,61000,61000,61000,61000,61000,61000,61000,61000,61000,61000,2261,17,6,911.3875477664621,1.6889999997147243,90749.61710000025,25377.919062361787
1788769049,150,GET,GET /articles/{id} (detail),0.000000,0.000000,0,0,0,0,0,0,0,0,0,0,0,971,5,6,856.5587741503474,1.6521999996257364,90797.59279999962,2678.136972193615
1788769049,150,POST,[setup] POST /auth/login,0.000000,0.000000,0,0,0,0,0,0,0,0,0,0,0,39,2,780,9964.716487179467,223.36099999938597,90496.03579999984,170.87179487179486
1788769049,150,,Aggregated,0.000000,0.000000,61000,61000,61000,61000,61000,61000,61000,61000,61000,61000,61000,9894,108,6,1079.3286140792397,1.6521999996257364,91237.06889999994,23729.771780877298
1788769050,150,GET,GET /articles (anon),0.000000,0.000000,61000,61000,61000,61000,61000,61000,61000,61000,61000,61000,61000,6623,84,6,1116.9994790125293,1.6583000005994109,91237.06889999994,26392.23191906991
1788769050,150,GET,GET /articles (list),0.000000,0.000000,61000,61000,61000,61000,61000,61000,61000,61000,61000,61000,61000,2261,17,6,911.3875477664621,1.6889999997147243,90749.61710000025,25377.919062361787
1788769050,150,GET,GET /articles/{id} (detail),0.000000,0.000000,0,0,0,0,0,0,0,0,0,0,0,971,5,6,856.5587741503474,1.6521999996257364,90797.59279999962,2678.136972193615
1788769050,150,POST,[setup] POST /auth/login,0.000000,0.000000,0,0,0,0,0,0,0,0,0,0,0,39,2,780,9964.716487179467,223.36099999938597,90496.03579999984,170.87179487179486
1788769050,150,,Aggregated,0.000000,0.000000,61000,61000,61000,61000,61000,61000,61000,61000,61000,61000,61000,9894,108,6,1079.3286140792397,1.6521999996257364,91237.06889999994,23729.771780877298
1788769051,150,GET,GET /articles (anon),0.000000,0.000000,61000,61000,61000,61000,61000,61000,61000,61000,61000,61000,61000,6623,84,6,1116.9994790125293,1.6583000005994109,91237.06889999994,26392.23191906991
1788769051,150,GET,GET /articles (list),0.000000,0.000000,61000,61000,61000,61000,61000,61000,61000,61000,61000,61000,61000,2261,17,6,911.3875477664621,1.6889999997147243,90749.61710000025,25377.919062361787
1788769051,150,GET,GET /articles/{id} (detail),0.000000,0.000000,0,0,0,0,0,0,0,0,0,0,0,971,5,6,856.5587741503474,1.6521999996257364,90797.59279999962,2678.136972193615
1788769051,150,POST,[setup] POST /auth/login,0.000000,0.000000,0,0,0,0,0,0,0,0,0,0,0,39,2,780,9964.716487179467,223.36099999938597,90496.03579999984,170.87179487179486
1788769051,150,,Aggregated,0.000000,0.000000,61000,61000,61000,61000,61000,61000,61000,61000,61000,61000,61000,9894,108,6,1079.3286140792397,1.6521999996257364,91237.06889999994,23729.771780877298
1788769052,150,GET,GET /articles (anon),0.000000,0.000000,61000,61000,61000,61000,61000,61000,61000,61000,61000,61000,61000,6623,84,6,1116.9994790125293,1.6583000005994109,91237.06889999994,26392.23191906991
1788769052,150,GET,GET /articles (list),0.000000,0.000000,61000,61000,61000,61000,61000,61000,61000,61000,61000,61000,61000,2261,17,6,911.3875477664621,1.6889999997147243,90749.61710000025,25377.919062361787
1788769052,150,GET,GET /articles/{id} (detail),0.000000,0.000000,0,0,0,0,0,0,0,0,0,0,0,971,5,6,856.5587741503474,1.6521999996257364,90797.59279999962,2678.136972193615
1788769052,150,POST,[setup] POST /auth/login,0.000000,0.000000,0,0,0,0,0,0,0,0,0,0,0,39,2,780,9964.716487179467,223.36099999938597,90496.03579999984,170.87179487179486
1788769052,150,,Aggregated,0.000000,0.000000,61000,61000,61000,61000,61000,61000,61000,61000,61000,61000,61000,9894,108,6,1079.3286140792397,1.6521999996257364,91237.06889999994,23729.771780877298
1788769053,150,GET,GET /articles (anon),0.000000,0.000000,61000,61000,61000,61000,61000,61000,61000,61000,61000,61000,61000,6623,84,6,1116.9994790125293,1.6583000005994109,91237.06889999994,26392.23191906991
1788769053,150,GET,GET /articles (list),0.000000,0.000000,61000,61000,61000,61000,61000,61000,61000,61000,61000,61000,61000,2261,17,6,911.3875477664621,1.6889999997147243,90749.61710000025,25377.919062361787
1788769053,150,GET,GET /articles/{id} (detail),0.000000,0.000000,0,0,0,0,0,0,0,0,0,0,0,971,5,6,856.5587741503474,1.6521999996257364,90797.59279999962,2678.136972193615
1788769053,150,POST,[setup] POST /auth/login,0.000000,0.000000,0,0,0,0,0,0,0,0,0,0,0,39,2,780,9964.716487179467,223.36099999938597,90496.03579999984,170.87179487179486
1788769053,150,,Aggregated,0.000000,0.000000,61000,61000,61000,61000,61000,61000,61000,61000,61000,61000,61000,9894,108,6,1079.3286140792397,1.6521999996257364,91237.06889999994,23729.771780877298
1788769054,150,GET,GET /articles (anon),0.000000,0.000000,61000,61000,61000,61000,61000,61000,61000,61000,61000,61000,61000,6623,84,6,1116.9994790125293,1.6583000005994109,91237.06889999994,26392.23191906991
1788769054,150,GET,GET /articles (list),0.000000,0.000000,61000,61000,61000,61000,61000,61000,61000,61000,61000,61000,61000,2261,17,6,911.3875477664621,1.6889999997147243,90749.61710000025,25377.919062361787
1788769054,150,GET,GET /articles/{id} (detail),0.000000,0.000000,0,0,0,0,0,0,0,0,0,0,0,971,5,6,856.5587741503474,1.6521999996257364,90797.59279999962,2678.136972193615
1788769054,150,POST,[setup] POST /auth/login,0.000000,0.000000,0,0,0,0,0,0,0,0,0,0,0,39,2,780,9964.716487179467,223.36099999938597,90496.03579999984,170.87179487179486
1788769054,150,,Aggregated,0.000000,0.000000,61000,61000,61000,61000,61000,61000,61000,61000,61000,61000,61000,9894,108,6,1079.3286140792397,1.6521999996257364,91237.06889999994,23729.771780877298
1788769055,150,GET,GET /articles (anon),0.000000,0.000000,61000,61000,61000,61000,61000,61000,61000,61000,61000,61000,61000,6623,84,6,1116.9994790125293,1.6583000005994109,91237.06889999994,26392.23191906991
1788769055,150,GET,GET /articles (list),0.000000,0.000000,61000,61000,61000,61000,61000,61000,61000,61000,61000,61000,61000,2261,17,6,911.3875477664621,1.6889999997147243,90749.61710000025,25377.919062361787
1788769055,150,GET,GET /articles/{id} (detail),0.000000,0.000000,0,0,0,0,0,0,0,0,0,0,0,971,5,6,856.5587741503474,1.6521999996257364,90797.59279999962,2678.136972193615
1788769055,150,POST,[setup] POST /auth/login,0.000000,0.000000,0,0,0,0,0,0,0,0,0,0,0,39,2,780,9964.716487179467,223.36099999938597,90496.03579999984,170.87179487179486
1788769055,150,,Aggregated,0.000000,0.000000,61000,61000,61000,61000,61000,61000,61000,61000,61000,61000,61000,9894,108,6,1079.3286140792397,1.6521999996257364,91237.06889999994,23729.771780877298
1788769056,150,GET,GET /articles (anon),0.000000,0.000000,61000,61000,61000,61000,61000,61000,61000,61000,61000,61000,61000,6623,84,6,1116.9994790125293,1.6583000005994109,91237.06889999994,26392.23191906991
1788769056,150,GET,GET /articles (list),0.000000,0.000000,61000,61000,61000,61000,61000,61000,61000,61000,61000,61000,61000,2261,17,6,911.3875477664621,1.6889999997147243,90749.61710000025,25377.919062361787
1788769056,150,GET,GET /articles/{id} (detail),0.000000,0.000000,0,0,0,0,0,0,0,0,0,0,0,971,5,6,856.5587741503474,1.6521999996257364,90797.59279999962,2678.136972193615
1788769056,150,POST,[setup] POST /auth/login,0.000000,0.000000,0,0,0,0,0,0,0,0,0,0,0,39,2,780,9964.716487179467,223.36099999938597,90496.03579999984,170.87179487179486
1788769056,150,,Aggregated,0.000000,0.000000,61000,61000,61000,61000,61000,61000,61000,61000,61000,61000,61000,9894,108,6,1079.3286140792397,1.6521999996257364,91237.06889999994,23729.771780877298
1788769057,150,GET,GET /articles (anon),0.000000,0.000000,61000,61000,61000,61000,61000,61000,61000,61000,61000,61000,61000,6623,84,6,1116.9994790125293,1.6583000005994109,91237.06889999994,26392.23191906991
1788769057,150,GET,GET /articles (list),0.000000,0.000000,61000,61000,61000,61000,61000,61000,61000,61000,61000,61000,61000,2261,17,6,911.3875477664621,1.6889999997147243,90749.61710000025,25377.919062361787
1788769057,150,GET,GET /articles/{id} (detail),0.000000,0.000000,0,0,0,0,0,0,0,0,0,0,0,971,5,6,856.5587741503474,1.6521999996257364,90797.59279999962,2678.136972193615
1788769057,150,POST,[setup] POST /auth/login,0.000000,0.000000,0,0,0,0,0,0,0,0,0,0,0,39,2,780,9964.716487179467,223.36099999938597,90496.03579999984,170.87179487179486
1788769057,150,,Aggregated,0.000000,0.000000,61000,61000,61000,61000,61000,61000,61000,61000,61000,61000,61000,9894,108,6,1079.3286140792397,1.6521999996257364,91237.06889999994,23729.771780877298
1788769058,150,GET,GET /articles (anon),0.000000,0.000000,61000,61000,61000,61000,61000,61000,61000,61000,61000,61000,61000,6623,84,6,1116.9994790125293,1.6583000005994109,91237.06889999994,26392.23191906991
1788769058,150,GET,GET /articles (list),0.000000,0.000000,61000,61000,61000,61000,61000,61000,61000,61000,61000,61000,61000,2261,17,6,911.3875477664621,1.6889999997147243,90749.61710000025,25377.919062361787
1788769058,150,GET,GET /articles/{id} (detail),0.000000,0.000000,0,0,0,0,0,0,0,0,0,0,0,971,5,6,856.5587741503474,1.6521999996257364,90797.59279999962,2678.136972193615
1788769058,150,POST,[setup] POST /auth/login,0.000000,0.000000,0,0,0,0,0,0,0,0,0,0,0,39,2,780,9964.716487179467,223.36099999938597,90496.03579999984,170.87179487179486
1788769058,150,,Aggregated,0.000000,0.000000,61000,61000,61000,61000,61000,61000,61000,61000,61000,61000,61000,9894,108,6,1079.3286140792397,1.6521999996257364,91237.06889999994,23729.771780877298
1788769059,150,GET,GET /articles (anon),0.000000,0.000000,61000,61000,61000,61000,61000,61000,61000,61000,61000,61000,61000,6623,84,6,1116.9994790125293,1.6583000005994109,91237.06889999994,26392.23191906991
1788769059,150,GET,GET /articles (list),0.000000,0.000000,61000,61000,61000,61000,61000,61000,61000,61000,61000,61000,61000,2261,17,6,911.3875477664621,1.6889999997147243,90749.61710000025,25377.919062361787
1788769059,150,GET,GET /articles/{id} (detail),0.000000,0.000000,0,0,0,0,0,0,0,0,0,0,0,971,5,6,856.5587741503474,1.6521999996257364,90797.59279999962,2678.136972193615
1788769059,150,POST,[setup] POST /auth/login,0.000000,0.000000,0,0,0,0,0,0,0,0,0,0,0,39,2,780,9964.716487179467,223.36099999938597,90496.03579999984,170.87179487179486
1788769059,150,,Aggregated,0.000000,0.000000,61000,61000,61000,61000,61000,61000,61000,61000,61000,61000,61000,9894,108,6,1079.3286140792397,1.6521999996257364,91237.06889999994,23729.771780877298
1788769061,150,GET,GET /articles (anon),0.000000,0.000000,0,0,0,0,0,0,0,0,0,0,0,6623,84,6,1116.9994790125293,1.6583000005994109,91237.06889999994,26392.23191906991
1788769061,150,GET,GET /articles (list),0.000000,0.000000,0,0,0,0,0,0,0,0,0,0,0,2261,17,6,911.3875477664621,1.6889999997147243,90749.61710000025,25377.919062361787
1788769061,150,GET,GET /articles/{id} (detail),0.000000,0.000000,0,0,0,0,0,0,0,0,0,0,0,971,5,6,856.5587741503474,1.6521999996257364,90797.59279999962,2678.136972193615
1788769061,150,POST,[setup] POST /auth/login,0.000000,0.000000,0,0,0,0,0,0,0,0,0,0,0,39,2,780,9964.716487179467,223.36099999938597,90496.03579999984,170.87179487179486
1788769061,150,,Aggregated,0.000000,0.000000,0,0,0,0,0,0,0,0,0,0,0,9894,108,6,1079.3286140792397,1.6521999996257364,91237.06889999994,23729.771780877298
1788769062,150,GET,GET /articles (anon),0.000000,0.000000,0,0,0,0,0,0,0,0,0,0,0,6623,84,6,1116.9994790125293,1.6583000005994109,91237.06889999994,26392.23191906991
1788769062,150,GET,GET /articles (list),0.000000,0.000000,0,0,0,0,0,0,0,0,0,0,0,2261,17,6,911.3875477664621,1.6889999997147243,90749.61710000025,25377.919062361787
1788769062,150,GET,GET /articles/{id} (detail),0.000000,0.000000,0,0,0,0,0,0,0,0,0,0,0,971,5,6,856.5587741503474,1.6521999996257364,90797.59279999962,2678.136972193615
1788769062,150,POST,[setup] POST /auth/login,0.000000,0.000000,0,0,0,0,0,0,0,0,0,0,0,39,2,780,9964.716487179467,223.36099999938597,90496.03579999984,170.87179487179486
1788769062,150,,Aggregated,0.000000,0.000000,0,0,0,0,0,0,0,0,0,0,0,9894,108,6,1079.3286140792397,1.6521999996257364,91237.06889999994,23729.771780877298
1788769063,150,GET,GET /articles (anon),0.000000,0.000000,0,0,0,0,0,0,0,0,0,0,0,6623,84,6,1116.9994790125293,1.6583000005994109,91237.06889999994,26392.23191906991
1788769063,150,GET,GET /articles (list),0.000000,0.000000,0,0,0,0,0,0,0,0,0,0,0,2261,17,6,911.3875477664621,1.6889999997147243,90749.61710000025,25377.919062361787
1788769063,150,GET,GET /articles/{id} (detail),0.000000,0.000000,0,0,0,0,0,0,0,0,0,0,0,971,5,6,856.5587741503474,1.6521999996257364,90797.59279999962,2678.136972193615
1788769063,150,POST,[setup] POST /auth/login,0.000000,0.000000,0,0,0,0,0,0,0,0,0,0,0,39,2,780,9964.716487179467,223.36099999938597,90496.03579999984,170.87179487179486
1788769063,150,,Aggregated,0.000000,0.000000,0,0,0,0,0,0,0,0,0,0,0,9894,108,6,1079.3286140792397,1.6521999996257364,91237.06889999994,23729.771780877298
1788769064,150,GET,GET /articles (anon),0.000000,0.000000,0,0,0,0,0,0,0,0,0,0,0,6623,84,6,1116.9994790125293,1.6583000005994109,91237.06889999994,26392.23191906991
1788769064,150,GET,GET /articles (list),0.000000,0.000000,0,0,0,0,0,0,0,0,0,0,0,2261,17,6,911.3875477664621,1.6889999997147243,90749.61710000025,25377.919062361787
1788769064,150,GET,GET /articles/{id} (detail),0.000000,0.000000,0,0,0,0,0,0,0,0,0,0,0,971,5,6,856.5587741503474,1.6521999996257364,90797.59279999962,2678.136972193615
1788769064,150,POST,[setup] POST /auth/login,0.000000,0.000000,0,0,0,0,0,0,0,0,0,0,0,39,2,780,9964.716487179467,223.36099999938597,90496.03579999984,170.87179487179486
1788769064,150,,Aggregated,0.000000,0.000000,0,0,0,0,0,0,0,0,0,0,0,9894,108,6,1079.3286140792397,1.6521999996257364,91237.06889999994,23729.771780877298
1788769065,150,GET,GET /articles (anon),0.000000,0.000000,0,0,0,0,0,0,0,0,0,0,0,6623,84,6,1116.9994790125293,1.6583000005994109,91237.06889999994,26392.23191906991
1788769065,150,GET,GET /articles (list),0.000000,0.000000,0,0,0,0,0,0,0,0,0,0,0,2261,17,6,911.3875477664621,1.6889999997147243,90749.61710000025,25377.919062361787
1788769065,150,GET,GET /articles/{id} (detail),0.000000,0.000000,0,0,0,0,0,0,0,0,0,0,0,971,5,6,856.5587741503474,1.6521999996257364,90797.59279999962,2678.136972193615
1788769065,150,POST,[setup] POST /auth/login,0.000000,0.000000,0,0,0,0,0,0,0,0,0,0,0,39,2,780,9964.716487179467,223.36099999938597,90496.03579999984,170.87179487179486
1788769065,150,,Aggregated,0.000000,0.000000,0,0,0,0,0,0,0,0,0,0,0,9894,108,6,1079.3286140792397,1.6521999996257364,91237.06889999994,23729.771780877298
1788769066,150,GET,GET /articles (anon),0.000000,0.000000,0,0,0,0,0,0,0,0,0,0,0,6623,84,6,1116.9994790125293,1.6583000005994109,91237.06889999994,26392.23191906991
1788769066,150,GET,GET /articles (list),0.000000,0.000000,0,0,0,0,0,0,0,0,0,0,0,2261,17,6,911.3875477664621,1.6889999997147243,90749.61710000025,25377.919062361787
1788769066,150,GET,GET /articles/{id} (detail),0.000000,0.000000,0,0,0,0,0,0,0,0,0,0,0,971,5,6,856.5587741503474,1.6521999996257364,90797.59279999962,2678.136972193615
1788769066,150,POST,[setup] POST /auth/login,0.000000,0.000000,0,0,0,0,0,0,0,0,0,0,0,39,2,780,9964.716487179467,223.36099999938597,90496.03579999984,170.87179487179486
1788769066,150,,Aggregated,0.000000,0.000000,0,0,0,0,0,0,0,0,0,0,0,9894,108,6,1079.3286140792397,1.6521999996257364,91237.06889999994,23729.771780877298
1788769067,150,GET,GET /articles (anon),0.000000,0.000000,0,0,0,0,0,0,0,0,0,0,0,6623,84,6,1116.9994790125293,1.6583000005994109,91237.06889999994,26392.23191906991
1788769067,150,GET,GET /articles (list),0.000000,0.000000,0,0,0,0,0,0,0,0,0,0,0,2261,17,6,911.3875477664621,1.6889999997147243,90749.61710000025,25377.919062361787
1788769067,150,GET,GET /articles/{id} (detail),0.000000,0.000000,0,0,0,0,0,0,0,0,0,0,0,971,5,6,856.5587741503474,1.6521999996257364,90797.59279999962,2678.136972193615
1788769067,150,POST,[setup] POST /auth/login,0.000000,0.000000,0,0,0,0,0,0,0,0,0,0,0,39,2,780,9964.716487179467,223.36099999938597,90496.03579999984,170.87179487179486
1788769067,150,,Aggregated,0.000000,0.000000,0,0,0,0,0,0,0,0,0,0,0,9894,108,6,1079.3286140792397,1.6521999996257364,91237.06889999994,23729.771780877298
1788769068,150,GET,GET /articles (anon),0.000000,0.000000,0,0,0,0,0,0,0,0,0,0,0,6623,84,6,1116.9994790125293,1.6583000005994109,91237.06889999994,26392.23191906991
1788769068,150,GET,GET /articles (list),0.000000,0.000000,0,0,0,0,0,0,0,0,0,0,0,2261,17,6,911.3875477664621,1.6889999997147243,90749.61710000025,25377.919062361787
1788769068,150,GET,GET /articles/{id} (detail),0.000000,0.000000,0,0,0,0,0,0,0,0,0,0,0,971,5,6,856.5587741503474,1.6521999996257364,90797.59279999962,2678.136972193615
1788769068,150,POST,[setup] POST /auth/login,0.000000,0.000000,0,0,0,0,0,0,0,0,0,0,0,39,2,780,9964.716487179467,223.36099999938597,90496.03579999984,170.87179487179486
1788769068,150,,Aggregated,0.000000,0.000000,0,0,0,0,0,0,0,0,0,0,0,9894,108,6,1079.3286140792397,1.6521999996257364,91237.06889999994,23729.771780877298
1788769069,150,GET,GET /articles (anon),0.000000,0.000000,0,0,0,0,0,0,0,0,0,0,0,6623,84,6,1116.9994790125293,1.6583000005994109,91237.06889999994,26392.23191906991
1788769069,150,GET,GET /articles (list),0.000000,0.000000,0,0,0,0,0,0,0,0,0,0,0,2261,17,6,911.3875477664621,1.6889999997147243,90749.61710000025,25377.919062361787
1788769069,150,GET,GET /articles/{id} (detail),0.000000,0.000000,0,0,0,0,0,0,0,0,0,0,0,971,5,6,856.5587741503474,1.6521999996257364,90797.59279999962,2678.136972193615
1788769069,150,POST,[setup] POST /auth/login,0.000000,0.000000,0,0,0,0,0,0,0,0,0,0,0,39,2,780,9964.716487179467,223.36099999938597,90496.03579999984,170.87179487179486
1788769069,150,,Aggregated,0.000000,0.000000,0,0,0,0,0,0,0,0,0,0,0,9894,108,6,1079.3286140792397,1.6521999996257364,91237.06889999994,23729.771780877298
1788769070,150,GET,GET /articles (anon),0.000000,0.000000,0,0,0,0,0,0,0,0,0,0,0,6623,84,6,1116.9994790125293,1.6583000005994109,91237.06889999994,26392.23191906991
1788769070,150,GET,GET /articles (list),0.000000,0.000000,0,0,0,0,0,0,0,0,0,0,0,2261,17,6,911.3875477664621,1.6889999997147243,90749.61710000025,25377.919062361787
1788769070,150,GET,GET /articles/{id} (detail),0.000000,0.000000,0,0,0,0,0,0,0,0,0,0,0,971,5,6,856.5587741503474,1.6521999996257364,90797.59279999962,2678.136972193615
1788769070,150,POST,[setup] POST /auth/login,0.000000,0.000000,0,0,0,0,0,0,0,0,0,0,0,39,2,780,9964.716487179467,223.36099999938597,90496.03579999984,170.87179487179486
1788769070,150,,Aggregated,0.000000,0.000000,0,0,0,0,0,0,0,0,0,0,0,9894,108,6,1079.3286140792397,1.6521999996257364,91237.06889999994,23729.771780877298
1788769071,150,GET,GET /articles (anon),0.000000,0.000000,0,0,0,0,0,0,0,0,0,0,0,6623,84,6,1116.9994790125293,1.6583000005994109,91237.06889999994,26392.23191906991
1788769071,150,GET,GET /articles (list),0.000000,0.000000,0,0,0,0,0,0,0,0,0,0,0,2261,17,6,911.3875477664621,1.6889999997147243,90749.61710000025,25377.919062361787
1788769071,150,GET,GET /articles/{id} (detail),0.000000,0.000000,0,0,0,0,0,0,0,0,0,0,0,971,5,6,856.5587741503474,1.6521999996257364,90797.59279999962,2678.136972193615
1788769071,150,POST,[setup] POST /auth/login,0.000000,0.000000,0,0,0,0,0,0,0,0,0,0,0,39,2,780,9964.716487179467,223.36099999938597,90496.03579999984,170.87179487179486
1788769071,150,,Aggregated,0.000000,0.000000,0,0,0,0,0,0,0,0,0,0,0,9894,108,6,1079.3286140792397,1.6521999996257364,91237.06889999994,23729.771780877298
1788769072,150,GET,GET /articles (anon),0.000000,0.000000,0,0,0,0,0,0,0,0,0,0,0,6623,84,6,1116.9994790125293,1.6583000005994109,91237.06889999994,26392.23191906991
1788769072,150,GET,GET /articles (list),0.000000,0.000000,0,0,0,0,0,0,0,0,0,0,0,2261,17,6,911.3875477664621,1.6889999997147243,90749.61710000025,25377.919062361787
1788769072,150,GET,GET /articles/{id} (detail),0.000000,0.000000,0,0,0,0,0,0,0,0,0,0,0,971,5,6,856.5587741503474,1.6521999996257364,90797.59279999962,2678.136972193615
1788769072,150,POST,[setup] POST /auth/login,0.000000,0.000000,0,0,0,0,0,0,0,0,0,0,0,39,2,780,9964.716487179467,223.36099999938597,90496.03579999984,170.87179487179486
1788769072,150,,Aggregated,0.000000,0.000000,0,0,0,0,0,0,0,0,0,0,0,9894,108,6,1079.3286140792397,1.6521999996257364,91237.06889999994,23729.771780877298
1788769073,150,GET,GET /articles (anon),0.000000,0.000000,0,0,0,0,0,0,0,0,0,0,0,6623,84,6,1116.9994790125293,1.6583000005994109,91237.06889999994,26392.23191906991
1788769073,150,GET,GET /articles (list),0.000000,0.000000,0,0,0,0,0,0,0,0,0,0,0,2261,17,6,911.3875477664621,1.6889999997147243,90749.61710000025,25377.919062361787
1788769073,150,GET,GET /articles/{id} (detail),0.000000,0.000000,0,0,0,0,0,0,0,0,0,0,0,971,5,6,856.5587741503474,1.6521999996257364,90797.59279999962,2678.136972193615
1788769073,150,POST,[setup] POST /auth/login,0.000000,0.000000,0,0,0,0,0,0,0,0,0,0,0,39,2,780,9964.716487179467,223.36099999938597,90496.03579999984,170.87179487179486
1788769073,150,,Aggregated,0.000000,0.000000,0,0,0,0,0,0,0,0,0,0,0,9894,108,6,1079.3286140792397,1.6521999996257364,91237.06889999994,23729.771780877298
1788769074,150,GET,GET /articles (anon),0.000000,0.000000,0,0,0,0,0,0,0,0,0,0,0,6623,84,6,1116.9994790125293,1.6583000005994109,91237.06889999994,26392.23191906991
1788769074,150,GET,GET /articles (list),0.000000,0.000000,0,0,0,0,0,0,0,0,0,0,0,2261,17,6,911.3875477664621,1.6889999997147243,90749.61710000025,25377.919062361787
1788769074,150,GET,GET /articles/{id} (detail),0.000000,0.000000,0,0,0,0,0,0,0,0,0,0,0,971,5,6,856.5587741503474,1.6521999996257364,90797.59279999962,2678.136972193615
1788769074,150,POST,[setup] POST /auth/login,0.000000,0.000000,0,0,0,0,0,0,0,0,0,0,0,39,2,780,9964.716487179467,223.36099999938597,90496.03579999984,170.87179487179486
1788769074,150,,Aggregated,0.000000,0.000000,0,0,0,0,0,0,0,0,0,0,0,9894,108,6,1079.3286140792397,1.6521999996257364,91237.06889999994,23729.771780877298
1788769075,150,GET,GET /articles (anon),0.000000,0.000000,0,0,0,0,0,0,0,0,0,0,0,6623,84,6,1116.9994790125293,1.6583000005994109,91237.06889999994,26392.23191906991
1788769075,150,GET,GET /articles (list),0.000000,0.000000,0,0,0,0,0,0,0,0,0,0,0,2261,17,6,911.3875477664621,1.6889999997147243,90749.61710000025,25377.919062361787
1788769075,150,GET,GET /articles/{id} (detail),0.000000,0.000000,0,0,0,0,0,0,0,0,0,0,0,971,5,6,856.5587741503474,1.6521999996257364,90797.59279999962,2678.136972193615
1788769075,150,POST,[setup] POST /auth/login,0.000000,0.000000,0,0,0,0,0,0,0,0,0,0,0,39,2,780,9964.716487179467,223.36099999938597,90496.03579999984,170.87179487179486
1788769075,150,,Aggregated,0.000000,0.000000,0,0,0,0,0,0,0,0,0,0,0,9894,108,6,1079.3286140792397,1.6521999996257364,91237.06889999994,23729.771780877298
1788769076,150,GET,GET /articles (anon),0.000000,0.000000,0,0,0,0,0,0,0,0,0,0,0,6623,84,6,1116.9994790125293,1.6583000005994109,91237.06889999994,26392.23191906991
1788769076,150,GET,GET /articles (list),0.000000,0.000000,0,0,0,0,0,0,0,0,0,0,0,2261,17,6,911.3875477664621,1.6889999997147243,90749.61710000025,25377.919062361787
1788769076,150,GET,GET /articles/{id} (detail),0.000000,0.000000,0,0,0,0,0,0,0,0,0,0,0,971,5,6,856.5587741503474,1.6521999996257364,90797.59279999962,2678.136972193615
1788769076,150,POST,[setup] POST /auth/login,0.000000,0.000000,0,0,0,0,0,0,0,0,0,0,0,39,2,780,9964.716487179467,223.36099999938597,90496.03579999984,170.87179487179486
1788769076,150,,Aggregated,0.000000,0.000000,0,0,0,0,0,0,0,0,0,0,0,9894,108,6,1079.3286140792397,1.6521999996257364,91237.06889999994,23729.771780877298
1788769077,150,GET,GET /articles (anon),0.000000,0.000000,0,0,0,0,0,0,0,0,0,0,0,6623,84,6,1116.9994790125293,1.6583000005994109,91237.06889999994,26392.23191906991
1788769077,150,GET,GET /articles (list),0.000000,0.000000,0,0,0,0,0,0,0,0,0,0,0,2261,17,6,911.3875477664621,1.6889999997147243,90749.61710000025,25377.919062361787
1788769077,150,GET,GET /articles/{id} (detail),0.000000,0.000000,0,0,0,0,0,0,0,0,0,0,0,971,5,6,856.5587741503474,1.6521999996257364,90797.59279999962,2678.136972193615
1788769077,150,POST,[setup] POST /auth/login,0.000000,0.000000,0,0,0,0,0,0,0,0,0,0,0,39,2,780,9964.716487179467,223.36099999938597,90496.03579999984,170.87179487179486
1788769077,150,,Aggregated,0.000000,0.000000,0,0,0,0,0,0,0,0,0,0,0,9894,108,6,1079.3286140792397,1.6521999996257364,91237.06889999994,23729.771780877298
1788769078,150,GET,GET /articles (anon),0.000000,0.000000,0,0,0,0,0,0,0,0,0,0,0,6623,84,6,1116.9994790125293,1.6583000005994109,91237.06889999994,26392.23191906991
1788769078,150,GET,GET /articles (list),0.000000,0.000000,0,0,0,0,0,0,0,0,0,0,0,2261,17,6,911.3875477664621,1.6889999997147243,90749.61710000025,25377.919062361787
1788769078,150,GET,GET /articles/{id} (detail),0.000000,0.000000,0,0,0,0,0,0,0,0,0,0,0,971,5,6,856.5587741503474,1.6521999996257364,90797.59279999962,2678.136972193615
1788769078,150,POST,[setup] POST /auth/login,0.000000,0.000000,0,0,0,0,0,0,0,0,0,0,0,39,2,780,9964.716487179467,223.36099999938597,90496.03579999984,170.87179487179486
1788769078,150,,Aggregated,0.000000,0.000000,0,0,0,0,0,0,0,0,0,0,0,9894,108,6,1079.3286140792397,1.6521999996257364,91237.06889999994,23729.771780877298
1788769079,150,GET,GET /articles (anon),0.000000,0.000000,0,0,0,0,0,0,0,0,0,0,0,6623,84,6,1116.9994790125293,1.6583000005994109,91237.06889999994,26392.23191906991
1788769079,150,GET,GET /articles (list),0.000000,0.000000,0,0,0,0,0,0,0,0,0,0,0,2261,17,6,911.3875477664621,1.6889999997147243,90749.61710000025,25377.919062361787
1788769079,150,GET,GET /articles/{id} (detail),0.000000,0.000000,0,0,0,0,0,0,0,0,0,0,0,971,5,6,856.5587741503474,1.6521999996257364,90797.59279999962,2678.136972193615
1788769079,150,POST,[setup] POST /auth/login,0.000000,0.000000,0,0,0,0,0,0,0,0,0,0,0,39,2,780,9964.716487179467,223.36099999938597,90496.03579999984,170.87179487179486
1788769079,150,,Aggregated,0.000000,0.000000,0,0,0,0,0,0,0,0,0,0,0,9894,108,6,1079.3286140792397,1.6521999996257364,91237.06889999994,23729.771780877298
1788769080,150,GET,GET /articles (anon),0.000000,0.000000,0,0,0,0,0,0,0,0,0,0,0,6623,84,6,1116.9994790125293,1.6583000005994109,91237.06889999994,26392.23191906991
1788769080,150,GET,GET /articles (list),0.000000,0.000000,0,0,0,0,0,0,0,0,0,0,0,2261,17,6,911.3875477664621,1.6889999997147243,90749.61710000025,25377.919062361787
1788769080,150,GET,GET /articles/{id} (detail),0.000000,0.000000,0,0,0,0,0,0,0,0,0,0,0,971,5,6,856.5587741503474,1.6521999996257364,90797.59279999962,2678.136972193615
1788769080,150,POST,[setup] POST /auth/login,0.000000,0.000000,0,0,0,0,0,0,0,0,0,0,0,39,2,780,9964.716487179467,223.36099999938597,90496.03579999984,170.87179487179486
1788769080,150,,Aggregated,0.000000,0.000000,0,0,0,0,0,0,0,0,0,0,0,9894,108,6,1079.3286140792397,1.6521999996257364,91237.06889999994,23729.771780877298
1788769081,150,GET,GET /articles (anon),0.000000,0.000000,0,0,0,0,0,0,0,0,0,0,0,6623,84,6,1116.9994790125293,1.6583000005994109,91237.06889999994,26392.23191906991
1788769081,150,GET,GET /articles (list),0.000000,0.000000,0,0,0,0,0,0,0,0,0,0,0,2261,17,6,911.3875477664621,1.6889999997147243,90749.61710000025,25377.919062361787
1788769081,150,GET,GET /articles/{id} (detail),0.000000,0.000000,0,0,0,0,0,0,0,0,0,0,0,971,5,6,856.5587741503474,1.6521999996257364,90797.59279999962,2678.136972193615
1788769081,150,POST,[setup] POST /auth/login,0.000000,0.000000,0,0,0,0,0,0,0,0,0,0,0,39,2,780,9964.716487179467,223.36099999938597,90496.03579999984,170.87179487179486
1788769081,150,,Aggregated,0.000000,0.000000,0,0,0,0,0,0,0,0,0,0,0,9894,108,6,1079.3286140792397,1.6521999996257364,91237.06889999994,23729.771780877298
1788769082,150,GET,GET /articles (anon),0.000000,0.000000,0,0,0,0,0,0,0,0,0,0,0,6623,84,6,1116.9994790125293,1.6583000005994109,91237.06889999994,26392.23191906991
1788769082,150,GET,GET /articles (list),0.000000,0.000000,0,0,0,0,0,0,0,0,0,0,0,2261,17,6,911.3875477664621,1.6889999997147243,90749.61710000025,25377.919062361787
1788769082,150,GET,GET /articles/{id} (detail),0.000000,0.000000,0,0,0,0,0,0,0,0,0,0,0,971,5,6,856.5587741503474,1.6521999996257364,90797.59279999962,2678.136972193615
1788769082,150,POST,[setup] POST /auth/login,0.000000,0.000000,0,0,0,0,0,0,0,0,0,0,0,39,2,780,9964.716487179467,223.36099999938597,90496.03579999984,170.87179487179486
1788769082,150,,Aggregated,0.000000,0.000000,0,0,0,0,0,0,0,0,0,0,0,9894,108,6,1079.3286140792397,1.6521999996257364,91237.06889999994,23729.771780877298
1788769083,150,GET,GET /articles (anon),0.000000,0.000000,0,0,0,0,0,0,0,0,0,0,0,6623,84,6,1116.9994790125293,1.6583000005994109,91237.06889999994,26392.23191906991
1788769083,150,GET,GET /articles (list),0.000000,0.000000,0,0,0,0,0,0,0,0,0,0,0,2261,17,6,911.3875477664621,1.6889999997147243,90749.61710000025,25377.919062361787
1788769083,150,GET,GET /articles/{id} (detail),0.000000,0.000000,0,0,0,0,0,0,0,0,0,0,0,971,5,6,856.5587741503474,1.6521999996257364,90797.59279999962,2678.136972193615
1788769083,150,POST,[setup] POST /auth/login,0.000000,0.000000,0,0,0,0,0,0,0,0,0,0,0,39,2,780,9964.716487179467,223.36099999938597,90496.03579999984,170.87179487179486
1788769083,150,,Aggregated,0.000000,0.000000,0,0,0,0,0,0,0,0,0,0,0,9894,108,6,1079.3286140792397,1.6521999996257364,91237.06889999994,23729.771780877298
1788769084,150,GET,GET /articles (anon),0.000000,0.000000,0,0,0,0,0,0,0,0,0,0,0,6623,84,6,1116.9994790125293,1.6583000005994109,91237.06889999994,26392.23191906991
1788769084,150,GET,GET /articles (list),0.000000,0.000000,0,0,0,0,0,0,0,0,0,0,0,2261,17,6,911.3875477664621,1.6889999997147243,90749.61710000025,25377.919062361787
1788769084,150,GET,GET /articles/{id} (detail),0.000000,0.000000,0,0,0,0,0,0,0,0,0,0,0,971,5,6,856.5587741503474,1.6521999996257364,90797.59279999962,2678.136972193615
1788769084,150,POST,[setup] POST /auth/login,0.000000,0.000000,0,0,0,0,0,0,0,0,0,0,0,39,2,780,9964.716487179467,223.36099999938597,90496.03579999984,170.87179487179486
1788769084,150,,Aggregated,0.000000,0.000000,0,0,0,0,0,0,0,0,0,0,0,9894,108,6,1079.3286140792397,1.6521999996257364,91237.06889999994,23729.771780877298
1788769085,150,GET,GET /articles (anon),0.000000,0.000000,0,0,0,0,0,0,0,0,0,0,0,6623,84,6,1116.9994790125293,1.6583000005994109,91237.06889999994,26392.23191906991
1788769085,150,GET,GET /articles (list),0.000000,0.000000,0,0,0,0,0,0,0,0,0,0,0,2261,17,6,911.3875477664621,1.6889999997147243,90749.61710000025,25377.919062361787
1788769085,150,GET,GET /articles/{id} (detail),0.000000,0.000000,0,0,0,0,0,0,0,0,0,0,0,971,5,6,856.5587741503474,1.6521999996257364,90797.59279999962,2678.136972193615
1788769085,150,POST,[setup] POST /auth/login,0.000000,0.000000,0,0,0,0,0,0,0,0,0,0,0,39,2,780,9964.716487179467,223.36099999938597,90496.03579999984,170.87179487179486
1788769085,150,,Aggregated,0.000000,0.000000,0,0,0,0,0,0,0,0,0,0,0,9894,108,6,1079.3286140792397,1.6521999996257364,91237.06889999994,23729.771780877298
1788769086,150,GET,GET /articles (anon),0.000000,0.000000,0,0,0,0,0,0,0,0,0,0,0,6623,84,6,1116.9994790125293,1.6583000005994109,91237.06889999994,26392.23191906991
1788769086,150,GET,GET /articles (list),0.000000,0.000000,0,0,0,0,0,0,0,0,0,0,0,2261,17,6,911.3875477664621,1.6889999997147243,90749.61710000025,25377.919062361787
1788769086,150,GET,GET /articles/{id} (detail),0.000000,0.000000,0,0,0,0,0,0,0,0,0,0,0,971,5,6,856.5587741503474,1.6521999996257364,90797.59279999962,2678.136972193615
1788769086,150,POST,[setup] POST /auth/login,0.000000,0.000000,0,0,0,0,0,0,0,0,0,0,0,39,2,780,9964.716487179467,223.36099999938597,90496.03579999984,170.87179487179486
1788769086,150,,Aggregated,0.000000,0.000000,0,0,0,0,0,0,0,0,0,0,0,9894,108,6,1079.3286140792397,1.6521999996257364,91237.06889999994,23729.771780877298
1788769087,150,GET,GET /articles (anon),0.000000,0.000000,0,0,0,0,0,0,0,0,0,0,0,6623,84,6,1116.9994790125293,1.6583000005994109,91237.06889999994,26392.23191906991
1788769087,150,GET,GET /articles (list),0.000000,0.000000,0,0,0,0,0,0,0,0,0,0,0,2261,17,6,911.3875477664621,1.6889999997147243,90749.61710000025,25377.919062361787
1788769087,150,GET,GET /articles/{id} (detail),0.000000,0.000000,0,0,0,0,0,0,0,0,0,0,0,971,5,6,856.5587741503474,1.6521999996257364,90797.59279999962,2678.136972193615
1788769087,150,POST,[setup] POST /auth/login,0.000000,0.000000,0,0,0,0,0,0,0,0,0,0,0,39,2,780,9964.716487179467,223.36099999938597,90496.03579999984,170.87179487179486
1788769087,150,,Aggregated,0.000000,0.000000,0,0,0,0,0,0,0,0,0,0,0,9894,108,6,1079.3286140792397,1.6521999996257364,91237.06889999994,23729.771780877298
1788769088,150,GET,GET /articles (anon),0.000000,0.000000,0,0,0,0,0,0,0,0,0,0,0,6623,84,6,1116.9994790125293,1.6583000005994109,91237.06889999994,26392.23191906991
1788769088,150,GET,GET /articles (list),0.000000,0.000000,0,0,0,0,0,0,0,0,0,0,0,2261,17,6,911.3875477664621,1.6889999997147243,90749.61710000025,25377.919062361787
1788769088,150,GET,GET /articles/{id} (detail),0.000000,0.000000,0,0,0,0,0,0,0,0,0,0,0,971,5,6,856.5587741503474,1.6521999996257364,90797.59279999962,2678.136972193615
1788769088,150,POST,[setup] POST /auth/login,0.000000,0.000000,0,0,0,0,0,0,0,0,0,0,0,39,2,780,9964.716487179467,223.36099999938597,90496.03579999984,170.87179487179486
1788769088,150,,Aggregated,0.000000,0.000000,0,0,0,0,0,0,0,0,0,0,0,9894,108,6,1079.3286140792397,1.6521999996257364,91237.06889999994,23729.771780877298
1788769089,150,GET,GET /articles (anon),0.000000,0.000000,0,0,0,0,0,0,0,0,0,0,0,6623,84,6,1116.9994790125293,1.6583000005994109,91237.06889999994,26392.23191906991
1788769089,150,GET,GET /articles (list),0.000000,0.000000,0,0,0,0,0,0,0,0,0,0,0,2261,17,6,911.3875477664621,1.6889999997147243,90749.61710000025,25377.919062361787
1788769089,150,GET,GET /articles/{id} (detail),0.000000,0.000000,0,0,0,0,0,0,0,0,0,0,0,971,5,6,856.5587741503474,1.6521999996257364,90797.59279999962,2678.136972193615
1788769089,150,POST,[setup] POST /auth/login,0.000000,0.000000,0,0,0,0,0,0,0,0,0,0,0,39,2,780,9964.716487179467,223.36099999938597,90496.03579999984,170.87179487179486
1788769089,150,,Aggregated,0.000000,0.000000,0,0,0,0,0,0,0,0,0,0,0,9894,108,6,1079.3286140792397,1.6521999996257364,91237.06889999994,23729.771780877298
1788769090,150,GET,GET /articles (anon),0.000000,0.000000,0,0,0,0,0,0,0,0,0,0,0,6623,84,6,1116.9994790125293,1.6583000005994109,91237.06889999994,26392.23191906991
1788769090,150,GET,GET /articles (list),0.000000,0.000000,0,0,0,0,0,0,0,0,0,0,0,2261,17,6,911.3875477664621,1.6889999997147243,90749.61710000025,25377.919062361787
1788769090,150,GET,GET /articles/{id} (detail),0.000000,0.000000,0,0,0,0,0,0,0,0,0,0,0,971,5,6,856.5587741503474,1.6521999996257364,90797.59279999962,2678.136972193615
1788769090,150,POST,[setup] POST /auth/login,0.000000,0.000000,0,0,0,0,0,0,0,0,0,0,0,39,2,780,9964.716487179467,223.36099999938597,90496.03579999984,170.87179487179486
1788769090,150,,Aggregated,0.000000,0.000000,0,0,0,0,0,0,0,0,0,0,0,9894,108,6,1079.3286140792397,1.6521999996257364,91237.06889999994,23729.771780877298
1788769091,150,GET,GET /articles (anon),0.000000,0.000000,0,0,0,0,0,0,0,0,0,0,0,6623,84,6,1116.9994790125293,1.6583000005994109,91237.06889999994,26392.23191906991
1788769091,150,GET,GET /articles (list),0.000000,0.000000,0,0,0,0,0,0,0,0,0,0,0,2261,17,6,911.3875477664621,1.6889999997147243,90749.61710000025,25377.919062361787
1788769091,150,GET,GET /articles/{id} (detail),0.000000,0.000000,0,0,0,0,0,0,0,0,0,0,0,971,5,6,856.5587741503474,1.6521999996257364,90797.59279999962,2678.136972193615
1788769091,150,POST,[setup] POST /auth/login,0.000000,0.000000,0,0,0,0,0,0,0,0,0,0,0,39,2,780,9964.716487179467,223.36099999938597,90496.03579999984,170.87179487179486
1788769091,150,,Aggregated,0.000000,0.000000,0,0,0,0,0,0,0,0,0,0,0,9894,108,6,1079.3286140792397,1.6521999996257364,91237.06889999994,23729.771780877298
1788769092,150,GET,GET /articles (anon),0.000000,0.000000,0,0,0,0,0,0,0,0,0,0,0,6623,84,6,1116.9994790125293,1.6583000005994109,91237.06889999994,26392.23191906991
1788769092,150,GET,GET /articles (list),0.000000,0.000000,0,0,0,0,0,0,0,0,0,0,0,2261,17,6,911.3875477664621,1.6889999997147243,90749.61710000025,25377.919062361787
1788769092,150,GET,GET /articles/{id} (detail),0.000000,0.000000,0,0,0,0,0,0,0,0,0,0,0,971,5,6,856.5587741503474,1.6521999996257364,90797.59279999962,2678.136972193615
1788769092,150,POST,[setup] POST /auth/login,0.000000,0.000000,0,0,0,0,0,0,0,0,0,0,0,39,2,780,9964.716487179467,223.36099999938597,90496.03579999984,170.87179487179486
1788769092,150,,Aggregated,0.000000,0.000000,0,0,0,0,0,0,0,0,0,0,0,9894,108,6,1079.3286140792397,1.6521999996257364,91237.06889999994,23729.771780877298
1788769093,150,GET,GET /articles (anon),0.000000,0.000000,0,0,0,0,0,0,0,0,0,0,0,6623,84,6,1116.9994790125293,1.6583000005994109,91237.06889999994,26392.23191906991
1788769093,150,GET,GET /articles (list),0.000000,0.000000,0,0,0,0,0,0,0,0,0,0,0,2261,17,6,911.3875477664621,1.6889999997147243,90749.61710000025,25377.919062361787
1788769093,150,GET,GET /articles/{id} (detail),0.000000,0.000000,0,0,0,0,0,0,0,0,0,0,0,971,5,6,856.5587741503474,1.6521999996257364,90797.59279999962,2678.136972193615
1788769093,150,POST,[setup] POST /auth/login,0.000000,0.000000,0,0,0,0,0,0,0,0,0,0,0,39,2,780,9964.716487179467,223.36099999938597,90496.03579999984,170.87179487179486
1788769093,150,,Aggregated,0.000000,0.000000,0,0,0,0,0,0,0,0,0,0,0,9894,108,6,1079.3286140792397,1.6521999996257364,91237.06889999994,23729.771780877298
1788769094,150,GET,GET /articles (anon),0.000000,0.000000,0,0,0,0,0,0,0,0,0,0,0,6623,84,6,1116.9994790125293,1.6583000005994109,91237.06889999994,26392.23191906991
1788769094,150,GET,GET /articles (list),0.000000,0.000000,0,0,0,0,0,0,0,0,0,0,0,2261,17,6,911.3875477664621,1.6889999997147243,90749.61710000025,25377.919062361787
1788769094,150,GET,GET /articles/{id} (detail),0.000000,0.000000,0,0,0,0,0,0,0,0,0,0,0,971,5,6,856.5587741503474,1.6521999996257364,90797.59279999962,2678.136972193615
1788769094,150,POST,[setup] POST /auth/login,0.000000,0.000000,0,0,0,0,0,0,0,0,0,0,0,39,2,780,9964.716487179467,223.36099999938597,90496.03579999984,170.87179487179486
1788769094,150,,Aggregated,0.000000,0.000000,0,0,0,0,0,0,0,0,0,0,0,9894,108,6,1079.3286140792397,1.6521999996257364,91237.06889999994,23729.771780877298
1788769095,150,GET,GET /articles (anon),0.000000,0.000000,0,0,0,0,0,0,0,0,0,0,0,6623,84,6,1116.9994790125293,1.6583000005994109,91237.06889999994,26392.23191906991
1788769095,150,GET,GET /articles (list),0.000000,0.000000,0,0,0,0,0,0,0,0,0,0,0,2261,17,6,911.3875477664621,1.6889999997147243,90749.61710000025,25377.919062361787
1788769095,150,GET,GET /articles/{id} (detail),0.000000,0.000000,0,0,0,0,0,0,0,0,0,0,0,971,5,6,856.5587741503474,1.6521999996257364,90797.59279999962,2678.136972193615
1788769095,150,POST,[setup] POST /auth/login,0.000000,0.000000,0,0,0,0,0,0,0,0,0,0,0,39,2,780,9964.716487179467,223.36099999938597,90496.03579999984,170.87179487179486
1788769095,150,,Aggregated,0.000000,0.000000,0,0,0,0,0,0,0,0,0,0,0,9894,108,6,1079.3286140792397,1.6521999996257364,91237.06889999994,23729.771780877298
1788769096,150,GET,GET /articles (anon),0.000000,0.000000,0,0,0,0,0,0,0,0,0,0,0,6623,84,6,1116.9994790125293,1.6583000005994109,91237.06889999994,26392.23191906991
1788769096,150,GET,GET /articles (list),0.000000,0.000000,0,0,0,0,0,0,0,0,0,0,0,2261,17,6,911.3875477664621,1.6889999997147243,90749.61710000025,25377.919062361787
1788769096,150,GET,GET /articles/{id} (detail),0.000000,0.000000,0,0,0,0,0,0,0,0,0,0,0,971,5,6,856.5587741503474,1.6521999996257364,90797.59279999962,2678.136972193615
1788769096,150,POST,[setup] POST /auth/login,0.000000,0.000000,0,0,0,0,0,0,0,0,0,0,0,39,2,780,9964.716487179467,223.36099999938597,90496.03579999984,170.87179487179486
1788769096,150,,Aggregated,0.000000,0.000000,0,0,0,0,0,0,0,0,0,0,0,9894,108,6,1079.3286140792397,1.6521999996257364,91237.06889999994,23729.771780877298
1788769097,150,GET,GET /articles (anon),0.000000,0.000000,0,0,0,0,0,0,0,0,0,0,0,6623,84,6,1116.9994790125293,1.6583000005994109,91237.06889999994,26392.23191906991
1788769097,150,GET,GET /articles (list),0.000000,0.000000,0,0,0,0,0,0,0,0,0,0,0,2261,17,6,911.3875477664621,1.6889999997147243,90749.61710000025,25377.919062361787
1788769097,150,GET,GET /articles/{id} (detail),0.000000,0.000000,0,0,0,0,0,0,0,0,0,0,0,971,5,6,856.5587741503474,1.6521999996257364,90797.59279999962,2678.136972193615
1788769097,150,POST,[setup] POST /auth/login,0.000000,0.000000,0,0,0,0,0,0,0,0,0,0,0,39,2,780,9964.716487179467,223.36099999938597,90496.03579999984,170.87179487179486
1788769097,150,,Aggregated,0.000000,0.000000,0,0,0,0,0,0,0,0,0,0,0,9894,108,6,1079.3286140792397,1.6521999996257364,91237.06889999994,23729.771780877298
1788769098,150,GET,GET /articles (anon),0.000000,0.000000,0,0,0,0,0,0,0,0,0,0,0,6623,84,6,1116.9994790125293,1.6583000005994109,91237.06889999994,26392.23191906991
1788769098,150,GET,GET /articles (list),0.000000,0.000000,0,0,0,0,0,0,0,0,0,0,0,2261,17,6,911.3875477664621,1.6889999997147243,90749.61710000025,25377.919062361787
1788769098,150,GET,GET /articles/{id} (detail),0.000000,0.000000,0,0,0,0,0,0,0,0,0,0,0,971,5,6,856.5587741503474,1.6521999996257364,90797.59279999962,2678.136972193615
1788769098,150,POST,[setup] POST /auth/login,0.000000,0.000000,0,0,0,0,0,0,0,0,0,0,0,39,2,780,9964.716487179467,223.36099999938597,90496.03579999984,170.87179487179486
1788769098,150,,Aggregated,0.000000,0.000000,0,0,0,0,0,0,0,0,0,0,0,9894,108,6,1079.3286140792397,1.6521999996257364,91237.06889999994,23729.771780877298
1788769099,150,GET,GET /articles (anon),0.000000,0.000000,0,0,0,0,0,0,0,0,0,0,0,6623,84,6,1116.9994790125293,1.6583000005994109,91237.06889999994,26392.23191906991
1788769099,150,GET,GET /articles (list),0.000000,0.000000,0,0,0,0,0,0,0,0,0,0,0,2261,17,6,911.3875477664621,1.6889999997147243,90749.61710000025,25377.919062361787
1788769099,150,GET,GET /articles/{id} (detail),0.000000,0.000000,0,0,0,0,0,0,0,0,0,0,0,971,5,6,856.5587741503474,1.6521999996257364,90797.59279999962,2678.136972193615
1788769099,150,POST,[setup] POST /auth/login,0.000000,0.000000,0,0,0,0,0,0,0,0,0,0,0,39,2,780,9964.716487179467,223.36099999938597,90496.03579999984,170.87179487179486
1788769099,150,,Aggregated,0.000000,0.000000,0,0,0,0,0,0,0,0,0,0,0,9894,108,6,1079.3286140792397,1.6521999996257364,91237.06889999994,23729.771780877298
1788769100,150,GET,GET /articles (anon),0.000000,0.000000,0,0,0,0,0,0,0,0,0,0,0,6623,84,6,1116.9994790125293,1.6583000005994109,91237.06889999994,26392.23191906991
1788769100,150,GET,GET /articles (list),0.000000,0.000000,0,0,0,0,0,0,0,0,0,0,0,2261,17,6,911.3875477664621,1.6889999997147243,90749.61710000025,25377.919062361787
1788769100,150,GET,GET /articles/{id} (detail),0.000000,0.000000,0,0,0,0,0,0,0,0,0,0,0,971,5,6,856.5587741503474,1.6521999996257364,90797.59279999962,2678.136972193615
1788769100,150,POST,[setup] POST /auth/login,0.000000,0.000000,0,0,0,0,0,0,0,0,0,0,0,39,2,780,9964.716487179467,223.36099999938597,90496.03579999984,170.87179487179486
1788769100,150,,Aggregated,0.000000,0.000000,0,0,0,0,0,0,0,0,0,0,0,9894,108,6,1079.3286140792397,1.6521999996257364,91237.06889999994,23729.771780877298
1788769101,150,GET,GET /articles (anon),0.000000,0.000000,0,0,0,0,0,0,0,0,0,0,0,6623,84,6,1116.9994790125293,1.6583000005994109,91237.06889999994,26392.23191906991
1788769101,150,GET,GET /articles (list),0.000000,0.000000,0,0,0,0,0,0,0,0,0,0,0,2261,17,6,911.3875477664621,1.6889999997147243,90749.61710000025,25377.919062361787
1788769101,150,GET,GET /articles/{id} (detail),0.000000,0.000000,0,0,0,0,0,0,0,0,0,0,0,971,5,6,856.5587741503474,1.6521999996257364,90797.59279999962,2678.136972193615
1788769101,150,POST,[setup] POST /auth/login,0.000000,0.000000,0,0,0,0,0,0,0,0,0,0,0,39,2,780,9964.716487179467,223.36099999938597,90496.03579999984,170.87179487179486
1788769101,150,,Aggregated,0.000000,0.000000,0,0,0,0,0,0,0,0,0,0,0,9894,108,6,1079.3286140792397,1.6521999996257364,91237.06889999994,23729.771780877298
1788769102,160,GET,GET /articles (anon),0.000000,0.000000,0,0,0,0,0,0,0,0,0,0,0,6623,84,6,1116.9994790125293,1.6583000005994109,91237.06889999994,26392.23191906991
1788769102,160,GET,GET /articles (list),0.000000,0.000000,0,0,0,0,0,0,0,0,0,0,0,2261,17,6,911.3875477664621,1.6889999997147243,90749.61710000025,25377.919062361787
1788769102,160,GET,GET /articles/{id} (detail),0.000000,0.000000,0,0,0,0,0,0,0,0,0,0,0,971,5,6,856.5587741503474,1.6521999996257364,90797.59279999962,2678.136972193615
1788769102,160,POST,[setup] POST /auth/login,0.000000,0.000000,0,0,0,0,0,0,0,0,0,0,0,39,2,780,9964.716487179467,223.36099999938597,90496.03579999984,170.87179487179486
1788769102,160,,Aggregated,0.000000,0.000000,0,0,0,0,0,0,0,0,0,0,0,9894,108,6,1079.3286140792397,1.6521999996257364,91237.06889999994,23729.771780877298
1788769103,170,GET,GET /articles (anon),0.000000,0.000000,0,0,0,0,0,0,0,0,0,0,0,6623,84,6,1116.9994790125293,1.6583000005994109,91237.06889999994,26392.23191906991
1788769103,170,GET,GET /articles (list),0.000000,0.000000,0,0,0,0,0,0,0,0,0,0,0,2261,17,6,911.3875477664621,1.6889999997147243,90749.61710000025,25377.919062361787
1788769103,170,GET,GET /articles/{id} (detail),0.000000,0.000000,0,0,0,0,0,0,0,0,0,0,0,971,5,6,856.5587741503474,1.6521999996257364,90797.59279999962,2678.136972193615
1788769103,170,POST,[setup] POST /auth/login,0.000000,0.000000,0,0,0,0,0,0,0,0,0,0,0,39,2,780,9964.716487179467,223.36099999938597,90496.03579999984,170.87179487179486
1788769103,170,,Aggregated,0.000000,0.000000,0,0,0,0,0,0,0,0,0,0,0,9894,108,6,1079.3286140792397,1.6521999996257364,91237.06889999994,23729.771780877298
1788769104,180,GET,GET /articles (anon),0.000000,0.000000,0,0,0,0,0,0,0,0,0,0,0,6634,90,6,1316.1914623756384,1.6583000005994109,121814.54399999985,26368.636267711787
1788769104,180,GET,GET /articles (list),0.000000,0.000000,0,0,0,0,0,0,0,0,0,0,0,2270,24,6,1387.8386177532916,1.6889999997147243,121721.31549999994,25298.917621145374
1788769104,180,GET,GET /articles/{id} (detail),0.000000,0.000000,0,0,0,0,0,0,0,0,0,0,0,973,6,6,1104.0455598149917,1.6521999996257364,121698.48679999996,2674.6526207605343
1788769104,180,POST,[setup] POST /auth/login,0.000000,0.000000,0,0,0,0,0,0,0,0,0,0,0,39,2,780,9964.716487179467,223.36099999938597,90496.03579999984,170.87179487179486
1788769104,180,,Aggregated,0.000000,0.000000,0,0,0,0,0,0,0,0,0,0,0,9916,122,6,1345.7914578862442,1.6521999996257364,121814.54399999985,23695.762101653894
1788769105,190,GET,GET /articles (anon),0.000000,0.000000,122000,122000,122000,122000,123000,123000,123000,123000,123000,123000,123000,6646,98,6,1479.6337207794143,1.6583000005994109,122730.20489999998,26337.129401143546
1788769105,190,GET,GET /articles (list),0.000000,0.000000,121000,122000,122000,122000,123000,123000,123000,123000,123000,123000,123000,2278,30,6,1651.8337496488023,1.6889999997147243,122715.90860000014,25231.574626865673
1788769105,190,GET,GET /articles/{id} (detail),0.000000,0.000000,122000,122000,122000,122000,122000,122000,122000,122000,122000,122000,122000,974,7,6,1228.3163054414654,1.6521999996257364,122143.75180000025,2671.928131416838
1788769105,190,POST,[setup] POST /auth/login,0.000000,0.000000,0,0,0,0,0,0,0,0,0,0,0,43,2,900,20300.545539534873,223.36099999938597,121789.17420000015,171.53488372093022
1788769105,190,,Aggregated,0.000000,0.000000,122000,122000,122000,122000,123000,123000,123000,123000,123000,123000,123000,9941,137,6,1575.8803470174028,1.6521999996257364,122730.20489999998,23651.93873855749
1788769106,200,GET,GET /articles (anon),0.000000,0.000000,122000,122000,122000,122000,123000,123000,123000,123000,123000,123000,123000,6646,98,6,1479.6337207794143,1.6583000005994109,122730.20489999998,26337.129401143546
1788769106,200,GET,GET /articles (list),0.000000,0.000000,121000,122000,122000,122000,123000,123000,123000,123000,123000,123000,123000,2278,30,6,1651.8337496488023,1.6889999997147243,122715.90860000014,25231.574626865673
1788769106,200,GET,GET /articles/{id} (detail),0.000000,0.000000,122000,122000,122000,122000,122000,122000,122000,122000,122000,122000,122000,974,7,6,1228.3163054414654,1.6521999996257364,122143.75180000025,2671.928131416838
1788769106,200,POST,[setup] POST /auth/login,0.000000,0.000000,121000,121000,122000,122000,122000,122000,122000,122000,122000,122000,122000,43,2,900,20300.545539534873,223.36099999938597,121789.17420000015,171.53488372093022
1788769106,200,,Aggregated,0.000000,0.000000,122000,122000,122000,122000,123000,123000,123000,123000,123000,123000,123000,9941,137,6,1575.8803470174028,1.6521999996257364,122730.20489999998,23651.93873855749
1788769107,200,GET,GET /articles (anon),0.000000,0.000000,122000,122000,122000,122000,123000,123000,123000,123000,123000,123000,123000,6646,98,6,1479.6337207794143,1.6583000005994109,122730.20489999998,26337.129401143546
1788769107,200,GET,GET /articles (list),0.000000,0.000000,121000,122000,122000,122000,123000,123000,123000,123000,123000,123000,123000,2278,30,6,1651.8337496488023,1.6889999997147243,122715.90860000014,25231.574626865673
1788769107,200,GET,GET /articles/{id} (detail),0.000000,0.000000,122000,122000,122000,122000,122000,122000,122000,122000,122000,122000,122000,974,7,6,1228.3163054414654,1.6521999996257364,122143.75180000025,2671.928131416838
1788769107,200,POST,[setup] POST /auth/login,0.000000,0.000000,121000,121000,122000,122000,122000,122000,122000,122000,122000,122000,122000,43,2,900,20300.545539534873,223.36099999938597,121789.17420000015,171.53488372093022
1788769107,200,,Aggregated,0.000000,0.000000,122000,122000,122000,122000,123000,123000,123000,123000,123000,123000,123000,9941,137,6,1575.8803470174028,1.6521999996257364,122730.20489999998,23651.93873855749
1788769108,200,GET,GET /articles (anon),0.000000,0.000000,122000,122000,122000,122000,123000,123000,123000,123000,123000,123000,123000,6646,98,6,1479.6337207794143,1.6583000005994109,122730.20489999998,26337.129401143546
1788769108,200,GET,GET /articles (list),0.000000,0.000000,121000,122000,122000,122000,123000,123000,123000,123000,123000,123000,123000,2278,30,6,1651.8337496488023,1.6889999997147243,122715.90860000014,25231.574626865673
1788769108,200,GET,GET /articles/{id} (detail),0.000000,0.000000,122000,122000,122000,122000,122000,122000,122000,122000,122000,122000,122000,974,7,6,1228.3163054414654,1.6521999996257364,122143.75180000025,2671.928131416838
1788769108,200,POST,[setup] POST /auth/login,0.000000,0.000000,121000,121000,122000,122000,122000,122000,122000,122000,122000,122000,122000,43,2,900,20300.545539534873,223.36099999938597,121789.17420000015,171.53488372093022
1788769108,200,,Aggregated,0.000000,0.000000,122000,122000,122000,122000,123000,123000,123000,123000,123000,123000,123000,9941,137,6,1575.8803470174028,1.6521999996257364,122730.20489999998,23651.93873855749
1788769109,200,GET,GET /articles (anon),0.000000,0.000000,122000,122000,122000,122000,123000,123000,123000,123000,123000,123000,123000,6646,98,6,1479.6337207794143,1.6583000005994109,122730.20489999998,26337.129401143546
1788769109,200,GET,GET /articles (list),0.000000,0.000000,121000,122000,122000,122000,123000,123000,123000,123000,123000,123000,123000,2278,30,6,1651.8337496488023,1.6889999997147243,122715.90860000014,25231.574626865673
1788769109,200,GET,GET /articles/{id} (detail),0.000000,0.000000,122000,122000,122000,122000,122000,122000,122000,122000,122000,122000,122000,974,7,6,1228.3163054414654,1.6521999996257364,122143.75180000025,2671.928131416838
1788769109,200,POST,[setup] POST /auth/login,0.000000,0.000000,121000,121000,122000,122000,122000,122000,122000,122000,122000,122000,122000,43,2,900,20300.545539534873,223.36099999938597,121789.17420000015,171.53488372093022
1788769109,200,,Aggregated,0.000000,0.000000,122000,122000,122000,122000,123000,123000,123000,123000,123000,123000,123000,9941,137,6,1575.8803470174028,1.6521999996257364,122730.20489999998,23651.93873855749
1788769110,200,GET,GET /articles (anon),0.000000,0.000000,122000,122000,122000,122000,123000,123000,123000,123000,123000,123000,123000,6646,98,6,1479.6337207794143,1.6583000005994109,122730.20489999998,26337.129401143546
1788769110,200,GET,GET /articles (list),0.000000,0.000000,121000,122000,122000,122000,123000,123000,123000,123000,123000,123000,123000,2278,30,6,1651.8337496488023,1.6889999997147243,122715.90860000014,25231.574626865673
1788769110,200,GET,GET /articles/{id} (detail),0.000000,0.000000,122000,122000,122000,122000,122000,122000,122000,122000,122000,122000,122000,974,7,6,1228.3163054414654,1.6521999996257364,122143.75180000025,2671.928131416838
1788769110,200,POST,[setup] POST /auth/login,0.000000,0.000000,121000,121000,122000,122000,122000,122000,122000,122000,122000,122000,122000,43,2,900,20300.545539534873,223.36099999938597,121789.17420000015,171.53488372093022
1788769110,200,,Aggregated,0.000000,0.000000,122000,122000,122000,122000,123000,123000,123000,123000,123000,123000,123000,9941,137,6,1575.8803470174028,1.6521999996257364,122730.20489999998,23651.93873855749
1788769111,200,GET,GET /articles (anon),0.000000,0.000000,122000,122000,122000,122000,123000,123000,123000,123000,123000,123000,123000,6646,98,6,1479.6337207794143,1.6583000005994109,122730.20489999998,26337.129401143546
1788769111,200,GET,GET /articles (list),0.000000,0.000000,121000,122000,122000,122000,123000,123000,123000,123000,123000,123000,123000,2278,30,6,1651.8337496488023,1.6889999997147243,122715.90860000014,25231.574626865673
1788769111,200,GET,GET /articles/{id} (detail),0.000000,0.000000,122000,122000,122000,122000,122000,122000,122000,122000,122000,122000,122000,974,7,6,1228.3163054414654,1.6521999996257364,122143.75180000025,2671.928131416838
1788769111,200,POST,[setup] POST /auth/login,0.000000,0.000000,121000,121000,122000,122000,122000,122000,122000,122000,122000,122000,122000,43,2,900,20300.545539534873,223.36099999938597,121789.17420000015,171.53488372093022
1788769111,200,,Aggregated,0.000000,0.000000,122000,122000,122000,122000,123000,123000,123000,123000,123000,123000,123000,9941,137,6,1575.8803470174028,1.6521999996257364,122730.20489999998,23651.93873855749
1788769112,200,GET,GET /articles (anon),0.000000,0.000000,122000,122000,122000,122000,123000,123000,123000,123000,123000,123000,123000,6646,98,6,1479.6337207794143,1.6583000005994109,122730.20489999998,26337.129401143546
1788769112,200,GET,GET /articles (list),0.000000,0.000000,121000,122000,122000,122000,123000,123000,123000,123000,123000,123000,123000,2278,30,6,1651.8337496488023,1.6889999997147243,122715.90860000014,25231.574626865673
1788769112,200,GET,GET /articles/{id} (detail),0.000000,0.000000,122000,122000,122000,122000,122000,122000,122000,122000,122000,122000,122000,974,7,6,1228.3163054414654,1.6521999996257364,122143.75180000025,2671.928131416838
1788769112,200,POST,[setup] POST /auth/login,0.000000,0.000000,121000,121000,122000,122000,122000,122000,122000,122000,122000,122000,122000,43,2,900,20300.545539534873,223.36099999938597,121789.17420000015,171.53488372093022
1788769112,200,,Aggregated,0.000000,0.000000,122000,122000,122000,122000,123000,123000,123000,123000,123000,123000,123000,9941,137,6,1575.8803470174028,1.6521999996257364,122730.20489999998,23651.93873855749
1788769113,200,GET,GET /articles (anon),0.000000,0.000000,122000,122000,122000,122000,123000,123000,123000,123000,123000,123000,123000,6646,98,6,1479.6337207794143,1.6583000005994109,122730.20489999998,26337.129401143546
1788769113,200,GET,GET /articles (list),0.000000,0.000000,121000,122000,122000,122000,123000,123000,123000,123000,123000,123000,123000,2278,30,6,1651.8337496488023,1.6889999997147243,122715.90860000014,25231.574626865673
1788769113,200,GET,GET /articles/{id} (detail),0.000000,0.000000,122000,122000,122000,122000,122000,122000,122000,122000,122000,122000,122000,974,7,6,1228.3163054414654,1.6521999996257364,122143.75180000025,2671.928131416838
1788769113,200,POST,[setup] POST /auth/login,0.000000,0.000000,121000,121000,122000,122000,122000,122000,122000,122000,122000,122000,122000,43,2,900,20300.545539534873,223.36099999938597,121789.17420000015,171.53488372093022
1788769113,200,,Aggregated,0.000000,0.000000,122000,122000,122000,122000,123000,123000,123000,123000,123000,123000,123000,9941,137,6,1575.8803470174028,1.6521999996257364,122730.20489999998,23651.93873855749
1788769114,200,GET,GET /articles (anon),0.000000,0.000000,122000,122000,123000,123000,123000,123000,123000,123000,123000,123000,123000,6646,98,6,1479.6337207794143,1.6583000005994109,122730.20489999998,26337.129401143546
1788769114,200,GET,GET /articles (list),0.000000,0.000000,122000,122000,123000,123000,123000,123000,123000,123000,123000,123000,123000,2278,30,6,1651.8337496488023,1.6889999997147243,122715.90860000014,25231.574626865673
1788769114,200,GET,GET /articles/{id} (detail),0.000000,0.000000,122000,122000,122000,122000,122000,122000,122000,122000,122000,122000,122000,974,7,6,1228.3163054414654,1.6521999996257364,122143.75180000025,2671.928131416838
1788769114,200,POST,[setup] POST /auth/login,0.000000,0.000000,121000,121000,122000,122000,122000,122000,122000,122000,122000,122000,122000,43,2,900,20300.545539534873,223.36099999938597,121789.17420000015,171.53488372093022
1788769114,200,,Aggregated,0.000000,0.000000,122000,122000,122000,123000,123000,123000,123000,123000,123000,123000,123000,9941,137,6,1575.8803470174028,1.6521999996257364,122730.20489999998,23651.93873855749
1788769115,200,GET,GET /articles (anon),0.000000,0.000000,122000,122000,123000,123000,123000,123000,123000,123000,123000,123000,123000,6646,98,6,1479.6337207794143,1.6583000005994109,122730.20489999998,26337.129401143546
1788769115,200,GET,GET /articles (list),0.000000,0.000000,122000,122000,123000,123000,123000,123000,123000,123000,123000,123000,123000,2278,30,6,1651.8337496488023,1.6889999997147243,122715.90860000014,25231.574626865673
1788769115,200,GET,GET /articles/{id} (detail),0.000000,0.000000,122000,122000,122000,122000,122000,122000,122000,122000,122000,122000,122000,974,7,6,1228.3163054414654,1.6521999996257364,122143.75180000025,2671.928131416838
1788769115,200,POST,[setup] POST /auth/login,0.000000,0.000000,121000,121000,122000,122000,122000,122000,122000,122000,122000,122000,122000,43,2,900,20300.545539534873,223.36099999938597,121789.17420000015,171.53488372093022
1788769115,200,,Aggregated,0.000000,0.000000,122000,122000,122000,123000,123000,123000,123000,123000,123000,123000,123000,9941,137,6,1575.8803470174028,1.6521999996257364,122730.20489999998,23651.93873855749
1788769116,200,GET,GET /articles (anon),0.000000,0.000000,122000,122000,123000,123000,123000,123000,123000,123000,123000,123000,123000,6646,98,6,1479.6337207794143,1.6583000005994109,122730.20489999998,26337.129401143546
1788769116,200,GET,GET /articles (list),0.000000,0.000000,122000,122000,123000,123000,123000,123000,123000,123000,123000,123000,123000,2278,30,6,1651.8337496488023,1.6889999997147243,122715.90860000014,25231.574626865673
1788769116,200,GET,GET /articles/{id} (detail),0.000000,0.000000,122000,122000,122000,122000,122000,122000,122000,122000,122000,122000,122000,974,7,6,1228.3163054414654,1.6521999996257364,122143.75180000025,2671.928131416838
1788769116,200,POST,[setup] POST /auth/login,0.000000,0.000000,121000,121000,122000,122000,122000,122000,122000,122000,122000,122000,122000,43,2,900,20300.545539534873,223.36099999938597,121789.17420000015,171.53488372093022
1788769116,200,,Aggregated,0.000000,0.000000,122000,122000,122000,123000,123000,123000,123000,123000,123000,123000,123000,9941,137,6,1575.8803470174028,1.6521999996257364,122730.20489999998,23651.93873855749
1788769117,200,GET,GET /articles (anon),0.000000,0.000000,122000,122000,123000,123000,123000,123000,123000,123000,123000,123000,123000,6646,98,6,1479.6337207794143,1.6583000005994109,122730.20489999998,26337.129401143546
1788769117,200,GET,GET /articles (list),0.000000,0.000000,122000,122000,123000,123000,123000,123000,123000,123000,123000,123000,123000,2278,30,6,1651.8337496488023,1.6889999997147243,122715.90860000014,25231.574626865673
1788769117,200,GET,GET /articles/{id} (detail),0.000000,0.000000,122000,122000,122000,122000,122000,122000,122000,122000,122000,122000,122000,974,7,6,1228.3163054414654,1.6521999996257364,122143.75180000025,2671.928131416838
1788769117,200,POST,[setup] POST /auth/login,0.000000,0.000000,121000,121000,122000,122000,122000,122000,122000,122000,122000,122000,122000,43,2,900,20300.545539534873,223.36099999938597,121789.17420000015,171.53488372093022
1788769117,200,,Aggregated,0.000000,0.000000,122000,122000,122000,123000,123000,123000,123000,123000,123000,123000,123000,9941,137,6,1575.8803470174028,1.6521999996257364,122730.20489999998,23651.93873855749
1788769118,200,GET,GET /articles (anon),0.000000,0.000000,122000,122000,123000,123000,123000,123000,123000,123000,123000,123000,123000,6646,98,6,1479.6337207794143,1.6583000005994109,122730.20489999998,26337.129401143546
1788769118,200,GET,GET /articles (list),0.000000,0.000000,122000,122000,123000,123000,123000,123000,123000,123000,123000,123000,123000,2278,30,6,1651.8337496488023,1.6889999997147243,122715.90860000014,25231.574626865673
1788769118,200,GET,GET /articles/{id} (detail),0.000000,0.000000,122000,122000,122000,122000,122000,122000,122000,122000,122000,122000,122000,974,7,6,1228.3163054414654,1.6521999996257364,122143.75180000025,2671.928131416838
1788769118,200,POST,[setup] POST /auth/login,0.000000,0.000000,121000,121000,122000,122000,122000,122000,122000,122000,122000,122000,122000,43,2,900,20300.545539534873,223.36099999938597,121789.17420000015,171.53488372093022
1788769118,200,,Aggregated,0.000000,0.000000,122000,122000,122000,123000,123000,123000,123000,123000,123000,123000,123000,9941,137,6,1575.8803470174028,1.6521999996257364,122730.20489999998,23651.93873855749
1788769119,200,GET,GET /articles (anon),0.000000,0.000000,122000,122000,123000,123000,123000,123000,123000,123000,123000,123000,123000,6646,98,6,1479.6337207794143,1.6583000005994109,122730.20489999998,26337.129401143546
1788769119,200,GET,GET /articles (list),0.000000,0.000000,122000,122000,123000,123000,123000,123000,123000,123000,123000,123000,123000,2278,30,6,1651.8337496488023,1.6889999997147243,122715.90860000014,25231.574626865673
1788769119,200,GET,GET /articles/{id} (detail),0.000000,0.000000,122000,122000,122000,122000,122000,122000,122000,122000,122000,122000,122000,974,7,6,1228.3163054414654,1.6521999996257364,122143.75180000025,2671.928131416838
1788769119,200,POST,[setup] POST /auth/login,0.000000,0.000000,121000,121000,122000,122000,122000,122000,122000,122000,122000,122000,122000,43,2,900,20300.545539534873,223.36099999938597,121789.17420000015,171.53488372093022
1788769119,200,,Aggregated,0.000000,0.000000,122000,122000,122000,123000,123000,123000,123000,123000,123000,123000,123000,9941,137,6,1575.8803470174028,1.6521999996257364,122730.20489999998,23651.93873855749
1788769120,200,GET,GET /articles (anon),0.000000,0.000000,122000,122000,123000,123000,123000,123000,123000,123000,123000,123000,123000,6646,98,6,1479.6337207794143,1.6583000005994109,122730.20489999998,26337.129401143546
1788769120,200,GET,GET /articles (list),0.000000,0.000000,122000,122000,123000,123000,123000,123000,123000,123000,123000,123000,123000,2278,30,6,1651.8337496488023,1.6889999997147243,122715.90860000014,25231.574626865673
1788769120,200,GET,GET /articles/{id} (detail),0.000000,0.000000,122000,122000,122000,122000,122000,122000,122000,122000,122000,122000,122000,974,7,6,1228.3163054414654,1.6521999996257364,122143.75180000025,2671.928131416838
1788769120,200,POST,[setup] POST /auth/login,0.000000,0.000000,121000,121000,122000,122000,122000,122000,122000,122000,122000,122000,122000,43,2,900,20300.545539534873,223.36099999938597,121789.17420000015,171.53488372093022
1788769120,200,,Aggregated,0.000000,0.000000,122000,122000,122000,123000,123000,123000,123000,123000,123000,123000,123000,9941,137,6,1575.8803470174028,1.6521999996257364,122730.20489999998,23651.93873855749
1788769121,200,GET,GET /articles (anon),0.000000,0.000000,122000,122000,123000,123000,123000,123000,123000,123000,123000,123000,123000,6646,98,6,1479.6337207794143,1.6583000005994109,122730.20489999998,26337.129401143546
1788769121,200,GET,GET /articles (list),0.000000,0.000000,122000,122000,123000,123000,123000,123000,123000,123000,123000,123000,123000,2278,30,6,1651.8337496488023,1.6889999997147243,122715.90860000014,25231.574626865673
1788769121,200,GET,GET /articles/{id} (detail),0.000000,0.000000,122000,122000,122000,122000,122000,122000,122000,122000,122000,122000,122000,974,7,6,1228.3163054414654,1.6521999996257364,122143.75180000025,2671.928131416838
1788769121,200,POST,[setup] POST /auth/login,0.000000,0.000000,121000,121000,122000,122000,122000,122000,122000,122000,122000,122000,122000,43,2,900,20300.545539534873,223.36099999938597,121789.17420000015,171.53488372093022
1788769121,200,,Aggregated,0.000000,0.000000,122000,122000,122000,123000,123000,123000,123000,123000,123000,123000,123000,9941,137,6,1575.8803470174028,1.6521999996257364,122730.20489999998,23651.93873855749
1788769122,200,GET,GET /articles (anon),0.000000,0.000000,122000,122000,123000,123000,123000,123000,123000,123000,123000,123000,123000,6646,98,6,1479.6337207794143,1.6583000005994109,122730.20489999998,26337.129401143546
1788769122,200,GET,GET /articles (list),0.000000,0.000000,122000,122000,123000,123000,123000,123000,123000,123000,123000,123000,123000,2278,30,6,1651.8337496488023,1.6889999997147243,122715.90860000014,25231.574626865673
1788769122,200,GET,GET /articles/{id} (detail),0.000000,0.000000,122000,122000,122000,122000,122000,122000,122000,122000,122000,122000,122000,974,7,6,1228.3163054414654,1.6521999996257364,122143.75180000025,2671.928131416838
1788769122,200,POST,[setup] POST /auth/login,0.000000,0.000000,121000,121000,122000,122000,122000,122000,122000,122000,122000,122000,122000,43,2,900,20300.545539534873,223.36099999938597,121789.17420000015,171.53488372093022
1788769122,200,,Aggregated,0.000000,0.000000,122000,122000,122000,123000,123000,123000,123000,123000,123000,123000,123000,9941,137,6,1575.8803470174028,1.6521999996257364,122730.20489999998,23651.93873855749
1788769123,200,GET,GET /articles (anon),0.000000,0.000000,0,0,0,0,0,0,0,0,0,0,0,6646,98,6,1479.6337207794143,1.6583000005994109,122730.20489999998,26337.129401143546
1788769123,200,GET,GET /articles (list),0.000000,0.000000,0,0,0,0,0,0,0,0,0,0,0,2278,30,6,1651.8337496488023,1.6889999997147243,122715.90860000014,25231.574626865673
1788769123,200,GET,GET /articles/{id} (detail),0.000000,0.000000,0,0,0,0,0,0,0,0,0,0,0,974,7,6,1228.3163054414654,1.6521999996257364,122143.75180000025,2671.928131416838
1788769123,200,POST,[setup] POST /auth/login,0.000000,0.000000,0,0,0,0,0,0,0,0,0,0,0,43,2,900,20300.545539534873,223.36099999938597,121789.17420000015,171.53488372093022
1788769123,200,,Aggregated,0.000000,0.000000,0,0,0,0,0,0,0,0,0,0,0,9941,137,6,1575.8803470174028,1.6521999996257364,122730.20489999998,23651.93873855749
1788769124,200,GET,GET /articles (anon),0.000000,0.000000,0,0,0,0,0,0,0,0,0,0,0,6646,98,6,1479.6337207794143,1.6583000005994109,122730.20489999998,26337.129401143546
1788769124,200,GET,GET /articles (list),0.000000,0.000000,0,0,0,0,0,0,0,0,0,0,0,2278,30,6,1651.8337496488023,1.6889999997147243,122715.90860000014,25231.574626865673
1788769124,200,GET,GET /articles/{id} (detail),0.000000,0.000000,0,0,0,0,0,0,0,0,0,0,0,974,7,6,1228.3163054414654,1.6521999996257364,122143.75180000025,2671.928131416838
1788769124,200,POST,[setup] POST /auth/login,0.000000,0.000000,0,0,0,0,0,0,0,0,0,0,0,43,2,900,20300.545539534873,223.36099999938597,121789.17420000015,171.53488372093022
1788769124,200,,Aggregated,0.000000,0.000000,0,0,0,0,0,0,0,0,0,0,0,9941,137,6,1575.8803470174028,1.6521999996257364,122730.20489999998,23651.93873855749
1788769125,200,GET,GET /articles (anon),0.000000,0.000000,0,0,0,0,0,0,0,0,0,0,0,6646,98,6,1479.6337207794143,1.6583000005994109,122730.20489999998,26337.129401143546
1788769125,200,GET,GET /articles (list),0.000000,0.000000,0,0,0,0,0,0,0,0,0,0,0,2278,30,6,1651.8337496488023,1.6889999997147243,122715.90860000014,25231.574626865673
1788769125,200,GET,GET /articles/{id} (detail),0.000000,0.000000,0,0,0,0,0,0,0,0,0,0,0,974,7,6,1228.3163054414654,1.6521999996257364,122143.75180000025,2671.928131416838
1788769125,200,POST,[setup] POST /auth/login,0.000000,0.000000,0,0,0,0,0,0,0,0,0,0,0,43,2,900,20300.545539534873,223.36099999938597,121789.17420000015,171.53488372093022
1788769125,200,,Aggregated,0.000000,0.000000,0,0,0,0,0,0,0,0,0,0,0,9941,137,6,1575.8803470174028,1.6521999996257364,122730.20489999998,23651.93873855749
1788769126,200,GET,GET /articles (anon),0.000000,0.000000,0,0,0,0,0,0,0,0,0,0,0,6646,98,6,1479.6337207794143,1.6583000005994109,122730.20489999998,26337.129401143546
1788769126,200,GET,GET /articles (list),0.000000,0.000000,0,0,0,0,0,0,0,0,0,0,0,2278,30,6,1651.8337496488023,1.6889999997147243,122715.90860000014,25231.574626865673
1788769126,200,GET,GET /articles/{id} (detail),0.000000,0.000000,0,0,0,0,0,0,0,0,0,0,0,974,7,6,1228.3163054414654,1.6521999996257364,122143.75180000025,2671.928131416838
1788769126,200,POST,[setup] POST /auth/login,0.000000,0.000000,0,0,0,0,0,0,0,0,0,0,0,43,2,900,20300.545539534873,223.36099999938597,121789.17420000015,171.53488372093022
1788769126,200,,Aggregated,0.000000,0.000000,0,0,0,0,0,0,0,0,0,0,0,9941,137,6,1575.8803470174028,1.6521999996257364,122730.20489999998,23651.93873855749
1788769127,200,GET,GET /articles (anon),0.000000,0.000000,0,0,0,0,0,0,0,0,0,0,0,6646,98,6,1479.6337207794143,1.6583000005994109,122730.20489999998,26337.129401143546
1788769127,200,GET,GET /articles (list),0.000000,0.000000,0,0,0,0,0,0,0,0,0,0,0,2278,30,6,1651.8337496488023,1.6889999997147243,122715.90860000014,25231.574626865673
1788769127,200,GET,GET /articles/{id} (detail),0.000000,0.000000,0,0,0,0,0,0,0,0,0,0,0,974,7,6,1228.3163054414654,1.6521999996257364,122143.75180000025,2671.928131416838
1788769127,200,POST,[setup] POST /auth/login,0.000000,0.000000,0,0,0,0,0,0,0,0,0,0,0,43,2,900,20300.545539534873,223.36099999938597,121789.17420000015,171.53488372093022
1788769127,200,,Aggregated,0.000000,0.000000,0,0,0,0,0,0,0,0,0,0,0,9941,137,6,1575.8803470174028,1.6521999996257364,122730.20489999998,23651.93873855749
1788769128,200,GET,GET /articles (anon),0.000000,0.000000,0,0,0,0,0,0,0,0,0,0,0,6646,98,6,1479.6337207794143,1.6583000005994109,122730.20489999998,26337.129401143546
1788769128,200,GET,GET /articles (list),0.000000,0.000000,0,0,0,0,0,0,0,0,0,0,0,2278,30,6,1651.8337496488023,1.6889999997147243,122715.90860000014,25231.574626865673
1788769128,200,GET,GET /articles/{id} (detail),0.000000,0.000000,0,0,0,0,0,0,0,0,0,0,0,974,7,6,1228.3163054414654,1.6521999996257364,122143.75180000025,2671.928131416838
1788769128,200,POST,[setup] POST /auth/login,0.000000,0.000000,0,0,0,0,0,0,0,0,0,0,0,43,2,900,20300.545539534873,223.36099999938597,121789.17420000015,171.53488372093022
1788769128,200,,Aggregated,0.000000,0.000000,0,0,0,0,0,0,0,0,0,0,0,9941,137,6,1575.8803470174028,1.6521999996257364,122730.20489999998,23651.93873855749
1788769129,200,GET,GET /articles (anon),0.000000,0.000000,0,0,0,0,0,0,0,0,0,0,0,6646,98,6,1479.6337207794143,1.6583000005994109,122730.20489999998,26337.129401143546
1788769129,200,GET,GET /articles (list),0.000000,0.000000,0,0,0,0,0,0,0,0,0,0,0,2278,30,6,1651.8337496488023,1.6889999997147243,122715.90860000014,25231.574626865673
1788769129,200,GET,GET /articles/{id} (detail),0.000000,0.000000,0,0,0,0,0,0,0,0,0,0,0,974,7,6,1228.3163054414654,1.6521999996257364,122143.75180000025,2671.928131416838
1788769129,200,POST,[setup] POST /auth/login,0.000000,0.000000,0,0,0,0,0,0,0,0,0,0,0,43,2,900,20300.545539534873,223.36099999938597,121789.17420000015,171.53488372093022
1788769129,200,,Aggregated,0.000000,0.000000,0,0,0,0,0,0,0,0,0,0,0,9941,137,6,1575.8803470174028,1.6521999996257364,122730.20489999998,23651.93873855749
1788769130,200,GET,GET /articles (anon),0.000000,0.000000,0,0,0,0,0,0,0,0,0,0,0,6646,98,6,1479.6337207794143,1.6583000005994109,122730.20489999998,26337.129401143546
1788769130,200,GET,GET /articles (list),0.000000,0.000000,0,0,0,0,0,0,0,0,0,0,0,2278,30,6,1651.8337496488023,1.6889999997147243,122715.90860000014,25231.574626865673
1788769130,200,GET,GET /articles/{id} (detail),0.000000,0.000000,0,0,0,0,0,0,0,0,0,0,0,974,7,6,1228.3163054414654,1.6521999996257364,122143.75180000025,2671.928131416838
1788769130,200,POST,[setup] POST /auth/login,0.000000,0.000000,0,0,0,0,0,0,0,0,0,0,0,43,2,900,20300.545539534873,223.36099999938597,121789.17420000015,171.53488372093022
1788769130,200,,Aggregated,0.000000,0.000000,0,0,0,0,0,0,0,0,0,0,0,9941,137,6,1575.8803470174028,1.6521999996257364,122730.20489999998,23651.93873855749
1788769131,200,GET,GET /articles (anon),0.000000,0.000000,0,0,0,0,0,0,0,0,0,0,0,6646,98,6,1479.6337207794143,1.6583000005994109,122730.20489999998,26337.129401143546
1788769131,200,GET,GET /articles (list),0.000000,0.000000,0,0,0,0,0,0,0,0,0,0,0,2278,30,6,1651.8337496488023,1.6889999997147243,122715.90860000014,25231.574626865673
1788769131,200,GET,GET /articles/{id} (detail),0.000000,0.000000,0,0,0,0,0,0,0,0,0,0,0,974,7,6,1228.3163054414654,1.6521999996257364,122143.75180000025,2671.928131416838
1788769131,200,POST,[setup] POST /auth/login,0.000000,0.000000,0,0,0,0,0,0,0,0,0,0,0,43,2,900,20300.545539534873,223.36099999938597,121789.17420000015,171.53488372093022
1788769131,200,,Aggregated,0.000000,0.000000,0,0,0,0,0,0,0,0,0,0,0,9941,137,6,1575.8803470174028,1.6521999996257364,122730.20489999998,23651.93873855749
1788769132,200,GET,GET /articles (anon),0.000000,0.000000,0,0,0,0,0,0,0,0,0,0,0,6646,98,6,1479.6337207794143,1.6583000005994109,122730.20489999998,26337.129401143546
1788769132,200,GET,GET /articles (list),0.000000,0.000000,0,0,0,0,0,0,0,0,0,0,0,2278,30,6,1651.8337496488023,1.6889999997147243,122715.90860000014,25231.574626865673
1788769132,200,GET,GET /articles/{id} (detail),0.000000,0.000000,0,0,0,0,0,0,0,0,0,0,0,974,7,6,1228.3163054414654,1.6521999996257364,122143.75180000025,2671.928131416838
1788769132,200,POST,[setup] POST /auth/login,0.000000,0.000000,0,0,0,0,0,0,0,0,0,0,0,43,2,900,20300.545539534873,223.36099999938597,121789.17420000015,171.53488372093022
1788769132,200,,Aggregated,0.000000,0.000000,0,0,0,0,0,0,0,0,0,0,0,9941,137,6,1575.8803470174028,1.6521999996257364,122730.20489999998,23651.93873855749
1788769133,200,GET,GET /articles (anon),0.000000,0.000000,0,0,0,0,0,0,0,0,0,0,0,6646,98,6,1479.6337207794143,1.6583000005994109,122730.20489999998,26337.129401143546
1788769133,200,GET,GET /articles (list),0.000000,0.000000,0,0,0,0,0,0,0,0,0,0,0,2278,30,6,1651.8337496488023,1.6889999997147243,122715.90860000014,25231.574626865673
1788769133,200,GET,GET /articles/{id} (detail),0.000000,0.000000,0,0,0,0,0,0,0,0,0,0,0,974,7,6,1228.3163054414654,1.6521999996257364,122143.75180000025,2671.928131416838
1788769133,200,POST,[setup] POST /auth/login,0.000000,0.000000,0,0,0,0,0,0,0,0,0,0,0,43,2,900,20300.545539534873,223.36099999938597,121789.17420000015,171.53488372093022
1788769133,200,,Aggregated,0.000000,0.000000,0,0,0,0,0,0,0,0,0,0,0,9941,137,6,1575.8803470174028,1.6521999996257364,122730.20489999998,23651.93873855749
1788769134,200,GET,GET /articles (anon),0.000000,0.000000,0,0,0,0,0,0,0,0,0,0,0,6646,98,6,1479.6337207794143,1.6583000005994109,122730.20489999998,26337.129401143546
1788769134,200,GET,GET /articles (list),0.000000,0.000000,0,0,0,0,0,0,0,0,0,0,0,2278,30,6,1651.8337496488023,1.6889999997147243,122715.90860000014,25231.574626865673
1788769134,200,GET,GET /articles/{id} (detail),0.000000,0.000000,0,0,0,0,0,0,0,0,0,0,0,974,7,6,1228.3163054414654,1.6521999996257364,122143.75180000025,2671.928131416838
1788769134,200,POST,[setup] POST /auth/login,0.000000,0.000000,0,0,0,0,0,0,0,0,0,0,0,43,2,900,20300.545539534873,223.36099999938597,121789.17420000015,171.53488372093022
1788769134,200,,Aggregated,0.000000,0.000000,0,0,0,0,0,0,0,0,0,0,0,9941,137,6,1575.8803470174028,1.6521999996257364,122730.20489999998,23651.93873855749
1788769135,200,GET,GET /articles (anon),0.000000,0.000000,0,0,0,0,0,0,0,0,0,0,0,6646,98,6,1479.6337207794143,1.6583000005994109,122730.20489999998,26337.129401143546
1788769135,200,GET,GET /articles (list),0.000000,0.000000,0,0,0,0,0,0,0,0,0,0,0,2278,30,6,1651.8337496488023,1.6889999997147243,122715.90860000014,25231.574626865673
1788769135,200,GET,GET /articles/{id} (detail),0.000000,0.000000,0,0,0,0,0,0,0,0,0,0,0,974,7,6,1228.3163054414654,1.6521999996257364,122143.75180000025,2671.928131416838
1788769135,200,POST,[setup] POST /auth/login,0.000000,0.000000,0,0,0,0,0,0,0,0,0,0,0,43,2,900,20300.545539534873,223.36099999938597,121789.17420000015,171.53488372093022
1788769135,200,,Aggregated,0.000000,0.000000,0,0,0,0,0,0,0,0,0,0,0,9941,137,6,1575.8803470174028,1.6521999996257364,122730.20489999998,23651.93873855749
1788769136,198,GET,GET /articles (anon),0.000000,0.000000,153000,153000,153000,153000,153000,153000,153000,153000,153000,153000,153000,6650,102,6,1570.7717333533817,1.6583000005994109,153114.09009999988,26321.30015037594
1788769136,198,GET,GET /articles (list),0.000000,0.000000,153000,153000,153000,153000,153000,153000,153000,153000,153000,153000,153000,2281,33,6,1850.5856156510176,1.6889999997147243,153098.8496,25198.417360806663
1788769136,198,GET,GET /articles/{id} (detail),0.000000,0.000000,153000,153000,153000,153000,153000,153000,153000,153000,153000,153000,153000,975,8,6,1383.9432267692177,1.6521999996257364,152964.5645999999,2669.2092307692305
1788769136,198,POST,[setup] POST /auth/login,0.000000,0.000000,153000,153000,153000,153000,153000,153000,153000,153000,153000,153000,153000,45,4,900,26179.276524444453,223.36099999938597,152573.5766000007,164.84444444444443
1788769136,198,,Aggregated,0.000000,0.000000,153000,153000,153000,153000,153000,153000,153000,153000,153000,153000,153000,9951,147,6,1727.8896498643355,1.6521999996257364,153114.09009999988,23628.191438046426
1788769137,197,GET,GET /articles (anon),0.000000,0.000000,153000,153000,153000,153000,153000,153000,154000,154000,154000,154000,154000,6670,114,6,1887.9600351574195,1.6583000005994109,153781.23180000056,26274.452623688157
1788769137,197,GET,GET /articles (list),0.000000,0.000000,153000,153000,153000,153000,153000,153000,153000,153000,153000,153000,153000,2291,43,6,2270.4175292448595,1.6889999997147243,153476.25980000067,25088.48363160192
1788769137,197,GET,GET /articles/{id} (detail),0.000000,0.000000,153000,153000,153000,153000,153000,153000,153000,153000,153000,153000,153000,980,12,6,1751.4785747959054,1.6521999996257364,153184.13549999968,2658.004081632653
1788769137,197,POST,[setup] POST /auth/login,0.000000,0.000000,151000,151000,151000,153000,153000,153000,153000,153000,153000,153000,153000,52,5,900,42976.482932692285,223.36099999938597,152573.5766000007,163.67307692307693
1788769137,197,,Aggregated,0.000000,0.000000,153000,153000,153000,153000,153000,153000,153000,154000,154000,154000,154000,9993,174,6,2176.067858480937,1.6521999996257364,153781.23180000056,23550.652456719705
1788769138,197,GET,GET /articles (anon),0.000000,0.000000,153000,153000,153000,153000,153000,153000,154000,154000,154000,154000,154000,6670,114,6,1887.9600351574195,1.6583000005994109,153781.23180000056,26274.452623688157
1788769138,197,GET,GET /articles (list),0.000000,0.000000,153000,153000,153000,153000,153000,153000,153000,153000,153000,153000,153000,2291,43,6,2270.4175292448595,1.6889999997147243,153476.25980000067,25088.48363160192
1788769138,197,GET,GET /articles/{id} (detail),0.000000,0.000000,153000,153000,153000,153000,153000,153000,153000,153000,153000,153000,153000,980,12,6,1751.4785747959054,1.6521999996257364,153184.13549999968,2658.004081632653
1788769138,197,POST,[setup] POST /auth/login,0.000000,0.000000,151000,151000,151000,153000,153000,153000,153000,153000,153000,153000,153000,52,5,900,42976.482932692285,223.36099999938597,152573.5766000007,163.67307692307693
1788769138,197,,Aggregated,0.000000,0.000000,153000,153000,153000,153000,153000,153000,153000,154000,154000,154000,154000,9993,174,6,2176.067858480937,1.6521999996257364,153781.23180000056,23550.652456719705
1788769139,197,GET,GET /articles (anon),0.000000,0.000000,153000,153000,153000,153000,153000,153000,154000,154000,154000,154000,154000,6670,114,6,1887.9600351574195,1.6583000005994109,153781.23180000056,26274.452623688157
1788769139,197,GET,GET /articles (list),0.000000,0.000000,153000,153000,153000,153000,153000,153000,153000,153000,153000,153000,153000,2291,43,6,2270.4175292448595,1.6889999997147243,153476.25980000067,25088.48363160192
1788769139,197,GET,GET /articles/{id} (detail),0.000000,0.000000,153000,153000,153000,153000,153000,153000,153000,153000,153000,153000,153000,980,12,6,1751.4785747959054,1.6521999996257364,153184.13549999968,2658.004081632653
1788769139,197,POST,[setup] POST /auth/login,0.000000,0.000000,151000,151000,151000,153000,153000,153000,153000,153000,153000,153000,153000,52,5,900,42976.482932692285,223.36099999938597,152573.5766000007,163.67307692307693
1788769139,197,,Aggregated,0.000000,0.000000,153000,153000,153000,153000,153000,153000,153000,154000,154000,154000,154000,9993,174,6,2176.067858480937,1.6521999996257364,153781.23180000056,23550.652456719705
1788769140,197,GET,GET /articles (anon),0.000000,0.000000,153000,153000,153000,153000,153000,153000,154000,154000,154000,154000,154000,6670,114,6,1887.9600351574195,1.6583000005994109,153781.23180000056,26274.452623688157
1788769140,197,GET,GET /articles (list),0.000000,0.000000,153000,153000,153000,153000,153000,153000,153000,153000,153000,153000,153000,2291,43,6,2270.4175292448595,1.6889999997147243,153476.25980000067,25088.48363160192
1788769140,197,GET,GET /articles/{id} (detail),0.000000,0.000000,153000,153000,153000,153000,153000,153000,153000,153000,153000,153000,153000,980,12,6,1751.4785747959054,1.6521999996257364,153184.13549999968,2658.004081632653
1788769140,197,POST,[setup] POST /auth/login,0.000000,0.000000,151000,151000,151000,153000,153000,153000,153000,153000,153000,153000,153000,52,5,900,42976.482932692285,223.36099999938597,152573.5766000007,163.67307692307693
1788769140,197,,Aggregated,0.000000,0.000000,153000,153000,153000,153000,153000,153000,153000,154000,154000,154000,154000,9993,174,6,2176.067858480937,1.6521999996257364,153781.23180000056,23550.652456719705
1788769141,197,GET,GET /articles (anon),0.000000,0.000000,153000,153000,153000,153000,153000,153000,154000,154000,154000,154000,154000,6670,114,6,1887.9600351574195,1.6583000005994109,153781.23180000056,26274.452623688157
1788769141,197,GET,GET /articles (list),0.000000,0.000000,153000,153000,153000,153000,153000,153000,153000,153000,153000,153000,153000,2291,43,6,2270.4175292448595,1.6889999997147243,153476.25980000067,25088.48363160192
1788769141,197,GET,GET /articles/{id} (detail),0.000000,0.000000,153000,153000,153000,153000,153000,153000,153000,153000,153000,153000,153000,980,12,6,1751.4785747959054,1.6521999996257364,153184.13549999968,2658.004081632653
1788769141,197,POST,[setup] POST /auth/login,0.000000,0.000000,151000,151000,151000,153000,153000,153000,153000,153000,153000,153000,153000,52,5,900,42976.482932692285,223.36099999938597,152573.5766000007,163.67307692307693
1788769141,197,,Aggregated,0.000000,0.000000,153000,153000,153000,153000,153000,153000,153000,154000,154000,154000,154000,9993,174,6,2176.067858480937,1.6521999996257364,153781.23180000056,23550.652456719705
1788769142,197,GET,GET /articles (anon),0.000000,0.000000,153000,153000,153000,153000,153000,153000,154000,154000,154000,154000,154000,6670,114,6,1887.9600351574195,1.6583000005994109,153781.23180000056,26274.452623688157
1788769142,197,GET,GET /articles (list),0.000000,0.000000,153000,153000,153000,153000,153000,153000,153000,153000,153000,153000,153000,2291,43,6,2270.4175292448595,1.6889999997147243,153476.25980000067,25088.48363160192
1788769142,197,GET,GET /articles/{id} (detail),0.000000,0.000000,153000,153000,153000,153000,153000,153000,153000,153000,153000,153000,153000,980,12,6,1751.4785747959054,1.6521999996257364,153184.13549999968,2658.004081632653
1788769142,197,POST,[setup] POST /auth/login,0.000000,0.000000,151000,151000,151000,153000,153000,153000,153000,153000,153000,153000,153000,52,5,900,42976.482932692285,223.36099999938597,152573.5766000007,163.67307692307693
1788769142,197,,Aggregated,0.000000,0.000000,153000,153000,153000,153000,153000,153000,153000,154000,154000,154000,154000,9993,174,6,2176.067858480937,1.6521999996257364,153781.23180000056,23550.652456719705
1788769143,197,GET,GET /articles (anon),0.000000,0.000000,153000,153000,153000,153000,153000,153000,154000,154000,154000,154000,154000,6670,114,6,1887.9600351574195,1.6583000005994109,153781.23180000056,26274.452623688157
1788769143,197,GET,GET /articles (list),0.000000,0.000000,153000,153000,153000,153000,153000,153000,153000,153000,153000,153000,153000,2291,43,6,2270.4175292448595,1.6889999997147243,153476.25980000067,25088.48363160192
1788769143,197,GET,GET /articles/{id} (detail),0.000000,0.000000,153000,153000,153000,153000,153000,153000,153000,153000,153000,153000,153000,980,12,6,1751.4785747959054,1.6521999996257364,153184.13549999968,2658.004081632653
1788769143,197,POST,[setup] POST /auth/login,0.000000,0.000000,151000,151000,151000,153000,153000,153000,153000,153000,153000,153000,153000,52,5,900,42976.482932692285,223.36099999938597,152573.5766000007,163.67307692307693
1788769143,197,,Aggregated,0.000000,0.000000,153000,153000,153000,153000,153000,153000,153000,154000,154000,154000,154000,9993,174,6,2176.067858480937,1.6521999996257364,153781.23180000056,23550.652456719705
1788769144,197,GET,GET /articles (anon),0.000000,0.000000,153000,153000,153000,153000,153000,153000,154000,154000,154000,154000,154000,6670,114,6,1887.9600351574195,1.6583000005994109,153781.23180000056,26274.452623688157
1788769144,197,GET,GET /articles (list),0.000000,0.000000,153000,153000,153000,153000,153000,153000,153000,153000,153000,153000,153000,2291,43,6,2270.4175292448595,1.6889999997147243,153476.25980000067,25088.48363160192
1788769144,197,GET,GET /articles/{id} (detail),0.000000,0.000000,153000,153000,153000,153000,153000,153000,153000,153000,153000,153000,153000,980,12,6,1751.4785747959054,1.6521999996257364,153184.13549999968,2658.004081632653
1788769144,197,POST,[setup] POST /auth/login,0.000000,0.000000,151000,151000,151000,153000,153000,153000,153000,153000,153000,153000,153000,52,5,900,42976.482932692285,223.36099999938597,152573.5766000007,163.67307692307693
1788769144,197,,Aggregated,0.000000,0.000000,153000,153000,153000,153000,153000,153000,153000,154000,154000,154000,154000,9993,174,6,2176.067858480937,1.6521999996257364,153781.23180000056,23550.652456719705
1788769145,197,GET,GET /articles (anon),0.000000,0.000000,153000,153000,153000,153000,153000,154000,154000,154000,154000,154000,154000,6670,114,6,1887.9600351574195,1.6583000005994109,153781.23180000056,26274.452623688157
1788769145,197,GET,GET /articles (list),0.000000,0.000000,153000,153000,153000,153000,153000,153000,153000,153000,153000,153000,153000,2291,43,6,2270.4175292448595,1.6889999997147243,153476.25980000067,25088.48363160192
1788769145,197,GET,GET /articles/{id} (detail),0.000000,0.000000,31000,153000,153000,153000,153000,153000,153000,153000,153000,153000,153000,980,12,6,1751.4785747959054,1.6521999996257364,153184.13549999968,2658.004081632653
1788769145,197,POST,[setup] POST /auth/login,0.000000,0.000000,151000,151000,151000,151000,151000,151000,151000,151000,151000,151000,151000,52,5,900,42976.482932692285,223.36099999938597,152573.5766000007,163.67307692307693
1788769145,197,,Aggregated,0.000000,0.000000,153000,153000,153000,153000,153000,153000,154000,154000,154000,154000,154000,9993,174,6,2176.067858480937,1.6521999996257364,153781.23180000056,23550.652456719705
1788769146,197,GET,GET /articles (anon),0.000000,0.000000,153000,153000,153000,153000,153000,154000,154000,154000,154000,154000,154000,6670,114,6,1887.9600351574195,1.6583000005994109,153781.23180000056,26274.452623688157
1788769146,197,GET,GET /articles (list),0.000000,0.000000,153000,153000,153000,153000,153000,153000,153000,153000,153000,153000,153000,2291,43,6,2270.4175292448595,1.6889999997147243,153476.25980000067,25088.48363160192
1788769146,197,GET,GET /articles/{id} (detail),0.000000,0.000000,31000,153000,153000,153000,153000,153000,153000,153000,153000,153000,153000,980,12,6,1751.4785747959054,1.6521999996257364,153184.13549999968,2658.004081632653
1788769146,197,POST,[setup] POST /auth/login,0.000000,0.000000,151000,151000,151000,151000,151000,151000,151000,151000,151000,151000,151000,52,5,900,42976.482932692285,223.36099999938597,152573.5766000007,163.67307692307693
1788769146,197,,Aggregated,0.000000,0.000000,153000,153000,153000,153000,153000,153000,154000,154000,154000,154000,154000,9993,174,6,2176.067858480937,1.6521999996257364,153781.23180000056,23550.652456719705
1788769147,197,GET,GET /articles (anon),0.000000,0.000000,153000,153000,153000,153000,153000,154000,154000,154000,154000,154000,154000,6670,114,6,1887.9600351574195,1.6583000005994109,153781.23180000056,26274.452623688157
1788769147,197,GET,GET /articles (list),0.000000,0.000000,153000,153000,153000,153000,153000,153000,153000,153000,153000,153000,153000,2291,43,6,2270.4175292448595,1.6889999997147243,153476.25980000067,25088.48363160192
1788769147,197,GET,GET /articles/{id} (detail),0.000000,0.000000,31000,153000,153000,153000,153000,153000,153000,153000,153000,153000,153000,980,12,6,1751.4785747959054,1.6521999996257364,153184.13549999968,2658.004081632653
1788769147,197,POST,[setup] POST /auth/login,0.000000,0.000000,151000,151000,151000,151000,151000,151000,151000,151000,151000,151000,151000,52,5,900,42976.482932692285,223.36099999938597,152573.5766000007,163.67307692307693
1788769147,197,,Aggregated,0.000000,0.000000,153000,153000,153000,153000,153000,153000,154000,154000,154000,154000,154000,9993,174,6,2176.067858480937,1.6521999996257364,153781.23180000056,23550.652456719705
1788769148,197,GET,GET /articles (anon),0.000000,0.000000,153000,153000,153000,153000,153000,154000,154000,154000,154000,154000,154000,6670,114,6,1887.9600351574195,1.6583000005994109,153781.23180000056,26274.452623688157
1788769148,197,GET,GET /articles (list),0.000000,0.000000,153000,153000,153000,153000,153000,153000,153000,153000,153000,153000,153000,2291,43,6,2270.4175292448595,1.6889999997147243,153476.25980000067,25088.48363160192
1788769148,197,GET,GET /articles/{id} (detail),0.000000,0.000000,31000,153000,153000,153000,153000,153000,153000,153000,153000,153000,153000,980,12,6,1751.4785747959054,1.6521999996257364,153184.13549999968,2658.004081632653
1788769148,197,POST,[setup] POST /auth/login,0.000000,0.000000,151000,151000,151000,151000,151000,151000,151000,151000,151000,151000,151000,52,5,900,42976.482932692285,223.36099999938597,152573.5766000007,163.67307692307693
1788769148,197,,Aggregated,0.000000,0.000000,153000,153000,153000,153000,153000,153000,154000,154000,154000,154000,154000,9993,174,6,2176.067858480937,1.6521999996257364,153781.23180000056,23550.652456719705
1788769149,197,GET,GET /articles (anon),0.000000,0.000000,153000,153000,153000,153000,153000,154000,154000,154000,154000,154000,154000,6670,114,6,1887.9600351574195,1.6583000005994109,153781.23180000056,26274.452623688157
1788769149,197,GET,GET /articles (list),0.000000,0.000000,153000,153000,153000,153000,153000,153000,153000,153000,153000,153000,153000,2291,43,6,2270.4175292448595,1.6889999997147243,153476.25980000067,25088.48363160192
1788769149,197,GET,GET /articles/{id} (detail),0.000000,0.000000,31000,153000,153000,153000,153000,153000,153000,153000,153000,153000,153000,980,12,6,1751.4785747959054,1.6521999996257364,153184.13549999968,2658.004081632653
1788769149,197,POST,[setup] POST /auth/login,0.000000,0.000000,151000,151000,151000,151000,151000,151000,151000,151000,151000,151000,151000,52,5,900,42976.482932692285,223.36099999938597,152573.5766000007,163.67307692307693
1788769149,197,,Aggregated,0.000000,0.000000,153000,153000,153000,153000,153000,153000,154000,154000,154000,154000,154000,9993,174,6,2176.067858480937,1.6521999996257364,153781.23180000056,23550.652456719705
1788769150,197,GET,GET /articles (anon),0.000000,0.000000,153000,153000,153000,153000,153000,154000,154000,154000,154000,154000,154000,6670,114,6,1887.9600351574195,1.6583000005994109,153781.23180000056,26274.452623688157
1788769150,197,GET,GET /articles (list),0.000000,0.000000,153000,153000,153000,153000,153000,153000,153000,153000,153000,153000,153000,2291,43,6,2270.4175292448595,1.6889999997147243,153476.25980000067,25088.48363160192
1788769150,197,GET,GET /articles/{id} (detail),0.000000,0.000000,31000,153000,153000,153000,153000,153000,153000,153000,153000,153000,153000,980,12,6,1751.4785747959054,1.6521999996257364,153184.13549999968,2658.004081632653
1788769150,197,POST,[setup] POST /auth/login,0.000000,0.000000,151000,151000,151000,151000,151000,151000,151000,151000,151000,151000,151000,52,5,900,42976.482932692285,223.36099999938597,152573.5766000007,163.67307692307693
1788769150,197,,Aggregated,0.000000,0.000000,153000,153000,153000,153000,153000,153000,154000,154000,154000,154000,154000,9993,174,6,2176.067858480937,1.6521999996257364,153781.23180000056,23550.652456719705
1788769151,197,GET,GET /articles (anon),0.000000,0.000000,153000,153000,153000,153000,153000,154000,154000,154000,154000,154000,154000,6670,114,6,1887.9600351574195,1.6583000005994109,153781.23180000056,26274.452623688157
1788769151,197,GET,GET /articles (list),0.000000,0.000000,153000,153000,153000,153000,153000,153000,153000,153000,153000,153000,153000,2291,43,6,2270.4175292448595,1.6889999997147243,153476.25980000067,25088.48363160192
1788769151,197,GET,GET /articles/{id} (detail),0.000000,0.000000,31000,153000,153000,153000,153000,153000,153000,153000,153000,153000,153000,980,12,6,1751.4785747959054,1.6521999996257364,153184.13549999968,2658.004081632653
1788769151,197,POST,[setup] POST /auth/login,0.000000,0.000000,151000,151000,151000,151000,151000,151000,151000,151000,151000,151000,151000,52,5,900,42976.482932692285,223.36099999938597,152573.5766000007,163.67307692307693
1788769151,197,,Aggregated,0.000000,0.000000,153000,153000,153000,153000,153000,153000,154000,154000,154000,154000,154000,9993,174,6,2176.067858480937,1.6521999996257364,153781.23180000056,23550.652456719705
1788769152,197,GET,GET /articles (anon),0.000000,0.000000,153000,153000,153000,153000,153000,154000,154000,154000,154000,154000,154000,6670,114,6,1887.9600351574195,1.6583000005994109,153781.23180000056,26274.452623688157
1788769152,197,GET,GET /articles (list),0.000000,0.000000,153000,153000,153000,153000,153000,153000,153000,153000,153000,153000,153000,2291,43,6,2270.4175292448595,1.6889999997147243,153476.25980000067,25088.48363160192
1788769152,197,GET,GET /articles/{id} (detail),0.000000,0.000000,31000,153000,153000,153000,153000,153000,153000,153000,153000,153000,153000,980,12,6,1751.4785747959054,1.6521999996257364,153184.13549999968,2658.004081632653
1788769152,197,POST,[setup] POST /auth/login,0.000000,0.000000,151000,151000,151000,151000,151000,151000,151000,151000,151000,151000,151000,52,5,900,42976.482932692285,223.36099999938597,152573.5766000007,163.67307692307693
1788769152,197,,Aggregated,0.000000,0.000000,153000,153000,153000,153000,153000,153000,154000,154000,154000,154000,154000,9993,174,6,2176.067858480937,1.6521999996257364,153781.23180000056,23550.652456719705
1788769153,197,GET,GET /articles (anon),0.000000,0.000000,153000,153000,153000,153000,153000,154000,154000,154000,154000,154000,154000,6670,114,6,1887.9600351574195,1.6583000005994109,153781.23180000056,26274.452623688157
1788769153,197,GET,GET /articles (list),0.000000,0.000000,153000,153000,153000,153000,153000,153000,153000,153000,153000,153000,153000,2291,43,6,2270.4175292448595,1.6889999997147243,153476.25980000067,25088.48363160192
1788769153,197,GET,GET /articles/{id} (detail),0.000000,0.000000,31000,153000,153000,153000,153000,153000,153000,153000,153000,153000,153000,980,12,6,1751.4785747959054,1.6521999996257364,153184.13549999968,2658.004081632653
1788769153,197,POST,[setup] POST /auth/login,0.000000,0.000000,151000,151000,151000,151000,151000,151000,151000,151000,151000,151000,151000,52,5,900,42976.482932692285,223.36099999938597,152573.5766000007,163.67307692307693
1788769153,197,,Aggregated,0.000000,0.000000,153000,153000,153000,153000,153000,153000,154000,154000,154000,154000,154000,9993,174,6,2176.067858480937,1.6521999996257364,153781.23180000056,23550.652456719705
1788769154,197,GET,GET /articles (anon),0.000000,0.000000,0,0,0,0,0,0,0,0,0,0,0,6670,114,6,1887.9600351574195,1.6583000005994109,153781.23180000056,26274.452623688157
1788769154,197,GET,GET /articles (list),0.000000,0.000000,0,0,0,0,0,0,0,0,0,0,0,2291,43,6,2270.4175292448595,1.6889999997147243,153476.25980000067,25088.48363160192
1788769154,197,GET,GET /articles/{id} (detail),0.000000,0.000000,0,0,0,0,0,0,0,0,0,0,0,980,12,6,1751.4785747959054,1.6521999996257364,153184.13549999968,2658.004081632653
1788769154,197,POST,[setup] POST /auth/login,0.000000,0.000000,0,0,0,0,0,0,0,0,0,0,0,52,5,900,42976.482932692285,223.36099999938597,152573.5766000007,163.67307692307693
1788769154,197,,Aggregated,0.000000,0.000000,0,0,0,0,0,0,0,0,0,0,0,9993,174,6,2176.067858480937,1.6521999996257364,153781.23180000056,23550.652456719705
1788769155,197,GET,GET /articles (anon),0.000000,0.000000,0,0,0,0,0,0,0,0,0,0,0,6670,114,6,1887.9600351574195,1.6583000005994109,153781.23180000056,26274.452623688157
1788769155,197,GET,GET /articles (list),0.000000,0.000000,0,0,0,0,0,0,0,0,0,0,0,2291,43,6,2270.4175292448595,1.6889999997147243,153476.25980000067,25088.48363160192
1788769155,197,GET,GET /articles/{id} (detail),0.000000,0.000000,0,0,0,0,0,0,0,0,0,0,0,980,12,6,1751.4785747959054,1.6521999996257364,153184.13549999968,2658.004081632653
1788769155,197,POST,[setup] POST /auth/login,0.000000,0.000000,0,0,0,0,0,0,0,0,0,0,0,52,5,900,42976.482932692285,223.36099999938597,152573.5766000007,163.67307692307693
1788769155,197,,Aggregated,0.000000,0.000000,0,0,0,0,0,0,0,0,0,0,0,9993,174,6,2176.067858480937,1.6521999996257364,153781.23180000056,23550.652456719705
1788769156,197,GET,GET /articles (anon),0.000000,0.000000,0,0,0,0,0,0,0,0,0,0,0,6670,114,6,1887.9600351574195,1.6583000005994109,153781.23180000056,26274.452623688157
1788769156,197,GET,GET /articles (list),0.000000,0.000000,0,0,0,0,0,0,0,0,0,0,0,2291,43,6,2270.4175292448595,1.6889999997147243,153476.25980000067,25088.48363160192
1788769156,197,GET,GET /articles/{id} (detail),0.000000,0.000000,0,0,0,0,0,0,0,0,0,0,0,980,12,6,1751.4785747959054,1.6521999996257364,153184.13549999968,2658.004081632653
1788769156,197,POST,[setup] POST /auth/login,0.000000,0.000000,0,0,0,0,0,0,0,0,0,0,0,52,5,900,42976.482932692285,223.36099999938597,152573.5766000007,163.67307692307693
1788769156,197,,Aggregated,0.000000,0.000000,0,0,0,0,0,0,0,0,0,0,0,9993,174,6,2176.067858480937,1.6521999996257364,153781.23180000056,23550.652456719705
1788769157,197,GET,GET /articles (anon),0.000000,0.000000,0,0,0,0,0,0,0,0,0,0,0,6670,114,6,1887.9600351574195,1.6583000005994109,153781.23180000056,26274.452623688157
1788769157,197,GET,GET /articles (list),0.000000,0.000000,0,0,0,0,0,0,0,0,0,0,0,2291,43,6,2270.4175292448595,1.6889999997147243,153476.25980000067,25088.48363160192
1788769157,197,GET,GET /articles/{id} (detail),0.000000,0.000000,0,0,0,0,0,0,0,0,0,0,0,980,12,6,1751.4785747959054,1.6521999996257364,153184.13549999968,2658.004081632653
1788769157,197,POST,[setup] POST /auth/login,0.000000,0.000000,0,0,0,0,0,0,0,0,0,0,0,52,5,900,42976.482932692285,223.36099999938597,152573.5766000007,163.67307692307693
1788769157,197,,Aggregated,0.000000,0.000000,0,0,0,0,0,0,0,0,0,0,0,9993,174,6,2176.067858480937,1.6521999996257364,153781.23180000056,23550.652456719705
1788769158,197,GET,GET /articles (anon),0.000000,0.000000,0,0,0,0,0,0,0,0,0,0,0,6670,114,6,1887.9600351574195,1.6583000005994109,153781.23180000056,26274.452623688157
1788769158,197,GET,GET /articles (list),0.000000,0.000000,0,0,0,0,0,0,0,0,0,0,0,2291,43,6,2270.4175292448595,1.6889999997147243,153476.25980000067,25088.48363160192
1788769158,197,GET,GET /articles/{id} (detail),0.000000,0.000000,0,0,0,0,0,0,0,0,0,0,0,980,12,6,1751.4785747959054,1.6521999996257364,153184.13549999968,2658.004081632653
1788769158,197,POST,[setup] POST /auth/login,0.000000,0.000000,0,0,0,0,0,0,0,0,0,0,0,52,5,900,42976.482932692285,223.36099999938597,152573.5766000007,163.67307692307693
1788769158,197,,Aggregated,0.000000,0.000000,0,0,0,0,0,0,0,0,0,0,0,9993,174,6,2176.067858480937,1.6521999996257364,153781.23180000056,23550.652456719705
1788769159,197,GET,GET /articles (anon),0.000000,0.000000,0,0,0,0,0,0,0,0,0,0,0,6670,114,6,1887.9600351574195,1.6583000005994109,153781.23180000056,26274.452623688157
1788769159,197,GET,GET /articles (list),0.000000,0.000000,0,0,0,0,0,0,0,0,0,0,0,2291,43,6,2270.4175292448595,1.6889999997147243,153476.25980000067,25088.48363160192
1788769159,197,GET,GET /articles/{id} (detail),0.000000,0.000000,0,0,0,0,0,0,0,0,0,0,0,980,12,6,1751.4785747959054,1.6521999996257364,153184.13549999968,2658.004081632653
1788769159,197,POST,[setup] POST /auth/login,0.000000,0.000000,0,0,0,0,0,0,0,0,0,0,0,52,5,900,42976.482932692285,223.36099999938597,152573.5766000007,163.67307692307693
1788769159,197,,Aggregated,0.000000,0.000000,0,0,0,0,0,0,0,0,0,0,0,9993,174,6,2176.067858480937,1.6521999996257364,153781.23180000056,23550.652456719705
1788769160,197,GET,GET /articles (anon),0.000000,0.000000,0,0,0,0,0,0,0,0,0,0,0,6670,114,6,1887.9600351574195,1.6583000005994109,153781.23180000056,26274.452623688157
1788769160,197,GET,GET /articles (list),0.000000,0.000000,0,0,0,0,0,0,0,0,0,0,0,2291,43,6,2270.4175292448595,1.6889999997147243,153476.25980000067,25088.48363160192
1788769160,197,GET,GET /articles/{id} (detail),0.000000,0.000000,0,0,0,0,0,0,0,0,0,0,0,980,12,6,1751.4785747959054,1.6521999996257364,153184.13549999968,2658.004081632653
1788769160,197,POST,[setup] POST /auth/login,0.000000,0.000000,0,0,0,0,0,0,0,0,0,0,0,52,5,900,42976.482932692285,223.36099999938597,152573.5766000007,163.67307692307693
1788769160,197,,Aggregated,0.000000,0.000000,0,0,0,0,0,0,0,0,0,0,0,9993,174,6,2176.067858480937,1.6521999996257364,153781.23180000056,23550.652456719705
1788769161,197,GET,GET /articles (anon),0.000000,0.000000,0,0,0,0,0,0,0,0,0,0,0,6670,114,6,1887.9600351574195,1.6583000005994109,153781.23180000056,26274.452623688157
1788769161,197,GET,GET /articles (list),0.000000,0.000000,0,0,0,0,0,0,0,0,0,0,0,2291,43,6,2270.4175292448595,1.6889999997147243,153476.25980000067,25088.48363160192
1788769161,197,GET,GET /articles/{id} (detail),0.000000,0.000000,0,0,0,0,0,0,0,0,0,0,0,980,12,6,1751.4785747959054,1.6521999996257364,153184.13549999968,2658.004081632653
1788769161,197,POST,[setup] POST /auth/login,0.000000,0.000000,0,0,0,0,0,0,0,0,0,0,0,52,5,900,42976.482932692285,223.36099999938597,152573.5766000007,163.67307692307693
1788769161,197,,Aggregated,0.000000,0.000000,0,0,0,0,0,0,0,0,0,0,0,9993,174,6,2176.067858480937,1.6521999996257364,153781.23180000056,23550.652456719705
1788769162,197,GET,GET /articles (anon),0.000000,0.000000,0,0,0,0,0,0,0,0,0,0,0,6670,114,6,1887.9600351574195,1.6583000005994109,153781.23180000056,26274.452623688157
1788769162,197,GET,GET /articles (list),0.000000,0.000000,0,0,0,0,0,0,0,0,0,0,0,2291,43,6,2270.4175292448595,1.6889999997147243,153476.25980000067,25088.48363160192
1788769162,197,GET,GET /articles/{id} (detail),0.000000,0.000000,0,0,0,0,0,0,0,0,0,0,0,980,12,6,1751.4785747959054,1.6521999996257364,153184.13549999968,2658.004081632653
1788769162,197,POST,[setup] POST /auth/login,0.000000,0.000000,0,0,0,0,0,0,0,0,0,0,0,52,5,900,42976.482932692285,223.36099999938597,152573.5766000007,163.67307692307693
1788769162,197,,Aggregated,0.000000,0.000000,0,0,0,0,0,0,0,0,0,0,0,9993,174,6,2176.067858480937,1.6521999996257364,153781.23180000056,23550.652456719705
1788769163,197,GET,GET /articles (anon),0.000000,0.000000,0,0,0,0,0,0,0,0,0,0,0,6670,114,6,1887.9600351574195,1.6583000005994109,153781.23180000056,26274.452623688157
1788769163,197,GET,GET /articles (list),0.000000,0.000000,0,0,0,0,0,0,0,0,0,0,0,2291,43,6,2270.4175292448595,1.6889999997147243,153476.25980000067,25088.48363160192
1788769163,197,GET,GET /articles/{id} (detail),0.000000,0.000000,0,0,0,0,0,0,0,0,0,0,0,980,12,6,1751.4785747959054,1.6521999996257364,153184.13549999968,2658.004081632653
1788769163,197,POST,[setup] POST /auth/login,0.000000,0.000000,0,0,0,0,0,0,0,0,0,0,0,52,5,900,42976.482932692285,223.36099999938597,152573.5766000007,163.67307692307693
1788769163,197,,Aggregated,0.000000,0.000000,0,0,0,0,0,0,0,0,0,0,0,9993,174,6,2176.067858480937,1.6521999996257364,153781.23180000056,23550.652456719705
1788769164,197,GET,GET /articles (anon),0.000000,0.000000,0,0,0,0,0,0,0,0,0,0,0,6670,114,6,1887.9600351574195,1.6583000005994109,153781.23180000056,26274.452623688157
1788769164,197,GET,GET /articles (list),0.000000,0.000000,0,0,0,0,0,0,0,0,0,0,0,2291,43,6,2270.4175292448595,1.6889999997147243,153476.25980000067,25088.48363160192
1788769164,197,GET,GET /articles/{id} (detail),0.000000,0.000000,0,0,0,0,0,0,0,0,0,0,0,980,12,6,1751.4785747959054,1.6521999996257364,153184.13549999968,2658.004081632653
1788769164,197,POST,[setup] POST /auth/login,0.000000,0.000000,0,0,0,0,0,0,0,0,0,0,0,52,5,900,42976.482932692285,223.36099999938597,152573.5766000007,163.67307692307693
1788769164,197,,Aggregated,0.000000,0.000000,0,0,0,0,0,0,0,0,0,0,0,9993,174,6,2176.067858480937,1.6521999996257364,153781.23180000056,23550.652456719705
1788769165,197,GET,GET /articles (anon),0.000000,0.000000,0,0,0,0,0,0,0,0,0,0,0,6670,114,6,1887.9600351574195,1.6583000005994109,153781.23180000056,26274.452623688157
1788769165,197,GET,GET /articles (list),0.000000,0.000000,0,0,0,0,0,0,0,0,0,0,0,2291,43,6,2270.4175292448595,1.6889999997147243,153476.25980000067,25088.48363160192
1788769165,197,GET,GET /articles/{id} (detail),0.000000,0.000000,0,0,0,0,0,0,0,0,0,0,0,980,12,6,1751.4785747959054,1.6521999996257364,153184.13549999968,2658.004081632653
1788769165,197,POST,[setup] POST /auth/login,0.000000,0.000000,0,0,0,0,0,0,0,0,0,0,0,52,5,900,42976.482932692285,223.36099999938597,152573.5766000007,163.67307692307693
1788769165,197,,Aggregated,0.000000,0.000000,0,0,0,0,0,0,0,0,0,0,0,9993,174,6,2176.067858480937,1.6521999996257364,153781.23180000056,23550.652456719705
1788769166,197,GET,GET /articles (anon),0.000000,0.000000,0,0,0,0,0,0,0,0,0,0,0,6700,137,6,2648.4774835970125,1.6583000005994109,183600.24609999981,26184.805820895523
1788769166,197,GET,GET /articles (list),0.000000,0.000000,0,0,0,0,0,0,0,0,0,0,0,2293,45,6,2401.044549280407,1.6889999997147243,153476.25980000067,25066.619276057565
1788769166,197,GET,GET /articles/{id} (detail),0.000000,0.000000,0,0,0,0,0,0,0,0,0,0,0,981,13,6,1904.6425329255728,1.6521999996257364,153184.13549999968,2655.316004077472
1788769166,197,POST,[setup] POST /auth/login,0.000000,0.000000,0,0,0,0,0,0,0,0,0,0,0,52,5,900,42976.482932692285,223.36099999938597,152573.5766000007,163.67307692307693
1788769166,197,,Aggregated,0.000000,0.000000,0,0,0,0,0,0,0,0,0,0,0,10026,200,6,2728.269073299421,1.6521999996257364,183600.24609999981,23491.854478356272
1788769167,197,GET,GET /articles (anon),0.000000,0.000000,181000,181000,182000,183000,183000,183000,184000,184000,184000,184000,184000,6700,137,6,2648.4774835970125,1.6583000005994109,183600.24609999981,26184.805820895523
1788769167,197,GET,GET /articles (list),0.000000,0.000000,152000,152000,152000,152000,152000,152000,152000,152000,152000,152000,152000,2293,45,6,2401.044549280407,1.6889999997147243,153476.25980000067,25066.619276057565
1788769167,197,GET,GET /articles/{id} (detail),0.000000,0.000000,152000,152000,152000,152000,152000,152000,152000,152000,152000,152000,152000,981,13,6,1904.6425329255728,1.6521999996257364,153184.13549999968,2655.316004077472
1788769167,197,POST,[setup] POST /auth/login,0.000000,0.000000,0,0,0,0,0,0,0,0,0,0,0,52,5,900,42976.482932692285,223.36099999938597,152573.5766000007,163.67307692307693
1788769167,197,,Aggregated,0.000000,0.000000,181000,181000,181000,182000,183000,183000,184000,184000,184000,184000,184000,10026,200,6,2728.269073299421,1.6521999996257364,183600.24609999981,23491.854478356272
1788769168,197,GET,GET /articles (anon),0.000000,0.000000,181000,181000,182000,183000,183000,183000,184000,184000,184000,184000,184000,6700,137,6,2648.4774835970125,1.6583000005994109,183600.24609999981,26184.805820895523
1788769168,197,GET,GET /articles (list),0.000000,0.000000,152000,152000,152000,152000,152000,152000,152000,152000,152000,152000,152000,2293,45,6,2401.044549280407,1.6889999997147243,153476.25980000067,25066.619276057565
1788769168,197,GET,GET /articles/{id} (detail),0.000000,0.000000,152000,152000,152000,152000,152000,152000,152000,152000,152000,152000,152000,981,13,6,1904.6425329255728,1.6521999996257364,153184.13549999968,2655.316004077472
1788769168,197,POST,[setup] POST /auth/login,0.000000,0.000000,0,0,0,0,0,0,0,0,0,0,0,52,5,900,42976.482932692285,223.36099999938597,152573.5766000007,163.67307692307693
1788769168,197,,Aggregated,0.000000,0.000000,181000,181000,181000,182000,183000,183000,184000,184000,184000,184000,184000,10026,200,6,2728.269073299421,1.6521999996257364,183600.24609999981,23491.854478356272
1788769170,197,GET,GET /articles (anon),0.000000,0.000000,181000,181000,182000,183000,183000,183000,184000,184000,184000,184000,184000,6700,137,6,2648.4774835970125,1.6583000005994109,183600.24609999981,26184.805820895523
1788769170,197,GET,GET /articles (list),0.000000,0.000000,152000,152000,152000,152000,152000,152000,152000,152000,152000,152000,152000,2293,45,6,2401.044549280407,1.6889999997147243,153476.25980000067,25066.619276057565
1788769170,197,GET,GET /articles/{id} (detail),0.000000,0.000000,152000,152000,152000,152000,152000,152000,152000,152000,152000,152000,152000,981,13,6,1904.6425329255728,1.6521999996257364,153184.13549999968,2655.316004077472
1788769170,197,POST,[setup] POST /auth/login,0.000000,0.000000,0,0,0,0,0,0,0,0,0,0,0,52,5,900,42976.482932692285,223.36099999938597,152573.5766000007,163.67307692307693
1788769170,197,,Aggregated,0.000000,0.000000,181000,181000,181000,182000,183000,183000,184000,184000,184000,184000,184000,10026,200,6,2728.269073299421,1.6521999996257364,183600.24609999981,23491.854478356272
1788769171,197,GET,GET /articles (anon),0.000000,0.000000,181000,181000,182000,183000,183000,183000,184000,184000,184000,184000,184000,6700,137,6,2648.4774835970125,1.6583000005994109,183600.24609999981,26184.805820895523
1788769171,197,GET,GET /articles (list),0.000000,0.000000,152000,152000,152000,152000,152000,152000,152000,152000,152000,152000,152000,2293,45,6,2401.044549280407,1.6889999997147243,153476.25980000067,25066.619276057565
1788769171,197,GET,GET /articles/{id} (detail),0.000000,0.000000,152000,152000,152000,152000,152000,152000,152000,152000,152000,152000,152000,981,13,6,1904.6425329255728,1.6521999996257364,153184.13549999968,2655.316004077472
1788769171,197,POST,[setup] POST /auth/login,0.000000,0.000000,0,0,0,0,0,0,0,0,0,0,0,52,5,900,42976.482932692285,223.36099999938597,152573.5766000007,163.67307692307693
1788769171,197,,Aggregated,0.000000,0.000000,181000,181000,181000,182000,183000,183000,184000,184000,184000,184000,184000,10026,200,6,2728.269073299421,1.6521999996257364,183600.24609999981,23491.854478356272
1788769172,197,GET,GET /articles (anon),0.000000,0.000000,181000,181000,182000,183000,183000,183000,184000,184000,184000,184000,184000,6700,137,6,2648.4774835970125,1.6583000005994109,183600.24609999981,26184.805820895523
1788769172,197,GET,GET /articles (list),0.000000,0.000000,152000,152000,152000,152000,152000,152000,152000,152000,152000,152000,152000,2293,45,6,2401.044549280407,1.6889999997147243,153476.25980000067,25066.619276057565
1788769172,197,GET,GET /articles/{id} (detail),0.000000,0.000000,152000,152000,152000,152000,152000,152000,152000,152000,152000,152000,152000,981,13,6,1904.6425329255728,1.6521999996257364,153184.13549999968,2655.316004077472
1788769172,197,POST,[setup] POST /auth/login,0.000000,0.000000,0,0,0,0,0,0,0,0,0,0,0,52,5,900,42976.482932692285,223.36099999938597,152573.5766000007,163.67307692307693
1788769172,197,,Aggregated,0.000000,0.000000,181000,181000,181000,182000,183000,183000,184000,184000,184000,184000,184000,10026,200,6,2728.269073299421,1.6521999996257364,183600.24609999981,23491.854478356272
1788769173,197,GET,GET /articles (anon),0.000000,0.000000,181000,181000,182000,183000,183000,183000,184000,184000,184000,184000,184000,6700,137,6,2648.4774835970125,1.6583000005994109,183600.24609999981,26184.805820895523
1788769173,197,GET,GET /articles (list),0.000000,0.000000,152000,152000,152000,152000,152000,152000,152000,152000,152000,152000,152000,2293,45,6,2401.044549280407,1.6889999997147243,153476.25980000067,25066.619276057565
1788769173,197,GET,GET /articles/{id} (detail),0.000000,0.000000,152000,152000,152000,152000,152000,152000,152000,152000,152000,152000,152000,981,13,6,1904.6425329255728,1.6521999996257364,153184.13549999968,2655.316004077472
1788769173,197,POST,[setup] POST /auth/login,0.000000,0.000000,0,0,0,0,0,0,0,0,0,0,0,52,5,900,42976.482932692285,223.36099999938597,152573.5766000007,163.67307692307693
1788769173,197,,Aggregated,0.000000,0.000000,181000,181000,181000,182000,183000,183000,184000,184000,184000,184000,184000,10026,200,6,2728.269073299421,1.6521999996257364,183600.24609999981,23491.854478356272
1788769174,197,GET,GET /articles (anon),0.000000,0.000000,181000,181000,182000,183000,183000,183000,184000,184000,184000,184000,184000,6700,137,6,2648.4774835970125,1.6583000005994109,183600.24609999981,26184.805820895523
1788769174,197,GET,GET /articles (list),0.000000,0.000000,152000,152000,152000,152000,152000,152000,152000,152000,152000,152000,152000,2293,45,6,2401.044549280407,1.6889999997147243,153476.25980000067,25066.619276057565
1788769174,197,GET,GET /articles/{id} (detail),0.000000,0.000000,152000,152000,152000,152000,152000,152000,152000,152000,152000,152000,152000,981,13,6,1904.6425329255728,1.6521999996257364,153184.13549999968,2655.316004077472
1788769174,197,POST,[setup] POST /auth/login,0.000000,0.000000,0,0,0,0,0,0,0,0,0,0,0,52,5,900,42976.482932692285,223.36099999938597,152573.5766000007,163.67307692307693
1788769174,197,,Aggregated,0.000000,0.000000,181000,181000,181000,182000,183000,183000,184000,184000,184000,184000,184000,10026,200,6,2728.269073299421,1.6521999996257364,183600.24609999981,23491.854478356272
1788769175,197,GET,GET /articles (anon),0.000000,0.000000,181000,181000,182000,183000,183000,183000,184000,184000,184000,184000,184000,6700,137,6,2648.4774835970125,1.6583000005994109,183600.24609999981,26184.805820895523
1788769175,197,GET,GET /articles (list),0.000000,0.000000,152000,152000,152000,152000,152000,152000,152000,152000,152000,152000,152000,2293,45,6,2401.044549280407,1.6889999997147243,153476.25980000067,25066.619276057565
1788769175,197,GET,GET /articles/{id} (detail),0.000000,0.000000,152000,152000,152000,152000,152000,152000,152000,152000,152000,152000,152000,981,13,6,1904.6425329255728,1.6521999996257364,153184.13549999968,2655.316004077472
1788769175,197,POST,[setup] POST /auth/login,0.000000,0.000000,0,0,0,0,0,0,0,0,0,0,0,52,5,900,42976.482932692285,223.36099999938597,152573.5766000007,163.67307692307693
1788769175,197,,Aggregated,0.000000,0.000000,181000,181000,181000,182000,183000,183000,184000,184000,184000,184000,184000,10026,200,6,2728.269073299421,1.6521999996257364,183600.24609999981,23491.854478356272
1788769176,197,GET,GET /articles (anon),0.000000,0.000000,181000,181000,182000,183000,183000,183000,184000,184000,184000,184000,184000,6700,137,6,2648.4774835970125,1.6583000005994109,183600.24609999981,26184.805820895523
1788769176,197,GET,GET /articles (list),0.000000,0.000000,152000,152000,152000,152000,152000,152000,152000,152000,152000,152000,152000,2293,45,6,2401.044549280407,1.6889999997147243,153476.25980000067,25066.619276057565
1788769176,197,GET,GET /articles/{id} (detail),0.000000,0.000000,152000,152000,152000,152000,152000,152000,152000,152000,152000,152000,152000,981,13,6,1904.6425329255728,1.6521999996257364,153184.13549999968,2655.316004077472
1788769176,197,POST,[setup] POST /auth/login,0.000000,0.000000,0,0,0,0,0,0,0,0,0,0,0,52,5,900,42976.482932692285,223.36099999938597,152573.5766000007,163.67307692307693
1788769176,197,,Aggregated,0.000000,0.000000,181000,181000,181000,182000,183000,183000,184000,184000,184000,184000,184000,10026,200,6,2728.269073299421,1.6521999996257364,183600.24609999981,23491.854478356272
1788769177,197,GET,GET /articles (anon),0.000000,0.000000,181000,181000,182000,183000,183000,183000,184000,184000,184000,184000,184000,6700,137,6,2648.4774835970125,1.6583000005994109,183600.24609999981,26184.805820895523
1788769177,197,GET,GET /articles (list),0.000000,0.000000,152000,152000,152000,152000,152000,152000,152000,152000,152000,152000,152000,2293,45,6,2401.044549280407,1.6889999997147243,153476.25980000067,25066.619276057565
1788769177,197,GET,GET /articles/{id} (detail),0.000000,0.000000,152000,152000,152000,152000,152000,152000,152000,152000,152000,152000,152000,981,13,6,1904.6425329255728,1.6521999996257364,153184.13549999968,2655.316004077472
1788769177,197,POST,[setup] POST /auth/login,0.000000,0.000000,0,0,0,0,0,0,0,0,0,0,0,52,5,900,42976.482932692285,223.36099999938597,152573.5766000007,163.67307692307693
1788769177,197,,Aggregated,0.000000,0.000000,181000,181000,181000,182000,183000,183000,184000,184000,184000,184000,184000,10026,200,6,2728.269073299421,1.6521999996257364,183600.24609999981,23491.854478356272
1788769178,197,GET,GET /articles (anon),0.000000,0.000000,181000,181000,182000,183000,183000,183000,184000,184000,184000,184000,184000,6700,137,6,2648.4774835970125,1.6583000005994109,183600.24609999981,26184.805820895523
1788769178,197,GET,GET /articles (list),0.000000,0.000000,152000,152000,152000,152000,152000,152000,152000,152000,152000,152000,152000,2293,45,6,2401.044549280407,1.6889999997147243,153476.25980000067,25066.619276057565
1788769178,197,GET,GET /articles/{id} (detail),0.000000,0.000000,152000,152000,152000,152000,152000,152000,152000,152000,152000,152000,152000,981,13,6,1904.6425329255728,1.6521999996257364,153184.13549999968,2655.316004077472
1788769178,197,POST,[setup] POST /auth/login,0.000000,0.000000,0,0,0,0,0,0,0,0,0,0,0,52,5,900,42976.482932692285,223.36099999938597,152573.5766000007,163.67307692307693
1788769178,197,,Aggregated,0.000000,0.000000,181000,181000,181000,182000,183000,183000,184000,184000,184000,184000,184000,10026,200,6,2728.269073299421,1.6521999996257364,183600.24609999981,23491.854478356272
1788769179,197,GET,GET /articles (anon),0.000000,0.000000,181000,181000,182000,183000,183000,183000,184000,184000,184000,184000,184000,6700,137,6,2648.4774835970125,1.6583000005994109,183600.24609999981,26184.805820895523
1788769179,197,GET,GET /articles (list),0.000000,0.000000,152000,152000,152000,152000,152000,152000,152000,152000,152000,152000,152000,2293,45,6,2401.044549280407,1.6889999997147243,153476.25980000067,25066.619276057565
1788769179,197,GET,GET /articles/{id} (detail),0.000000,0.000000,152000,152000,152000,152000,152000,152000,152000,152000,152000,152000,152000,981,13,6,1904.6425329255728,1.6521999996257364,153184.13549999968,2655.316004077472
1788769179,197,POST,[setup] POST /auth/login,0.000000,0.000000,0,0,0,0,0,0,0,0,0,0,0,52,5,900,42976.482932692285,223.36099999938597,152573.5766000007,163.67307692307693
1788769179,197,,Aggregated,0.000000,0.000000,181000,181000,181000,182000,183000,183000,184000,184000,184000,184000,184000,10026,200,6,2728.269073299421,1.6521999996257364,183600.24609999981,23491.854478356272
1788769180,197,GET,GET /articles (anon),0.000000,0.000000,181000,181000,182000,183000,183000,183000,184000,184000,184000,184000,184000,6700,137,6,2648.4774835970125,1.6583000005994109,183600.24609999981,26184.805820895523
1788769180,197,GET,GET /articles (list),0.000000,0.000000,152000,152000,152000,152000,152000,152000,152000,152000,152000,152000,152000,2293,45,6,2401.044549280407,1.6889999997147243,153476.25980000067,25066.619276057565
1788769180,197,GET,GET /articles/{id} (detail),0.000000,0.000000,152000,152000,152000,152000,152000,152000,152000,152000,152000,152000,152000,981,13,6,1904.6425329255728,1.6521999996257364,153184.13549999968,2655.316004077472
1788769180,197,POST,[setup] POST /auth/login,0.000000,0.000000,0,0,0,0,0,0,0,0,0,0,0,52,5,900,42976.482932692285,223.36099999938597,152573.5766000007,163.67307692307693
1788769180,197,,Aggregated,0.000000,0.000000,181000,181000,181000,182000,183000,183000,184000,184000,184000,184000,184000,10026,200,6,2728.269073299421,1.6521999996257364,183600.24609999981,23491.854478356272
1788769181,197,GET,GET /articles (anon),0.000000,0.000000,181000,181000,182000,183000,183000,183000,184000,184000,184000,184000,184000,6700,137,6,2648.4774835970125,1.6583000005994109,183600.24609999981,26184.805820895523
1788769181,197,GET,GET /articles (list),0.000000,0.000000,152000,152000,152000,152000,152000,152000,152000,152000,152000,152000,152000,2293,45,6,2401.044549280407,1.6889999997147243,153476.25980000067,25066.619276057565
1788769181,197,GET,GET /articles/{id} (detail),0.000000,0.000000,152000,152000,152000,152000,152000,152000,152000,152000,152000,152000,152000,981,13,6,1904.6425329255728,1.6521999996257364,153184.13549999968,2655.316004077472
1788769181,197,POST,[setup] POST /auth/login,0.000000,0.000000,0,0,0,0,0,0,0,0,0,0,0,52,5,900,42976.482932692285,223.36099999938597,152573.5766000007,163.67307692307693
1788769181,197,,Aggregated,0.000000,0.000000,181000,181000,181000,182000,183000,183000,184000,184000,184000,184000,184000,10026,200,6,2728.269073299421,1.6521999996257364,183600.24609999981,23491.854478356272
1788769182,197,GET,GET /articles (anon),0.000000,0.000000,181000,181000,182000,183000,183000,183000,184000,184000,184000,184000,184000,6700,137,6,2648.4774835970125,1.6583000005994109,183600.24609999981,26184.805820895523
1788769182,197,GET,GET /articles (list),0.000000,0.000000,152000,152000,152000,152000,152000,152000,152000,152000,152000,152000,152000,2293,45,6,2401.044549280407,1.6889999997147243,153476.25980000067,25066.619276057565
1788769182,197,GET,GET /articles/{id} (detail),0.000000,0.000000,152000,152000,152000,152000,152000,152000,152000,152000,152000,152000,152000,981,13,6,1904.6425329255728,1.6521999996257364,153184.13549999968,2655.316004077472
1788769182,197,POST,[setup] POST /auth/login,0.000000,0.000000,0,0,0,0,0,0,0,0,0,0,0,52,5,900,42976.482932692285,223.36099999938597,152573.5766000007,163.67307692307693
1788769182,197,,Aggregated,0.000000,0.000000,181000,181000,181000,182000,183000,183000,184000,184000,184000,184000,184000,10026,200,6,2728.269073299421,1.6521999996257364,183600.24609999981,23491.854478356272
1788769183,197,GET,GET /articles (anon),0.000000,0.000000,181000,181000,182000,183000,183000,183000,184000,184000,184000,184000,184000,6700,137,6,2648.4774835970125,1.6583000005994109,183600.24609999981,26184.805820895523
1788769183,197,GET,GET /articles (list),0.000000,0.000000,152000,152000,152000,152000,152000,152000,152000,152000,152000,152000,152000,2293,45,6,2401.044549280407,1.6889999997147243,153476.25980000067,25066.619276057565
1788769183,197,GET,GET /articles/{id} (detail),0.000000,0.000000,152000,152000,152000,152000,152000,152000,152000,152000,152000,152000,152000,981,13,6,1904.6425329255728,1.6521999996257364,153184.13549999968,2655.316004077472
1788769183,197,POST,[setup] POST /auth/login,0.000000,0.000000,0,0,0,0,0,0,0,0,0,0,0,52,5,900,42976.482932692285,223.36099999938597,152573.5766000007,163.67307692307693
1788769183,197,,Aggregated,0.000000,0.000000,181000,181000,181000,182000,183000,183000,184000,184000,184000,184000,184000,10026,200,6,2728.269073299421,1.6521999996257364,183600.24609999981,23491.854478356272
1788769184,197,GET,GET /articles (anon),0.000000,0.000000,0,0,0,0,0,0,0,0,0,0,0,6700,137,6,2648.4774835970125,1.6583000005994109,183600.24609999981,26184.805820895523
1788769184,197,GET,GET /articles (list),0.000000,0.000000,0,0,0,0,0,0,0,0,0,0,0,2293,45,6,2401.044549280407,1.6889999997147243,153476.25980000067,25066.619276057565
1788769184,197,GET,GET /articles/{id} (detail),0.000000,0.000000,0,0,0,0,0,0,0,0,0,0,0,981,13,6,1904.6425329255728,1.6521999996257364,153184.13549999968,2655.316004077472
1788769184,197,POST,[setup] POST /auth/login,0.000000,0.000000,0,0,0,0,0,0,0,0,0,0,0,52,5,900,42976.482932692285,223.36099999938597,152573.5766000007,163.67307692307693
1788769184,197,,Aggregated,0.000000,0.000000,0,0,0,0,0,0,0,0,0,0,0,10026,200,6,2728.269073299421,1.6521999996257364,183600.24609999981,23491.854478356272
1788769185,197,GET,GET /articles (anon),0.000000,0.000000,0,0,0,0,0,0,0,0,0,0,0,6700,137,6,2648.4774835970125,1.6583000005994109,183600.24609999981,26184.805820895523
1788769185,197,GET,GET /articles (list),0.000000,0.000000,0,0,0,0,0,0,0,0,0,0,0,2293,45,6,2401.044549280407,1.6889999997147243,153476.25980000067,25066.619276057565
1788769185,197,GET,GET /articles/{id} (detail),0.000000,0.000000,0,0,0,0,0,0,0,0,0,0,0,981,13,6,1904.6425329255728,1.6521999996257364,153184.13549999968,2655.316004077472
1788769185,197,POST,[setup] POST /auth/login,0.000000,0.000000,0,0,0,0,0,0,0,0,0,0,0,52,5,900,42976.482932692285,223.36099999938597,152573.5766000007,163.67307692307693
1788769185,197,,Aggregated,0.000000,0.000000,0,0,0,0,0,0,0,0,0,0,0,10026,200,6,2728.269073299421,1.6521999996257364,183600.24609999981,23491.854478356272
1788769186,197,GET,GET /articles (anon),0.000000,0.000000,0,0,0,0,0,0,0,0,0,0,0,6700,137,6,2648.4774835970125,1.6583000005994109,183600.24609999981,26184.805820895523
1788769186,197,GET,GET /articles (list),0.000000,0.000000,0,0,0,0,0,0,0,0,0,0,0,2293,45,6,2401.044549280407,1.6889999997147243,153476.25980000067,25066.619276057565
1788769186,197,GET,GET /articles/{id} (detail),0.000000,0.000000,0,0,0,0,0,0,0,0,0,0,0,981,13,6,1904.6425329255728,1.6521999996257364,153184.13549999968,2655.316004077472
1788769186,197,POST,[setup] POST /auth/login,0.000000,0.000000,0,0,0,0,0,0,0,0,0,0,0,52,5,900,42976.482932692285,223.36099999938597,152573.5766000007,163.67307692307693
1788769186,197,,Aggregated,0.000000,0.000000,0,0,0,0,0,0,0,0,0,0,0,10026,200,6,2728.269073299421,1.6521999996257364,183600.24609999981,23491.854478356272
1788769187,197,GET,GET /articles (anon),0.000000,0.000000,0,0,0,0,0,0,0,0,0,0,0,6700,137,6,2648.4774835970125,1.6583000005994109,183600.24609999981,26184.805820895523
1788769187,197,GET,GET /articles (list),0.000000,0.000000,0,0,0,0,0,0,0,0,0,0,0,2293,45,6,2401.044549280407,1.6889999997147243,153476.25980000067,25066.619276057565
1788769187,197,GET,GET /articles/{id} (detail),0.000000,0.000000,0,0,0,0,0,0,0,0,0,0,0,981,13,6,1904.6425329255728,1.6521999996257364,153184.13549999968,2655.316004077472
1788769187,197,POST,[setup] POST /auth/login,0.000000,0.000000,0,0,0,0,0,0,0,0,0,0,0,52,5,900,42976.482932692285,223.36099999938597,152573.5766000007,163.67307692307693
1788769187,197,,Aggregated,0.000000,0.000000,0,0,0,0,0,0,0,0,0,0,0,10026,200,6,2728.269073299421,1.6521999996257364,183600.24609999981,23491.854478356272
1788769188,197,GET,GET /articles (anon),0.000000,0.000000,0,0,0,0,0,0,0,0,0,0,0,6700,137,6,2648.4774835970125,1.6583000005994109,183600.24609999981,26184.805820895523
1788769188,197,GET,GET /articles (list),0.000000,0.000000,0,0,0,0,0,0,0,0,0,0,0,2293,45,6,2401.044549280407,1.6889999997147243,153476.25980000067,25066.619276057565
1788769188,197,GET,GET /articles/{id} (detail),0.000000,0.000000,0,0,0,0,0,0,0,0,0,0,0,981,13,6,1904.6425329255728,1.6521999996257364,153184.13549999968,2655.316004077472
1788769188,197,POST,[setup] POST /auth/login,0.000000,0.000000,0,0,0,0,0,0,0,0,0,0,0,52,5,900,42976.482932692285,223.36099999938597,152573.5766000007,163.67307692307693
1788769188,197,,Aggregated,0.000000,0.000000,0,0,0,0,0,0,0,0,0,0,0,10026,200,6,2728.269073299421,1.6521999996257364,183600.24609999981,23491.854478356272
1788769189,197,GET,GET /articles (anon),0.000000,0.000000,0,0,0,0,0,0,0,0,0,0,0,6700,137,6,2648.4774835970125,1.6583000005994109,183600.24609999981,26184.805820895523
1788769189,197,GET,GET /articles (list),0.000000,0.000000,0,0,0,0,0,0,0,0,0,0,0,2293,45,6,2401.044549280407,1.6889999997147243,153476.25980000067,25066.619276057565
1788769189,197,GET,GET /articles/{id} (detail),0.000000,0.000000,0,0,0,0,0,0,0,0,0,0,0,981,13,6,1904.6425329255728,1.6521999996257364,153184.13549999968,2655.316004077472
1788769189,197,POST,[setup] POST /auth/login,0.000000,0.000000,0,0,0,0,0,0,0,0,0,0,0,52,5,900,42976.482932692285,223.36099999938597,152573.5766000007,163.67307692307693
1788769189,197,,Aggregated,0.000000,0.000000,0,0,0,0,0,0,0,0,0,0,0,10026,200,6,2728.269073299421,1.6521999996257364,183600.24609999981,23491.854478356272
1788769190,197,GET,GET /articles (anon),0.000000,0.000000,0,0,0,0,0,0,0,0,0,0,0,6700,137,6,2648.4774835970125,1.6583000005994109,183600.24609999981,26184.805820895523
1788769190,197,GET,GET /articles (list),0.000000,0.000000,0,0,0,0,0,0,0,0,0,0,0,2293,45,6,2401.044549280407,1.6889999997147243,153476.25980000067,25066.619276057565
1788769190,197,GET,GET /articles/{id} (detail),0.000000,0.000000,0,0,0,0,0,0,0,0,0,0,0,981,13,6,1904.6425329255728,1.6521999996257364,153184.13549999968,2655.316004077472
1788769190,197,POST,[setup] POST /auth/login,0.000000,0.000000,0,0,0,0,0,0,0,0,0,0,0,52,5,900,42976.482932692285,223.36099999938597,152573.5766000007,163.67307692307693
1788769190,197,,Aggregated,0.000000,0.000000,0,0,0,0,0,0,0,0,0,0,0,10026,200,6,2728.269073299421,1.6521999996257364,183600.24609999981,23491.854478356272
1788769191,197,GET,GET /articles (anon),0.000000,0.000000,0,0,0,0,0,0,0,0,0,0,0,6700,137,6,2648.4774835970125,1.6583000005994109,183600.24609999981,26184.805820895523
1788769191,197,GET,GET /articles (list),0.000000,0.000000,0,0,0,0,0,0,0,0,0,0,0,2293,45,6,2401.044549280407,1.6889999997147243,153476.25980000067,25066.619276057565
1788769191,197,GET,GET /articles/{id} (detail),0.000000,0.000000,0,0,0,0,0,0,0,0,0,0,0,981,13,6,1904.6425329255728,1.6521999996257364,153184.13549999968,2655.316004077472
1788769191,197,POST,[setup] POST /auth/login,0.000000,0.000000,0,0,0,0,0,0,0,0,0,0,0,52,5,900,42976.482932692285,223.36099999938597,152573.5766000007,163.67307692307693
1788769191,197,,Aggregated,0.000000,0.000000,0,0,0,0,0,0,0,0,0,0,0,10026,200,6,2728.269073299421,1.6521999996257364,183600.24609999981,23491.854478356272
1788769192,197,GET,GET /articles (anon),0.000000,0.000000,0,0,0,0,0,0,0,0,0,0,0,6700,137,6,2648.4774835970125,1.6583000005994109,183600.24609999981,26184.805820895523
1788769192,197,GET,GET /articles (list),0.000000,0.000000,0,0,0,0,0,0,0,0,0,0,0,2293,45,6,2401.044549280407,1.6889999997147243,153476.25980000067,25066.619276057565
1788769192,197,GET,GET /articles/{id} (detail),0.000000,0.000000,0,0,0,0,0,0,0,0,0,0,0,981,13,6,1904.6425329255728,1.6521999996257364,153184.13549999968,2655.316004077472
1788769192,197,POST,[setup] POST /auth/login,0.000000,0.000000,0,0,0,0,0,0,0,0,0,0,0,52,5,900,42976.482932692285,223.36099999938597,152573.5766000007,163.67307692307693
1788769192,197,,Aggregated,0.000000,0.000000,0,0,0,0,0,0,0,0,0,0,0,10026,200,6,2728.269073299421,1.6521999996257364,183600.24609999981,23491.854478356272
1788769193,197,GET,GET /articles (anon),0.000000,0.000000,0,0,0,0,0,0,0,0,0,0,0,6700,137,6,2648.4774835970125,1.6583000005994109,183600.24609999981,26184.805820895523
1788769193,197,GET,GET /articles (list),0.000000,0.000000,0,0,0,0,0,0,0,0,0,0,0,2293,45,6,2401.044549280407,1.6889999997147243,153476.25980000067,25066.619276057565
1788769193,197,GET,GET /articles/{id} (detail),0.000000,0.000000,0,0,0,0,0,0,0,0,0,0,0,981,13,6,1904.6425329255728,1.6521999996257364,153184.13549999968,2655.316004077472
1788769193,197,POST,[setup] POST /auth/login,0.000000,0.000000,0,0,0,0,0,0,0,0,0,0,0,52,5,900,42976.482932692285,223.36099999938597,152573.5766000007,163.67307692307693
1788769193,197,,Aggregated,0.000000,0.000000,0,0,0,0,0,0,0,0,0,0,0,10026,200,6,2728.269073299421,1.6521999996257364,183600.24609999981,23491.854478356272
1788769194,197,GET,GET /articles (anon),0.000000,0.000000,0,0,0,0,0,0,0,0,0,0,0,6700,137,6,2648.4774835970125,1.6583000005994109,183600.24609999981,26184.805820895523
1788769194,197,GET,GET /articles (list),0.000000,0.000000,0,0,0,0,0,0,0,0,0,0,0,2293,45,6,2401.044549280407,1.6889999997147243,153476.25980000067,25066.619276057565
1788769194,197,GET,GET /articles/{id} (detail),0.000000,0.000000,0,0,0,0,0,0,0,0,0,0,0,981,13,6,1904.6425329255728,1.6521999996257364,153184.13549999968,2655.316004077472
1788769194,197,POST,[setup] POST /auth/login,0.000000,0.000000,0,0,0,0,0,0,0,0,0,0,0,52,5,900,42976.482932692285,223.36099999938597,152573.5766000007,163.67307692307693
1788769194,197,,Aggregated,0.000000,0.000000,0,0,0,0,0,0,0,0,0,0,0,10026,200,6,2728.269073299421,1.6521999996257364,183600.24609999981,23491.854478356272
1788769195,197,GET,GET /articles (anon),0.000000,0.000000,0,0,0,0,0,0,0,0,0,0,0,6700,137,6,2648.4774835970125,1.6583000005994109,183600.24609999981,26184.805820895523
1788769195,197,GET,GET /articles (list),0.000000,0.000000,0,0,0,0,0,0,0,0,0,0,0,2293,45,6,2401.044549280407,1.6889999997147243,153476.25980000067,25066.619276057565
1788769195,197,GET,GET /articles/{id} (detail),0.000000,0.000000,0,0,0,0,0,0,0,0,0,0,0,981,13,6,1904.6425329255728,1.6521999996257364,153184.13549999968,2655.316004077472
1788769195,197,POST,[setup] POST /auth/login,0.000000,0.000000,0,0,0,0,0,0,0,0,0,0,0,52,5,900,42976.482932692285,223.36099999938597,152573.5766000007,163.67307692307693
1788769195,197,,Aggregated,0.000000,0.000000,0,0,0,0,0,0,0,0,0,0,0,10026,200,6,2728.269073299421,1.6521999996257364,183600.24609999981,23491.854478356272
1788769196,197,GET,GET /articles (anon),0.000000,0.000000,0,0,0,0,0,0,0,0,0,0,0,6700,137,6,2648.4774835970125,1.6583000005994109,183600.24609999981,26184.805820895523
1788769196,197,GET,GET /articles (list),0.000000,0.000000,0,0,0,0,0,0,0,0,0,0,0,2293,45,6,2401.044549280407,1.6889999997147243,153476.25980000067,25066.619276057565
1788769196,197,GET,GET /articles/{id} (detail),0.000000,0.000000,0,0,0,0,0,0,0,0,0,0,0,981,13,6,1904.6425329255728,1.6521999996257364,153184.13549999968,2655.316004077472
1788769196,197,POST,[setup] POST /auth/login,0.000000,0.000000,0,0,0,0,0,0,0,0,0,0,0,52,5,900,42976.482932692285,223.36099999938597,152573.5766000007,163.67307692307693
1788769196,197,,Aggregated,0.000000,0.000000,0,0,0,0,0,0,0,0,0,0,0,10026,200,6,2728.269073299421,1.6521999996257364,183600.24609999981,23491.854478356272
1788769197,197,GET,GET /articles (anon),0.000000,0.000000,0,0,0,0,0,0,0,0,0,0,0,6700,137,6,2648.4774835970125,1.6583000005994109,183600.24609999981,26184.805820895523
1788769197,197,GET,GET /articles (list),0.000000,0.000000,0,0,0,0,0,0,0,0,0,0,0,2293,45,6,2401.044549280407,1.6889999997147243,153476.25980000067,25066.619276057565
1788769197,197,GET,GET /articles/{id} (detail),0.000000,0.000000,0,0,0,0,0,0,0,0,0,0,0,981,13,6,1904.6425329255728,1.6521999996257364,153184.13549999968,2655.316004077472
1788769197,197,POST,[setup] POST /auth/login,0.000000,0.000000,0,0,0,0,0,0,0,0,0,0,0,52,5,900,42976.482932692285,223.36099999938597,152573.5766000007,163.67307692307693
1788769197,197,,Aggregated,0.000000,0.000000,0,0,0,0,0,0,0,0,0,0,0,10026,200,6,2728.269073299421,1.6521999996257364,183600.24609999981,23491.854478356272
1788769198,197,GET,GET /articles (anon),0.000000,0.000000,0,0,0,0,0,0,0,0,0,0,0,6700,137,6,2648.4774835970125,1.6583000005994109,183600.24609999981,26184.805820895523
1788769198,197,GET,GET /articles (list),0.000000,0.000000,0,0,0,0,0,0,0,0,0,0,0,2293,45,6,2401.044549280407,1.6889999997147243,153476.25980000067,25066.619276057565
1788769198,197,GET,GET /articles/{id} (detail),0.000000,0.000000,0,0,0,0,0,0,0,0,0,0,0,981,13,6,1904.6425329255728,1.6521999996257364,153184.13549999968,2655.316004077472
1788769198,197,POST,[setup] POST /auth/login,0.000000,0.000000,0,0,0,0,0,0,0,0,0,0,0,52,5,900,42976.482932692285,223.36099999938597,152573.5766000007,163.67307692307693
1788769198,197,,Aggregated,0.000000,0.000000,0,0,0,0,0,0,0,0,0,0,0,10026,200,6,2728.269073299421,1.6521999996257364,183600.24609999981,23491.854478356272
1788769199,197,GET,GET /articles (anon),0.000000,0.000000,0,0,0,0,0,0,0,0,0,0,0,6700,137,6,2648.4774835970125,1.6583000005994109,183600.24609999981,26184.805820895523
1788769199,197,GET,GET /articles (list),0.000000,0.000000,0,0,0,0,0,0,0,0,0,0,0,2293,45,6,2401.044549280407,1.6889999997147243,153476.25980000067,25066.619276057565
1788769199,197,GET,GET /articles/{id} (detail),0.000000,0.000000,0,0,0,0,0,0,0,0,0,0,0,981,13,6,1904.6425329255728,1.6521999996257364,153184.13549999968,2655.316004077472
1788769199,197,POST,[setup] POST /auth/login,0.000000,0.000000,0,0,0,0,0,0,0,0,0,0,0,52,5,900,42976.482932692285,223.36099999938597,152573.5766000007,163.67307692307693
1788769199,197,,Aggregated,0.000000,0.000000,0,0,0,0,0,0,0,0,0,0,0,10026,200,6,2728.269073299421,1.6521999996257364,183600.24609999981,23491.854478356272
1788769200,197,GET,GET /articles (anon),0.000000,0.000000,0,0,0,0,0,0,0,0,0,0,0,6700,137,6,2648.4774835970125,1.6583000005994109,183600.24609999981,26184.805820895523
1788769200,197,GET,GET /articles (list),0.000000,0.000000,0,0,0,0,0,0,0,0,0,0,0,2293,45,6,2401.044549280407,1.6889999997147243,153476.25980000067,25066.619276057565
1788769200,197,GET,GET /articles/{id} (detail),0.000000,0.000000,0,0,0,0,0,0,0,0,0,0,0,981,13,6,1904.6425329255728,1.6521999996257364,153184.13549999968,2655.316004077472
1788769200,197,POST,[setup] POST /auth/login,0.000000,0.000000,0,0,0,0,0,0,0,0,0,0,0,52,5,900,42976.482932692285,223.36099999938597,152573.5766000007,163.67307692307693
1788769200,197,,Aggregated,0.000000,0.000000,0,0,0,0,0,0,0,0,0,0,0,10026,200,6,2728.269073299421,1.6521999996257364,183600.24609999981,23491.854478356272
1788769201,197,GET,GET /articles (anon),0.000000,0.000000,0,0,0,0,0,0,0,0,0,0,0,6700,137,6,2648.4774835970125,1.6583000005994109,183600.24609999981,26184.805820895523
1788769201,197,GET,GET /articles (list),0.000000,0.000000,0,0,0,0,0,0,0,0,0,0,0,2293,45,6,2401.044549280407,1.6889999997147243,153476.25980000067,25066.619276057565
1788769201,197,GET,GET /articles/{id} (detail),0.000000,0.000000,0,0,0,0,0,0,0,0,0,0,0,981,13,6,1904.6425329255728,1.6521999996257364,153184.13549999968,2655.316004077472
1788769201,197,POST,[setup] POST /auth/login,0.000000,0.000000,0,0,0,0,0,0,0,0,0,0,0,52,5,900,42976.482932692285,223.36099999938597,152573.5766000007,163.67307692307693
1788769201,197,,Aggregated,0.000000,0.000000,0,0,0,0,0,0,0,0,0,0,0,10026,200,6,2728.269073299421,1.6521999996257364,183600.24609999981,23491.854478356272
1788769202,197,GET,GET /articles (anon),0.000000,0.000000,0,0,0,0,0,0,0,0,0,0,0,6700,137,6,2648.4774835970125,1.6583000005994109,183600.24609999981,26184.805820895523
1788769202,197,GET,GET /articles (list),0.000000,0.000000,0,0,0,0,0,0,0,0,0,0,0,2293,45,6,2401.044549280407,1.6889999997147243,153476.25980000067,25066.619276057565
1788769202,197,GET,GET /articles/{id} (detail),0.000000,0.000000,0,0,0,0,0,0,0,0,0,0,0,981,13,6,1904.6425329255728,1.6521999996257364,153184.13549999968,2655.316004077472
1788769202,197,POST,[setup] POST /auth/login,0.000000,0.000000,0,0,0,0,0,0,0,0,0,0,0,52,5,900,42976.482932692285,223.36099999938597,152573.5766000007,163.67307692307693
1788769202,197,,Aggregated,0.000000,0.000000,0,0,0,0,0,0,0,0,0,0,0,10026,200,6,2728.269073299421,1.6521999996257364,183600.24609999981,23491.854478356272
1788769203,197,GET,GET /articles (anon),0.000000,0.000000,0,0,0,0,0,0,0,0,0,0,0,6700,137,6,2648.4774835970125,1.6583000005994109,183600.24609999981,26184.805820895523
1788769203,197,GET,GET /articles (list),0.000000,0.000000,0,0,0,0,0,0,0,0,0,0,0,2293,45,6,2401.044549280407,1.6889999997147243,153476.25980000067,25066.619276057565
1788769203,197,GET,GET /articles/{id} (detail),0.000000,0.000000,0,0,0,0,0,0,0,0,0,0,0,981,13,6,1904.6425329255728,1.6521999996257364,153184.13549999968,2655.316004077472
1788769203,197,POST,[setup] POST /auth/login,0.000000,0.000000,0,0,0,0,0,0,0,0,0,0,0,52,5,900,42976.482932692285,223.36099999938597,152573.5766000007,163.67307692307693
1788769203,197,,Aggregated,0.000000,0.000000,0,0,0,0,0,0,0,0,0,0,0,10026,200,6,2728.269073299421,1.6521999996257364,183600.24609999981,23491.854478356272
1788769204,197,GET,GET /articles (anon),0.000000,0.000000,0,0,0,0,0,0,0,0,0,0,0,6700,137,6,2648.4774835970125,1.6583000005994109,183600.24609999981,26184.805820895523
1788769204,197,GET,GET /articles (list),0.000000,0.000000,0,0,0,0,0,0,0,0,0,0,0,2293,45,6,2401.044549280407,1.6889999997147243,153476.25980000067,25066.619276057565
1788769204,197,GET,GET /articles/{id} (detail),0.000000,0.000000,0,0,0,0,0,0,0,0,0,0,0,981,13,6,1904.6425329255728,1.6521999996257364,153184.13549999968,2655.316004077472
1788769204,197,POST,[setup] POST /auth/login,0.000000,0.000000,0,0,0,0,0,0,0,0,0,0,0,52,5,900,42976.482932692285,223.36099999938597,152573.5766000007,163.67307692307693
1788769204,197,,Aggregated,0.000000,0.000000,0,0,0,0,0,0,0,0,0,0,0,10026,200,6,2728.269073299421,1.6521999996257364,183600.24609999981,23491.854478356272
1788769205,197,GET,GET /articles (anon),0.000000,0.000000,0,0,0,0,0,0,0,0,0,0,0,6700,137,6,2648.4774835970125,1.6583000005994109,183600.24609999981,26184.805820895523
1788769205,197,GET,GET /articles (list),0.000000,0.000000,0,0,0,0,0,0,0,0,0,0,0,2293,45,6,2401.044549280407,1.6889999997147243,153476.25980000067,25066.619276057565
1788769205,197,GET,GET /articles/{id} (detail),0.000000,0.000000,0,0,0,0,0,0,0,0,0,0,0,981,13,6,1904.6425329255728,1.6521999996257364,153184.13549999968,2655.316004077472
1788769205,197,POST,[setup] POST /auth/login,0.000000,0.000000,0,0,0,0,0,0,0,0,0,0,0,52,5,900,42976.482932692285,223.36099999938597,152573.5766000007,163.67307692307693
1788769205,197,,Aggregated,0.000000,0.000000,0,0,0,0,0,0,0,0,0,0,0,10026,200,6,2728.269073299421,1.6521999996257364,183600.24609999981,23491.854478356272
1788769206,197,GET,GET /articles (anon),0.000000,0.000000,0,0,0,0,0,0,0,0,0,0,0,6700,137,6,2648.4774835970125,1.6583000005994109,183600.24609999981,26184.805820895523
1788769206,197,GET,GET /articles (list),0.000000,0.000000,0,0,0,0,0,0,0,0,0,0,0,2293,45,6,2401.044549280407,1.6889999997147243,153476.25980000067,25066.619276057565
1788769206,197,GET,GET /articles/{id} (detail),0.000000,0.000000,0,0,0,0,0,0,0,0,0,0,0,981,13,6,1904.6425329255728,1.6521999996257364,153184.13549999968,2655.316004077472
1788769206,197,POST,[setup] POST /auth/login,0.000000,0.000000,0,0,0,0,0,0,0,0,0,0,0,52,5,900,42976.482932692285,223.36099999938597,152573.5766000007,163.67307692307693
1788769206,197,,Aggregated,0.000000,0.000000,0,0,0,0,0,0,0,0,0,0,0,10026,200,6,2728.269073299421,1.6521999996257364,183600.24609999981,23491.854478356272
1788769207,197,GET,GET /articles (anon),0.000000,0.000000,0,0,0,0,0,0,0,0,0,0,0,6700,137,6,2648.4774835970125,1.6583000005994109,183600.24609999981,26184.805820895523
1788769207,197,GET,GET /articles (list),0.000000,0.000000,0,0,0,0,0,0,0,0,0,0,0,2293,45,6,2401.044549280407,1.6889999997147243,153476.25980000067,25066.619276057565
1788769207,197,GET,GET /articles/{id} (detail),0.000000,0.000000,0,0,0,0,0,0,0,0,0,0,0,981,13,6,1904.6425329255728,1.6521999996257364,153184.13549999968,2655.316004077472
1788769207,197,POST,[setup] POST /auth/login,0.000000,0.000000,0,0,0,0,0,0,0,0,0,0,0,52,5,900,42976.482932692285,223.36099999938597,152573.5766000007,163.67307692307693
1788769207,197,,Aggregated,0.000000,0.000000,0,0,0,0,0,0,0,0,0,0,0,10026,200,6,2728.269073299421,1.6521999996257364,183600.24609999981,23491.854478356272
1788769208,197,GET,GET /articles (anon),0.000000,0.000000,0,0,0,0,0,0,0,0,0,0,0,6700,137,6,2648.4774835970125,1.6583000005994109,183600.24609999981,26184.805820895523
1788769208,197,GET,GET /articles (list),0.000000,0.000000,0,0,0,0,0,0,0,0,0,0,0,2293,45,6,2401.044549280407,1.6889999997147243,153476.25980000067,25066.619276057565
1788769208,197,GET,GET /articles/{id} (detail),0.000000,0.000000,0,0,0,0,0,0,0,0,0,0,0,981,13,6,1904.6425329255728,1.6521999996257364,153184.13549999968,2655.316004077472
1788769208,197,POST,[setup] POST /auth/login,0.000000,0.000000,0,0,0,0,0,0,0,0,0,0,0,52,5,900,42976.482932692285,223.36099999938597,152573.5766000007,163.67307692307693
1788769208,197,,Aggregated,0.000000,0.000000,0,0,0,0,0,0,0,0,0,0,0,10026,200,6,2728.269073299421,1.6521999996257364,183600.24609999981,23491.854478356272
1788769209,197,GET,GET /articles (anon),0.000000,0.000000,0,0,0,0,0,0,0,0,0,0,0,6700,137,6,2648.4774835970125,1.6583000005994109,183600.24609999981,26184.805820895523
1788769209,197,GET,GET /articles (list),0.000000,0.000000,0,0,0,0,0,0,0,0,0,0,0,2293,45,6,2401.044549280407,1.6889999997147243,153476.25980000067,25066.619276057565
1788769209,197,GET,GET /articles/{id} (detail),0.000000,0.000000,0,0,0,0,0,0,0,0,0,0,0,981,13,6,1904.6425329255728,1.6521999996257364,153184.13549999968,2655.316004077472
1788769209,197,POST,[setup] POST /auth/login,0.000000,0.000000,0,0,0,0,0,0,0,0,0,0,0,52,5,900,42976.482932692285,223.36099999938597,152573.5766000007,163.67307692307693
1788769209,197,,Aggregated,0.000000,0.000000,0,0,0,0,0,0,0,0,0,0,0,10026,200,6,2728.269073299421,1.6521999996257364,183600.24609999981,23491.854478356272
1788769210,197,GET,GET /articles (anon),0.000000,0.000000,0,0,0,0,0,0,0,0,0,0,0,6700,137,6,2648.4774835970125,1.6583000005994109,183600.24609999981,26184.805820895523
1788769210,197,GET,GET /articles (list),0.000000,0.000000,0,0,0,0,0,0,0,0,0,0,0,2293,45,6,2401.044549280407,1.6889999997147243,153476.25980000067,25066.619276057565
1788769210,197,GET,GET /articles/{id} (detail),0.000000,0.000000,0,0,0,0,0,0,0,0,0,0,0,981,13,6,1904.6425329255728,1.6521999996257364,153184.13549999968,2655.316004077472
1788769210,197,POST,[setup] POST /auth/login,0.000000,0.000000,0,0,0,0,0,0,0,0,0,0,0,52,5,900,42976.482932692285,223.36099999938597,152573.5766000007,163.67307692307693
1788769210,197,,Aggregated,0.000000,0.000000,0,0,0,0,0,0,0,0,0,0,0,10026,200,6,2728.269073299421,1.6521999996257364,183600.24609999981,23491.854478356272
1788769211,197,GET,GET /articles (anon),0.000000,0.000000,0,0,0,0,0,0,0,0,0,0,0,6700,137,6,2648.4774835970125,1.6583000005994109,183600.24609999981,26184.805820895523
1788769211,197,GET,GET /articles (list),0.000000,0.000000,0,0,0,0,0,0,0,0,0,0,0,2293,45,6,2401.044549280407,1.6889999997147243,153476.25980000067,25066.619276057565
1788769211,197,GET,GET /articles/{id} (detail),0.000000,0.000000,0,0,0,0,0,0,0,0,0,0,0,981,13,6,1904.6425329255728,1.6521999996257364,153184.13549999968,2655.316004077472
1788769211,197,POST,[setup] POST /auth/login,0.000000,0.000000,0,0,0,0,0,0,0,0,0,0,0,52,5,900,42976.482932692285,223.36099999938597,152573.5766000007,163.67307692307693
1788769211,197,,Aggregated,0.000000,0.000000,0,0,0,0,0,0,0,0,0,0,0,10026,200,6,2728.269073299421,1.6521999996257364,183600.24609999981,23491.854478356272
1788769212,197,GET,GET /articles (anon),0.000000,0.000000,0,0,0,0,0,0,0,0,0,0,0,6700,137,6,2648.4774835970125,1.6583000005994109,183600.24609999981,26184.805820895523
1788769212,197,GET,GET /articles (list),0.000000,0.000000,0,0,0,0,0,0,0,0,0,0,0,2293,45,6,2401.044549280407,1.6889999997147243,153476.25980000067,25066.619276057565
1788769212,197,GET,GET /articles/{id} (detail),0.000000,0.000000,0,0,0,0,0,0,0,0,0,0,0,981,13,6,1904.6425329255728,1.6521999996257364,153184.13549999968,2655.316004077472
1788769212,197,POST,[setup] POST /auth/login,0.000000,0.000000,0,0,0,0,0,0,0,0,0,0,0,52,5,900,42976.482932692285,223.36099999938597,152573.5766000007,163.67307692307693
1788769212,197,,Aggregated,0.000000,0.000000,0,0,0,0,0,0,0,0,0,0,0,10026,200,6,2728.269073299421,1.6521999996257364,183600.24609999981,23491.854478356272
1788769213,197,GET,GET /articles (anon),0.000000,0.000000,0,0,0,0,0,0,0,0,0,0,0,6700,137,6,2648.4774835970125,1.6583000005994109,183600.24609999981,26184.805820895523
1788769213,197,GET,GET /articles (list),0.000000,0.000000,0,0,0,0,0,0,0,0,0,0,0,2293,45,6,2401.044549280407,1.6889999997147243,153476.25980000067,25066.619276057565
1788769213,197,GET,GET /articles/{id} (detail),0.000000,0.000000,0,0,0,0,0,0,0,0,0,0,0,981,13,6,1904.6425329255728,1.6521999996257364,153184.13549999968,2655.316004077472
1788769213,197,POST,[setup] POST /auth/login,0.000000,0.000000,0,0,0,0,0,0,0,0,0,0,0,52,5,900,42976.482932692285,223.36099999938597,152573.5766000007,163.67307692307693
1788769213,197,,Aggregated,0.000000,0.000000,0,0,0,0,0,0,0,0,0,0,0,10026,200,6,2728.269073299421,1.6521999996257364,183600.24609999981,23491.854478356272
1788769214,197,GET,GET /articles (anon),0.000000,0.000000,0,0,0,0,0,0,0,0,0,0,0,6700,137,6,2648.4774835970125,1.6583000005994109,183600.24609999981,26184.805820895523
1788769214,197,GET,GET /articles (list),0.000000,0.000000,0,0,0,0,0,0,0,0,0,0,0,2293,45,6,2401.044549280407,1.6889999997147243,153476.25980000067,25066.619276057565
1788769214,197,GET,GET /articles/{id} (detail),0.000000,0.000000,0,0,0,0,0,0,0,0,0,0,0,981,13,6,1904.6425329255728,1.6521999996257364,153184.13549999968,2655.316004077472
1788769214,197,POST,[setup] POST /auth/login,0.000000,0.000000,0,0,0,0,0,0,0,0,0,0,0,52,5,900,42976.482932692285,223.36099999938597,152573.5766000007,163.67307692307693
1788769214,197,,Aggregated,0.000000,0.000000,0,0,0,0,0,0,0,0,0,0,0,10026,200,6,2728.269073299421,1.6521999996257364,183600.24609999981,23491.854478356272
1788769215,197,GET,GET /articles (anon),0.000000,0.000000,0,0,0,0,0,0,0,0,0,0,0,6700,137,6,2648.4774835970125,1.6583000005994109,183600.24609999981,26184.805820895523
1788769215,197,GET,GET /articles (list),0.000000,0.000000,0,0,0,0,0,0,0,0,0,0,0,2293,45,6,2401.044549280407,1.6889999997147243,153476.25980000067,25066.619276057565
1788769215,197,GET,GET /articles/{id} (detail),0.000000,0.000000,0,0,0,0,0,0,0,0,0,0,0,981,13,6,1904.6425329255728,1.6521999996257364,153184.13549999968,2655.316004077472
1788769215,197,POST,[setup] POST /auth/login,0.000000,0.000000,0,0,0,0,0,0,0,0,0,0,0,52,5,900,42976.482932692285,223.36099999938597,152573.5766000007,163.67307692307693
1788769215,197,,Aggregated,0.000000,0.000000,0,0,0,0,0,0,0,0,0,0,0,10026,200,6,2728.269073299421,1.6521999996257364,183600.24609999981,23491.854478356272
1788769216,197,GET,GET /articles (anon),0.000000,0.000000,0,0,0,0,0,0,0,0,0,0,0,6700,137,6,2648.4774835970125,1.6583000005994109,183600.24609999981,26184.805820895523
1788769216,197,GET,GET /articles (list),0.000000,0.000000,0,0,0,0,0,0,0,0,0,0,0,2293,45,6,2401.044549280407,1.6889999997147243,153476.25980000067,25066.619276057565
1788769216,197,GET,GET /articles/{id} (detail),0.000000,0.000000,0,0,0,0,0,0,0,0,0,0,0,981,13,6,1904.6425329255728,1.6521999996257364,153184.13549999968,2655.316004077472
1788769216,197,POST,[setup] POST /auth/login,0.000000,0.000000,0,0,0,0,0,0,0,0,0,0,0,52,5,900,42976.482932692285,223.36099999938597,152573.5766000007,163.67307692307693
1788769216,197,,Aggregated,0.000000,0.000000,0,0,0,0,0,0,0,0,0,0,0,10026,200,6,2728.269073299421,1.6521999996257364,183600.24609999981,23491.854478356272
1788769217,197,GET,GET /articles (anon),0.000000,0.000000,0,0,0,0,0,0,0,0,0,0,0,6700,137,6,2648.4774835970125,1.6583000005994109,183600.24609999981,26184.805820895523
1788769217,197,GET,GET /articles (list),0.000000,0.000000,0,0,0,0,0,0,0,0,0,0,0,2293,45,6,2401.044549280407,1.6889999997147243,153476.25980000067,25066.619276057565
1788769217,197,GET,GET /articles/{id} (detail),0.000000,0.000000,0,0,0,0,0,0,0,0,0,0,0,981,13,6,1904.6425329255728,1.6521999996257364,153184.13549999968,2655.316004077472
1788769217,197,POST,[setup] POST /auth/login,0.000000,0.000000,0,0,0,0,0,0,0,0,0,0,0,52,5,900,42976.482932692285,223.36099999938597,152573.5766000007,163.67307692307693
1788769217,197,,Aggregated,0.000000,0.000000,0,0,0,0,0,0,0,0,0,0,0,10026,200,6,2728.269073299421,1.6521999996257364,183600.24609999981,23491.854478356272
1788769218,197,GET,GET /articles (anon),0.000000,0.000000,0,0,0,0,0,0,0,0,0,0,0,6700,137,6,2648.4774835970125,1.6583000005994109,183600.24609999981,26184.805820895523
1788769218,197,GET,GET /articles (list),0.000000,0.000000,0,0,0,0,0,0,0,0,0,0,0,2293,45,6,2401.044549280407,1.6889999997147243,153476.25980000067,25066.619276057565
1788769218,197,GET,GET /articles/{id} (detail),0.000000,0.000000,0,0,0,0,0,0,0,0,0,0,0,981,13,6,1904.6425329255728,1.6521999996257364,153184.13549999968,2655.316004077472
1788769218,197,POST,[setup] POST /auth/login,0.000000,0.000000,0,0,0,0,0,0,0,0,0,0,0,52,5,900,42976.482932692285,223.36099999938597,152573.5766000007,163.67307692307693
1788769218,197,,Aggregated,0.000000,0.000000,0,0,0,0,0,0,0,0,0,0,0,10026,200,6,2728.269073299421,1.6521999996257364,183600.24609999981,23491.854478356272
1788769219,197,GET,GET /articles (anon),0.000000,0.000000,0,0,0,0,0,0,0,0,0,0,0,6700,137,6,2648.4774835970125,1.6583000005994109,183600.24609999981,26184.805820895523
1788769219,197,GET,GET /articles (list),0.000000,0.000000,0,0,0,0,0,0,0,0,0,0,0,2293,45,6,2401.044549280407,1.6889999997147243,153476.25980000067,25066.619276057565
1788769219,197,GET,GET /articles/{id} (detail),0.000000,0.000000,0,0,0,0,0,0,0,0,0,0,0,981,13,6,1904.6425329255728,1.6521999996257364,153184.13549999968,2655.316004077472
1788769219,197,POST,[setup] POST /auth/login,0.000000,0.000000,0,0,0,0,0,0,0,0,0,0,0,52,5,900,42976.482932692285,223.36099999938597,152573.5766000007,163.67307692307693
1788769219,197,,Aggregated,0.000000,0.000000,0,0,0,0,0,0,0,0,0,0,0,10026,200,6,2728.269073299421,1.6521999996257364,183600.24609999981,23491.854478356272
1788769220,197,GET,GET /articles (anon),0.000000,0.000000,0,0,0,0,0,0,0,0,0,0,0,6700,137,6,2648.4774835970125,1.6583000005994109,183600.24609999981,26184.805820895523
1788769220,197,GET,GET /articles (list),0.000000,0.000000,0,0,0,0,0,0,0,0,0,0,0,2293,45,6,2401.044549280407,1.6889999997147243,153476.25980000067,25066.619276057565
1788769220,197,GET,GET /articles/{id} (detail),0.000000,0.000000,0,0,0,0,0,0,0,0,0,0,0,981,13,6,1904.6425329255728,1.6521999996257364,153184.13549999968,2655.316004077472
1788769220,197,POST,[setup] POST /auth/login,0.000000,0.000000,0,0,0,0,0,0,0,0,0,0,0,52,5,900,42976.482932692285,223.36099999938597,152573.5766000007,163.67307692307693
1788769220,197,,Aggregated,0.000000,0.000000,0,0,0,0,0,0,0,0,0,0,0,10026,200,6,2728.269073299421,1.6521999996257364,183600.24609999981,23491.854478356272
1788769221,197,GET,GET /articles (anon),0.000000,0.000000,0,0,0,0,0,0,0,0,0,0,0,6700,137,6,2648.4774835970125,1.6583000005994109,183600.24609999981,26184.805820895523
1788769221,197,GET,GET /articles (list),0.000000,0.000000,0,0,0,0,0,0,0,0,0,0,0,2293,45,6,2401.044549280407,1.6889999997147243,153476.25980000067,25066.619276057565
1788769221,197,GET,GET /articles/{id} (detail),0.000000,0.000000,0,0,0,0,0,0,0,0,0,0,0,981,13,6,1904.6425329255728,1.6521999996257364,153184.13549999968,2655.316004077472
1788769221,197,POST,[setup] POST /auth/login,0.000000,0.000000,0,0,0,0,0,0,0,0,0,0,0,52,5,900,42976.482932692285,223.36099999938597,152573.5766000007,163.67307692307693
1788769221,197,,Aggregated,0.000000,0.000000,0,0,0,0,0,0,0,0,0,0,0,10026,200,6,2728.269073299421,1.6521999996257364,183600.24609999981,23491.854478356272
1788769222,197,GET,GET /articles (anon),0.000000,0.000000,0,0,0,0,0,0,0,0,0,0,0,6700,137,6,2648.4774835970125,1.6583000005994109,183600.24609999981,26184.805820895523
1788769222,197,GET,GET /articles (list),0.000000,0.000000,0,0,0,0,0,0,0,0,0,0,0,2293,45,6,2401.044549280407,1.6889999997147243,153476.25980000067,25066.619276057565
1788769222,197,GET,GET /articles/{id} (detail),0.000000,0.000000,0,0,0,0,0,0,0,0,0,0,0,981,13,6,1904.6425329255728,1.6521999996257364,153184.13549999968,2655.316004077472
1788769222,197,POST,[setup] POST /auth/login,0.000000,0.000000,0,0,0,0,0,0,0,0,0,0,0,52,5,900,42976.482932692285,223.36099999938597,152573.5766000007,163.67307692307693
1788769222,197,,Aggregated,0.000000,0.000000,0,0,0,0,0,0,0,0,0,0,0,10026,200,6,2728.269073299421,1.6521999996257364,183600.24609999981,23491.854478356272
