Timestamp,User Count,Type,Name,Requests/s,Failures/s,50%,66%,75%,80%,90%,95%,98%,99%,99.9%,99.99%,100%,Total Request Count,Total Failure Count,Total Median Response Time,Total Average Response Time,Total Min Response Time,Total Max Response Time,Total Average Content Size
1788770770,0,,Aggregated,0.000000,0.000000,N/A,N/A,N/A,N/A,N/A,N/A,N/A,N/A,N/A,N/A,N/A,0,0,0,0.0,0,0,0
1788770771,10,GET,GET /articles (anon),0.000000,0.000000,0,0,0,0,0,0,0,0,0,0,0,11,0,40,29.419972727406606,4.141399999753048,43.72869999951945,26731.0
1788770771,10,GET,GET /articles (list),0.000000,0.000000,0,0,0,0,0,0,0,0,0,0,0,4,0,6,6.40409999982694,5.993499999931373,7.081099999595608,24460.5
1788770771,10,POST,[setup] POST /auth/login,0.000000,0.000000,0,0,0,0,0,0,0,0,0,0,0,3,0,248.37699999989127,247.23053333339826,246.47290000029898,248.37699999989127,178.0
1788770771,10,,Aggregated,0.000000,0.000000,0,0,0,0,0,0,0,0,0,0,0,18,0,34,60.60709444449862,4.141399999753048,248.37699999989127,21800.944444444445
1788770772,10,GET,GET /articles (anon),0.000000,0.000000,6,6,7,7,18,18,18,18,18,18,18,18,0,12,20.65582777782361,2.6975999999194755,43.72869999951945,26731.0
1788770772,10,GET,GET /articles (list),0.000000,0.000000,7,7,7,7,7,7,7,7,7,7,7,4,0,6,6.40409999982694,5.993499999931373,7.081099999595608,24460.5
1788770772,10,GET,GET /articles/{id} (detail),0.000000,0.000000,0,0,0,0,0,0,0,0,0,0,0,2,0,2.2915999998076586,9.628999999677035,2.2915999998076586,16.96639999954641,2240.0
1788770772,10,POST,[setup] POST /auth/login,0.000000,0.000000,250,250,250,250,250,250,250,250,250,250,250,3,0,248.37699999989127,247.23053333339826,246.47290000029898,248.37699999989127,178.0
1788770772,10,,Aggregated,0.000000,0.000000,6,7,7,7,17,18,18,18,18,18,18,27,0,12,42.90262592591413,2.2915999998076586,248.37699999989127,21630.14814814815
1788770773,10,GET,GET /articles (anon),10.000000,0.000000,5,6,6,6,7,18,18,18,18,18,18,26,0,6,15.812038461612806,2.6975999999194755,43.72869999951945,26731.0
1788770773,10,GET,GET /articles (list),3.000000,0.000000,6,6,7,7,7,7,7,7,7,7,7,6,0,6,5.936183333233203,4.017700000076729,7.081099999595608,24996.166666666668
1788770773,10,GET,GET /articles/{id} (detail),0.000000,0.000000,4,4,4,4,4,4,4,4,4,4,4,3,0,4,7.697166666730482,2.2915999998076586,16.96639999954641,2134.6666666666665
1788770773,10,POST,[setup] POST /auth/login,3.000000,0.000000,250,250,250,250,250,250,250,250,250,250,250,3,0,248.37699999989127,247.23053333339826,246.47290000029898,248.37699999989127,178.0
1788770773,10,,Aggregated,16.000000,0.000000,5,6,6,7,7,17,18,18,18,18,18,38,0,6,31.881926315834693,2.2915999998076586,248.37699999989127,22418.973684210527
1788770774,10,GET,GET /articles (anon),8.500000,0.000000,5,6,7,7,7,7,18,18,18,18,18,32,0,6,13.98942187506691,2.6975999999194755,43.72869999951945,26731.0
1788770774,10,GET,GET /articles (list),2.000000,0.000000,7,7,11,11,11,11,11,11,11,11,11,7,0,6,6.6300142856822015,4.017700000076729,10.793000000376196,25054.428571428572
1788770774,10,GET,GET /articles/{id} (detail),1.000000,0.000000,5,5,8,8,8,8,8,8,8,8,8,5,0,5,7.149800000115647,2.2915999998076586,16.96639999954641,2239.8
1788770774,10,POST,[setup] POST /auth/login,1.500000,0.000000,250,250,250,250,250,250,250,250,250,250,250,3,0,248.37699999989127,247.23053333339826,246.47290000029898,248.37699999989127,178.0
1788770774,10,,Aggregated,13.000000,0.000000,5,6,7,7,8,17,18,18,18,18,18,47,0,6,27.05345106388701,2.2915999998076586,248.37699999989127,22180.978723404256
1788770775,10,GET,GET /articles (anon),8.500000,0.000000,6,6,7,7,7,9,18,18,18,18,18,42,0,6,12.019145238138575,2.6975999999194755,43.72869999951945,26731.0
1788770775,10,GET,GET /articles (list),2.000000,0.000000,6,6,7,7,11,11,11,11,11,11,11,9,0,6,6.068388888808032,2.567300000009709,10.793000000376196,24922.444444444445
1788770775,10,GET,GET /articles/{id} (detail),1.000000,0.000000,5,5,8,8,8,8,8,8,8,8,8,6,0,4,6.354466666834924,2.2915999998076586,16.96639999954641,2401.0
1788770775,10,POST,[setup] POST /auth/login,1.500000,0.000000,250,250,250,250,250,250,250,250,250,250,250,3,0,248.37699999989127,247.23053333339826,246.47290000029898,248.37699999989127,178.0
1788770775,10,,Aggregated,13.000000,0.000000,6,6,7,7,8,11,18,18,18,18,18,60,0,6,22.320633333371614,2.2915999998076586,248.37699999989127,22699.066666666666
1788770776,10,GET,GET /articles (anon),8.000000,0.000000,6,6,7,7,9,10,18,18,18,18,18,48,0,6,11.485489583397642,2.6975999999194755,43.72869999951945,26731.0
1788770776,10,GET,GET /articles (list),2.000000,0.000000,7,8,9,9,11,11,11,11,11,11,11,11,0,6,6.523163636219661,2.567300000009709,10.793000000376196,24838.454545454544
1788770776,10,GET,GET /articles/{id} (detail),1.000000,0.000000,5,5,6,6,8,8,8,8,8,8,8,8,0,4,5.891000000133317,2.2915999998076586,16.96639999954641,2620.125
1788770776,10,POST,[setup] POST /auth/login,1.000000,0.000000,250,250,250,250,250,250,250,250,250,250,250,3,0,248.37699999989127,247.23053333339826,246.47290000029898,248.37699999989127,178.0
1788770776,10,,Aggregated,12.000000,0.000000,6,6,7,8,9,11,17,18,18,18,18,70,0,6,20.169684285753778,2.2915999998076586,248.37699999989127,22540.085714285713
1788770777,10,GET,GET /articles (anon),7.750000,0.000000,6,6,7,7,8,9,18,18,18,18,18,55,0,6,10.642503636435405,2.576500000031956,43.72869999951945,26731.0
1788770777,10,GET,GET /articles (list),1.750000,0.000000,7,7,8,9,11,11,11,11,11,11,11,13,0,6,6.387915384528662,2.567300000009709,10.793000000376196,24780.30769230769
1788770777,10,GET,GET /articles/{id} (detail),1.250000,0.000000,5,5,6,6,8,8,8,8,8,8,8,9,0,5,5.753811111288895,2.2915999998076586,16.96639999954641,2685.3333333333335
1788770777,10,POST,[setup] POST /auth/login,0.750000,0.000000,250,250,250,250,250,250,250,250,250,250,250,3,0,248.37699999989127,247.23053333339826,246.47290000029898,248.37699999989127,178.0
1788770777,10,,Aggregated,11.500000,0.000000,6,6,7,7,9,10,17,18,18,18,18,80,0,6,18.273206250057683,2.2915999998076586,248.37699999989127,22713.1375
1788770778,10,GET,GET /articles (anon),8.000000,0.000000,5,6,7,7,8,9,10,18,18,18,18,63,0,6,9.947815873067793,2.56829999943875,43.72869999951945,26731.0
1788770778,10,GET,GET /articles (list),1.833333,0.000000,7,7,9,9,9,11,11,11,11,11,11,15,0,6,6.475266666590566,2.567300000009709,10.793000000376196,24951.933333333334
1788770778,10,GET,GET /articles/{id} (detail),1.333333,0.000000,5,5,6,6,8,8,8,8,8,8,8,9,0,5,5.753811111288895,2.2915999998076586,16.96639999954641,2685.3333333333335
1788770778,10,POST,[setup] POST /auth/login,0.500000,0.000000,250,250,250,250,250,250,250,250,250,250,250,3,0,248.37699999989127,247.23053333339826,246.47290000029898,248.37699999989127,178.0
1788770778,10,,Aggregated,11.666667,0.000000,6,6,7,7,9,10,17,18,18,18,18,90,0,6,16.859081111154712,2.2915999998076586,248.37699999989127,23144.82222222222
1788770779,10,GET,GET /articles (anon),8.000000,0.000000,5,6,7,7,9,11,11,18,18,18,18,70,0,6,9.556968571515815,2.56829999943875,43.72869999951945,26731.0
1788770779,10,GET,GET /articles (list),1.833333,0.000000,7,8,9,9,11,13,13,13,13,13,13,17,0,6,6.882052941096738,2.567300000009709,13.114600000335486,25161.235294117647
1788770779,10,GET,GET /articles/{id} (detail),1.333333,0.000000,5,6,6,6,8,8,8,8,8,8,8,10,0,5,5.796150000151101,2.2915999998076586,16.96639999954641,2661.7
1788770779,10,POST,[setup] POST /auth/login,0.500000,0.000000,250,250,250,250,250,250,250,250,250,250,250,3,0,248.37699999989127,247.23053333339826,246.47290000029898,248.37699999989127,178.0
1788770779,10,,Aggregated,11.666667,0.000000,6,6,7,7,9,11,17,18,18,18,18,100,0,6,15.856358000064574,2.2915999998076586,248.37699999989127,23260.62
1788770780,10,GET,GET /articles (anon),7.750000,0.000000,6,6,7,7,9,11,13,18,18,18,18,80,0,6,9.228750000079344,2.56829999943875,43.72869999951945,26731.0
1788770780,10,GET,GET /articles (list),1.875000,0.000000,7,7,9,9,11,13,13,13,13,13,13,19,0,6,6.822021052549213,2.567300000009709,13.114600000335486,25326.473684210527
1788770780,10,GET,GET /articles/{id} (detail),1.125000,0.000000,5,6,6,7,8,8,8,8,8,8,8,11,0,5,5.927045454634274,2.2915999998076586,16.96639999954641,2713.181818181818
1788770780,10,POST,[setup] POST /auth/login,0.375000,0.000000,250,250,250,250,250,250,250,250,250,250,250,3,0,248.37699999989127,247.23053333339826,246.47290000029898,248.37699999989127,178.0
1788770780,10,,Aggregated,11.125000,0.000000,6,6,7,7,9,12,17,18,18,18,18,113,0,6,14.821305309787206,2.2915999998076586,248.37699999989127,23451.87610619469
1788770781,10,GET,GET /articles (anon),7.777778,0.000000,5,6,7,7,9,11,12,13,13,13,13,85,0,6,8.88907882359918,2.56829999943875,43.72869999951945,26731.0
1788770781,10,GET,GET /articles (list),1.888889,0.000000,7,7,8,9,11,13,13,13,13,13,13,22,0,6,6.704490909007952,2.567300000009709,13.114600000335486,25518.0
1788770781,10,GET,GET /articles/{id} (detail),1.111111,0.000000,5,6,6,7,8,8,8,8,8,8,8,11,0,5,5.927045454634274,2.2915999998076586,16.96639999954641,2713.181818181818
1788770781,10,POST,[setup] POST /auth/login,0.333333,0.000000,250,250,250,250,250,250,250,250,250,250,250,3,0,248.37699999989127,247.23053333339826,246.47290000029898,248.37699999989127,178.0
1788770781,10,,Aggregated,11.111111,0.000000,6,6,7,7,9,11,13,13,13,13,13,121,0,6,14.131897520704769,2.2915999998076586,248.37699999989127,23668.677685950413
1788770782,10,GET,GET /articles (anon),7.600000,0.000000,5,6,7,7,9,11,12,13,13,13,13,91,0,6,8.66670659348069,2.56829999943875,43.72869999951945,26731.0
1788770782,10,GET,GET /articles (list),1.900000,0.000000,7,8,9,9,11,13,13,13,13,13,13,24,0,6,6.612220833214148,2.53199999951903,13.114600000335486,25619.083333333332
1788770782,10,GET,GET /articles/{id} (detail),1.100000,0.000000,6,6,6,7,8,8,8,8,8,8,8,12,0,5,5.900900000066637,2.2915999998076586,16.96639999954641,2561.8333333333335
1788770782,10,POST,[setup] POST /auth/login,0.300000,0.000000,250,250,250,250,250,250,250,250,250,250,250,3,0,248.37699999989127,247.23053333339826,246.47290000029898,248.37699999989127,178.0
1788770782,10,,Aggregated,10.900000,0.000000,6,6,7,8,9,11,13,13,13,13,13,130,0,6,13.537430769268282,2.2915999998076586,248.37699999989127,23681.96153846154
1788770783,10,GET,GET /articles (anon),7.400000,0.000000,5,6,6,7,10,11,12,13,13,13,13,101,0,5,8.338801980253175,2.56829999943875,43.72869999951945,26731.0
1788770783,10,GET,GET /articles (list),1.900000,0.000000,7,8,9,9,10,13,13,13,13,13,13,27,0,6,6.662837036889902,2.53199999951903,13.114600000335486,25742.62962962963
1788770783,10,GET,GET /articles/{id} (detail),1.100000,0.000000,6,6,6,6,7,7,7,7,7,7,7,12,0,5,5.900900000066637,2.2915999998076586,16.96639999954641,2561.8333333333335
1788770783,10,POST,[setup] POST /auth/login,0.000000,0.000000,250,250,250,250,250,250,250,250,250,250,250,3,0,248.37699999989127,247.23053333339826,246.47290000029898,248.37699999989127,178.0
1788770783,10,,Aggregated,10.400000,0.000000,5,6,7,8,9,11,13,13,13,13,13,143,0,6,12.829496503514633,2.2915999998076586,248.37699999989127,23959.146853146853
1788770784,10,GET,GET /articles (anon),7.300000,0.000000,5,6,7,8,10,11,12,13,13,13,13,106,0,5,8.226333962318437,2.56829999943875,43.72869999951945,26731.0
1788770784,10,GET,GET /articles (list),1.900000,0.000000,7,8,9,9,10,13,13,13,13,13,13,29,0,6,6.602634482611581,2.53199999951903,13.114600000335486,25810.793103448275
1788770784,10,GET,GET /articles/{id} (detail),1.000000,0.000000,6,6,7,7,8,8,8,8,8,8,8,13,0,6,6.044630769233313,2.2915999998076586,16.96639999954641,2645.230769230769
1788770784,10,POST,[setup] POST /auth/login,0.000000,0.000000,250,250,250,250,250,250,250,250,250,250,250,3,0,248.37699999989127,247.23053333339826,246.47290000029898,248.37699999989127,178.0
1788770784,10,,Aggregated,10.200000,0.000000,6,7,7,8,9,11,13,13,13,13,13,151,0,6,12.4750966887531,2.2915999998076586,248.37699999989127,23953.119205298015
1788770785,10,GET,GET /articles (anon),7.500000,0.000000,5,6,6,7,9,11,12,13,13,13,13,114,0,5,7.958904385990887,2.437399999507761,43.72869999951945,26731.0
1788770785,10,GET,GET /articles (list),2.100000,0.000000,7,7,8,9,10,13,13,13,13,13,13,30,0,6,6.541836666535043,2.53199999951903,13.114600000335486,25797.233333333334
1788770785,10,GET,GET /articles/{id} (detail),0.900000,0.000000,6,6,7,7,8,8,8,8,8,8,8,15,0,6,5.8868866666064905,2.2915999998076586,16.96639999954641,2658.4
1788770785,10,POST,[setup] POST /auth/login,0.000000,0.000000,250,250,250,250,250,250,250,250,250,250,250,3,0,248.37699999989127,247.23053333339826,246.47290000029898,248.37699999989127,178.0
1788770785,10,,Aggregated,10.500000,0.000000,5,6,7,7,9,11,13,13,13,13,13,162,0,6,11.93558703702657,2.2915999998076586,248.37699999989127,23837.413580246914
1788770786,10,GET,GET /articles (anon),7.400000,0.000000,5,6,6,7,10,11,12,13,13,13,13,122,0,5,7.881819672160209,2.437399999507761,43.72869999951945,26731.0
1788770786,10,GET,GET /articles (list),2.200000,0.000000,7,7,8,9,10,13,13,13,13,13,13,31,0,6,6.531935483742986,2.53199999951903,13.114600000335486,25827.354838709678
1788770786,10,GET,GET /articles/{id} (detail),0.800000,0.000000,6,6,6,7,8,8,8,8,8,8,8,17,0,5,5.592841176407734,2.2915999998076586,16.96639999954641,2595.705882352941
1788770786,10,POST,[setup] POST /auth/login,0.000000,0.000000,250,250,250,250,250,250,250,250,250,250,250,3,0,248.37699999989127,247.23053333339826,246.47290000029898,248.37699999989127,178.0
1788770786,10,,Aggregated,10.400000,0.000000,5,6,7,8,9,11,13,13,13,13,13,173,0,6,11.565560115599446,2.2915999998076586,248.37699999989127,23736.942196531792
1788770787,10,GET,GET /articles (anon),7.000000,0.000000,5,6,7,8,11,11,12,13,13,13,13,131,0,6,7.818831297723271,2.437399999507761,43.72869999951945,26731.0
1788770787,10,GET,GET /articles (list),2.100000,0.000000,7,7,8,8,10,13,13,13,13,13,13,31,0,6,6.531935483742986,2.53199999951903,13.114600000335486,25827.354838709678
1788770787,10,GET,GET /articles/{id} (detail),0.800000,0.000000,6,6,7,8,9,9,9,9,9,9,9,18,0,5,5.766338888810828,2.2915999998076586,16.96639999954641,2664.6666666666665
1788770787,10,POST,[setup] POST /auth/login,0.000000,0.000000,250,250,250,250,250,250,250,250,250,250,250,3,0,248.37699999989127,247.23053333339826,246.47290000029898,248.37699999989127,178.0
1788770787,10,,Aggregated,9.900000,0.000000,6,7,7,8,10,11,13,13,13,13,13,183,0,6,11.32373005462607,2.2915999998076586,248.37699999989127,23775.448087431694
1788770788,10,GET,GET /articles (anon),7.300000,0.000000,5,6,7,8,9,11,12,13,13,13,13,137,0,6,7.728482481767445,2.437399999507761,43.72869999951945,26731.0
1788770788,10,GET,GET /articles (list),1.900000,0.000000,6,7,7,7,9,10,10,10,10,10,10,33,0,6,6.314366666546531,2.53199999951903,13.114600000335486,25882.121212121212
1788770788,10,GET,GET /articles/{id} (detail),0.800000,0.000000,6,6,7,8,9,9,9,9,9,9,9,19,0,5,5.645857894657973,2.2915999998076586,16.96639999954641,2707.5789473684213
1788770788,10,POST,[setup] POST /auth/login,0.000000,0.000000,250,250,250,250,250,250,250,250,250,250,250,3,0,248.37699999989127,247.23053333339826,246.47290000029898,248.37699999989127,178.0
1788770788,10,,Aggregated,10.000000,0.000000,5,6,7,8,9,11,12,13,13,13,13,192,0,6,11.021557812483707,2.2915999998076586,248.37699999989127,23792.890625
1788770789,10,GET,GET /articles (anon),7.400000,0.000000,5,6,7,7,9,10,11,12,12,12,12,146,0,6,7.65166986303322,2.437399999507761,43.72869999951945,26731.0
1788770789,10,GET,GET /articles (list),1.800000,0.000000,6,7,8,8,10,10,10,10,10,10,10,35,0,6,6.430577142730597,2.53199999951903,13.114600000335486,25930.628571428573
1788770789,10,GET,GET /articles/{id} (detail),0.800000,0.000000,6,6,7,8,9,9,9,9,9,9,9,20,0,5,5.592479999904754,2.2915999998076586,16.96639999954641,2736.65
1788770789,10,POST,[setup] POST /auth/login,0.000000,0.000000,0,0,0,0,0,0,0,0,0,0,0,3,0,248.37699999989127,247.23053333339826,246.47290000029898,248.37699999989127,178.0
1788770789,10,,Aggregated,10.000000,0.000000,5,6,7,8,9,10,11,12,12,12,12,204,0,6,10.763505882336817,2.2915999998076586,248.37699999989127,23850.808823529413
1788770790,10,GET,GET /articles (anon),7.400000,0.000000,5,7,7,8,9,10,11,12,12,12,12,151,0,6,7.627413245046643,2.437399999507761,43.72869999951945,26731.0
1788770790,10,GET,GET /articles (list),1.800000,0.000000,6,7,7,9,10,10,10,10,10,10,10,37,0,6,6.395072972834995,2.53199999951903,13.114600000335486,25728.432432432433
1788770790,10,GET,GET /articles/{id} (detail),1.000000,0.000000,6,6,6,8,9,9,9,9,9,9,9,21,0,5,5.594899999908064,2.2915999998076586,16.96639999954641,2756.0476190476193
1788770790,10,POST,[setup] POST /auth/login,0.000000,0.000000,0,0,0,0,0,0,0,0,0,0,0,3,0,248.37699999989127,247.23053333339826,246.47290000029898,248.37699999989127,178.0
1788770790,10,,Aggregated,10.200000,0.000000,6,7,7,8,9,10,11,12,12,12,12,212,0,6,10.601611320732085,2.2915999998076586,248.37699999989127,23805.396226415094
1788770791,10,GET,GET /articles (anon),7.300000,0.000000,6,7,8,8,9,11,11,12,12,12,12,157,0,6,7.625477707021274,2.307499999915308,43.72869999951945,26731.0
1788770791,10,GET,GET /articles (list),1.700000,0.000000,7,7,9,9,10,10,10,10,10,10,10,39,0,6,6.504376922958517,2.53199999951903,13.114600000335486,25745.82051282051
1788770791,10,GET,GET /articles/{id} (detail),0.900000,0.000000,6,6,7,7,8,9,9,9,9,9,9,22,0,5,5.6733818181039,2.2915999998076586,16.96639999954641,2752.590909090909
1788770791,10,POST,[setup] POST /auth/login,0.000000,0.000000,0,0,0,0,0,0,0,0,0,0,0,3,0,248.37699999989127,247.23053333339826,246.47290000029898,248.37699999989127,178.0
1788770791,10,,Aggregated,9.900000,0.000000,6,7,8,8,9,10,11,12,12,12,12,221,0,6,10.485867420797296,2.2915999998076586,248.37699999989127,23809.70588235294
1788770792,10,GET,GET /articles (anon),7.300000,0.000000,6,7,8,8,10,11,14,15,15,15,15,164,0,6,7.6659036585569105,2.307499999915308,43.72869999951945,26731.0
1788770792,10,GET,GET /articles (list),1.800000,0.000000,6,7,7,8,10,10,10,10,10,10,10,40,0,6,6.5365274998839595,2.53199999951903,13.114600000335486,25770.45
1788770792,10,GET,GET /articles/{id} (detail),1.000000,0.000000,6,7,8,8,9,15,15,15,15,15,15,23,0,6,6.073808695557249,2.2915999998076586,16.96639999954641,2663.695652173913
1788770792,10,POST,[setup] POST /auth/login,0.000000,0.000000,0,0,0,0,0,0,0,0,0,0,0,3,0,248.37699999989127,247.23053333339826,246.47290000029898,248.37699999989127,178.0
1788770792,10,,Aggregated,10.100000,0.000000,6,7,8,8,10,11,15,15,15,15,15,230,0,6,10.435036956507405,2.2915999998076586,248.37699999989127,23810.873913043477
1788770793,10,GET,GET /articles (anon),7.200000,0.000000,7,8,8,9,10,11,14,15,15,15,15,172,0,6,7.652582558156885,2.307499999915308,43.72869999951945,26731.0
1788770793,10,GET,GET /articles (list),1.600000,0.000000,6,7,7,8,10,10,10,10,10,10,10,43,0,6,6.446299999900708,2.53199999951903,13.114600000335486,25775.74418604651
1788770793,10,GET,GET /articles/{id} (detail),1.100000,0.000000,6,6,7,9,15,15,15,15,15,15,15,23,0,6,6.073808695557249,2.2915999998076586,16.96639999954641,2663.695652173913
1788770793,10,POST,[setup] POST /auth/login,0.000000,0.000000,0,0,0,0,0,0,0,0,0,0,0,3,0,248.37699999989127,247.23053333339826,246.47290000029898,248.37699999989127,178.0
1788770793,10,,Aggregated,9.900000,0.000000,6,7,8,8,10,11,15,15,15,15,15,241,0,6,10.268980497911727,2.2915999998076586,248.37699999989127,23933.145228215766
1788770794,10,GET,GET /articles (anon),7.200000,0.000000,7,8,8,9,10,11,14,15,15,15,15,179,0,6,7.60678715085295,2.307499999915308,43.72869999951945,26731.0
1788770794,10,GET,GET /articles (list),1.700000,0.000000,6,6,7,8,10,10,10,10,10,10,10,44,0,6,6.443602272631986,2.53199999951903,13.114600000335486,25767.295454545456
1788770794,10,GET,GET /articles/{id} (detail),1.100000,0.000000,6,7,7,7,9,15,15,15,15,15,15,25,0,6,6.134459999921091,2.2915999998076586,16.96639999954641,2652.4
1788770794,10,POST,[setup] POST /auth/login,0.000000,0.000000,0,0,0,0,0,0,0,0,0,0,0,3,0,248.37699999989127,247.23053333339826,246.47290000029898,248.37699999989127,178.0
1788770794,10,,Aggregated,10.000000,0.000000,6,7,8,9,10,11,15,15,15,15,15,251,0,6,10.120264940225926,2.2915999998076586,248.37699999989127,23846.43027888446
1788770795,10,GET,GET /articles (anon),7.200000,0.000000,7,8,8,9,10,11,14,15,15,15,15,186,0,6,7.554491397860803,2.307499999915308,43.72869999951945,26731.0
1788770795,10,GET,GET /articles (list),1.600000,0.000000,6,7,8,8,10,10,10,10,10,10,10,46,0,6,6.5087239129594385,2.53199999951903,13.114600000335486,25710.478260869564
1788770795,10,GET,GET /articles/{id} (detail),1.100000,0.000000,6,7,7,7,9,15,15,15,15,15,15,27,0,6,5.9586851851202445,2.2915999998076586,16.96639999954641,2640.5185185185187
1788770795,10,POST,[setup] POST /auth/login,0.000000,0.000000,0,0,0,0,0,0,0,0,0,0,0,3,0,248.37699999989127,247.23053333339826,246.47290000029898,248.37699999989127,178.0
1788770795,10,,Aggregated,9.900000,0.000000,7,7,8,8,10,11,15,15,15,15,15,262,0,6,9.950812213727804,2.2915999998076586,248.37699999989127,23765.175572519085
1788770796,10,GET,GET /articles (anon),6.900000,0.000000,7,8,8,8,9,10,14,15,15,15,15,193,0,6,7.500819689132016,2.307499999915308,43.72869999951945,26731.0
1788770796,10,GET,GET /articles (list),1.500000,0.000000,6,7,8,8,10,10,10,10,10,10,10,49,0,6,6.522795918313857,2.53199999951903,13.114600000335486,25680.285714285714
1788770796,10,GET,GET /articles/{id} (detail),1.200000,0.000000,7,7,7,9,15,15,15,15,15,15,15,27,0,6,5.9586851851202445,2.2915999998076586,16.96639999954641,2640.5185185185187
1788770796,10,POST,[setup] POST /auth/login,0.000000,0.000000,0,0,0,0,0,0,0,0,0,0,0,3,0,248.37699999989127,247.23053333339826,246.47290000029898,248.37699999989127,178.0
1788770796,10,,Aggregated,9.600000,0.000000,6,7,8,8,9,10,15,15,15,15,15,272,0,6,9.815629779405512,2.2915999998076586,248.37699999989127,23857.51838235294
1788770797,10,GET,GET /articles (anon),7.200000,0.000000,7,8,8,9,10,13,14,15,15,15,15,203,0,6,7.518206896555219,2.307499999915308,43.72869999951945,26731.0
1788770797,10,GET,GET /articles (list),1.500000,0.000000,6,8,8,8,10,10,10,10,10,10,10,50,0,6,6.466833999947994,2.53199999951903,13.114600000335486,25701.3
1788770797,10,GET,GET /articles/{id} (detail),1.300000,0.000000,7,7,9,9,12,15,15,15,15,15,15,29,0,6,6.251224137893837,2.2915999998076586,16.96639999954641,2625.206896551724
1788770797,10,POST,[setup] POST /auth/login,0.000000,0.000000,0,0,0,0,0,0,0,0,0,0,0,3,0,248.37699999989127,247.23053333339826,246.47290000029898,248.37699999989127,178.0
1788770797,10,,Aggregated,10.000000,0.000000,7,8,8,9,10,13,15,15,15,15,15,285,0,6,9.728122105253421,2.2915999998076586,248.37699999989127,23817.97543859649
1788770798,10,GET,GET /articles (anon),7.100000,0.000000,7,8,8,9,10,13,14,15,15,15,15,209,0,6,7.5192291866039636,2.307499999915308,43.72869999951945,26731.0
1788770798,10,GET,GET /articles (list),1.900000,0.000000,7,8,8,9,10,10,10,10,10,10,10,53,0,6,6.590820754663239,2.53199999951903,13.114600000335486,25648.867924528302
1788770798,10,GET,GET /articles/{id} (detail),1.100000,0.000000,7,7,9,12,15,15,15,15,15,15,15,29,0,6,6.251224137893837,2.2915999998076586,16.96639999954641,2625.206896551724
1788770798,10,POST,[setup] POST /auth/login,0.000000,0.000000,0,0,0,0,0,0,0,0,0,0,0,3,0,248.37699999989127,247.23053333339826,246.47290000029898,248.37699999989127,178.0
1788770798,10,,Aggregated,10.100000,0.000000,7,8,8,9,10,13,15,15,15,15,15,294,0,6,9.67282142855951,2.2915999998076586,248.37699999989127,23887.190476190477
1788770799,10,GET,GET /articles (anon),6.900000,0.000000,7,8,9,10,13,15,20,21,21,21,21,217,0,6,7.69803271888973,2.307499999915308,43.72869999951945,26731.0
1788770799,10,GET,GET /articles (list),1.800000,0.000000,7,8,8,9,10,10,10,10,10,10,10,56,0,6,6.5208285713781935,2.53199999951903,13.114600000335486,25706.839285714286
1788770799,10,GET,GET /articles/{id} (detail),1.200000,0.000000,7,9,12,12,15,15,15,15,15,15,15,29,0,6,6.251224137893837,2.2915999998076586,16.96639999954641,2625.206896551724
1788770799,10,POST,[setup] POST /auth/login,0.000000,0.000000,0,0,0,0,0,0,0,0,0,0,0,3,0,248.37699999989127,247.23053333339826,246.47290000029898,248.37699999989127,178.0
1788770799,10,,Aggregated,9.900000,0.000000,7,8,9,10,12,15,20,21,21,21,21,305,0,6,9.700382295066776,2.2915999998076586,248.37699999989127,23989.754098360656
1788770800,10,GET,GET /articles (anon),7.200000,0.000000,7,8,9,10,13,15,20,21,21,21,21,225,0,6,7.6180284444368835,2.307499999915308,43.72869999951945,26731.0
1788770800,10,GET,GET /articles (list),1.900000,0.000000,6,8,8,8,9,10,10,10,10,10,10,57,0,6,6.457628070133898,2.53199999951903,13.114600000335486,25724.80701754386
1788770800,10,GET,GET /articles/{id} (detail),1.000000,0.000000,7,7,9,12,15,15,15,15,15,15,15,31,0,6,6.303325806408294,2.2915999998076586,16.96639999954641,2535.3225806451615
1788770800,10,POST,[setup] POST /auth/login,0.000000,0.000000,0,0,0,0,0,0,0,0,0,0,0,3,0,248.37699999989127,247.23053333339826,246.47290000029898,248.37699999989127,178.0
1788770800,10,,Aggregated,10.100000,0.000000,7,8,9,9,12,15,20,21,21,21,21,316,0,6,9.554543987325262,2.2915999998076586,248.37699999989127,23923.791139240508
1788770801,10,GET,GET /articles (anon),7.300000,0.000000,6,7,8,9,11,14,20,21,21,21,21,232,0,6,7.558040086200106,2.307499999915308,43.72869999951945,26731.0
1788770801,10,GET,GET /articles (list),2.100000,0.000000,6,8,8,8,9,10,10,10,10,10,10,60,0,6,6.421599999960866,2.53199999951903,13.114600000335486,25699.433333333334
1788770801,10,GET,GET /articles/{id} (detail),1.000000,0.000000,7,7,9,12,15,15,15,15,15,15,15,31,0,6,6.303325806408294,2.2915999998076586,16.96639999954641,2535.3225806451615
1788770801,10,POST,[setup] POST /auth/login,0.000000,0.000000,0,0,0,0,0,0,0,0,0,0,0,3,0,248.37699999989127,247.23053333339826,246.47290000029898,248.37699999989127,178.0
1788770801,10,,Aggregated,10.400000,0.000000,6,7,8,9,10,13,20,21,21,21,21,326,0,6,9.435141104278921,2.2915999998076586,248.37699999989127,23995.972392638036
1788770802,10,GET,GET /articles (anon),7.300000,0.000000,6,7,8,8,11,14,20,21,21,21,21,237,0,6,7.503079746839458,2.307499999915308,43.72869999951945,26731.0
1788770802,10,GET,GET /articles (list),2.000000,0.000000,6,8,8,8,9,10,10,10,10,10,10,61,0,6,6.356316393394677,2.4392999994233833,13.114600000335486,25716.344262295082
1788770802,10,GET,GET /articles/{id} (detail),1.000000,0.000000,7,7,9,9,12,12,12,12,12,12,12,31,0,6,6.303325806408294,2.2915999998076586,16.96639999954641,2535.3225806451615
1788770802,10,POST,[setup] POST /auth/login,0.000000,0.000000,0,0,0,0,0,0,0,0,0,0,0,3,0,248.37699999989127,247.23053333339826,246.47290000029898,248.37699999989127,178.0
1788770802,10,,Aggregated,10.300000,0.000000,6,7,8,8,10,13,20,21,21,21,21,332,0,6,9.34656596384602,2.2915999998076586,248.37699999989127,24045.400602409638
1788770803,10,GET,GET /articles (anon),7.300000,0.000000,6,7,8,9,11,14,20,21,21,21,21,245,0,6,7.5034893877625795,2.307499999915308,43.72869999951945,26731.0
1788770803,10,GET,GET /articles (list),2.100000,0.000000,7,8,8,9,9,10,10,10,10,10,10,63,0,6,6.427593650735775,2.4392999994233833,13.114600000335486,25748.555555555555
1788770803,10,GET,GET /articles/{id} (detail),0.900000,0.000000,7,7,9,9,12,12,12,12,12,12,12,33,0,6,6.158406060559642,2.2915999998076586,16.96639999954641,2500.212121212121
1788770803,10,POST,[setup] POST /auth/login,0.000000,0.000000,0,0,0,0,0,0,0,0,0,0,0,3,0,248.37699999989127,247.23053333339826,246.47290000029898,248.37699999989127,178.0
1788770803,10,,Aggregated,10.300000,0.000000,6,7,8,9,10,13,20,21,21,21,21,344,0,6,9.268059011618746,2.2915999998076586,248.37699999989127,23995.043604651164
1788770804,10,GET,GET /articles (anon),7.400000,0.000000,6,8,8,9,11,14,20,21,21,21,21,253,0,6,7.474812648231696,2.307499999915308,43.72869999951945,26731.0
1788770804,10,GET,GET /articles (list),2.100000,0.000000,7,8,8,9,9,9,10,10,10,10,10,66,0,6,6.4216212120741005,2.4392999994233833,13.114600000335486,25704.303030303032
1788770804,10,GET,GET /articles/{id} (detail),0.800000,0.000000,7,7,9,9,12,12,12,12,12,12,12,33,0,6,6.158406060559642,2.2915999998076586,16.96639999954641,2500.212121212121
1788770804,10,POST,[setup] POST /auth/login,0.000000,0.000000,0,0,0,0,0,0,0,0,0,0,0,3,0,248.37699999989127,247.23053333339826,246.47290000029898,248.37699999989127,178.0
1788770804,10,,Aggregated,10.300000,0.000000,7,8,9,9,10,13,20,21,21,21,21,355,0,6,9.18274253520612,2.2915999998076586,248.37699999989127,24063.29014084507
1788770805,10,GET,GET /articles (anon),7.100000,0.000000,6,8,9,9,11,14,20,21,21,21,21,259,0,6,7.428760617775419,2.307499999915308,43.72869999951945,26731.0
1788770805,10,GET,GET /articles (list),1.900000,0.000000,7,8,8,9,9,9,10,10,10,10,10,68,0,6,6.415557352899187,2.4392999994233833,13.114600000335486,25714.985294117647
1788770805,10,GET,GET /articles/{id} (detail),1.000000,0.000000,7,8,9,9,12,12,12,12,12,12,12,35,0,6,6.12893999994932,2.2915999998076586,16.96639999954641,2571.1428571428573
1788770805,10,POST,[setup] POST /auth/login,0.000000,0.000000,0,0,0,0,0,0,0,0,0,0,0,3,0,248.37699999989127,247.23053333339826,246.47290000029898,248.37699999989127,178.0
1788770805,10,,Aggregated,10.000000,0.000000,7,8,8,9,10,13,20,21,21,21,21,365,0,6,9.08633260273808,2.2915999998076586,248.37699999989127,24006.772602739726
1788770806,10,GET,GET /articles (anon),7.500000,0.000000,6,7,9,9,11,14,20,21,21,21,21,263,0,6,7.367210646403871,2.307499999915308,43.72869999951945,26731.0
1788770806,10,GET,GET /articles (list),2.200000,0.000000,6,8,8,8,9,9,10,10,10,10,10,70,0,6,6.337077142818869,2.4392999994233833,13.114600000335486,25744.014285714286
1788770806,10,GET,GET /articles/{id} (detail),0.800000,0.000000,7,8,9,9,12,12,12,12,12,12,12,35,0,6,6.12893999994932,2.2915999998076586,16.96639999954641,2571.1428571428573
1788770806,10,POST,[setup] POST /auth/login,0.000000,0.000000,0,0,0,0,0,0,0,0,0,0,0,3,0,248.37699999989127,247.23053333339826,246.47290000029898,248.37699999989127,178.0
1788770806,10,,Aggregated,10.500000,0.000000,6,7,8,9,10,13,20,21,21,21,21,371,0,6,8.995623450134662,2.2915999998076586,248.37699999989127,24050.830188679247
1788770807,10,GET,GET /articles (anon),7.200000,0.000000,5,7,8,9,10,11,20,21,21,21,21,271,0,6,7.23272583027915,2.307499999915308,43.72869999951945,26731.0
1788770807,10,GET,GET /articles (list),2.300000,0.000000,6,7,8,8,9,9,9,9,9,9,9,70,0,6,6.337077142818869,2.4392999994233833,13.114600000335486,25744.014285714286
1788770807,10,GET,GET /articles/{id} (detail),0.700000,0.000000,4,7,7,7,8,8,8,8,8,8,8,37,0,6,5.973302702644818,2.2734999993190286,16.96639999954641,2534.5675675675675
1788770807,10,POST,[setup] POST /auth/login,0.000000,0.000000,0,0,0,0,0,0,0,0,0,0,0,3,0,248.37699999989127,247.23053333339826,246.47290000029898,248.37699999989127,178.0
1788770807,10,,Aggregated,10.200000,0.000000,5,7,8,8,9,11,20,21,21,21,21,381,0,6,8.835611286091925,2.2734999993190286,248.37699999989127,23990.800524934384
1788770808,10,GET,GET /articles (anon),7.100000,0.000000,5,6,7,7,9,9,11,11,11,11,11,278,0,6,7.117224820170469,2.307499999915308,43.72869999951945,26731.0
1788770808,10,GET,GET /articles (list),2.000000,0.000000,4,7,8,8,9,9,9,9,9,9,9,72,0,6,6.245370833299704,2.4392999994233833,13.114600000335486,25708.36111111111
1788770808,10,GET,GET /articles/{id} (detail),0.800000,0.000000,4,4,7,7,8,8,8,8,8,8,8,39,0,5,5.787828205099616,2.208000000791799,16.96639999954641,2508.153846153846
1788770808,10,POST,[setup] POST /auth/login,0.000000,0.000000,0,0,0,0,0,0,0,0,0,0,0,3,0,248.37699999989127,247.23053333339826,246.47290000029898,248.37699999989127,178.0
1788770808,10,,Aggregated,9.900000,0.000000,4,6,7,7,9,9,11,11,11,11,11,392,0,6,8.66242882654094,2.208000000791799,248.37699999989127,23930.030612244896
1788770809,10,GET,GET /articles (anon),7.200000,0.000000,5,6,7,7,8,9,9,11,11,11,11,285,0,6,7.059743859680199,2.150900000742695,43.72869999951945,26731.0
1788770809,10,GET,GET /articles (list),2.100000,0.000000,5,6,8,8,9,9,9,9,9,9,9,75,0,6,6.20432666662964,2.4392999994233833,13.114600000335486,25731.573333333334
1788770809,10,GET,GET /articles/{id} (detail),0.800000,0.000000,4,4,7,7,8,8,8,8,8,8,8,39,0,5,5.787828205099616,2.208000000791799,16.96639999954641,2508.153846153846
1788770809,10,POST,[setup] POST /auth/login,0.000000,0.000000,0,0,0,0,0,0,0,0,0,0,0,3,0,248.37699999989127,247.23053333339826,246.47290000029898,248.37699999989127,178.0
1788770809,10,,Aggregated,10.100000,0.000000,4,6,7,7,8,9,9,11,11,11,11,402,0,6,8.569075621903382,2.150900000742695,248.37699999989127,23996.405472636816
1788770810,10,GET,GET /articles (anon),6.900000,0.000000,4,6,7,7,8,9,9,11,11,11,11,293,0,6,6.993048122898062,2.150900000742695,43.72869999951945,26731.0
1788770810,10,GET,GET /articles (list),2.000000,0.000000,4,6,8,8,9,9,9,9,9,9,9,79,0,6,6.137992405018838,2.4392999994233833,13.114600000335486,25748.58227848101
1788770810,10,GET,GET /articles/{id} (detail),0.900000,0.000000,3,4,4,4,8,8,8,8,8,8,8,40,0,5,5.715482499977043,2.208000000791799,16.96639999954641,2464.675
1788770810,10,POST,[setup] POST /auth/login,0.000000,0.000000,0,0,0,0,0,0,0,0,0,0,0,3,0,248.37699999989127,247.23053333339826,246.47290000029898,248.37699999989127,178.0
1788770810,10,,Aggregated,9.800000,0.000000,4,5,7,7,8,9,9,11,11,11,11,415,0,6,8.443796144590113,2.150900000742695,248.37699999989127,24013.11325301205
1788770811,10,GET,GET /articles (anon),6.500000,0.000000,5,6,7,7,9,9,10,11,11,11,11,300,0,6,6.978870000026897,2.150900000742695,43.72869999951945,26731.0
1788770811,10,GET,GET /articles (list),1.900000,0.000000,5,7,8,8,9,10,10,10,10,10,10,81,0,6,6.193371604902855,2.4392999994233833,13.114600000335486,25716.777777777777
1788770811,10,GET,GET /articles/{id} (detail),1.000000,0.000000,4,4,4,4,8,8,8,8,8,8,8,41,0,5,5.672375609742076,2.208000000791799,16.96639999954641,2492.9756097560976
1788770811,10,POST,[setup] POST /auth/login,0.000000,0.000000,0,0,0,0,0,0,0,0,0,0,0,3,0,248.37699999989127,247.23053333339826,246.47290000029898,248.37699999989127,178.0
1788770811,10,,Aggregated,9.400000,0.000000,4,6,7,7,9,9,10,11,11,11,11,425,0,6,8.39901905883487,2.150900000742695,248.37699999989127,24012.011764705883
1788770812,10,GET,GET /articles (anon),6.800000,0.000000,5,6,7,7,9,9,10,11,11,11,11,307,0,6,6.97455798048401,2.150900000742695,43.72869999951945,26731.0
1788770812,10,GET,GET /articles (list),2.000000,0.000000,5,7,8,8,9,9,10,10,10,10,10,85,0,6,6.162401176430542,2.4392999994233833,13.114600000335486,25717.670588235294
1788770812,10,GET,GET /articles/{id} (detail),0.800000,0.000000,4,4,4,4,8,8,8,8,8,8,8,41,0,5,5.672375609742076,2.208000000791799,16.96639999954641,2492.9756097560976
1788770812,10,POST,[setup] POST /auth/login,0.000000,0.000000,0,0,0,0,0,0,0,0,0,0,0,3,0,248.37699999989127,247.23053333339826,246.47290000029898,248.37699999989127,178.0
1788770812,10,,Aggregated,9.600000,0.000000,4,6,7,7,9,9,10,11,11,11,11,436,0,6,8.346909174322953,2.150900000742695,248.37699999989127,24071.479357798165
1788770813,10,GET,GET /articles (anon),6.800000,0.000000,4,6,6,7,7,8,10,10,10,10,10,313,0,6,6.916987539965523,2.150900000742695,43.72869999951945,26731.0
1788770813,10,GET,GET /articles (list),2.200000,0.000000,4,6,7,8,8,10,10,10,10,10,10,86,0,6,6.1166906976342394,2.231299999948533,13.114600000335486,25676.6511627907
1788770813,10,GET,GET /articles/{id} (detail),1.000000,0.000000,3,4,4,6,8,8,8,8,8,8,8,42,0,5,5.673304761893676,2.208000000791799,16.96639999954641,2532.9285714285716
1788770813,10,POST,[setup] POST /auth/login,0.000000,0.000000,0,0,0,0,0,0,0,0,0,0,0,3,0,248.37699999989127,247.23053333339826,246.47290000029898,248.37699999989127,178.0
1788770813,10,,Aggregated,10.000000,0.000000,4,6,6,7,8,8,10,10,10,10,10,444,0,6,8.268069594606942,2.150900000742695,248.37699999989127,24058.36036036036
1788770814,10,GET,GET /articles (anon),6.900000,0.000000,4,6,6,7,7,8,10,10,10,10,10,320,0,6,6.879144062534692,2.150900000742695,43.72869999951945,26731.0
1788770814,10,GET,GET /articles (list),2.300000,0.000000,4,5,6,7,8,10,10,10,10,10,10,87,0,6,6.096664367781148,2.231299999948533,13.114600000335486,25688.77011494253
1788770814,10,GET,GET /articles/{id} (detail),1.000000,0.000000,4,4,4,5,6,6,6,6,6,6,6,44,0,5,5.617084090896572,2.208000000791799,16.96639999954641,2524.909090909091
1788770814,10,POST,[setup] POST /auth/login,0.000000,0.000000,0,0,0,0,0,0,0,0,0,0,0,3,0,248.37699999989127,247.23053333339826,246.47290000029898,248.37699999989127,178.0
1788770814,10,,Aggregated,10.200000,0.000000,4,5,6,6,7,8,10,10,10,10,10,454,0,6,8.195108370061025,2.150900000742695,248.37699999989127,24009.85242290749
1788770815,10,GET,GET /articles (anon),6.700000,0.000000,4,6,6,7,7,7,10,10,10,10,10,327,0,6,6.8375489296987615,2.150900000742695,43.72869999951945,26731.0
1788770815,10,GET,GET /articles (list),2.300000,0.000000,4,5,6,7,8,10,10,10,10,10,10,88,0,6,6.053449999967597,2.231299999948533,13.114600000335486,25700.613636363636
1788770815,10,GET,GET /articles/{id} (detail),0.900000,0.000000,4,4,5,5,6,6,6,6,6,6,6,46,0,5,5.548863043476677,2.208000000791799,16.96639999954641,2465.086956521739
1788770815,10,POST,[setup] POST /auth/login,0.000000,0.000000,0,0,0,0,0,0,0,0,0,0,0,3,0,248.37699999989127,247.23053333339826,246.47290000029898,248.37699999989127,178.0
1788770815,10,,Aggregated,9.900000,0.000000,4,6,6,6,7,8,10,10,10,10,10,464,0,6,8.115347844846477,2.150900000742695,248.37699999989127,23958.230603448275
1788770816,10,GET,GET /articles (anon),6.700000,0.000000,5,6,7,7,7,8,10,10,10,10,10,332,0,6,6.827396385578612,2.150900000742695,43.72869999951945,26731.0
1788770816,10,GET,GET /articles (list),2.000000,0.000000,4,5,6,7,8,8,10,10,10,10,10,91,0,6,5.9888076922796465,2.231299999948533,13.114600000335486,25720.0
1788770816,10,GET,GET /articles/{id} (detail),1.100000,0.000000,4,5,5,6,6,6,6,6,6,6,6,47,0,5,5.536357446815484,2.208000000791799,16.96639999954641,2498.2978723404253
1788770816,10,POST,[setup] POST /auth/login,0.000000,0.000000,0,0,0,0,0,0,0,0,0,0,0,3,0,248.37699999989127,247.23053333339826,246.47290000029898,248.37699999989127,178.0
1788770816,10,,Aggregated,9.800000,0.000000,5,6,6,7,7,8,10,10,10,10,10,473,0,6,8.062531712494861,2.150900000742695,248.37699999989127,23960.18181818182
1788770817,10,GET,GET /articles (anon),6.700000,0.000000,6,6,7,7,7,8,10,10,10,10,10,338,0,6,6.814469526666714,2.150900000742695,43.72869999951945,26731.0
1788770817,10,GET,GET /articles (list),2.000000,0.000000,5,6,7,7,8,8,10,10,10,10,10,93,0,6,5.992098924702645,2.231299999948533,13.114600000335486,25692.913978494624
1788770817,10,GET,GET /articles/{id} (detail),1.100000,0.000000,4,5,5,6,6,6,6,6,6,6,6,48,0,5,5.504562500012374,2.208000000791799,16.96639999954641,2467.125
1788770817,10,POST,[setup] POST /auth/login,0.000000,0.000000,0,0,0,0,0,0,0,0,0,0,0,3,0,248.37699999989127,247.23053333339826,246.47290000029898,248.37699999989127,178.0
1788770817,10,,Aggregated,9.800000,0.000000,5,6,7,7,7,8,10,10,10,10,10,482,0,6,8.021714730314281,2.150900000742695,248.37699999989127,23949.118257261413
1788770818,10,GET,GET /articles (anon),6.500000,0.000000,6,7,7,7,7,8,10,10,10,10,10,345,0,6,6.8037765217751796,2.150900000742695,43.72869999951945,26731.0
1788770818,10,GET,GET /articles (list),2.100000,0.000000,5,6,7,7,8,8,10,10,10,10,10,96,0,6,5.989440624972531,2.231299999948533,13.114600000335486,25630.75
1788770818,10,GET,GET /articles/{id} (detail),1.200000,0.000000,4,5,6,6,6,7,7,7,7,7,7,49,0,5,5.527667346949765,2.208000000791799,16.96639999954641,2465.8979591836733
1788770818,10,POST,[setup] POST /auth/login,0.000000,0.000000,0,0,0,0,0,0,0,0,0,0,0,3,0,248.37699999989127,247.23053333339826,246.47290000029898,248.37699999989127,178.0
1788770818,10,,Aggregated,9.800000,0.000000,6,6,7,7,7,8,10,10,10,10,10,493,0,6,7.981412778926031,2.150900000742695,248.37699999989127,23943.42799188641
1788770819,10,GET,GET /articles (anon),6.500000,0.000000,6,7,7,7,7,8,10,10,10,10,10,351,0,6,6.77108119661743,2.150900000742695,43.72869999951945,26731.0
1788770819,10,GET,GET /articles (list),2.200000,0.000000,6,7,7,7,8,8,10,10,10,10,10,98,0,6,5.984679591814971,2.231299999948533,13.114600000335486,25593.326530612245
1788770819,10,GET,GET /articles/{id} (detail),1.100000,0.000000,5,5,6,6,6,7,7,7,7,7,7,51,0,5,5.478641176470025,2.208000000791799,16.96639999954641,2463.5882352941176
1788770819,10,POST,[setup] POST /auth/login,0.000000,0.000000,0,0,0,0,0,0,0,0,0,0,0,3,0,248.37699999989127,247.23053333339826,246.47290000029898,248.37699999989127,178.0
1788770819,10,,Aggregated,9.800000,0.000000,6,6,7,7,7,8,10,10,10,10,10,503,0,6,7.920974950319585,2.150900000742695,248.37699999989127,23890.465208747515
1788770820,10,GET,GET /articles (anon),6.500000,0.000000,6,6,7,7,7,8,8,10,10,10,10,357,0,6,6.711682352976291,2.150900000742695,43.72869999951945,26731.0
1788770820,10,GET,GET /articles (list),2.300000,0.000000,5,6,7,7,8,8,8,8,8,8,8,101,0,6,5.914709900980147,2.231299999948533,13.114600000335486,25600.841584158417
1788770820,10,GET,GET /articles/{id} (detail),1.000000,0.000000,5,5,6,6,6,7,7,7,7,7,7,51,0,5,5.478641176470025,2.208000000791799,16.96639999954641,2463.5882352941176
1788770820,10,POST,[setup] POST /auth/login,0.000000,0.000000,0,0,0,0,0,0,0,0,0,0,0,3,0,248.37699999989127,247.23053333339826,246.47290000029898,248.37699999989127,178.0
1788770820,10,,Aggregated,9.800000,0.000000,5,6,7,7,7,8,8,10,10,10,10,512,0,6,7.8409347656478445,2.150900000742695,248.37699999989127,23935.212890625
1788770821,10,GET,GET /articles (anon),6.600000,0.000000,5,6,7,7,7,8,8,10,10,10,10,365,0,6,6.688225753462837,2.150900000742695,43.72869999951945,26731.0
1788770821,10,GET,GET /articles (list),2.300000,0.000000,5,6,7,7,8,15,15,15,15,15,15,102,0,6,6.007986274501794,2.231299999948533,15.42890000018815,25611.92156862745
1788770821,10,GET,GET /articles/{id} (detail),1.100000,0.000000,5,6,6,6,7,11,11,11,11,11,11,53,0,5,5.56272830189695,2.208000000791799,16.96639999954641,2443.264150943396
1788770821,10,POST,[setup] POST /auth/login,0.000000,0.000000,0,0,0,0,0,0,0,0,0,0,0,3,0,248.37699999989127,247.23053333339826,246.47290000029898,248.37699999989127,178.0
1788770821,10,,Aggregated,10.000000,0.000000,5,6,7,7,7,8,11,15,15,15,15,523,0,6,7.821287189319028,2.150900000742695,248.37699999989127,23899.154875717017
1788770822,10,GET,GET /articles (anon),6.400000,0.000000,5,6,7,7,8,10,11,13,13,13,13,376,0,6,6.688722074507476,2.150900000742695,43.72869999951945,26731.0
1788770822,10,GET,GET /articles (list),2.200000,0.000000,5,6,7,7,10,15,15,15,15,15,15,104,0,6,6.0485798076814925,2.231299999948533,15.42890000018815,25620.68269230769
1788770822,10,GET,GET /articles/{id} (detail),1.200000,0.000000,5,6,6,6,7,11,11,11,11,11,11,53,0,5,5.56272830189695,2.208000000791799,16.96639999954641,2443.264150943396
1788770822,10,POST,[setup] POST /auth/login,0.000000,0.000000,0,0,0,0,0,0,0,0,0,0,0,3,0,248.37699999989127,247.23053333339826,246.47290000029898,248.37699999989127,178.0
1788770822,10,,Aggregated,9.800000,0.000000,5,6,7,7,8,10,13,15,15,15,15,536,0,6,7.799492537340335,2.150900000742695,248.37699999989127,23965.361940298506
1788770823,10,GET,GET /articles (anon),6.500000,0.000000,5,6,7,7,8,10,11,13,13,13,13,381,0,6,6.662614435731544,2.150900000742695,43.72869999951945,26731.0
1788770823,10,GET,GET /articles (list),2.000000,0.000000,5,6,7,7,10,15,15,15,15,15,15,105,0,6,6.033018095227557,2.231299999948533,15.42890000018815,25588.009523809524
1788770823,10,GET,GET /articles/{id} (detail),1.100000,0.000000,4,6,6,6,7,11,11,11,11,11,11,55,0,5,5.499900000011786,2.208000000791799,16.96639999954641,2489.7454545454543
1788770823,10,POST,[setup] POST /auth/login,0.000000,0.000000,0,0,0,0,0,0,0,0,0,0,0,3,0,248.37699999989127,247.23053333339826,246.47290000029898,248.37699999989127,178.0
1788770823,10,,Aggregated,9.600000,0.000000,5,6,7,7,8,10,13,15,15,15,15,544,0,6,7.750200551495321,2.150900000742695,248.37699999989127,23913.091911764706
1788770824,10,GET,GET /articles (anon),6.500000,0.000000,5,6,7,7,8,10,11,13,13,13,13,388,0,6,6.647483247459923,2.150900000742695,43.72869999951945,26731.0
1788770824,10,GET,GET /articles (list),1.900000,0.000000,5,6,7,7,10,15,15,15,15,15,15,107,0,6,5.999403738306368,2.231299999948533,15.42890000018815,25596.971962616823
1788770824,10,GET,GET /articles/{id} (detail),1.200000,0.000000,5,6,6,7,11,11,11,11,11,11,11,55,0,5,5.499900000011786,2.208000000791799,16.96639999954641,2489.7454545454543
1788770824,10,POST,[setup] POST /auth/login,0.000000,0.000000,0,0,0,0,0,0,0,0,0,0,0,3,0,248.37699999989127,247.23053333339826,246.47290000029898,248.37699999989127,178.0
1788770824,10,,Aggregated,9.600000,0.000000,5,6,7,7,8,10,13,15,15,15,15,553,0,6,7.713102712502847,2.150900000742695,248.37699999989127,23956.553345388787
1788770825,10,GET,GET /articles (anon),6.800000,0.000000,5,6,7,7,8,10,11,13,13,13,13,394,0,6,6.61654568531801,2.150900000742695,43.72869999951945,26731.0
1788770825,10,GET,GET /articles (list),1.900000,0.000000,6,6,7,7,10,15,15,15,15,15,15,109,0,6,5.997205504581453,2.231299999948533,15.42890000018815,25563.94495412844
1788770825,10,GET,GET /articles/{id} (detail),1.200000,0.000000,4,5,6,7,11,11,11,11,11,11,11,56,0,5,5.492412500010297,2.208000000791799,16.96639999954641,2510.0178571428573
1788770825,10,POST,[setup] POST /auth/login,0.000000,0.000000,0,0,0,0,0,0,0,0,0,0,0,3,0,248.37699999989127,247.23053333339826,246.47290000029898,248.37699999989127,178.0
1788770825,10,,Aggregated,9.900000,0.000000,5,6,7,7,8,10,13,15,15,15,15,562,0,6,7.668827580098657,2.150900000742695,248.37699999989127,23949.428825622777
1788770826,10,GET,GET /articles (anon),6.800000,0.000000,5,6,7,7,8,10,11,13,13,13,13,402,0,6,6.594761940337703,2.150900000742695,43.72869999951945,26731.0
1788770826,10,GET,GET /articles (list),2.000000,0.000000,6,6,7,8,13,15,15,15,15,15,15,111,0,6,6.049342342341153,2.231299999948533,15.42890000018815,25544.063063063062
1788770826,10,GET,GET /articles/{id} (detail),1.100000,0.000000,5,6,6,7,11,11,11,11,11,11,11,57,0,5,5.498180701754775,2.208000000791799,16.96639999954641,2477.2982456140353
1788770826,10,POST,[setup] POST /auth/login,0.000000,0.000000,0,0,0,0,0,0,0,0,0,0,0,3,0,248.37699999989127,247.23053333339826,246.47290000029898,248.37699999989127,178.0
1788770826,10,,Aggregated,9.900000,0.000000,5,6,7,7,8,11,13,15,15,15,15,573,0,6,7.639893891825204,2.150900000742695,248.37699999989127,23949.376963350784
1788770827,10,GET,GET /articles (anon),6.800000,0.000000,5,6,7,7,8,10,11,13,13,13,13,410,0,6,6.602883170767089,2.150900000742695,43.72869999951945,26731.0
1788770827,10,GET,GET /articles (list),2.000000,0.000000,5,6,9,10,13,15,15,15,15,15,15,114,0,6,6.096658771926549,2.231299999948533,15.42890000018815,25563.657894736843
1788770827,10,GET,GET /articles/{id} (detail),1.100000,0.000000,5,6,6,7,11,11,11,11,11,11,11,57,0,5,5.498180701754775,2.208000000791799,16.96639999954641,2477.2982456140353
1788770827,10,POST,[setup] POST /auth/login,0.000000,0.000000,0,0,0,0,0,0,0,0,0,0,0,3,0,248.37699999989127,247.23053333339826,246.47290000029898,248.37699999989127,178.0
1788770827,10,,Aggregated,9.900000,0.000000,5,6,7,7,10,11,13,15,15,15,15,584,0,6,7.632344349339641,2.150900000742695,248.37699999989127,23999.49828767123
1788770828,10,GET,GET /articles (anon),7.000000,0.000000,5,6,7,8,9,10,11,13,13,13,13,415,0,6,6.606579759072811,2.150900000742695,43.72869999951945,26731.0
1788770828,10,GET,GET /articles (list),2.000000,0.000000,6,7,9,10,13,15,15,15,15,15,15,117,0,6,6.122717094015562,2.231299999948533,15.42890000018815,25515.965811965812
1788770828,10,GET,GET /articles/{id} (detail),0.900000,0.000000,4,5,6,6,11,11,11,11,11,11,11,57,0,5,5.498180701754775,2.208000000791799,16.96639999954641,2477.2982456140353
1788770828,10,POST,[setup] POST /auth/login,0.000000,0.000000,0,0,0,0,0,0,0,0,0,0,0,3,0,248.37699999989127,247.23053333339826,246.47290000029898,248.37699999989127,178.0
1788770828,10,,Aggregated,9.900000,0.000000,5,6,7,8,10,11,13,15,15,15,15,592,0,6,7.623608783809551,2.150900000742695,248.37699999989127,24021.069256756757
1788770829,10,GET,GET /articles (anon),7.000000,0.000000,5,6,7,8,9,10,11,13,13,13,13,423,0,6,6.575056028403446,2.150900000742695,43.72869999951945,26731.0
1788770829,10,GET,GET /articles (list),2.100000,0.000000,6,6,9,9,11,13,15,15,15,15,15,120,0,6,6.120053333340063,2.231299999948533,15.42890000018815,25508.5
1788770829,10,GET,GET /articles/{id} (detail),0.900000,0.000000,5,5,6,6,11,11,11,11,11,11,11,58,0,5,5.48536551724314,2.208000000791799,16.96639999954641,2462.689655172414
1788770829,10,POST,[setup] POST /auth/login,0.000000,0.000000,0,0,0,0,0,0,0,0,0,0,0,3,0,248.37699999989127,247.23053333339826,246.47290000029898,248.37699999989127,178.0
1788770829,10,,Aggregated,10.000000,0.000000,5,6,7,8,10,11,13,15,15,15,15,604,0,6,7.575327649032718,2.150900000742695,248.37699999989127,24025.832781456953
1788770830,10,GET,GET /articles (anon),7.100000,0.000000,5,7,7,8,10,10,11,13,13,13,13,430,0,6,6.585824883755819,2.150900000742695,43.72869999951945,26731.0
1788770830,10,GET,GET /articles (list),1.900000,0.000000,6,7,9,10,13,15,15,15,15,15,15,121,0,6,6.1311520661216825,2.231299999948533,15.42890000018815,25518.603305785124
1788770830,10,GET,GET /articles/{id} (detail),0.900000,0.000000,5,6,9,9,11,11,11,11,11,11,11,59,0,5,5.5373813559264695,2.208000000791799,16.96639999954641,2476.6949152542375
1788770830,10,POST,[setup] POST /auth/login,0.000000,0.000000,0,0,0,0,0,0,0,0,0,0,0,3,0,248.37699999989127,247.23053333339826,246.47290000029898,248.37699999989127,178.0
1788770830,10,,Aggregated,9.900000,0.000000,6,7,8,8,10,11,13,15,15,15,15,613,0,6,7.5728730832228095,2.150900000742695,248.37699999989127,24027.30831973899
1788770831,10,GET,GET /articles (anon),7.300000,0.000000,6,7,8,8,10,10,11,11,11,11,11,437,0,6,6.593840503463599,2.150900000742695,43.72869999951945,26731.0
1788770831,10,GET,GET /articles (list),2.100000,0.000000,6,7,9,9,11,13,13,13,13,13,13,122,0,6,6.150800819676854,2.231299999948533,15.42890000018815,25517.66393442623
1788770831,10,GET,GET /articles/{id} (detail),0.800000,0.000000,5,5,6,6,9,9,9,9,9,9,9,60,0,5,5.5112100000011806,2.208000000791799,16.96639999954641,2470.3166666666666
1788770831,10,POST,[setup] POST /auth/login,0.000000,0.000000,0,0,0,0,0,0,0,0,0,0,0,3,0,248.37699999989127,247.23053333339826,246.47290000029898,248.37699999989127,178.0
1788770831,10,,Aggregated,10.200000,0.000000,6,7,8,8,10,10,11,13,13,13,13,622,0,6,7.563135369798126,2.150900000742695,248.37699999989127,24024.686495176848
1788770832,10,GET,GET /articles (anon),7.100000,0.000000,6,7,8,8,10,10,10,11,11,11,11,443,0,6,6.6166345372774344,2.150900000742695,43.72869999951945,26731.0
1788770832,10,GET,GET /articles (list),2.100000,0.000000,6,9,9,9,11,13,13,13,13,13,13,124,0,6,6.207408870970481,2.231299999948533,15.42890000018815,25537.233870967742
1788770832,10,GET,GET /articles/{id} (detail),0.700000,0.000000,5,5,6,6,9,9,9,9,9,9,9,61,0,5,5.497742622955244,2.208000000791799,16.96639999954641,2468.622950819672
1788770832,10,POST,[setup] POST /auth/login,0.000000,0.000000,0,0,0,0,0,0,0,0,0,0,0,3,0,248.37699999989127,247.23053333339826,246.47290000029898,248.37699999989127,178.0
1788770832,10,,Aggregated,9.900000,0.000000,6,7,8,8,10,10,11,13,13,13,13,631,0,6,7.572015372448031,2.150900000742695,248.37699999989127,24024.675118858955
1788770833,10,GET,GET /articles (anon),6.900000,0.000000,6,7,8,8,10,10,10,11,11,11,11,451,0,6,6.624237694050437,2.150900000742695,43.72869999951945,26731.0
1788770833,10,GET,GET /articles (list),2.100000,0.000000,6,9,9,9,11,11,13,13,13,13,13,129,0,6,6.214921705429523,2.231299999948533,15.42890000018815,25548.302325581397
1788770833,10,GET,GET /articles/{id} (detail),0.700000,0.000000,5,5,6,6,9,9,9,9,9,9,9,61,0,5,5.497742622955244,2.208000000791799,16.96639999954641,2468.622950819672
1788770833,10,POST,[setup] POST /auth/login,0.000000,0.000000,0,0,0,0,0,0,0,0,0,0,0,3,0,248.37699999989127,247.23053333339826,246.47290000029898,248.37699999989127,178.0
1788770833,10,,Aggregated,9.700000,0.000000,6,7,8,9,10,10,11,13,13,13,13,644,0,6,7.5563819876050005,2.150900000742695,248.37699999989127,24072.254658385093
1788770834,10,GET,GET /articles (anon),7.000000,0.000000,7,7,8,9,10,10,10,11,11,11,11,458,0,6,6.618759388676435,2.150900000742695,43.72869999951945,26731.0
1788770834,10,GET,GET /articles (list),2.000000,0.000000,7,9,9,10,11,11,13,13,13,13,13,132,0,6,6.252867424240266,2.231299999948533,15.42890000018815,25565.128787878788
1788770834,10,GET,GET /articles/{id} (detail),0.800000,0.000000,5,6,9,9,9,9,9,9,9,9,9,62,0,5,5.555117741947,2.208000000791799,16.96639999954641,2464.6129032258063
1788770834,10,POST,[setup] POST /auth/login,0.000000,0.000000,0,0,0,0,0,0,0,0,0,0,0,3,0,248.37699999989127,247.23053333339826,246.47290000029898,248.37699999989127,178.0
1788770834,10,,Aggregated,9.800000,0.000000,7,7,9,9,10,10,11,13,13,13,13,655,0,6,7.5463804580373,2.150900000742695,248.37699999989127,24077.458015267177
1788770835,10,GET,GET /articles (anon),7.000000,0.000000,7,8,8,9,10,10,10,11,11,11,11,465,0,6,6.622983870998254,2.150900000742695,43.72869999951945,26731.0
1788770835,10,GET,GET /articles (list),2.200000,0.000000,7,9,9,9,10,11,11,11,11,11,11,133,0,6,6.2371932330812765,2.231299999948533,15.42890000018815,25539.751879699248
1788770835,10,GET,GET /articles/{id} (detail),0.700000,0.000000,5,6,9,9,9,9,9,9,9,9,9,63,0,5,5.5337571428690495,2.208000000791799,16.96639999954641,2483.031746031746
1788770835,10,POST,[setup] POST /auth/login,0.000000,0.000000,0,0,0,0,0,0,0,0,0,0,0,3,0,248.37699999989127,247.23053333339826,246.47290000029898,248.37699999989127,178.0
1788770835,10,,Aggregated,9.900000,0.000000,7,8,9,9,10,10,11,11,11,11,11,664,0,6,7.529446536167082,2.150900000742695,248.37699999989127,24071.78765060241
1788770836,10,GET,GET /articles (anon),6.900000,0.000000,7,8,9,9,10,10,10,12,12,12,12,469,0,6,6.618833262289894,2.150900000742695,43.72869999951945,26731.0
1788770836,10,GET,GET /articles (list),2.400000,0.000000,7,7,9,9,10,11,11,11,11,11,11,133,0,6,6.2371932330812765,2.231299999948533,15.42890000018815,25539.751879699248
1788770836,10,GET,GET /articles/{id} (detail),0.600000,0.000000,6,8,9,9,9,9,9,9,9,9,9,64,0,5,5.570407812513167,2.208000000791799,16.96639999954641,2472.65625
1788770836,10,POST,[setup] POST /auth/login,0.000000,0.000000,0,0,0,0,0,0,0,0,0,0,0,3,0,248.37699999989127,247.23053333339826,246.47290000029898,248.37699999989127,178.0
1788770836,10,,Aggregated,9.900000,0.000000,7,8,9,9,10,10,11,12,12,12,12,669,0,6,7.521640059812866,2.150900000742695,248.37699999989127,24054.4245142003
1788770837,10,GET,GET /articles (anon),6.900000,0.000000,7,7,9,9,10,10,10,12,12,12,12,476,0,6,6.607716806754735,2.150900000742695,43.72869999951945,26731.0
1788770837,10,GET,GET /articles (list),2.400000,0.000000,7,7,9,9,10,10,11,11,11,11,11,137,0,6,6.223827737221987,2.231299999948533,15.42890000018815,25531.700729927008
1788770837,10,GET,GET /articles/{id} (detail),0.600000,0.000000,5,8,9,9,9,9,9,9,9,9,9,64,0,5,5.570407812513167,2.208000000791799,16.96639999954641,2472.65625
1788770837,10,POST,[setup] POST /auth/login,0.000000,0.000000,0,0,0,0,0,0,0,0,0,0,0,3,0,248.37699999989127,247.23053333339826,246.47290000029898,248.37699999989127,178.0
1788770837,10,,Aggregated,9.900000,0.000000,7,7,9,9,10,10,11,12,12,12,12,680,0,6,7.494316617670152,2.150900000742695,248.37699999989127,24089.092647058824
1788770838,10,GET,GET /articles (anon),6.800000,0.000000,7,7,9,9,10,10,10,12,12,12,12,483,0,6,6.619766252620242,2.150900000742695,43.72869999951945,26731.0
1788770838,10,GET,GET /articles (list),2.300000,0.000000,7,7,9,9,10,10,11,11,11,11,11,139,0,6,6.240355395675579,2.231299999948533,15.42890000018815,25548.956834532375
1788770838,10,GET,GET /articles/{id} (detail),0.800000,0.000000,5,8,9,9,9,9,9,9,9,9,9,64,0,5,5.570407812513167,2.208000000791799,16.96639999954641,2472.65625
1788770838,10,POST,[setup] POST /auth/login,0.000000,0.000000,0,0,0,0,0,0,0,0,0,0,0,3,0,248.37699999989127,247.23053333339826,246.47290000029898,248.37699999989127,178.0
1788770838,10,,Aggregated,9.900000,0.000000,7,7,9,9,10,10,11,12,12,12,12,689,0,6,7.493402322228621,2.150900000742695,248.37699999989127,24123.602322206098
1788770839,10,GET,GET /articles (anon),6.800000,0.000000,7,8,9,9,10,10,10,12,12,12,12,489,0,6,6.601480163633689,2.046600000539911,43.72869999951945,26731.0
1788770839,10,GET,GET /articles (list),2.300000,0.000000,7,7,9,9,10,10,11,11,11,11,11,141,0,6,6.218295744668254,2.231299999948533,15.42890000018815,25565.72340425532
1788770839,10,GET,GET /articles/{id} (detail),0.700000,0.000000,8,8,9,9,9,9,9,9,9,9,9,64,0,5,5.570407812513167,2.208000000791799,16.96639999954641,2472.65625
1788770839,10,POST,[setup] POST /auth/login,0.000000,0.000000,0,0,0,0,0,0,0,0,0,0,0,3,0,248.37699999989127,247.23053333339826,246.47290000029898,248.37699999989127,178.0
1788770839,10,,Aggregated,9.800000,0.000000,7,8,9,9,10,10,11,12,12,12,12,697,0,6,7.464994548086278,2.046600000539911,248.37699999989127,24153.529411764706
1788770840,10,GET,GET /articles (anon),6.500000,0.000000,7,7,8,9,10,10,10,12,12,12,12,496,0,6,6.555997379065605,2.046600000539911,43.72869999951945,26731.0
1788770840,10,GET,GET /articles (list),2.300000,0.000000,6,7,7,9,10,10,11,11,11,11,11,144,0,6,6.1439319444376554,1.8394000007901923,15.42890000018815,25590.0
1788770840,10,GET,GET /articles/{id} (detail),0.700000,0.000000,5,8,8,9,9,9,9,9,9,9,9,64,0,5,5.570407812513167,2.208000000791799,16.96639999954641,2472.65625
1788770840,10,POST,[setup] POST /auth/login,0.000000,0.000000,0,0,0,0,0,0,0,0,0,0,0,3,0,248.37699999989127,247.23053333339826,246.47290000029898,248.37699999989127,178.0
1788770840,10,,Aggregated,9.500000,0.000000,6,7,8,9,10,10,11,12,12,12,12,707,0,6,7.404099858580763,1.8394000007901923,248.37699999989127,24189.98585572843
1788770841,10,GET,GET /articles (anon),6.600000,0.000000,6,7,7,8,9,9,10,12,12,12,12,502,0,6,6.530958964176027,2.046600000539911,43.72869999951945,26731.0
1788770841,10,GET,GET /articles (list),2.300000,0.000000,6,7,7,7,9,10,10,10,10,10,10,145,0,6,6.1195875862001134,1.8394000007901923,15.42890000018815,25597.868965517242
1788770841,10,GET,GET /articles/{id} (detail),0.600000,0.000000,5,6,8,8,9,9,9,9,9,9,9,66,0,5,5.566519696981921,2.208000000791799,16.96639999954641,2461.469696969697
1788770841,10,POST,[setup] POST /auth/login,0.000000,0.000000,0,0,0,0,0,0,0,0,0,0,0,3,0,248.37699999989127,247.23053333339826,246.47290000029898,248.37699999989127,178.0
1788770841,10,,Aggregated,9.500000,0.000000,6,7,7,8,9,10,10,12,12,12,12,716,0,6,7.3672674581234405,1.8394000007901923,248.37699999989127,24153.13407821229
1788770842,10,GET,GET /articles (anon),6.700000,0.000000,6,7,7,7,9,9,9,12,12,12,12,508,0,6,6.5137651575091375,2.046600000539911,43.72869999951945,26731.0
1788770842,10,GET,GET /articles (list),2.300000,0.000000,5,6,7,7,9,10,10,10,10,10,10,149,0,6,6.072183221470631,1.8394000007901923,15.42890000018815,25580.0
1788770842,10,GET,GET /articles/{id} (detail),0.600000,0.000000,6,8,8,9,9,9,9,9,9,9,9,66,0,5,5.566519696981921,2.208000000791799,16.96639999954641,2461.469696969697
1788770842,10,POST,[setup] POST /auth/login,0.000000,0.000000,0,0,0,0,0,0,0,0,0,0,0,3,0,248.37699999989127,247.23053333339826,246.47290000029898,248.37699999989127,178.0
1788770842,10,,Aggregated,9.600000,0.000000,6,7,7,7,9,9,10,12,12,12,12,726,0,6,7.331721625364693,1.8394000007901923,248.37699999989127,24178.73140495868
1788770843,10,GET,GET /articles (anon),6.600000,0.000000,6,7,7,7,9,9,10,12,12,12,12,516,0,6,6.511338565919087,2.046600000539911,43.72869999951945,26731.0
1788770843,10,GET,GET /articles (list),2.300000,0.000000,5,6,6,6,7,7,9,9,9,9,9,152,0,6,6.031685526307372,1.8394000007901923,15.42890000018815,25572.842105263157
1788770843,10,GET,GET /articles/{id} (detail),0.600000,0.000000,6,8,8,9,9,9,9,9,9,9,9,66,0,5,5.566519696981921,2.208000000791799,16.96639999954641,2461.469696969697
1788770843,10,POST,[setup] POST /auth/login,0.000000,0.000000,0,0,0,0,0,0,0,0,0,0,0,3,0,248.37699999989127,247.23053333339826,246.47290000029898,248.37699999989127,178.0
1788770843,10,,Aggregated,9.500000,0.000000,6,7,7,7,9,9,10,12,12,12,12,737,0,6,7.307664586179065,1.8394000007901923,248.37699999989127,24210.663500678427
1788770844,10,GET,GET /articles (anon),6.500000,0.000000,6,6,7,7,8,9,10,12,12,12,12,523,0,6,6.496462141516371,2.046600000539911,43.72869999951945,26731.0
1788770844,10,GET,GET /articles (list),2.400000,0.000000,5,6,6,6,7,8,9,9,9,9,9,154,0,6,6.0393785714265285,1.8394000007901923,15.42890000018815,25528.909090909092
1788770844,10,GET,GET /articles/{id} (detail),0.500000,0.000000,5,6,6,8,8,8,8,8,8,8,8,67,0,5,5.556874626875727,2.208000000791799,16.96639999954641,2479.179104477612
1788770844,10,POST,[setup] POST /auth/login,0.000000,0.000000,0,0,0,0,0,0,0,0,0,0,0,3,0,248.37699999989127,247.23053333339826,246.47290000029898,248.37699999989127,178.0
1788770844,10,,Aggregated,9.400000,0.000000,5,6,7,7,8,9,10,12,12,12,12,747,0,6,7.284760642588509,1.8394000007901923,248.37699999989127,24201.34404283802
1788770845,10,GET,GET /articles (anon),6.500000,0.000000,6,6,7,7,8,8,9,10,10,10,10,528,0,6,6.4844630682046045,2.046600000539911,43.72869999951945,26731.0
1788770845,10,GET,GET /articles (list),2.400000,0.000000,5,6,6,6,7,8,9,9,9,9,9,156,0,6,6.035452564097236,1.8394000007901923,15.42890000018815,25535.8141025641
1788770845,10,GET,GET /articles/{id} (detail),0.500000,0.000000,6,6,6,6,8,8,8,8,8,8,8,68,0,5,5.569860294117996,2.208000000791799,16.96639999954641,2489.8823529411766
1788770845,10,POST,[setup] POST /auth/login,0.000000,0.000000,0,0,0,0,0,0,0,0,0,0,0,3,0,248.37699999989127,247.23053333339826,246.47290000029898,248.37699999989127,178.0
1788770845,10,,Aggregated,9.400000,0.000000,5,6,7,7,8,8,9,10,10,10,10,755,0,6,7.2659194702138,1.8394000007901923,248.37699999989127,24195.23311258278
1788770846,10,GET,GET /articles (anon),6.600000,0.000000,6,6,7,7,8,9,10,12,12,12,12,536,0,6,6.491859888082719,2.046600000539911,43.72869999951945,26731.0
1788770846,10,GET,GET /articles (list),2.200000,0.000000,5,6,6,6,7,8,9,9,9,9,9,159,0,6,6.018511320747069,1.8394000007901923,15.42890000018815,25541.672955974842
1788770846,10,GET,GET /articles/{id} (detail),0.600000,0.000000,6,6,8,8,8,8,8,8,8,8,8,69,0,5,5.600550724644247,2.208000000791799,16.96639999954641,2514.246376811594
1788770846,10,POST,[setup] POST /auth/login,0.000000,0.000000,0,0,0,0,0,0,0,0,0,0,0,3,0,248.37699999989127,247.23053333339826,246.47290000029898,248.37699999989127,178.0
1788770846,10,,Aggregated,9.400000,0.000000,6,6,7,7,8,9,10,12,12,12,12,767,0,6,7.255162711879752,1.8394000007901923,248.37699999989127,24202.03259452412
1788770847,10,GET,GET /articles (anon),6.600000,0.000000,6,7,7,7,9,10,12,12,12,12,12,545,0,6,6.50974917433305,2.046600000539911,43.72869999951945,26731.0
1788770847,10,GET,GET /articles (list),2.400000,0.000000,4,6,6,6,7,8,9,9,9,9,9,160,0,6,6.006881249993512,1.8394000007901923,15.42890000018815,25540.8125
1788770847,10,GET,GET /articles/{id} (detail),0.500000,0.000000,6,6,8,8,8,8,8,8,8,8,8,70,0,5,5.634020000005486,2.208000000791799,16.96639999954641,2494.1428571428573
1788770847,10,POST,[setup] POST /auth/login,0.000000,0.000000,0,0,0,0,0,0,0,0,0,0,0,3,0,248.37699999989127,247.23053333339826,246.47290000029898,248.37699999989127,178.0
1788770847,10,,Aggregated,9.500000,0.000000,6,6,7,7,8,9,12,12,12,12,12,778,0,6,7.25576773780341,1.8394000007901923,248.37699999989127,24203.147814910026
1788770848,10,GET,GET /articles (anon),6.800000,0.000000,6,6,7,7,8,10,12,12,12,12,12,552,0,6,6.511117753641396,2.046600000539911,43.72869999951945,26731.0
1788770848,10,GET,GET /articles (list),2.400000,0.000000,4,5,6,6,7,8,9,9,9,9,9,162,0,6,6.014064197519653,1.8394000007901923,15.42890000018815,25527.475308641977
1788770848,10,GET,GET /articles/{id} (detail),0.500000,0.000000,8,8,8,8,9,9,9,9,9,9,9,72,0,5,5.711622222217254,2.208000000791799,16.96639999954641,2497.2916666666665
1788770848,10,POST,[setup] POST /auth/login,0.000000,0.000000,0,0,0,0,0,0,0,0,0,0,0,3,0,248.37699999989127,247.23053333339826,246.47290000029898,248.37699999989127,178.0
1788770848,10,,Aggregated,9.700000,0.000000,6,6,7,7,8,9,12,12,12,12,12,789,0,6,7.251386311797302,1.8394000007901923,248.37699999989127,24171.485424588085
1788770849,10,GET,GET /articles (anon),6.600000,0.000000,6,6,7,7,8,10,12,12,12,12,12,559,0,6,6.467255813975804,2.046600000539911,43.72869999951945,26731.0
1788770849,10,GET,GET /articles (list),2.400000,0.000000,5,5,6,6,7,8,9,9,9,9,9,164,0,6,5.987162195108285,1.8394000007901923,15.42890000018815,25542.15243902439
1788770849,10,GET,GET /articles/{id} (detail),0.600000,0.000000,6,8,8,8,9,9,9,9,9,9,9,73,0,5,5.663952054793262,2.208000000791799,16.96639999954641,2515.328767123288
1788770849,10,POST,[setup] POST /auth/login,0.000000,0.000000,0,0,0,0,0,0,0,0,0,0,0,3,0,248.37699999989127,247.23053333339826,246.47290000029898,248.37699999989127,178.0
1788770849,10,,Aggregated,9.600000,0.000000,6,6,7,7,8,9,12,12,12,12,12,799,0,6,7.199312515657492,1.8394000007901923,248.37699999989127,24174.837296620775
1788770850,10,GET,GET /articles (anon),6.900000,0.000000,6,6,7,7,8,10,12,12,12,12,12,567,0,6,6.447923633180037,2.046600000539911,43.72869999951945,26731.0
1788770850,10,GET,GET /articles (list),2.400000,0.000000,5,5,6,6,7,8,9,9,9,9,9,167,0,6,5.972468263460182,1.8394000007901923,15.42890000018815,25528.37125748503
1788770850,10,GET,GET /articles/{id} (detail),0.700000,0.000000,8,8,8,8,9,9,9,9,9,9,9,73,0,5,5.663952054793262,2.208000000791799,16.96639999954641,2515.328767123288
1788770850,10,POST,[setup] POST /auth/login,0.000000,0.000000,0,0,0,0,0,0,0,0,0,0,0,3,0,248.37699999989127,247.23053333339826,246.47290000029898,248.37699999989127,178.0
1788770850,10,,Aggregated,10.000000,0.000000,6,6,7,7,8,9,12,12,12,12,12,810,0,6,7.171030864211153,1.8394000007901923,248.37699999989127,24202.306172839508
1788770851,10,GET,GET /articles (anon),6.800000,0.000000,6,6,7,7,8,10,12,12,12,12,12,574,0,6,6.42872630664374,2.046600000539911,43.72869999951945,26731.0
1788770851,10,GET,GET /articles (list),2.200000,0.000000,5,5,6,6,7,8,9,9,9,9,9,169,0,6,5.964499999989119,1.8394000007901923,15.42890000018815,25542.60355029586
1788770851,10,GET,GET /articles/{id} (detail),0.800000,0.000000,6,8,8,8,9,9,9,9,9,9,9,74,0,5,5.667790540539156,2.208000000791799,16.96639999954641,2500.527027027027
1788770851,10,POST,[setup] POST /auth/login,0.000000,0.000000,0,0,0,0,0,0,0,0,0,0,0,3,0,248.37699999989127,247.23053333339826,246.47290000029898,248.37699999989127,178.0
1788770851,10,,Aggregated,9.800000,0.000000,6,6,7,7,8,9,12,12,12,12,12,820,0,6,7.1453628048923905,1.8394000007901923,248.37699999989127,24202.276829268292
1788770852,10,GET,GET /articles (anon),6.800000,0.000000,6,6,7,7,8,9,12,12,12,12,12,579,0,6,6.402968048382679,2.046600000539911,43.72869999951945,26731.0
1788770852,10,GET,GET /articles (list),2.200000,0.000000,5,6,6,7,8,9,9,9,9,9,9,170,0,6,5.952713529399368,1.8394000007901923,15.42890000018815,25549.59411764706
1788770852,10,GET,GET /articles/{id} (detail),0.900000,0.000000,6,8,8,8,8,9,9,9,9,9,9,77,0,5,5.592440259734557,2.208000000791799,16.96639999954641,2563.4805194805194
1788770852,10,POST,[setup] POST /auth/login,0.000000,0.000000,0,0,0,0,0,0,0,0,0,0,0,3,0,248.37699999989127,247.23053333339826,246.47290000029898,248.37699999989127,178.0
1788770852,10,,Aggregated,9.900000,0.000000,5,6,7,7,8,9,12,12,12,12,12,829,0,6,7.106862846816911,1.8394000007901923,248.37699999989127,24147.891435464415
1788770853,10,GET,GET /articles (anon),7.000000,0.000000,6,6,7,7,8,9,12,12,12,12,12,584,0,6,6.389014383585911,2.046600000539911,43.72869999951945,26731.0
1788770853,10,GET,GET /articles (list),2.200000,0.000000,5,6,6,7,8,9,9,9,9,9,9,172,0,6,5.933055813943082,1.8394000007901923,15.42890000018815,25510.529069767443
1788770853,10,GET,GET /articles/{id} (detail),0.900000,0.000000,6,6,8,8,8,9,9,9,9,9,9,78,0,5,5.563958974364188,2.208000000791799,16.96639999954641,2586.269230769231
1788770853,10,POST,[setup] POST /auth/login,0.000000,0.000000,0,0,0,0,0,0,0,0,0,0,0,3,0,248.37699999989127,247.23053333339826,246.47290000029898,248.37699999989127,178.0
1788770853,10,,Aggregated,10.100000,0.000000,5,6,7,7,8,9,12,12,12,12,12,837,0,6,7.0816611708637796,1.8394000007901923,248.37699999989127,24134.979689366784
1788770854,10,GET,GET /articles (anon),6.900000,0.000000,5,6,7,7,8,9,12,12,12,12,12,592,0,6,6.377177364888174,2.046600000539911,43.72869999951945,26731.0
1788770854,10,GET,GET /articles (list),2.200000,0.000000,5,5,6,6,7,9,9,9,9,9,9,174,0,6,5.920209195393135,1.8394000007901923,15.42890000018815,25524.55747126437
1788770854,10,GET,GET /articles/{id} (detail),0.800000,0.000000,6,8,8,8,8,9,9,9,9,9,9,78,0,5,5.563958974364188,2.208000000791799,16.96639999954641,2586.269230769231
1788770854,10,POST,[setup] POST /auth/login,0.000000,0.000000,0,0,0,0,0,0,0,0,0,0,0,3,0,248.37699999989127,247.23053333339826,246.47290000029898,248.37699999989127,178.0
1788770854,10,,Aggregated,9.900000,0.000000,5,6,7,7,8,9,12,12,12,12,12,847,0,6,7.061494451018661,1.8394000007901923,248.37699999989127,24165.6292798111
1788770855,10,GET,GET /articles (anon),7.000000,0.000000,5,6,7,7,8,10,12,12,12,12,12,598,0,6,6.376479097014569,2.046600000539911,43.72869999951945,26731.0
1788770855,10,GET,GET /articles (list),2.000000,0.000000,5,5,6,7,8,9,10,10,10,10,10,178,0,6,5.923519101114007,1.8394000007901923,15.42890000018815,25500.64606741573
1788770855,10,GET,GET /articles/{id} (detail),1.100000,0.000000,4,6,8,8,9,9,9,9,9,9,9,78,0,5,5.563958974364188,2.208000000791799,16.96639999954641,2586.269230769231
1788770855,10,POST,[setup] POST /auth/login,0.000000,0.000000,0,0,0,0,0,0,0,0,0,0,0,3,0,248.37699999989127,247.23053333339826,246.47290000029898,248.37699999989127,178.0
1788770855,10,,Aggregated,10.100000,0.000000,5,6,7,7,8,10,12,12,12,12,12,857,0,6,7.051576779479121,1.8394000007901923,248.37699999989127,24184.966161026838
1788770856,10,GET,GET /articles (anon),6.800000,0.000000,5,6,6,7,8,9,11,12,12,12,12,604,0,6,6.352434105984016,2.046600000539911,43.72869999951945,26731.0
1788770856,10,GET,GET /articles (list),2.000000,0.000000,5,5,7,7,9,10,10,10,10,10,10,180,0,6,5.901686111100288,1.8394000007901923,15.42890000018815,25481.716666666667
1788770856,10,GET,GET /articles/{id} (detail),1.100000,0.000000,4,6,6,8,9,9,9,9,9,9,9,79,0,5,5.572454430380909,2.208000000791799,16.96639999954641,2584.0
1788770856,10,POST,[setup] POST /auth/login,0.000000,0.000000,0,0,0,0,0,0,0,0,0,0,0,3,0,248.37699999989127,247.23053333339826,246.47290000029898,248.37699999989127,178.0
1788770856,10,,Aggregated,9.900000,0.000000,5,6,6,7,8,9,11,12,12,12,12,866,0,6,7.022042956134739,1.8394000007901923,248.37699999989127,24176.5623556582
1788770857,10,GET,GET /articles (anon),6.700000,0.000000,5,5,6,6,7,8,9,10,10,10,10,610,0,6,6.335010163956377,2.046600000539911,43.72869999951945,26731.0
1788770857,10,GET,GET /articles (list),1.900000,0.000000,5,5,7,7,8,9,10,10,10,10,10,182,0,6,5.885990109878288,1.8394000007901923,15.42890000018815,25495.445054945056
1788770857,10,GET,GET /articles/{id} (detail),1.100000,0.000000,4,6,6,6,8,8,8,8,8,8,8,79,0,5,5.572454430380909,2.208000000791799,16.96639999954641,2584.0
1788770857,10,POST,[setup] POST /auth/login,0.000000,0.000000,0,0,0,0,0,0,0,0,0,0,0,3,0,248.37699999989127,247.23053333339826,246.47290000029898,248.37699999989127,178.0
1788770857,10,,Aggregated,9.700000,0.000000,5,5,6,6,7,8,10,10,10,10,10,874,0,6,6.999452974841562,1.8394000007901923,248.37699999989127,24199.943935926774
1788770858,10,GET,GET /articles (anon),6.800000,0.000000,5,5,6,6,6,8,9,10,10,10,10,618,0,6,6.319223624616981,2.046600000539911,43.72869999951945,26731.0
1788770858,10,GET,GET /articles (list),2.100000,0.000000,4,5,7,7,8,10,10,10,10,10,10,182,0,6,5.885990109878288,1.8394000007901923,15.42890000018815,25495.445054945056
1788770858,10,GET,GET /articles/{id} (detail),0.900000,0.000000,4,4,4,6,6,6,6,6,6,6,6,82,0,5,5.5204341463472595,2.208000000791799,16.96639999954641,2596.7804878048782
1788770858,10,POST,[setup] POST /auth/login,0.000000,0.000000,0,0,0,0,0,0,0,0,0,0,0,3,0,248.37699999989127,247.23053333339826,246.47290000029898,248.37699999989127,178.0
1788770858,10,,Aggregated,9.800000,0.000000,4,5,6,6,7,8,10,10,10,10,10,885,0,6,6.972765649730862,1.8394000007901923,248.37699999989127,24150.733333333334
1788770859,10,GET,GET /articles (anon),6.800000,0.000000,5,5,6,6,6,8,9,10,10,10,10,624,0,6,6.301708493612505,2.046600000539911,43.72869999951945,26731.0
1788770859,10,GET,GET /articles (list),2.000000,0.000000,4,5,7,7,8,10,10,10,10,10,10,184,0,6,5.866098369546822,1.8394000007901923,15.42890000018815,25494.45108695652
1788770859,10,GET,GET /articles/{id} (detail),0.900000,0.000000,4,4,4,6,6,6,6,6,6,6,6,83,0,5,5.4913686747031205,2.208000000791799,16.96639999954641,2584.626506024096
1788770859,10,POST,[setup] POST /auth/login,0.000000,0.000000,0,0,0,0,0,0,0,0,0,0,0,3,0,248.37699999989127,247.23053333339826,246.47290000029898,248.37699999989127,178.0
1788770859,10,,Aggregated,9.700000,0.000000,4,5,6,6,7,8,10,10,10,10,10,894,0,6,6.94530581656753,1.8394000007901923,248.37699999989127,24145.616331096197
1788770860,10,GET,GET /articles (anon),6.800000,0.000000,5,5,6,6,6,8,9,10,10,10,10,632,0,6,6.282744462048039,2.046600000539911,43.72869999951945,26731.0
1788770860,10,GET,GET /articles (list),2.100000,0.000000,4,5,5,7,8,10,10,10,10,10,10,186,0,6,5.847549999983922,1.8394000007901923,15.42890000018815,25507.747311827956
1788770860,10,GET,GET /articles/{id} (detail),0.900000,0.000000,4,4,5,5,6,6,6,6,6,6,6,84,0,5,5.489161904766401,2.208000000791799,16.96639999954641,2600.035714285714
1788770860,10,POST,[setup] POST /auth/login,0.000000,0.000000,0,0,0,0,0,0,0,0,0,0,0,3,0,248.37699999989127,247.23053333339826,246.47290000029898,248.37699999989127,178.0
1788770860,10,,Aggregated,9.800000,0.000000,4,5,6,6,6,8,10,10,10,10,10,905,0,6,6.918364640897174,1.8394000007901923,248.37699999989127,24151.790055248617
1788770861,10,GET,GET /articles (anon),6.600000,0.000000,5,5,6,6,6,8,9,10,10,10,10,639,0,6,6.263835993761721,2.046600000539911,43.72869999951945,26731.0
1788770861,10,GET,GET /articles (list),2.000000,0.000000,4,5,7,7,9,10,10,10,10,10,10,189,0,6,5.84623227512075,1.8394000007901923,15.42890000018815,25496.1164021164
1788770861,10,GET,GET /articles/{id} (detail),1.000000,0.000000,4,4,4,5,6,6,6,6,6,6,6,84,0,5,5.489161904766401,2.208000000791799,16.96639999954641,2600.035714285714
1788770861,10,POST,[setup] POST /auth/login,0.000000,0.000000,0,0,0,0,0,0,0,0,0,0,0,3,0,248.37699999989127,247.23053333339826,246.47290000029898,248.37699999989127,178.0
1788770861,10,,Aggregated,9.600000,0.000000,4,5,6,6,7,8,10,10,10,10,10,915,0,6,6.8965139890842995,1.8394000007901923,248.37699999989127,24173.565027322406
1788770862,10,GET,GET /articles (anon),6.700000,0.000000,5,5,6,6,6,8,9,10,10,10,10,647,0,6,6.2462751159417556,2.046600000539911,43.72869999951945,26731.0
1788770862,10,GET,GET /articles (list),1.900000,0.000000,4,5,6,7,8,9,10,10,10,10,10,191,0,6,5.846144502604376,1.8394000007901923,15.42890000018815,25502.09947643979
1788770862,10,GET,GET /articles/{id} (detail),1.000000,0.000000,4,5,5,5,6,6,6,6,6,6,6,85,0,5,5.485654117653801,2.208000000791799,16.96639999954641,2590.1294117647058
1788770862,10,POST,[setup] POST /auth/login,0.000000,0.000000,0,0,0,0,0,0,0,0,0,0,0,3,0,248.37699999989127,247.23053333339826,246.47290000029898,248.37699999989127,178.0
1788770862,10,,Aggregated,9.600000,0.000000,5,5,6,6,7,8,10,10,10,10,10,926,0,6,6.874649892022159,1.8394000007901923,248.37699999989127,24175.543196544277
1788770863,10,GET,GET /articles (anon),6.800000,0.000000,5,5,6,6,7,8,9,10,10,10,10,654,0,6,6.225612385343092,2.046600000539911,43.72869999951945,26731.0
1788770863,10,GET,GET /articles (list),1.900000,0.000000,5,5,7,7,9,10,10,10,10,10,10,191,0,6,5.846144502604376,1.8394000007901923,15.42890000018815,25502.09947643979
1788770863,10,GET,GET /articles/{id} (detail),1.000000,0.000000,4,4,5,5,6,6,6,6,6,6,6,87,0,5,5.436758620691825,2.208000000791799,16.96639999954641,2611.0689655172414
1788770863,10,POST,[setup] POST /auth/login,0.000000,0.000000,0,0,0,0,0,0,0,0,0,0,0,3,0,248.37699999989127,247.23053333339826,246.47290000029898,248.37699999989127,178.0
1788770863,10,,Aggregated,9.700000,0.000000,5,5,6,6,7,8,10,10,10,10,10,935,0,6,6.847971871670803,1.8394000007901923,248.37699999989127,24150.451336898397
1788770864,10,GET,GET /articles (anon),6.700000,0.000000,4,5,6,6,6,7,8,10,10,10,10,660,0,6,6.208195303051153,2.046600000539911,43.72869999951945,26731.0
1788770864,10,GET,GET /articles (list),2.000000,0.000000,5,5,5,6,8,9,9,9,9,9,9,194,0,6,5.827144845348699,1.8394000007901923,15.42890000018815,25507.422680412372
1788770864,10,GET,GET /articles/{id} (detail),1.000000,0.000000,4,4,5,5,6,6,6,6,6,6,6,88,0,5,5.411726136365112,2.208000000791799,16.96639999954641,2591.590909090909
1788770864,10,POST,[setup] POST /auth/login,0.000000,0.000000,0,0,0,0,0,0,0,0,0,0,0,3,0,248.37699999989127,247.23053333339826,246.47290000029898,248.37699999989127,178.0
1788770864,10,,Aggregated,9.700000,0.000000,4,5,6,6,6,8,9,10,10,10,10,945,0,5,6.82095079366321,1.8394000007901923,248.37699999989127,24147.612698412697
1788770865,10,GET,GET /articles (anon),6.700000,0.000000,4,5,6,6,6,7,8,8,8,8,8,667,0,6,6.197213793124159,2.046600000539911,43.72869999951945,26731.0
1788770865,10,GET,GET /articles (list),2.100000,0.000000,5,5,5,6,7,9,9,9,9,9,9,197,0,6,5.81405482231728,1.8394000007901923,15.42890000018815,25496.269035532994
1788770865,10,GET,GET /articles/{id} (detail),0.800000,0.000000,4,4,5,5,6,6,6,6,6,6,6,88,0,5,5.411726136365112,2.208000000791799,16.96639999954641,2591.590909090909
1788770865,10,POST,[setup] POST /auth/login,0.000000,0.000000,0,0,0,0,0,0,0,0,0,0,0,3,0,248.37699999989127,247.23053333339826,246.47290000029898,248.37699999989127,178.0
1788770865,10,,Aggregated,9.600000,0.000000,4,5,6,6,6,7,8,9,9,9,9,955,0,5,6.802967434566118,1.8394000007901923,248.37699999989127,24168.519371727747
1788770866,10,GET,GET /articles (anon),6.800000,0.000000,5,5,6,6,7,7,8,8,8,8,8,675,0,6,6.189630962983722,2.046600000539911,43.72869999951945,26731.0
1788770866,10,GET,GET /articles (list),1.900000,0.000000,5,5,6,6,8,9,9,9,9,9,9,198,0,6,5.825468686847984,1.8394000007901923,15.42890000018815,25502.50505050505
1788770866,10,GET,GET /articles/{id} (detail),0.900000,0.000000,4,4,5,5,5,5,5,5,5,5,5,90,0,5,5.391697777779175,2.208000000791799,16.96639999954641,2569.311111111111
1788770866,10,POST,[setup] POST /auth/login,0.000000,0.000000,0,0,0,0,0,0,0,0,0,0,0,3,0,248.37699999989127,247.23053333339826,246.47290000029898,248.37699999989127,178.0
1788770866,10,,Aggregated,9.600000,0.000000,4,5,6,6,7,7,8,9,9,9,9,966,0,5,6.78922163562136,1.8394000007901923,248.37699999989127,24145.644927536232
1788770867,10,GET,GET /articles (anon),6.800000,0.000000,4,5,6,6,7,7,8,8,8,8,8,679,0,6,6.178525331390671,2.046600000539911,43.72869999951945,26731.0
1788770867,10,GET,GET /articles (list),1.900000,0.000000,5,5,6,6,8,9,9,9,9,9,9,200,0,6,5.8138099999814585,1.8394000007901923,15.42890000018815,25514.79
1788770867,10,GET,GET /articles/{id} (detail),1.000000,0.000000,4,4,5,5,5,5,5,5,5,5,5,90,0,5,5.391697777779175,2.208000000791799,16.96639999954641,2569.311111111111
1788770867,10,POST,[setup] POST /auth/login,0.000000,0.000000,0,0,0,0,0,0,0,0,0,0,0,3,0,248.37699999989127,247.23053333339826,246.47290000029898,248.37699999989127,178.0
1788770867,10,,Aggregated,9.700000,0.000000,4,5,6,6,7,7,8,9,9,9,9,972,0,5,6.774614300422714,1.8394000007901923,248.37699999989127,24161.603909465022
1788770868,10,GET,GET /articles (anon),6.600000,0.000000,4,5,6,6,7,7,8,8,8,8,8,686,0,5,6.153509183695064,2.046600000539911,43.72869999951945,26731.0
1788770868,10,GET,GET /articles (list),1.900000,0.000000,5,5,6,6,8,9,9,9,9,9,9,204,0,5,5.797871078415233,1.8394000007901923,15.42890000018815,25487.61274509804
1788770868,10,GET,GET /articles/{id} (detail),1.100000,0.000000,4,5,5,5,5,5,5,5,5,5,5,90,0,5,5.391697777779175,2.208000000791799,16.96639999954641,2569.311111111111
1788770868,10,POST,[setup] POST /auth/login,0.000000,0.000000,0,0,0,0,0,0,0,0,0,0,0,3,0,248.37699999989127,247.23053333339826,246.47290000029898,248.37699999989127,178.0
1788770868,10,,Aggregated,9.600000,0.000000,4,5,5,6,7,8,9,9,9,9,9,983,0,5,6.745694201436259,1.8394000007901923,248.37699999989127,24179.767039674465
1788770869,10,GET,GET /articles (anon),6.900000,0.000000,5,6,6,7,8,10,12,14,14,14,14,693,0,6,6.190595382417045,2.046600000539911,43.72869999951945,26731.0
1788770869,10,GET,GET /articles (list),1.800000,0.000000,5,6,6,8,9,9,15,15,15,15,15,206,0,6,5.852841262115636,1.8394000007901923,15.42890000018815,25493.242718446603
1788770869,10,GET,GET /articles/{id} (detail),1.100000,0.000000,5,5,5,12,16,16,16,16,16,16,16,92,0,5,5.572277173917468,2.208000000791799,16.96639999954641,2588.4021739130435
1788770869,10,POST,[setup] POST /auth/login,0.000000,0.000000,0,0,0,0,0,0,0,0,0,0,0,3,0,248.37699999989127,247.23053333339826,246.47290000029898,248.37699999989127,178.0
1788770869,10,,Aggregated,9.800000,0.000000,5,6,6,7,8,12,15,16,16,16,16,994,0,5,6.790854124759995,1.8394000007901923,248.37699999989127,24159.816901408452
1788770870,10,GET,GET /articles (anon),6.600000,0.000000,5,6,7,8,10,14,16,17,17,17,17,700,0,6,6.243572714304589,2.046600000539911,43.72869999951945,26731.0
1788770870,10,GET,GET /articles (list),1.900000,0.000000,5,6,8,8,9,9,15,15,15,15,15,208,0,6,5.874865865363377,1.8394000007901923,15.42890000018815,25505.14423076923
1788770870,10,GET,GET /articles/{id} (detail),1.000000,0.000000,5,5,5,12,16,16,16,16,16,16,16,92,0,5,5.572277173917468,2.208000000791799,16.96639999954641,2588.4021739130435
1788770870,10,POST,[setup] POST /auth/login,0.000000,0.000000,0,0,0,0,0,0,0,0,0,0,0,3,0,248.37699999989127,247.23053333339826,246.47290000029898,248.37699999989127,178.0
1788770870,10,,Aggregated,9.500000,0.000000,5,6,7,8,10,14,16,17,17,17,17,1003,0,5,6.826335094725221,1.8394000007901923,248.37699999989127,24182.888334995016
1788770871,10,GET,GET /articles (anon),6.600000,0.000000,5,6,7,8,11,14,16,17,17,17,17,709,0,6,6.247119323008303,2.046600000539911,43.72869999951945,26731.0
1788770871,10,GET,GET /articles (list),2.100000,0.000000,6,8,8,8,9,11,15,15,15,15,15,211,0,6,5.922365402830756,1.8394000007901923,15.42890000018815,25501.05213270142
1788770871,10,GET,GET /articles/{id} (detail),0.900000,0.000000,5,5,12,12,16,16,16,16,16,16,16,92,0,5,5.572277173917468,2.208000000791799,16.96639999954641,2588.4021739130435
1788770871,10,POST,[setup] POST /auth/login,0.000000,0.000000,0,0,0,0,0,0,0,0,0,0,0,3,0,248.37699999989127,247.23053333339826,246.47290000029898,248.37699999989127,178.0
1788770871,10,,Aggregated,9.600000,0.000000,5,6,8,8,11,14,16,17,17,17,17,1015,0,6,6.830707192128846,1.8394000007901923,248.37699999989127,24208.539901477834
1788770872,10,GET,GET /articles (anon),6.700000,0.000000,5,7,8,9,12,14,16,17,17,17,17,714,0,6,6.268982773126074,2.046600000539911,43.72869999951945,26731.0
1788770872,10,GET,GET /articles (list),2.200000,0.000000,6,8,8,9,11,12,15,15,15,15,15,213,0,6,5.940742722995024,1.8394000007901923,15.42890000018815,25512.600938967134
1788770872,10,GET,GET /articles/{id} (detail),0.900000,0.000000,4,5,12,12,16,16,16,16,16,16,16,93,0,5,5.545836559136777,2.208000000791799,16.96639999954641,2577.6666666666665
1788770872,10,POST,[setup] POST /auth/login,0.000000,0.000000,0,0,0,0,0,0,0,0,0,0,0,3,0,248.37699999989127,247.23053333339826,246.47290000029898,248.37699999989127,178.0
1788770872,10,,Aggregated,9.800000,0.000000,5,7,8,9,12,15,16,17,17,17,17,1023,0,6,6.841531085053638,1.8394000007901923,248.37699999989127,24203.690127077225
1788770873,10,GET,GET /articles (anon),6.600000,0.000000,6,7,8,9,12,14,16,17,17,17,17,720,0,6,6.261769305571205,2.046600000539911,43.72869999951945,26731.0
1788770873,10,GET,GET /articles (list),2.200000,0.000000,6,8,8,9,11,12,15,15,15,15,15,215,0,6,5.92480604650201,1.8394000007901923,15.42890000018815,25502.81395348837
1788770873,10,GET,GET /articles/{id} (detail),0.800000,0.000000,5,6,12,12,16,16,16,16,16,16,16,94,0,5,5.545815957441633,2.208000000791799,16.96639999954641,2562.0
1788770873,10,POST,[setup] POST /auth/login,0.000000,0.000000,0,0,0,0,0,0,0,0,0,0,0,3,0,248.37699999989127,247.23053333339826,246.47290000029898,248.37699999989127,178.0
1788770873,10,,Aggregated,9.600000,0.000000,6,7,8,9,12,15,16,17,17,17,17,1032,0,6,6.826846414737314,1.8394000007901923,248.37699999989127,24196.499031007752
1788770874,10,GET,GET /articles (anon),6.900000,0.000000,6,7,9,10,12,14,16,17,17,17,17,727,0,6,6.270481017895096,2.046600000539911,43.72869999951945,26731.0
1788770874,10,GET,GET /articles (list),2.200000,0.000000,6,8,9,9,12,12,15,15,15,15,15,218,0,6,5.954864220169538,1.8394000007901923,15.42890000018815,25492.798165137614
1788770874,10,GET,GET /articles/{id} (detail),0.800000,0.000000,6,6,12,12,16,16,16,16,16,16,16,94,0,5,5.545815957441633,2.208000000791799,16.96639999954641,2562.0
1788770874,10,POST,[setup] POST /auth/login,0.000000,0.000000,0,0,0,0,0,0,0,0,0,0,0,3,0,248.37699999989127,247.23053333339826,246.47290000029898,248.37699999989127,178.0
1788770874,10,,Aggregated,9.900000,0.000000,6,8,9,10,12,15,16,17,17,17,17,1042,0,6,6.832819961618428,1.8394000007901923,248.37699999989127,24215.190978886756
1788770875,10,GET,GET /articles (anon),6.700000,0.000000,6,8,9,10,12,14,16,17,17,17,17,735,0,6,6.262476054434708,2.046600000539911,43.72869999951945,26731.0
1788770875,10,GET,GET /articles (list),2.200000,0.000000,7,8,9,9,12,12,15,15,15,15,15,219,0,6,5.961431050213812,1.8394000007901923,15.42890000018815,25477.71689497717
1788770875,10,GET,GET /articles/{id} (detail),0.800000,0.000000,6,12,12,16,16,16,16,16,16,16,16,94,0,5,5.545815957441633,2.208000000791799,16.96639999954641,2562.0
1788770875,10,POST,[setup] POST /auth/login,0.000000,0.000000,0,0,0,0,0,0,0,0,0,0,0,3,0,248.37699999989127,247.23053333339826,246.47290000029898,248.37699999989127,178.0
1788770875,10,,Aggregated,9.700000,0.000000,6,8,9,10,12,15,16,17,17,17,17,1051,0,6,6.823474405334009,1.8394000007901923,248.37699999989127,24232.413891531873
1788770876,10,GET,GET /articles (anon),6.600000,0.000000,6,8,9,10,12,14,16,17,17,17,17,743,0,6,6.243655989248612,2.046600000539911,43.72869999951945,26731.0
1788770876,10,GET,GET /articles (list),2.400000,0.000000,6,8,9,9,12,12,15,15,15,15,15,221,0,6,5.9422606334681,1.8394000007901923,15.42890000018815,25483.054298642535
1788770876,10,GET,GET /articles/{id} (detail),0.700000,0.000000,7,8,12,12,16,16,16,16,16,16,16,96,0,5,5.589843749987722,2.208000000791799,16.96639999954641,2571.8958333333335
1788770876,10,POST,[setup] POST /auth/login,0.000000,0.000000,0,0,0,0,0,0,0,0,0,0,0,3,0,248.37699999989127,247.23053333339826,246.47290000029898,248.37699999989127,178.0
1788770876,10,,Aggregated,9.700000,0.000000,6,8,9,10,12,15,16,17,17,17,17,1063,0,6,6.802062652875997,1.8394000007901923,248.37699999989127,24214.79209783631
1788770877,10,GET,GET /articles (anon),6.900000,0.000000,6,8,9,10,12,14,16,17,17,17,17,749,0,6,6.2393527370006,2.046600000539911,43.72869999951945,26731.0
1788770877,10,GET,GET /articles (list),2.400000,0.000000,7,8,9,9,12,12,15,15,15,15,15,224,0,6,5.950907589266308,1.8394000007901923,15.42890000018815,25479.495535714286
1788770877,10,GET,GET /articles/{id} (detail),0.600000,0.000000,8,8,12,12,16,16,16,16,16,16,16,96,0,5,5.589843749987722,2.208000000791799,16.96639999954641,2571.8958333333335
1788770877,10,POST,[setup] POST /auth/login,0.000000,0.000000,0,0,0,0,0,0,0,0,0,0,0,3,0,248.37699999989127,247.23053333339826,246.47290000029898,248.37699999989127,178.0
1788770877,10,,Aggregated,9.900000,0.000000,6,8,9,10,12,15,16,17,17,17,17,1072,0,6,6.795331250007574,1.8394000007901923,248.37699999989127,24231.680970149253
1788770878,10,GET,GET /articles (anon),6.900000,0.000000,6,8,9,10,12,14,16,17,17,17,17,756,0,6,6.247122222238811,2.046600000539911,43.72869999951945,26731.0
1788770878,10,GET,GET /articles (list),2.300000,0.000000,8,8,9,11,12,15,16,16,16,16,16,226,0,6,5.993028761043053,1.8394000007901923,15.958900000441645,25484.699115044248
1788770878,10,GET,GET /articles/{id} (detail),0.600000,0.000000,7,8,8,16,16,16,16,16,16,16,16,96,0,5,5.589843749987722,2.208000000791799,16.96639999954641,2571.8958333333335
1788770878,10,POST,[setup] POST /auth/login,0.000000,0.000000,0,0,0,0,0,0,0,0,0,0,0,3,0,248.37699999989127,247.23053333339826,246.47290000029898,248.37699999989127,178.0
1788770878,10,,Aggregated,9.800000,0.000000,6,8,9,10,12,15,16,17,17,17,17,1081,0,6,6.8044084181381015,1.8394000007901923,248.37699999989127,24251.261794634596
1788770879,10,GET,GET /articles (anon),6.900000,0.000000,6,8,9,9,11,15,17,21,21,21,21,764,0,6,6.269312827241517,2.046600000539911,43.72869999951945,26731.0
1788770879,10,GET,GET /articles (list),2.300000,0.000000,7,8,8,9,12,12,16,16,16,16,16,230,0,6,5.9862839130208,1.8394000007901923,15.958900000441645,25480.86086956522
1788770879,10,GET,GET /articles/{id} (detail),0.600000,0.000000,7,7,8,8,16,16,16,16,16,16,16,97,0,5,5.568557731945925,2.208000000791799,16.96639999954641,2563.2886597938145
1788770879,10,POST,[setup] POST /auth/login,0.000000,0.000000,0,0,0,0,0,0,0,0,0,0,0,3,0,248.37699999989127,247.23053333339826,246.47290000029898,248.37699999989127,178.0
1788770879,10,,Aggregated,9.800000,0.000000,6,8,9,9,11,15,17,21,21,21,21,1094,0,6,6.808447897629116,1.8394000007901923,248.37699999989127,24252.51828153565
1788770880,10,GET,GET /articles (anon),6.800000,0.000000,6,7,8,9,10,11,15,21,21,21,21,771,0,6,6.26282736707094,2.046600000539911,43.72869999951945,26731.0
1788770880,10,GET,GET /articles (list),2.300000,0.000000,7,8,8,9,12,12,16,16,16,16,16,232,0,6,6.005371982735533,1.8394000007901923,15.958900000441645,25452.491379310344
1788770880,10,GET,GET /articles/{id} (detail),0.600000,0.000000,6,7,7,8,8,8,8,8,8,8,8,97,0,5,5.568557731945925,2.208000000791799,16.96639999954641,2563.2886597938145
1788770880,10,POST,[setup] POST /auth/login,0.000000,0.000000,0,0,0,0,0,0,0,0,0,0,0,3,0,248.37699999989127,247.23053333339826,246.47290000029898,248.37699999989127,178.0
1788770880,10,,Aggregated,9.700000,0.000000,6,7,8,9,11,12,16,21,21,21,21,1103,0,6,6.803017135090923,1.8394000007901923,248.37699999989127,24264.507706255667
1788770881,10,GET,GET /articles (anon),7.000000,0.000000,6,7,9,9,11,11,15,21,21,21,21,777,0,6,6.281158558572625,2.046600000539911,43.72869999951945,26731.0
1788770881,10,GET,GET /articles (list),2.300000,0.000000,6,8,8,8,12,12,16,16,16,16,16,233,0,6,5.996962660921289,1.8394000007901923,15.958900000441645,25457.978540772532
1788770881,10,GET,GET /articles/{id} (detail),0.600000,0.000000,5,6,7,7,8,8,8,8,8,8,8,99,0,5,5.542379797965752,2.208000000791799,16.96639999954641,2545.282828282828
1788770881,10,POST,[setup] POST /auth/login,0.000000,0.000000,0,0,0,0,0,0,0,0,0,0,0,3,0,248.37699999989127,247.23053333339826,246.47290000029898,248.37699999989127,178.0
1788770881,10,,Aggregated,9.900000,0.000000,6,7,8,9,11,12,16,21,21,21,21,1112,0,6,6.805881025183808,1.8394000007901923,248.37699999989127,24239.400179856115
1788770882,10,GET,GET /articles (anon),7.000000,0.000000,6,7,8,9,10,11,11,21,21,21,21,785,0,6,6.280470955430333,2.046600000539911,43.72869999951945,26731.0
1788770882,10,GET,GET /articles (list),2.400000,0.000000,6,7,8,8,8,12,16,16,16,16,16,237,0,6,5.9938974683344,1.8394000007901923,15.958900000441645,25473.864978902955
1788770882,10,GET,GET /articles/{id} (detail),0.500000,0.000000,6,6,7,7,8,8,8,8,8,8,8,99,0,5,5.542379797965752,2.208000000791799,16.96639999954641,2545.282828282828
1788770882,10,POST,[setup] POST /auth/login,0.000000,0.000000,0,0,0,0,0,0,0,0,0,0,0,3,0,248.37699999989127,247.23053333339826,246.47290000029898,248.37699999989127,178.0
1788770882,10,,Aggregated,9.900000,0.000000,6,7,8,8,10,11,16,21,21,21,21,1124,0,6,6.798141103208958,1.8394000007901923,248.37699999989127,24264.820284697507
1788770883,10,GET,GET /articles (anon),7.000000,0.000000,6,7,8,9,10,11,11,21,21,21,21,794,0,6,6.294286523946995,2.046600000539911,43.72869999951945,26731.0
1788770883,10,GET,GET /articles (list),2.400000,0.000000,6,8,8,8,11,12,16,16,16,16,16,239,0,6,6.025469037637042,1.8394000007901923,15.958900000441645,25459.832635983264
1788770883,10,GET,GET /articles/{id} (detail),0.600000,0.000000,5,6,7,7,8,8,8,8,8,8,8,100,0,5,5.524863999989975,2.208000000791799,16.96639999954641,2562.4
1788770883,10,POST,[setup] POST /auth/login,0.000000,0.000000,0,0,0,0,0,0,0,0,0,0,0,3,0,248.37699999989127,247.23053333339826,246.47290000029898,248.37699999989127,178.0
1788770883,10,,Aggregated,10.000000,0.000000,6,7,8,9,10,11,12,16,21,21,21,1136,0,6,6.806275176063696,1.8394000007901923,248.37699999989127,24265.922535211266
1788770884,10,GET,GET /articles (anon),6.900000,0.000000,6,7,8,9,10,11,12,21,21,21,21,799,0,6,6.298357697137242,2.046600000539911,43.72869999951945,26731.0
1788770884,10,GET,GET /articles (list),2.200000,0.000000,6,8,8,8,9,11,16,16,16,16,16,241,0,6,6.024195850599826,1.8394000007901923,15.958900000441645,25470.381742738587
1788770884,10,GET,GET /articles/{id} (detail),0.700000,0.000000,5,5,7,7,8,8,8,8,8,8,8,101,0,5,5.516974257414692,2.208000000791799,16.96639999954641,2575.6039603960394
1788770884,10,POST,[setup] POST /auth/login,0.000000,0.000000,0,0,0,0,0,0,0,0,0,0,0,3,0,248.37699999989127,247.23053333339826,246.47290000029898,248.37699999989127,178.0
1788770884,10,,Aggregated,9.800000,0.000000,6,7,8,8,10,11,16,21,21,21,21,1144,0,6,6.8034309440614456,1.8394000007901923,248.37699999989127,24263.200174825175
1788770885,10,GET,GET /articles (anon),7.100000,0.000000,6,7,9,9,11,11,12,21,21,21,21,805,0,6,6.309917018649532,2.046600000539911,43.72869999951945,26731.0
1788770885,10,GET,GET /articles (list),2.400000,0.000000,6,8,8,8,9,11,16,16,16,16,16,243,0,6,6.031672016437474,1.8394000007901923,15.958900000441645,25462.069958847736
1788770885,10,GET,GET /articles/{id} (detail),0.700000,0.000000,5,5,5,5,7,7,7,7,7,7,7,102,0,5,5.514788235279197,2.208000000791799,16.96639999954641,2583.4411764705883
1788770885,10,POST,[setup] POST /auth/login,0.000000,0.000000,0,0,0,0,0,0,0,0,0,0,0,3,0,248.37699999989127,247.23053333339826,246.47290000029898,248.37699999989127,178.0
1788770885,10,,Aggregated,10.200000,0.000000,6,7,8,9,10,11,16,21,21,21,21,1153,0,6,6.807787944497704,1.8394000007901923,248.37699999989127,24258.26799653079
1788770886,10,GET,GET /articles (anon),7.300000,0.000000,6,7,8,9,11,11,12,21,21,21,21,815,0,6,6.280314846641602,2.046600000539911,43.72869999951945,26731.0
1788770886,10,GET,GET /articles (list),2.400000,0.000000,6,8,8,8,9,11,16,16,16,16,16,244,0,6,6.029168852435641,1.8394000007901923,15.958900000441645,25448.659836065573
1788770886,10,GET,GET /articles/{id} (detail),0.600000,0.000000,5,5,5,5,7,7,7,7,7,7,7,104,0,5,5.483722115374034,2.208000000791799,16.96639999954641,2593.6153846153848
1788770886,10,POST,[setup] POST /auth/login,0.000000,0.000000,0,0,0,0,0,0,0,0,0,0,0,3,0,248.37699999989127,247.23053333339826,246.47290000029898,248.37699999989127,178.0
1788770886,10,,Aggregated,10.300000,0.000000,6,7,8,8,10,11,12,16,21,21,21,1166,0,6,6.776648799319293,1.8394000007901923,248.37699999989127,24241.430531732418
1788770887,10,GET,GET /articles (anon),6.900000,0.000000,6,7,8,9,10,11,12,21,21,21,21,823,0,6,6.260611300137718,2.046600000539911,43.72869999951945,26731.0
1788770887,10,GET,GET /articles (list),2.400000,0.000000,6,8,8,9,11,11,16,16,16,16,16,247,0,6,6.02988704451071,1.8394000007901923,15.958900000441645,25458.862348178136
1788770887,10,GET,GET /articles/{id} (detail),0.700000,0.000000,4,5,5,5,5,5,5,5,5,5,5,105,0,5,5.465183809506665,2.208000000791799,16.96639999954641,2601.8571428571427
1788770887,10,POST,[setup] POST /auth/login,0.000000,0.000000,0,0,0,0,0,0,0,0,0,0,0,3,0,248.37699999989127,247.23053333339826,246.47290000029898,248.37699999989127,178.0
1788770887,10,,Aggregated,10.000000,0.000000,6,7,8,8,10,11,12,16,21,21,21,1178,0,6,6.755009422755418,1.8394000007901923,248.37699999989127,24245.909168081493
1788770888,10,GET,GET /articles (anon),7.100000,0.000000,6,7,8,9,10,11,12,21,21,21,21,830,0,6,6.2503730120657695,2.046600000539911,43.72869999951945,26731.0
1788770888,10,GET,GET /articles (list),2.300000,0.000000,6,8,8,9,9,11,11,11,11,11,11,248,0,6,6.042503629010577,1.8394000007901923,15.958900000441645,25445.6814516129
1788770888,10,GET,GET /articles/{id} (detail),0.700000,0.000000,4,5,5,5,5,5,5,5,5,5,5,106,0,5,5.45185094337422,2.208000000791799,16.96639999954641,2615.669811320755
1788770888,10,POST,[setup] POST /auth/login,0.000000,0.000000,0,0,0,0,0,0,0,0,0,0,0,3,0,248.37699999989127,247.23053333339826,246.47290000029898,248.37699999989127,178.0
1788770888,10,,Aggregated,10.100000,0.000000,6,7,8,8,10,11,12,12,21,21,21,1187,0,6,6.744682645330307,1.8394000007901923,248.37699999989127,24241.831508003368
1788770889,10,GET,GET /articles (anon),7.200000,0.000000,6,6,7,8,10,11,12,12,12,12,12,836,0,6,6.242496411498962,2.046600000539911,43.72869999951945,26731.0
1788770889,10,GET,GET /articles (list),2.400000,0.000000,6,8,9,9,11,11,11,11,11,11,11,249,0,6,6.041451405599584,1.8394000007901923,15.958900000441645,25450.843373493975
1788770889,10,GET,GET /articles/{id} (detail),0.800000,0.000000,4,5,5,5,5,5,5,5,5,5,5,107,0,5,5.442254205586451,2.208000000791799,16.96639999954641,2601.551401869159
1788770889,10,POST,[setup] POST /auth/login,0.000000,0.000000,0,0,0,0,0,0,0,0,0,0,0,3,0,248.37699999989127,247.23053333339826,246.47290000029898,248.37699999989127,178.0
1788770889,10,,Aggregated,10.400000,0.000000,5,6,7,8,9,11,11,12,12,12,12,1195,0,6,6.733942426782739,1.8394000007901923,248.37699999989127,24237.051046025106
1788770890,20,GET,GET /articles (anon),7.400000,0.000000,6,7,9,9,12,31,33,34,34,34,34,848,0,6,6.430379952845206,2.046600000539911,43.72869999951945,26731.0
1788770890,20,GET,GET /articles (list),2.300000,0.000000,6,7,8,9,9,11,11,11,11,11,11,255,0,6,6.011463137235528,1.8394000007901923,15.958900000441645,25463.156862745098
1788770890,20,GET,GET /articles/{id} (detail),0.900000,0.000000,5,5,5,5,5,5,5,5,5,5,5,108,0,5,5.438137962940986,2.208000000791799,16.96639999954641,2615.8888888888887
1788770890,20,POST,[setup] POST /auth/login,0.000000,0.000000,0,0,0,0,0,0,0,0,0,0,0,7,0,220,230.23090000008648,215.87490000001708,248.37699999989127,178.0
1788770890,20,,Aggregated,10.600000,0.000000,5,7,9,9,12,33,220,220,220,220,220,1218,0,6,7.540903530382616,1.8394000007901923,248.37699999989127,24174.675697865354
1788770891,30,GET,GET /articles (anon),7.400000,0.000000,5,7,9,10,26,31,33,34,34,34,34,868,0,6,6.54554838711255,2.046600000539911,43.72869999951945,26731.0
1788770891,30,GET,GET /articles (list),2.100000,0.000000,6,7,8,9,9,11,11,11,11,11,11,261,0,6,5.997268582355357,1.8394000007901923,15.958900000441645,25482.13409961686
1788770891,30,GET,GET /articles/{id} (detail),1.000000,0.000000,4,5,5,5,5,5,5,5,5,5,5,111,0,5,5.402899999967918,2.208000000791799,16.96639999954641,2635.4234234234236
1788770891,30,POST,[setup] POST /auth/login,0.000000,0.000000,220,220,220,220,220,220,220,220,220,220,220,10,0,220,224.05005999999048,208.4568999998737,248.37699999989127,178.0
1788770891,30,,Aggregated,10.500000,0.000000,5,7,9,10,29,210,220,220,220,220,220,1250,0,6,8.069636480003828,1.8394000007901923,248.37699999989127,24118.1256
1788770892,40,GET,GET /articles (anon),7.400000,0.000000,5,7,9,19,28,31,33,33,34,34,34,895,0,6,6.695073184370645,2.046600000539911,43.72869999951945,26731.0
1788770892,40,GET,GET /articles (list),1.900000,0.000000,5,7,8,9,9,11,20,20,20,20,20,270,0,6,6.008632222202087,1.8394000007901923,19.5558000004894,25513.933333333334
1788770892,40,GET,GET /articles/{id} (detail),1.000000,0.000000,4,5,5,5,5,5,5,5,5,5,5,113,0,5,5.366972566332304,2.208000000791799,16.96639999954641,2654.4424778761063
1788770892,40,POST,[setup] POST /auth/login,0.000000,0.000000,210,220,220,220,220,220,220,220,220,220,220,13,0,220,221.438215384646,208.4568999998737,248.37699999989127,178.46153846153845
1788770892,40,,Aggregated,10.300000,0.000000,5,7,9,19,29,210,220,220,220,220,220,1291,0,6,8.59766529822017,1.8394000007901923,248.37699999989127,24101.687838884587
1788770893,50,GET,GET /articles (anon),7.800000,0.000000,5,6,9,19,26,29,33,33,34,34,34,930,0,5,6.722265053773416,2.046600000539911,43.72869999951945,26731.0
1788770893,50,GET,GET /articles (list),2.300000,0.000000,5,7,7,8,9,9,20,20,20,20,20,280,0,6,5.996959642834554,1.8394000007901923,19.5558000004894,25520.225
1788770893,50,GET,GET /articles/{id} (detail),1.100000,0.000000,4,5,5,5,5,6,6,6,6,6,6,115,0,5,5.36652434779092,2.208000000791799,16.96639999954641,2645.791304347826
1788770893,50,POST,[setup] POST /auth/login,0.400000,0.000000,210,210,220,220,220,220,220,220,220,220,220,17,0,210,217.42725882353733,203.27720000022964,248.37699999989127,178.8235294117647
1788770893,50,,Aggregated,11.600000,0.000000,5,6,9,19,29,210,210,220,220,220,220,1342,0,5,9.12389634873252,1.8394000007901923,248.37699999989127,24078.091654247393
1788770894,50,GET,GET /articles (anon),9.000000,0.000000,5,6,8,10,24,29,31,33,34,34,34,961,0,5,6.691898647249607,2.046600000539911,43.72869999951945,26731.0
1788770894,50,GET,GET /articles (list),2.800000,0.000000,5,6,7,8,9,9,20,20,20,20,20,291,0,6,5.9795350515245085,1.8394000007901923,19.5558000004894,25489.89347079038
1788770894,50,GET,GET /articles/{id} (detail),1.200000,0.000000,4,5,5,5,6,6,6,6,6,6,6,123,0,5,5.29988211377994,2.208000000791799,16.96639999954641,2670.9430894308944
1788770894,50,POST,[setup] POST /auth/login,0.700000,0.000000,210,210,220,220,220,220,220,220,220,220,220,17,0,210,217.42725882353733,203.27720000022964,248.37699999989127,178.8235294117647
1788770894,50,,Aggregated,13.700000,0.000000,5,6,8,10,28,200,210,220,220,220,220,1392,0,5,8.993612212640496,1.8394000007901923,248.37699999989127,24021.275862068964
1788770895,50,GET,GET /articles (anon),11.100000,0.000000,5,6,7,9,24,29,31,33,34,34,34,990,0,5,6.629911212128333,2.046600000539911,43.72869999951945,26731.0
1788770895,50,GET,GET /articles (list),3.300000,0.000000,5,6,7,7,9,9,11,20,20,20,20,302,0,6,5.944859271497363,1.8394000007901923,19.5558000004894,25500.632450331126
1788770895,50,GET,GET /articles/{id} (detail),1.300000,0.000000,4,5,5,5,6,6,6,6,6,6,6,128,0,5,5.266510156204163,2.208000000791799,16.96639999954641,2675.4453125
1788770895,50,POST,[setup] POST /auth/login,1.000000,0.000000,210,210,220,220,220,220,220,220,220,220,220,17,0,210,217.42725882353733,203.27720000022964,248.37699999989127,178.8235294117647
1788770895,50,,Aggregated,16.700000,0.000000,5,6,7,9,26,34,210,220,220,220,220,1437,0,5,8.858271607511147,1.8394000007901923,248.37699999989127,24015.572720946417
1788770896,50,GET,GET /articles (anon),13.600000,0.000000,5,6,7,8,23,28,31,33,34,34,34,1024,0,5,6.588318945319749,2.046600000539911,43.72869999951945,26731.0
1788770896,50,GET,GET /articles (list),4.200000,0.000000,5,6,7,7,8,9,12,20,20,20,20,317,0,5,5.9211776024943905,1.8394000007901923,19.5558000004894,25494.94637223975
1788770896,50,GET,GET /articles/{id} (detail),1.700000,0.000000,4,5,5,6,6,8,11,11,11,11,11,131,0,5,5.329088549565,2.208000000791799,16.96639999954641,2639.0152671755727
1788770896,50,POST,[setup] POST /auth/login,1.400000,0.000000,210,210,220,220,220,220,220,220,220,220,220,17,0,210,217.42725882353733,203.27720000022964,248.37699999989127,178.8235294117647
1788770896,50,,Aggregated,20.900000,0.000000,5,6,7,8,24,33,210,220,220,220,220,1489,0,5,8.742663465407182,1.8394000007901923,248.37699999989127,24045.126259234385
1788770897,50,GET,GET /articles (anon),16.200000,0.000000,5,6,7,8,20,27,31,33,34,34,34,1058,0,5,6.529727977322835,2.046600000539911,43.72869999951945,26731.0
1788770897,50,GET,GET /articles (list),5.100000,0.000000,5,6,7,7,9,9,17,20,20,20,20,329,0,5,5.945364741609407,1.8394000007901923,19.5558000004894,25482.489361702126
1788770897,50,GET,GET /articles/{id} (detail),2.200000,0.000000,5,5,5,6,6,8,11,11,11,11,11,135,0,5,5.286175555502942,2.208000000791799,16.96639999954641,2634.5185185185187
1788770897,50,POST,[setup] POST /auth/login,1.400000,0.000000,210,210,220,220,220,220,220,220,220,220,220,17,0,210,217.42725882353733,203.27720000022964,248.37699999989127,178.8235294117647
1788770897,50,,Aggregated,24.900000,0.000000,5,6,7,8,22,31,210,220,220,220,220,1539,0,5,8.62532443144255,1.8394000007901923,248.37699999989127,24057.074074074073
1788770898,50,GET,GET /articles (anon),18.200000,0.000000,5,5,6,7,19,26,31,33,34,34,34,1091,0,5,6.47433263062101,2.046600000539911,43.72869999951945,26731.0
1788770898,50,GET,GET /articles (list),6.000000,0.000000,5,6,6,7,8,9,17,20,20,20,20,337,0,5,5.905431157239428,1.8394000007901923,19.5558000004894,25471.703264094955
1788770898,50,GET,GET /articles/{id} (detail),2.600000,0.000000,5,5,5,5,6,8,11,11,11,11,11,143,0,5,5.245179020936769,2.208000000791799,16.96639999954641,2650.7902097902097
1788770898,50,POST,[setup] POST /auth/login,1.400000,0.000000,210,210,220,220,220,220,220,220,220,220,220,17,0,210,217.42725882353733,203.27720000022964,248.37699999989127,178.8235294117647
1788770898,50,,Aggregated,28.200000,0.000000,5,6,7,7,20,31,210,220,220,220,220,1588,0,5,8.501228715359762,1.8394000007901923,248.37699999989127,24011.07556675063
1788770899,50,GET,GET /articles (anon),20.800000,0.000000,5,6,6,7,18,26,31,33,34,34,34,1126,0,5,6.443417850806968,2.046600000539911,43.72869999951945,26731.0
1788770899,50,GET,GET /articles (list),7.200000,0.000000,5,6,6,7,8,11,17,20,20,20,20,349,0,5,5.878242693377506,1.8394000007901923,19.5558000004894,25447.747851002867
1788770899,50,GET,GET /articles/{id} (detail),2.700000,0.000000,5,5,6,6,7,8,11,11,11,11,11,148,0,5,5.2879493242852655,2.208000000791799,16.96639999954641,2618.7567567567567
1788770899,50,POST,[setup] POST /auth/login,1.400000,0.000000,210,210,220,220,220,220,220,220,220,220,220,17,0,210,217.42725882353733,203.27720000022964,248.37699999989127,178.8235294117647
1788770899,50,,Aggregated,32.100000,0.000000,5,6,7,7,18,29,210,210,220,220,220,1640,0,5,8.40589945121448,1.8394000007901923,248.37699999989127,24006.698780487804
1788770900,50,GET,GET /articles (anon),23.500000,0.000000,5,6,7,7,10,22,27,29,29,29,29,1154,0,5,6.451254246108288,2.046600000539911,43.72869999951945,26731.0
1788770900,50,GET,GET /articles (list),8.200000,0.000000,5,6,7,7,9,10,17,17,20,20,20,362,0,5,5.910127071794544,1.8394000007901923,19.5558000004894,25448.86740331492
1788770900,50,GET,GET /articles/{id} (detail),3.100000,0.000000,5,6,6,6,8,9,24,24,24,24,24,153,0,5,5.413664052248588,2.208000000791799,23.8720999996076,2607.718954248366
1788770900,50,POST,[setup] POST /auth/login,1.400000,0.000000,210,210,210,210,210,210,210,210,210,210,210,17,0,210,217.42725882353733,203.27720000022964,248.37699999989127,178.8235294117647
1788770900,50,,Aggregated,36.200000,0.000000,5,6,7,8,10,24,200,210,210,210,210,1686,0,5,8.368189442463082,1.8394000007901923,248.37699999989127,23998.864175563464
1788770902,50,GET,GET /articles (anon),26.100000,0.000000,5,6,6,7,9,10,18,23,24,24,24,1188,0,5,6.418834680139313,2.046600000539911,43.72869999951945,26731.0
1788770902,50,GET,GET /articles (list),8.900000,0.000000,5,6,7,7,9,10,12,17,17,17,17,374,0,5,5.912817379650956,1.8394000007901923,19.5558000004894,25458.625668449196
1788770902,50,GET,GET /articles/{id} (detail),3.600000,0.000000,5,6,6,6,10,12,24,24,24,24,24,159,0,5,5.513950943351354,2.208000000791799,23.8720999996076,2583.805031446541
1788770902,50,POST,[setup] POST /auth/login,1.400000,0.000000,200,200,210,210,210,210,210,210,210,210,210,17,0,210,217.42725882353733,203.27720000022964,248.37699999989127,178.8235294117647
1788770902,50,,Aggregated,40.000000,0.000000,5,6,6,7,9,11,22,24,210,210,210,1738,0,5,8.291110989636342,1.8394000007901923,248.37699999989127,23988.38837744534
1788770903,50,GET,GET /articles (anon),28.800000,0.000000,5,5,6,7,8,9,11,12,18,18,18,1223,0,5,6.376494766972579,2.046600000539911,43.72869999951945,26731.0
1788770903,50,GET,GET /articles (list),10.000000,0.000000,5,6,6,7,9,10,12,17,17,17,17,382,0,5,5.882779842908425,1.8394000007901923,19.5558000004894,25430.774869109948
1788770903,50,GET,GET /articles/{id} (detail),4.200000,0.000000,5,6,7,8,15,22,24,24,24,24,24,166,0,5,5.829180120446222,2.208000000791799,24.04389999992418,2638.89156626506
1788770903,50,POST,[setup] POST /auth/login,1.400000,0.000000,200,200,210,210,210,210,210,210,210,210,210,17,0,210,217.42725882353733,203.27720000022964,248.37699999989127,178.8235294117647
1788770903,50,,Aggregated,44.400000,0.000000,5,6,6,7,9,10,14,18,24,24,24,1788,0,5,8.226835738250944,1.8394000007901923,248.37699999989127,23964.018456375838
1788770904,50,GET,GET /articles (anon),30.600000,0.000000,5,6,6,7,8,9,12,14,18,18,18,1259,0,5,6.387887370933182,2.046600000539911,43.72869999951945,26731.0
1788770904,50,GET,GET /articles (list),10.700000,0.000000,5,6,7,7,9,10,12,17,17,17,17,395,0,5,5.895264050607843,1.8394000007901923,19.5558000004894,25425.640506329113
1788770904,50,GET,GET /articles/{id} (detail),4.400000,0.000000,5,6,8,9,19,22,24,24,24,24,24,169,0,5,5.90247396446463,2.208000000791799,24.04389999992418,2654.195266272189
1788770904,50,POST,[setup] POST /auth/login,1.000000,0.000000,200,200,210,210,210,210,210,210,210,210,210,17,0,210,217.42725882353733,203.27720000022964,248.37699999989127,178.8235294117647
1788770904,50,,Aggregated,46.700000,0.000000,5,6,6,7,9,10,15,19,24,24,24,1840,0,5,8.187370108690017,1.8394000007901923,248.37699999989127,23994.05217391304
1788770905,50,GET,GET /articles (anon),31.900000,0.000000,5,6,7,8,9,12,18,23,25,25,25,1290,0,5,6.501547286826076,2.046600000539911,43.72869999951945,26731.0
1788770905,50,GET,GET /articles (list),11.300000,0.000000,5,6,7,8,11,14,17,17,27,27,27,410,0,5,6.058927317045767,1.8394000007901923,27.40559999983816,25428.59024390244
1788770905,50,GET,GET /articles/{id} (detail),4.800000,0.000000,5,7,9,11,21,24,26,26,26,26,26,171,0,5,6.010202339149406,2.208000000791799,25.863699999717937,2671.2105263157896
1788770905,50,POST,[setup] POST /auth/login,0.700000,0.000000,200,200,210,210,210,210,210,210,210,210,210,17,0,210,217.42725882353733,203.27720000022964,248.37699999989127,178.8235294117647
1788770905,50,,Aggregated,48.700000,0.000000,5,6,7,8,10,14,21,24,27,27,27,1888,0,5,8.260150529655236,1.8394000007901923,248.37699999989127,24029.94120762712
1788770906,50,GET,GET /articles (anon),32.500000,0.000000,5,7,8,9,11,14,18,23,25,25,25,1323,0,5,6.565640060472268,2.046600000539911,43.72869999951945,26731.0
1788770906,50,GET,GET /articles (list),11.200000,0.000000,6,7,8,9,11,14,17,17,27,27,27,423,0,5,6.101107564988114,1.8394000007901923,27.40559999983816,25457.881796690308
1788770906,50,GET,GET /articles/{id} (detail),5.300000,0.000000,6,8,12,19,24,26,68,68,68,68,68,175,0,5,6.620391428535056,2.208000000791799,68.13049999982468,2683.062857142857
1788770906,50,POST,[setup] POST /auth/login,0.400000,0.000000,200,200,210,210,210,210,210,210,210,210,210,17,0,210,217.42725882353733,203.27720000022964,248.37699999989127,178.8235294117647
1788770906,50,,Aggregated,49.400000,0.000000,5,7,8,9,12,17,24,25,68,68,68,1938,0,5,8.318855624349098,1.8394000007901923,248.37699999989127,24048.696078431374
1788770907,50,GET,GET /articles (anon),32.900000,0.000000,6,7,8,9,12,14,17,23,25,25,25,1357,0,5,6.610351805457608,2.046600000539911,43.72869999951945,26731.0
1788770907,50,GET,GET /articles (list),11.700000,0.000000,6,7,8,10,11,13,14,15,27,27,27,433,0,6,6.138811547318537,1.8394000007901923,27.40559999983816,25470.667436489606
1788770907,50,GET,GET /articles/{id} (detail),4.800000,0.000000,6,10,12,19,24,26,68,68,68,68,68,180,0,5,6.650349999967552,2.208000000791799,68.13049999982468,2657.2166666666667
1788770907,50,POST,[setup] POST /auth/login,0.000000,0.000000,200,200,210,210,210,210,210,210,210,210,210,17,0,210,217.42725882353733,203.27720000022964,248.37699999989127,178.8235294117647
1788770907,50,,Aggregated,49.400000,0.000000,6,7,9,10,12,15,24,25,68,68,68,1987,0,5,8.314886361343328,1.8394000007901923,248.37699999989127,24048.36688475088
1788770908,50,GET,GET /articles (anon),33.300000,0.000000,6,8,9,10,12,14,17,23,25,25,25,1391,0,5,6.620018404031278,2.046600000539911,43.72869999951945,26731.0
1788770908,50,GET,GET /articles (list),12.000000,0.000000,6,7,9,10,12,14,14,15,27,27,27,446,0,6,6.18435403584913,1.8394000007901923,27.40559999983816,25430.181614349774
1788770908,50,GET,GET /articles/{id} (detail),4.700000,0.000000,7,11,13,19,24,26,68,68,68,68,68,187,0,5,6.6711716577278795,2.208000000791799,68.13049999982468,2668.5561497326203
1788770908,50,POST,[setup] POST /auth/login,0.000000,0.000000,200,200,210,210,210,210,210,210,210,210,210,17,0,210,217.42725882353733,203.27720000022964,248.37699999989127,178.8235294117647
1788770908,50,,Aggregated,50.000000,0.000000,6,8,9,10,12,15,23,25,68,68,68,2041,0,5,8.285369916703315,1.8394000007901923,248.37699999989127,24020.941695247428
1788770909,50,GET,GET /articles (anon),33.100000,0.000000,6,8,9,10,12,14,17,23,25,25,25,1425,0,5,6.608545894743752,2.046600000539911,43.72869999951945,26731.0
1788770909,50,GET,GET /articles (list),11.500000,0.000000,6,8,9,10,12,14,14,15,27,27,27,457,0,6,6.178448796475591,1.8394000007901923,27.40559999983816,25432.908096280087
1788770909,50,GET,GET /articles/{id} (detail),4.800000,0.000000,7,11,13,19,24,26,68,68,68,68,68,191,0,5,6.668945026150421,2.208000000791799,68.13049999982468,2689.057591623037
1788770909,50,POST,[setup] POST /auth/login,0.000000,0.000000,200,200,210,210,210,210,210,210,210,210,210,17,0,210,217.42725882353733,203.27720000022964,248.37699999989127,178.8235294117647
1788770909,50,,Aggregated,49.400000,0.000000,6,8,9,10,13,15,24,25,68,68,68,2090,0,5,8.234813827748352,1.8394000007901923,248.37699999989127,24034.04976076555
1788770910,50,GET,GET /articles (anon),33.300000,0.000000,6,8,9,10,12,14,17,19,25,25,25,1459,0,5,6.621127553127568,2.046600000539911,43.72869999951945,26731.0
1788770910,50,GET,GET /articles (list),11.600000,0.000000,6,7,9,10,13,14,14,15,27,27,27,468,0,6,6.1695247862998155,1.8394000007901923,27.40559999983816,25436.702991452992
1788770910,50,GET,GET /articles/{id} (detail),5.100000,0.000000,8,10,13,17,24,26,68,68,68,68,68,201,0,5,6.818044776091438,2.208000000791799,68.13049999982468,2711.8756218905473
1788770910,50,POST,[setup] POST /auth/login,0.000000,0.000000,200,200,210,210,210,210,210,210,210,210,210,17,0,210,217.42725882353733,203.27720000022964,248.37699999989127,178.8235294117647
1788770910,50,,Aggregated,50.000000,0.000000,6,8,9,10,13,16,23,25,68,68,68,2145,0,5,8.211773006991118,1.8394000007901923,248.37699999989127,23987.427972027974
1788770911,50,GET,GET /articles (anon),33.200000,0.000000,6,8,9,10,12,14,17,19,25,25,25,1489,0,6,6.624155473478911,2.046600000539911,43.72869999951945,26731.0
1788770911,50,GET,GET /articles (list),12.000000,0.000000,6,8,10,11,14,15,20,27,27,27,27,482,0,6,6.289632157649712,1.8394000007901923,27.40559999983816,25441.688796680497
1788770911,50,GET,GET /articles/{id} (detail),4.800000,0.000000,8,10,13,17,24,26,68,68,68,68,68,205,0,5,6.871243414601983,2.208000000791799,68.13049999982468,2723.1658536585364
1788770911,50,POST,[setup] POST /auth/login,0.000000,0.000000,0,0,0,0,0,0,0,0,0,0,0,17,0,210,217.42725882353733,203.27720000022964,248.37699999989127,178.8235294117647
1788770911,50,,Aggregated,50.000000,0.000000,6,8,9,10,13,17,24,26,68,68,68,2193,0,6,8.207860693110261,1.8394000007901923,248.37699999989127,23997.556771545827
1788770912,50,GET,GET /articles (anon),32.900000,0.000000,7,8,10,10,12,15,17,23,25,25,25,1523,0,6,6.636334405785519,2.046600000539911,43.72869999951945,26731.0
1788770912,50,GET,GET /articles (list),11.700000,0.000000,7,8,10,11,14,16,21,27,27,27,27,495,0,6,6.350970303001396,1.8394000007901923,27.40559999983816,25446.478787878787
1788770912,50,GET,GET /articles/{id} (detail),5.200000,0.000000,8,9,12,13,24,26,68,68,68,68,68,208,0,5,6.8766927884229725,2.208000000791799,68.13049999982468,2740.3221153846152
1788770912,50,POST,[setup] POST /auth/login,0.000000,0.000000,0,0,0,0,0,0,0,0,0,0,0,17,0,210,217.42725882353733,203.27720000022964,248.37699999989127,178.8235294117647
1788770912,50,,Aggregated,49.800000,0.000000,7,8,10,11,13,16,23,26,68,68,68,2243,0,6,8.19326041016012,1.8394000007901923,248.37699999989127,24021.554614355773
1788770913,50,GET,GET /articles (anon),32.800000,0.000000,7,8,10,10,12,14,17,19,25,25,25,1563,0,6,6.647842354452487,2.046600000539911,43.72869999951945,26731.0
1788770913,50,GET,GET /articles (list),11.800000,0.000000,7,8,10,11,14,16,21,27,27,27,27,509,0,6,6.359766011756174,1.8394000007901923,27.40559999983816,25461.359528487228
1788770913,50,GET,GET /articles/{id} (detail),5.200000,0.000000,8,10,12,12,24,26,68,68,68,68,68,210,0,5,6.889250952337447,2.208000000791799,68.13049999982468,2742.3571428571427
1788770913,50,POST,[setup] POST /auth/login,0.000000,0.000000,0,0,0,0,0,0,0,0,0,0,0,17,0,210,217.42725882353733,203.27720000022964,248.37699999989127,178.8235294117647
1788770913,50,,Aggregated,49.800000,0.000000,7,9,10,11,13,16,23,26,68,68,68,2299,0,6,8.164725793816498,1.8394000007901923,248.37699999989127,24062.340147890387
1788770914,50,GET,GET /articles (anon),33.200000,0.000000,7,8,9,10,11,13,15,16,17,17,17,1594,0,6,6.64878287328201,2.046600000539911,43.72869999951945,26731.0
1788770914,50,GET,GET /articles (list),12.100000,0.000000,6,8,9,10,13,14,20,21,27,27,27,522,0,6,6.364495402271257,1.8394000007901923,27.40559999983816,25459.254789272032
1788770914,50,GET,GET /articles/{id} (detail),4.800000,0.000000,8,10,12,12,17,25,68,68,68,68,68,212,0,5,6.907852830147261,2.208000000791799,68.13049999982468,2746.5330188679245
1788770914,50,POST,[setup] POST /auth/login,0.000000,0.000000,0,0,0,0,0,0,0,0,0,0,0,17,0,210,217.42725882353733,203.27720000022964,248.37699999989127,178.8235294117647
1788770914,50,,Aggregated,50.100000,0.000000,7,8,9,10,12,14,17,24,68,68,68,2345,0,6,8.136952963747751,1.8394000007901923,248.37699999989127,24087.100213219615
1788770915,50,GET,GET /articles (anon),33.600000,0.000000,6,8,9,10,11,12,14,15,16,16,16,1628,0,6,6.668271560202416,2.046600000539911,43.72869999951945,26731.0
1788770915,50,GET,GET /articles (list),12.500000,0.000000,6,7,9,10,13,14,20,21,27,27,27,535,0,6,6.4092441121200325,1.8394000007901923,27.40559999983816,25462.21308411215
1788770915,50,GET,GET /articles/{id} (detail),4.400000,0.000000,7,9,10,11,12,17,24,24,24,24,24,216,0,5,6.892443981445029,2.208000000791799,68.13049999982468,2746.6666666666665
1788770915,50,POST,[setup] POST /auth/login,0.000000,0.000000,0,0,0,0,0,0,0,0,0,0,0,17,0,210,217.42725882353733,203.27720000022964,248.37699999989127,178.8235294117647
1788770915,50,,Aggregated,50.500000,0.000000,7,8,9,10,12,13,16,17,27,27,27,2396,0,6,8.126011268775464,1.8394000007901923,248.37699999989127,24097.108514190317
1788770916,50,GET,GET /articles (anon),33.200000,0.000000,6,8,9,10,11,12,13,14,16,16,16,1658,0,6,6.663963389631555,2.046600000539911,43.72869999951945,26731.0
1788770916,50,GET,GET /articles (list),12.500000,0.000000,6,7,9,10,13,14,20,21,27,27,27,547,0,6,6.430919744030303,1.8394000007901923,27.40559999983816,25468.592321755026
1788770916,50,GET,GET /articles/{id} (detail),4.300000,0.000000,7,9,9,10,12,17,24,24,24,24,24,223,0,5,6.876870851980464,2.208000000791799,68.13049999982468,2756.2780269058294
1788770916,50,POST,[setup] POST /auth/login,0.000000,0.000000,0,0,0,0,0,0,0,0,0,0,0,17,0,210,217.42725882353733,203.27720000022964,248.37699999989127,178.8235294117647
1788770916,50,,Aggregated,50.000000,0.000000,6,8,9,10,11,13,15,17,27,27,27,2445,0,6,8.096674846619825,1.8394000007901923,248.37699999989127,24077.30388548057
1788770917,50,GET,GET /articles (anon),33.700000,0.000000,6,8,8,9,11,12,14,16,20,20,20,1689,0,6,6.675807756073805,2.046600000539911,43.72869999951945,26731.0
1788770917,50,GET,GET /articles (list),12.400000,0.000000,6,7,9,10,13,14,20,21,27,27,27,555,0,6,6.442860540512295,1.8394000007901923,27.40559999983816,25468.034234234234
1788770917,50,GET,GET /articles/{id} (detail),4.500000,0.000000,7,8,9,10,12,17,24,24,24,24,24,232,0,5,6.873065517213255,2.208000000791799,68.13049999982468,2756.0775862068967
1788770917,50,POST,[setup] POST /auth/login,0.000000,0.000000,0,0,0,0,0,0,0,0,0,0,0,17,0,210,217.42725882353733,203.27720000022964,248.37699999989127,178.8235294117647
1788770917,50,,Aggregated,50.600000,0.000000,6,8,9,10,11,13,16,20,27,27,27,2493,0,6,8.07943902927661,1.8394000007901923,248.37699999989127,24037.652627356598
1788770918,50,GET,GET /articles (anon),33.100000,0.000000,7,8,9,10,11,12,15,17,20,20,20,1723,0,6,6.698898549044095,2.046600000539911,43.72869999951945,26731.0
1788770918,50,GET,GET /articles (list),12.300000,0.000000,6,7,9,10,13,16,21,22,27,27,27,568,0,6,6.463249823917029,1.8394000007901923,27.40559999983816,25470.61971830986
1788770918,50,GET,GET /articles/{id} (detail),4.700000,0.000000,7,9,9,11,15,17,24,24,24,24,24,236,0,5,6.909174576240745,2.208000000791799,68.13049999982468,2748.915254237288
1788770918,50,POST,[setup] POST /auth/login,0.000000,0.000000,0,0,0,0,0,0,0,0,0,0,0,17,0,210,217.42725882353733,203.27720000022964,248.37699999989127,178.8235294117647
1788770918,50,,Aggregated,50.100000,0.000000,7,8,9,10,12,14,17,20,27,27,27,2544,0,6,8.073960966973583,1.8394000007901923,248.37699999989127,24047.409198113208
1788770919,50,GET,GET /articles (anon),33.000000,0.000000,7,8,9,10,11,13,16,20,22,22,22,1759,0,6,6.724759579307688,2.046600000539911,43.72869999951945,26731.0
1788770919,50,GET,GET /articles (list),12.100000,0.000000,6,7,9,10,13,16,21,22,27,27,27,576,0,6,6.480241666638323,1.8394000007901923,27.40559999983816,25475.633680555555
1788770919,50,GET,GET /articles/{id} (detail),5.300000,0.000000,7,9,10,11,14,15,17,17,17,17,17,241,0,5,6.9391373443679365,2.208000000791799,68.13049999982468,2759.5352697095436
1788770919,50,POST,[setup] POST /auth/login,0.000000,0.000000,0,0,0,0,0,0,0,0,0,0,0,17,0,210,217.42725882353733,203.27720000022964,248.37699999989127,178.8235294117647
1788770919,50,,Aggregated,50.400000,0.000000,6,8,9,10,12,14,17,21,27,27,27,2593,0,6,8.071757346694447,1.8394000007901923,248.37699999989127,24050.089471654454
1788770920,50,GET,GET /articles (anon),32.700000,0.000000,7,8,9,10,11,13,16,20,22,22,22,1790,0,6,6.712708659217354,2.046600000539911,43.72869999951945,26731.0
1788770920,50,GET,GET /articles (list),12.200000,0.000000,6,7,9,10,12,14,21,22,27,27,27,589,0,6,6.480121392161431,1.8394000007901923,27.40559999983816,25470.24957555178
1788770920,50,GET,GET /articles/{id} (detail),4.800000,0.000000,6,8,9,9,12,14,15,15,15,15,15,249,0,5,6.876111646554903,2.208000000791799,68.13049999982468,2777.9277108433735
1788770920,50,POST,[setup] POST /auth/login,0.000000,0.000000,0,0,0,0,0,0,0,0,0,0,0,17,0,210,217.42725882353733,203.27720000022964,248.37699999989127,178.8235294117647
1788770920,50,,Aggregated,49.700000,0.000000,6,8,9,10,12,14,17,21,27,27,27,2645,0,6,8.030606880897713,1.8394000007901923,248.37699999989127,24024.654442344046
1788770921,50,GET,GET /articles (anon),33.300000,0.000000,6,8,9,10,12,14,20,22,36,36,36,1822,0,6,6.76330664105325,2.046600000539911,43.72869999951945,26731.0
1788770921,50,GET,GET /articles (list),11.900000,0.000000,6,7,9,10,12,13,14,22,34,34,34,597,0,6,6.521507537658869,1.8394000007901923,33.71580000020913,25459.879396984925
1788770921,50,GET,GET /articles/{id} (detail),4.900000,0.000000,6,7,8,9,12,14,15,15,15,15,15,253,0,5,6.839430434756147,2.208000000791799,68.13049999982468,2771.0
1788770921,50,POST,[setup] POST /auth/login,0.000000,0.000000,0,0,0,0,0,0,0,0,0,0,0,17,0,210,217.42725882353733,203.27720000022964,248.37699999989127,178.8235294117647
1788770921,50,,Aggregated,50.100000,0.000000,6,7,9,10,12,14,20,22,36,36,36,2689,0,6,8.04861435476936,1.8394000007901923,248.37699999989127,24026.602082558573
1788770922,50,GET,GET /articles (anon),33.100000,0.000000,6,7,8,9,12,15,20,33,36,36,36,1853,0,6,6.754813275768337,2.046600000539911,43.72869999951945,26731.0
1788770922,50,GET,GET /articles (list),12.000000,0.000000,6,7,8,10,12,13,14,22,34,34,34,610,0,6,6.497505409807956,1.8394000007901923,33.71580000020913,25465.554098360655
1788770922,50,GET,GET /articles/{id} (detail),4.700000,0.000000,6,6,8,9,12,14,15,15,15,15,15,259,0,5,6.825088416966586,2.208000000791799,68.13049999982468,2774.841698841699
1788770922,50,POST,[setup] POST /auth/login,0.000000,0.000000,0,0,0,0,0,0,0,0,0,0,0,17,0,210,217.42725882353733,203.27720000022964,248.37699999989127,178.8235294117647
1788770922,50,,Aggregated,49.800000,0.000000,6,7,8,9,12,14,20,22,36,36,36,2739,0,6,8.011722745518824,1.8394000007901923,248.37699999989127,24019.078130704638
1788770923,50,GET,GET /articles (anon),33.800000,0.000000,6,8,9,9,12,15,20,33,36,36,36,1888,0,6,6.774634322032668,2.046600000539911,43.72869999951945,26731.0
1788770923,50,GET,GET /articles (list),11.700000,0.000000,6,7,10,10,12,14,15,22,34,34,34,621,0,6,6.5305164250939445,1.8394000007901923,33.71580000020913,25454.446054750402
1788770923,50,GET,GET /articles/{id} (detail),4.800000,0.000000,5,6,8,9,14,15,15,23,23,23,23,265,0,5,6.912546037710854,2.208000000791799,68.13049999982468,2767.788679245283
1788770923,50,POST,[setup] POST /auth/login,0.000000,0.000000,0,0,0,0,0,0,0,0,0,0,0,17,0,210,217.42725882353733,203.27720000022964,248.37699999989127,178.8235294117647
1788770923,50,,Aggregated,50.300000,0.000000,6,7,9,10,12,15,20,23,36,36,36,2791,0,6,8.016498889277868,1.8394000007901923,248.37699999989127,24009.975994267286
1788770924,50,GET,GET /articles (anon),32.900000,0.000000,6,7,8,9,12,15,20,33,36,36,36,1921,0,6,6.760396251950646,2.046600000539911,43.72869999951945,26731.0
1788770924,50,GET,GET /articles (list),11.500000,0.000000,6,7,8,10,12,14,22,34,34,34,34,629,0,6,6.510264705855008,1.8394000007901923,33.71580000020913,25452.02384737679
1788770924,50,GET,GET /articles/{id} (detail),5.200000,0.000000,6,6,8,9,14,15,15,23,23,23,23,269,0,5,6.899821561311579,2.208000000791799,68.13049999982468,2758.7063197026023
1788770924,50,POST,[setup] POST /auth/login,0.000000,0.000000,0,0,0,0,0,0,0,0,0,0,0,17,0,210,217.42725882353733,203.27720000022964,248.37699999989127,178.8235294117647
1788770924,50,,Aggregated,49.600000,0.000000,6,7,8,9,12,15,20,23,36,36,36,2836,0,6,7.9809566643063965,1.8394000007901923,248.37699999989127,24014.353314527503
1788770925,50,GET,GET /articles (anon),32.400000,0.000000,6,8,9,9,14,18,22,33,36,36,36,1954,0,6,6.829146622310793,2.046600000539911,43.72869999951945,26731.0
1788770925,50,GET,GET /articles (list),11.000000,0.000000,6,8,9,10,13,14,30,34,34,34,34,645,0,6,6.60424465113888,1.8394000007901923,33.71580000020913,25452.342635658915
1788770925,50,GET,GET /articles/{id} (detail),5.400000,0.000000,6,8,9,10,14,15,15,23,23,23,23,276,0,5,6.92813405794368,2.208000000791799,68.13049999982468,2753.0797101449275
1788770925,50,POST,[setup] POST /auth/login,0.000000,0.000000,0,0,0,0,0,0,0,0,0,0,0,17,0,210,217.42725882353733,203.27720000022964,248.37699999989127,178.8235294117647
1788770925,50,,Aggregated,48.800000,0.000000,6,8,9,10,13,17,22,30,36,36,36,2892,0,6,8.026389591968346,1.8394000007901923,248.37699999989127,24001.391770401107
1788770926,50,GET,GET /articles (anon),32.500000,0.000000,6,8,9,10,13,17,22,33,36,36,36,1986,0,6,6.850542648537152,2.046600000539911,43.72869999951945,26731.0
1788770926,50,GET,GET /articles (list),10.900000,0.000000,6,8,9,10,13,14,30,34,34,34,34,652,0,6,6.6039920245183135,1.8394000007901923,33.71580000020913,25452.14110429448
1788770926,50,GET,GET /articles/{id} (detail),5.700000,0.000000,6,8,9,10,14,16,17,23,23,23,23,285,0,5,7.006528070144812,2.208000000791799,68.13049999982468,2754.3508771929824
1788770926,50,POST,[setup] POST /auth/login,0.000000,0.000000,0,0,0,0,0,0,0,0,0,0,0,17,0,210,217.42725882353733,203.27720000022964,248.37699999989127,178.8235294117647
1788770926,50,,Aggregated,49.100000,0.000000,6,8,9,10,13,17,22,30,36,36,36,2940,0,6,8.02860693876603,1.8394000007901923,248.37699999989127,23969.589115646257
1788770927,50,GET,GET /articles (anon),32.500000,0.000000,6,8,9,10,13,17,22,33,36,36,36,2018,0,6,6.851896630325646,2.046600000539911,43.72869999951945,26731.0
1788770927,50,GET,GET /articles (list),11.000000,0.000000,6,8,9,10,13,14,30,34,34,34,34,667,0,6,6.610777061448199,1.8394000007901923,33.71580000020913,25449.689655172413
1788770927,50,GET,GET /articles/{id} (detail),6.000000,0.000000,6,8,9,11,14,16,17,23,23,23,23,290,0,5,7.016091379281189,2.208000000791799,68.13049999982468,2751.7724137931036
1788770927,50,POST,[setup] POST /auth/login,0.000000,0.000000,0,0,0,0,0,0,0,0,0,0,0,17,0,210,217.42725882353733,203.27720000022964,248.37699999989127,178.8235294117647
1788770927,50,,Aggregated,49.500000,0.000000,6,8,9,10,13,17,22,30,36,36,36,2992,0,6,8.0105098930397,1.8394000007901923,248.37699999989127,23970.30581550802
1788770928,50,GET,GET /articles (anon),32.400000,0.000000,6,8,9,9,12,17,21,33,36,36,36,2050,0,6,6.836667268289602,2.046600000539911,43.72869999951945,26731.0
1788770928,50,GET,GET /articles (list),10.600000,0.000000,6,8,8,9,12,14,30,34,34,34,34,674,0,6,6.603655934696833,1.8394000007901923,33.71580000020913,25449.52225519288
1788770928,50,GET,GET /articles/{id} (detail),6.200000,0.000000,6,8,9,9,13,16,17,23,23,23,23,298,0,5,7.028197986552955,2.208000000791799,68.13049999982468,2737.8993288590605
1788770928,50,POST,[setup] POST /auth/login,0.000000,0.000000,0,0,0,0,0,0,0,0,0,0,0,17,0,210,217.42725882353733,203.27720000022964,248.37699999989127,178.8235294117647
1788770928,50,,Aggregated,49.200000,0.000000,6,8,9,9,12,15,21,30,36,36,36,3039,0,6,7.981802698246879,1.8394000007901923,248.37699999989127,23945.52879236591
1788770929,50,GET,GET /articles (anon),32.800000,0.000000,6,8,9,9,12,17,21,33,36,36,36,2083,0,6,6.837421219395143,2.046600000539911,43.72869999951945,26731.0
1788770929,50,GET,GET /articles (list),11.100000,0.000000,6,8,8,9,12,13,15,30,34,34,34,689,0,6,6.608884760502463,1.8394000007901923,33.71580000020913,25462.313497822932
1788770929,50,GET,GET /articles/{id} (detail),5.700000,0.000000,7,8,9,11,13,16,17,23,23,23,23,302,0,5,7.017875827787427,2.208000000791799,68.13049999982468,2731.798013245033
1788770929,50,POST,[setup] POST /auth/login,0.000000,0.000000,0,0,0,0,0,0,0,0,0,0,0,17,0,210,217.42725882353733,203.27720000022964,248.37699999989127,178.8235294117647
1788770929,50,,Aggregated,49.600000,0.000000,6,8,9,10,12,15,20,30,36,36,36,3091,0,6,7.962320252338472,1.8394000007901923,248.37699999989127,23957.3762536396
1788770930,50,GET,GET /articles (anon),32.700000,0.000000,6,8,9,10,12,14,18,21,27,27,27,2115,0,6,6.8429280851064105,1.7862000004242873,43.72869999951945,26731.0
1788770930,50,GET,GET /articles (list),10.700000,0.000000,6,8,9,10,11,13,14,15,30,30,30,702,0,6,6.619320227903433,1.8394000007901923,33.71580000020913,25469.089743589742
1788770930,50,GET,GET /articles/{id} (detail),6.200000,0.000000,7,9,10,11,14,17,20,23,23,23,23,305,0,5,7.054030491778323,2.208000000791799,68.13049999982468,2731.5147540983608
1788770930,50,POST,[setup] POST /auth/login,0.000000,0.000000,0,0,0,0,0,0,0,0,0,0,0,17,0,210,217.42725882353733,203.27720000022964,248.37699999989127,178.8235294117647
1788770930,50,,Aggregated,49.600000,0.000000,7,8,9,10,12,14,17,21,30,30,30,3139,0,6,7.953902007002482,1.7862000004242873,248.37699999989127,23973.086333227144
1788770931,50,GET,GET /articles (anon),32.200000,0.000000,7,9,9,10,12,15,19,22,27,27,27,2149,0,6,6.871909353187665,1.7862000004242873,43.72869999951945,26731.0
1788770931,50,GET,GET /articles (list),11.000000,0.000000,7,8,9,10,12,14,15,16,30,30,30,713,0,6,6.657645441780119,1.8394000007901923,33.71580000020913,25472.098176718093
1788770931,50,GET,GET /articles/{id} (detail),6.200000,0.000000,7,8,9,11,14,17,20,23,23,23,23,312,0,5,7.039853205108161,2.208000000791799,68.13049999982468,2739.0
1788770931,50,POST,[setup] POST /auth/login,0.000000,0.000000,0,0,0,0,0,0,0,0,0,0,0,17,0,210,217.42725882353733,203.27720000022964,248.37699999989127,178.8235294117647
1788770931,50,,Aggregated,49.400000,0.000000,7,8,9,10,12,15,18,22,30,30,30,3191,0,6,7.962184895012033,1.7862000004242873,248.37699999989127,23962.43591350674
1788770932,50,GET,GET /articles (anon),32.500000,0.000000,7,8,9,10,12,14,19,22,27,27,27,2180,0,6,6.866089678898638,1.7862000004242873,43.72869999951945,26731.0
1788770932,50,GET,GET /articles (list),11.500000,0.000000,7,8,9,10,11,13,15,16,30,30,30,719,0,6,6.670716828912432,1.8394000007901923,33.71580000020913,25474.442280945757
1788770932,50,GET,GET /articles/{id} (detail),5.600000,0.000000,7,8,9,9,13,17,17,20,20,20,20,321,0,5,7.023619314624336,2.208000000791799,68.13049999982468,2748.336448598131
1788770932,50,POST,[setup] POST /auth/login,0.000000,0.000000,0,0,0,0,0,0,0,0,0,0,0,17,0,210,217.42725882353733,203.27720000022964,248.37699999989127,178.8235294117647
1788770932,50,,Aggregated,49.600000,0.000000,7,8,9,10,12,14,18,21,30,30,30,3237,0,6,7.944135341359782,1.7862000004242873,248.37699999989127,23934.185974667904
1788770933,50,GET,GET /articles (anon),32.000000,0.000000,7,8,9,10,12,14,19,21,27,27,27,2218,0,6,6.870184625790304,1.7862000004242873,43.72869999951945,26731.0
1788770933,50,GET,GET /articles (list),11.200000,0.000000,7,8,10,10,12,14,22,30,30,30,30,728,0,6,6.684883928555991,1.8394000007901923,33.71580000020913,25467.61813186813
1788770933,50,GET,GET /articles/{id} (detail),5.700000,0.000000,7,8,9,9,13,17,17,20,20,20,20,329,0,5,6.994876899683577,2.208000000791799,68.13049999982468,2740.2978723404253
1788770933,50,POST,[setup] POST /auth/login,0.000000,0.000000,0,0,0,0,0,0,0,0,0,0,0,17,0,210,217.42725882353733,203.27720000022964,248.37699999989127,178.8235294117647
1788770933,50,,Aggregated,48.900000,0.000000,7,8,9,10,12,14,19,22,30,30,30,3292,0,6,7.92899237545191,1.7862000004242873,248.37699999989127,23916.883961117863
1788770934,50,GET,GET /articles (anon),32.300000,0.000000,7,8,9,10,12,15,19,19,22,22,22,2245,0,6,6.905825612473782,1.7862000004242873,43.72869999951945,26731.0
1788770934,50,GET,GET /articles (list),10.800000,0.000000,7,8,9,10,11,13,18,22,22,22,22,740,0,6,6.696031621607757,1.8394000007901923,33.71580000020913,25476.589189189188
1788770934,50,GET,GET /articles/{id} (detail),6.000000,0.000000,7,8,9,9,13,17,17,20,20,20,20,334,0,5,7.017527544894892,2.208000000791799,68.13049999982468,2743.865269461078
1788770934,50,POST,[setup] POST /auth/login,0.000000,0.000000,0,0,0,0,0,0,0,0,0,0,0,17,0,210,217.42725882353733,203.27720000022964,248.37699999989127,178.8235294117647
1788770934,50,,Aggregated,49.100000,0.000000,7,8,9,10,12,15,18,19,22,22,22,3336,0,6,7.943273231411394,1.7862000004242873,248.37699999989127,23915.84592326139
1788770935,50,GET,GET /articles (anon),32.400000,0.000000,7,8,9,10,12,15,19,19,22,22,22,2282,0,6,6.91619035933559,1.7862000004242873,43.72869999951945,26731.0
1788770935,50,GET,GET /articles (list),10.700000,0.000000,7,8,9,10,11,14,18,22,22,22,22,751,0,6,6.688009320892893,1.8394000007901923,33.71580000020913,25467.242343541944
1788770935,50,GET,GET /articles/{id} (detail),6.400000,0.000000,6,7,9,9,12,13,17,20,20,20,20,339,0,5,7.014150442462076,2.208000000791799,68.13049999982468,2738.970501474926
1788770935,50,POST,[setup] POST /auth/login,0.000000,0.000000,0,0,0,0,0,0,0,0,0,0,0,17,0,210,217.42725882353733,203.27720000022964,248.37699999989127,178.8235294117647
1788770935,50,,Aggregated,49.500000,0.000000,7,8,9,10,12,14,18,19,22,22,22,3389,0,6,7.931396223071454,1.7862000004242873,248.37699999989127,23917.849513130717
1788770936,50,GET,GET /articles (anon),32.600000,0.000000,7,8,9,10,12,15,19,19,22,22,22,2319,0,6,6.946254980597267,1.7862000004242873,43.72869999951945,26731.0
1788770936,50,GET,GET /articles (list),11.000000,0.000000,7,8,9,10,12,14,18,22,22,22,22,764,0,6,6.716435602079424,1.8394000007901923,33.71580000020913,25463.234293193716
1788770936,50,GET,GET /articles/{id} (detail),6.400000,0.000000,6,7,9,9,12,13,17,20,20,20,20,344,0,5,7.0098066860282415,2.208000000791799,68.13049999982468,2746.0
1788770936,50,POST,[setup] POST /auth/login,0.000000,0.000000,0,0,0,0,0,0,0,0,0,0,0,17,0,210,217.42725882353733,203.27720000022964,248.37699999989127,178.8235294117647
1788770936,50,,Aggregated,50.000000,0.000000,7,8,9,10,12,15,18,19,22,22,22,3444,0,6,7.940580429729266,1.7862000004242873,248.37699999989127,23922.98606271777
1788770937,50,GET,GET /articles (anon),32.300000,0.000000,7,8,9,10,12,15,19,19,22,22,22,2353,0,6,6.941529026775687,1.7862000004242873,43.72869999951945,26731.0
1788770937,50,GET,GET /articles (list),10.500000,0.000000,7,9,10,10,12,14,16,18,22,22,22,776,0,6,6.737238530913788,1.8394000007901923,33.71580000020913,25473.567010309278
1788770937,50,GET,GET /articles/{id} (detail),6.100000,0.000000,6,7,9,10,12,13,17,20,20,20,20,351,0,6,7.028082621065468,2.208000000791799,68.13049999982468,2751.0484330484333
1788770937,50,POST,[setup] POST /auth/login,0.000000,0.000000,0,0,0,0,0,0,0,0,0,0,0,17,0,210,217.42725882353733,203.27720000022964,248.37699999989127,178.8235294117647
1788770937,50,,Aggregated,48.900000,0.000000,7,8,9,10,12,15,18,19,22,22,22,3497,0,6,7.928119902769918,1.7862000004242873,248.37699999989127,23915.98198455819
1788770938,50,GET,GET /articles (anon),33.400000,0.000000,7,8,9,10,12,15,19,19,22,22,22,2383,0,6,6.92815203525163,1.7862000004242873,43.72869999951945,26731.0
1788770938,50,GET,GET /articles (list),11.100000,0.000000,7,9,10,10,12,14,18,22,22,22,22,786,0,6,6.737379770979818,1.8394000007901923,33.71580000020913,25468.856234096693
1788770938,50,GET,GET /articles/{id} (detail),5.700000,0.000000,6,7,8,9,12,13,17,20,20,20,20,356,0,6,7.020981179757042,2.208000000791799,68.13049999982468,2754.4803370786517
1788770938,50,POST,[setup] POST /auth/login,0.000000,0.000000,0,0,0,0,0,0,0,0,0,0,0,17,0,210,217.42725882353733,203.27720000022964,248.37699999989127,178.8235294117647
1788770938,50,,Aggregated,50.200000,0.000000,7,8,9,10,12,15,18,19,22,22,22,3542,0,6,7.905448757760704,1.7862000004242873,248.37699999989127,23913.64455110107
1788770939,50,GET,GET /articles (anon),32.500000,0.000000,7,8,9,10,13,16,19,19,22,22,22,2418,0,6,6.949216542597264,1.7465000000811415,43.72869999951945,26731.0
1788770939,50,GET,GET /articles (list),10.900000,0.000000,7,9,10,10,13,16,22,22,22,22,22,801,0,6,6.761557677888599,1.8394000007901923,33.71580000020913,25464.845193508114
1788770939,50,GET,GET /articles/{id} (detail),6.100000,0.000000,6,7,8,9,12,13,13,17,17,17,17,358,0,6,7.028089944116556,2.208000000791799,68.13049999982468,2749.846368715084
1788770939,50,POST,[setup] POST /auth/login,0.000000,0.000000,0,0,0,0,0,0,0,0,0,0,0,17,0,210,217.42725882353733,203.27720000022964,248.37699999989127,178.8235294117647
1788770939,50,,Aggregated,49.500000,0.000000,7,8,9,10,13,15,19,21,22,22,22,3594,0,6,7.910832749021372,1.7465000000811415,248.37699999989127,23934.44184752365
1788770940,50,GET,GET /articles (anon),33.000000,0.000000,7,8,9,10,13,15,19,19,21,21,21,2446,0,6,6.962896606705187,1.7465000000811415,43.72869999951945,26731.0
1788770940,50,GET,GET /articles (list),11.000000,0.000000,7,8,10,10,12,14,18,22,22,22,22,815,0,6,6.765500490783874,1.8394000007901923,33.71580000020913,25452.223312883434
1788770940,50,GET,GET /articles/{id} (detail),5.800000,0.000000,6,8,9,9,12,13,17,17,17,17,17,359,0,6,7.015784958198601,2.208000000791799,68.13049999982468,2745.3286908077994
1788770940,50,POST,[setup] POST /auth/login,0.000000,0.000000,0,0,0,0,0,0,0,0,0,0,0,17,0,210,217.42725882353733,203.27720000022964,248.37699999989127,178.8235294117647
1788770940,50,,Aggregated,49.800000,0.000000,7,8,9,10,13,15,18,19,22,22,22,3637,0,6,7.907632169365735,1.7465000000811415,248.37699999989127,23952.76354138026
1788770941,50,GET,GET /articles (anon),32.500000,0.000000,7,8,9,10,13,15,18,19,21,21,21,2486,0,6,6.950190225262499,1.7465000000811415,43.72869999951945,26731.0
1788770941,50,GET,GET /articles (list),11.300000,0.000000,7,8,10,10,12,14,18,22,22,22,22,828,0,6,6.7843450482968,1.8394000007901923,33.71580000020913,25458.126811594204
1788770941,50,GET,GET /articles/{id} (detail),5.500000,0.000000,6,8,8,9,11,12,13,13,13,13,13,363,0,6,6.99753305783585,2.208000000791799,68.13049999982468,2743.341597796143
1788770941,50,POST,[setup] POST /auth/login,0.000000,0.000000,0,0,0,0,0,0,0,0,0,0,0,17,0,210,217.42725882353733,203.27720000022964,248.37699999989127,178.8235294117647
1788770941,50,,Aggregated,49.300000,0.000000,7,8,9,10,13,15,18,19,22,22,22,3694,0,6,7.886296291279608,1.7465000000811415,248.37699999989127,23966.288034650785
1788770942,50,GET,GET /articles (anon),33.000000,0.000000,7,8,9,10,13,15,18,19,21,21,21,2517,0,6,6.953499880811522,1.7465000000811415,43.72869999951945,26731.0
1788770942,50,GET,GET /articles (list),11.100000,0.000000,7,8,10,10,12,14,18,19,22,22,22,840,0,6,6.808835476179064,1.8394000007901923,33.71580000020913,25462.339285714286
1788770942,50,GET,GET /articles/{id} (detail),5.500000,0.000000,6,8,9,9,12,13,13,13,13,13,13,367,0,6,6.976657765652611,2.208000000791799,68.13049999982468,2737.7465940054494
1788770942,50,POST,[setup] POST /auth/login,0.000000,0.000000,0,0,0,0,0,0,0,0,0,0,0,17,0,210,217.42725882353733,203.27720000022964,248.37699999989127,178.8235294117647
1788770942,50,,Aggregated,49.600000,0.000000,7,8,9,10,13,15,18,19,22,22,22,3741,0,6,7.879732103712286,1.7465000000811415,248.37699999989127,23971.688051323177
1788770943,50,GET,GET /articles (anon),33.300000,0.000000,7,8,9,10,12,14,17,18,21,21,21,2552,0,6,6.95011927899767,1.7465000000811415,43.72869999951945,26731.0
1788770943,50,GET,GET /articles (list),11.600000,0.000000,7,8,10,11,12,14,17,19,22,22,22,856,0,6,6.812863668211049,1.8394000007901923,33.71580000020913,25460.182242990653
1788770943,50,GET,GET /articles/{id} (detail),5.200000,0.000000,7,8,8,9,11,12,13,13,13,13,13,371,0,6,6.966755256050941,2.208000000791799,68.13049999982468,2734.3611859838275
1788770943,50,POST,[setup] POST /auth/login,0.000000,0.000000,0,0,0,0,0,0,0,0,0,0,0,17,0,210,217.42725882353733,203.27720000022964,248.37699999989127,178.8235294117647
1788770943,50,,Aggregated,50.100000,0.000000,7,8,9,10,12,14,17,19,22,22,22,3796,0,6,7.863394441513631,1.7465000000811415,248.37699999989127,23980.220231822972
1788770944,50,GET,GET /articles (anon),33.400000,0.000000,7,8,9,10,12,14,17,18,21,21,21,2584,0,6,6.959265789474338,1.7465000000811415,43.72869999951945,26731.0
1788770944,50,GET,GET /articles (list),11.800000,0.000000,7,8,10,11,14,14,17,19,22,22,22,868,0,6,6.835773732705156,1.8394000007901923,33.71580000020913,25460.527649769585
1788770944,50,GET,GET /articles/{id} (detail),4.700000,0.000000,7,8,9,10,12,15,19,19,19,19,19,377,0,6,7.032894694944766,2.208000000791799,68.13049999982468,2730.2254641909813
1788770944,50,POST,[setup] POST /auth/login,0.000000,0.000000,0,0,0,0,0,0,0,0,0,0,0,17,0,210,217.42725882353733,203.27720000022964,248.37699999989127,178.8235294117647
1788770944,50,,Aggregated,49.900000,0.000000,7,8,9,10,12,14,17,19,22,22,22,3846,0,6,7.8689181227207685,1.7465000000811415,248.37699999989127,23974.252990119603
1788770945,50,GET,GET /articles (anon),33.800000,0.000000,7,8,9,10,12,13,16,18,22,22,22,2613,0,6,6.970105893609971,1.7465000000811415,43.72869999951945,26731.0
1788770945,50,GET,GET /articles (list),12.900000,0.000000,7,8,10,11,13,14,17,19,22,22,22,882,0,6,6.8372079364927645,1.8394000007901923,33.71580000020913,25469.527210884353
1788770945,50,GET,GET /articles/{id} (detail),4.200000,0.000000,7,8,8,10,11,15,19,19,19,19,19,380,0,6,7.018048157878136,2.208000000791799,68.13049999982468,2727.463157894737
1788770945,50,POST,[setup] POST /auth/login,0.000000,0.000000,0,0,0,0,0,0,0,0,0,0,0,17,0,210,217.42725882353733,203.27720000022964,248.37699999989127,178.8235294117647
1788770945,50,,Aggregated,50.900000,0.000000,7,8,9,10,12,14,17,19,22,22,22,3892,0,6,7.863932631033736,1.7465000000811415,248.37699999989127,23985.53494347379
1788770946,50,GET,GET /articles (anon),33.500000,0.000000,6,8,9,9,12,14,18,19,22,22,22,2657,0,6,6.957185284155013,1.7465000000811415,43.72869999951945,26731.0
1788770946,50,GET,GET /articles (list),12.500000,0.000000,7,8,9,11,14,14,17,19,22,22,22,890,0,6,6.839263258411796,1.8394000007901923,33.71580000020913,25474.273033707865
1788770946,50,GET,GET /articles/{id} (detail),4.300000,0.000000,6,8,8,8,10,15,19,19,19,19,19,387,0,6,6.988823772594009,2.208000000791799,68.13049999982468,2723.7441860465115
1788770946,50,POST,[setup] POST /auth/login,0.000000,0.000000,0,0,0,0,0,0,0,0,0,0,0,17,0,210,217.42725882353733,203.27720000022964,248.37699999989127,178.8235294117647
1788770946,50,,Aggregated,50.300000,0.000000,6,8,9,10,12,14,18,19,22,22,22,3951,0,6,7.83931252846884,1.7465000000811415,248.37699999989127,23982.15616299671
1788770947,50,GET,GET /articles (anon),33.700000,0.000000,6,8,9,10,12,14,18,19,22,22,22,2687,0,6,6.946839635280249,1.7465000000811415,43.72869999951945,26731.0
1788770947,50,GET,GET /articles (list),12.800000,0.000000,6,8,9,11,14,14,17,19,22,22,22,901,0,6,6.820360377344299,1.8394000007901923,33.71580000020913,25488.143174250832
1788770947,50,GET,GET /articles/{id} (detail),4.200000,0.000000,6,8,9,10,16,20,22,22,22,22,22,395,0,6,7.066881265808074,2.208000000791799,68.13049999982468,2714.954430379747
1788770947,50,POST,[setup] POST /auth/login,0.000000,0.000000,0,0,0,0,0,0,0,0,0,0,0,17,0,210,217.42725882353733,203.27720000022964,248.37699999989127,178.8235294117647
1788770947,50,,Aggregated,50.700000,0.000000,6,8,9,10,12,15,19,20,22,22,22,4000,0,6,7.824746074994891,1.7465000000811415,248.37699999989127,23966.61525
1788770948,50,GET,GET /articles (anon),33.300000,0.000000,6,8,9,10,12,16,19,19,22,22,22,2720,0,6,6.976849191176584,1.7465000000811415,43.72869999951945,26731.0
1788770948,50,GET,GET /articles (list),12.500000,0.000000,7,8,10,11,14,17,19,19,22,22,22,909,0,6,6.847494389423928,1.8394000007901923,33.71580000020913,25487.630363036304
1788770948,50,GET,GET /articles/{id} (detail),4.400000,0.000000,6,8,9,10,15,19,22,22,22,22,22,400,0,6,7.055367999989812,2.208000000791799,68.13049999982468,2707.34
1788770948,50,POST,[setup] POST /auth/login,0.000000,0.000000,0,0,0,0,0,0,0,0,0,0,0,17,0,210,217.42725882353733,203.27720000022964,248.37699999989127,178.8235294117647
1788770948,50,,Aggregated,50.200000,0.000000,6,8,9,10,13,17,19,21,22,22,22,4046,0,6,7.83979555115737,1.7465000000811415,248.37699999989127,23965.04003954523
1788770949,50,GET,GET /articles (anon),33.800000,0.000000,6,8,9,10,12,15,19,19,23,23,23,2748,0,6,6.986486754001703,1.7465000000811415,43.72869999951945,26731.0
1788770949,50,GET,GET /articles (list),12.700000,0.000000,6,8,9,11,14,15,18,19,19,19,19,921,0,6,6.837594896837311,1.8394000007901923,33.71580000020913,25497.459283387623
1788770949,50,GET,GET /articles/{id} (detail),4.300000,0.000000,6,8,10,11,16,19,22,22,22,22,22,407,0,6,7.099559213751875,2.208000000791799,68.13049999982468,2710.135135135135
1788770949,50,POST,[setup] POST /auth/login,0.000000,0.000000,0,0,0,0,0,0,0,0,0,0,0,17,0,210,217.42725882353733,203.27720000022964,248.37699999989127,178.8235294117647
1788770949,50,,Aggregated,50.800000,0.000000,6,8,9,10,12,16,19,20,23,23,23,4093,0,6,7.838278646464937,1.7465000000811415,248.37699999989127,23954.559736134863
1788770950,50,GET,GET /articles (anon),33.100000,0.000000,6,8,9,10,12,16,19,19,23,23,23,2785,0,6,7.0047672890465345,1.7465000000811415,43.72869999951945,26731.0
1788770950,50,GET,GET /articles (list),12.200000,0.000000,6,8,9,11,12,15,18,19,19,19,19,931,0,6,6.86069903328461,1.8394000007901923,33.71580000020913,25496.67776584318
1788770950,50,GET,GET /articles/{id} (detail),4.500000,0.000000,7,8,11,11,18,21,22,22,22,22,22,413,0,6,7.170023486673211,2.208000000791799,68.13049999982468,2714.8523002421307
1788770950,50,POST,[setup] POST /auth/login,0.000000,0.000000,0,0,0,0,0,0,0,0,0,0,0,17,0,210,217.42725882353733,203.27720000022964,248.37699999989127,178.8235294117647
1788770950,50,,Aggregated,49.800000,0.000000,6,8,9,10,13,17,19,21,23,23,23,4146,0,6,7.851681331398635,1.7465000000811415,248.37699999989127,23952.60877954655
1788770951,50,GET,GET /articles (anon),33.500000,0.000000,7,8,9,10,12,16,19,19,23,23,23,2814,0,6,7.009275302058945,1.7465000000811415,43.72869999951945,26731.0
1788770951,50,GET,GET /articles (list),11.600000,0.000000,6,8,10,11,12,14,18,19,19,19,19,943,0,6,6.863294697761756,1.8394000007901923,33.71580000020913,25502.753976670203
1788770951,50,GET,GET /articles/{id} (detail),4.800000,0.000000,7,9,11,11,18,21,22,22,22,22,22,418,0,6,7.160777033482082,2.208000000791799,68.13049999982468,2718.4186602870814
1788770951,50,POST,[setup] POST /auth/login,0.000000,0.000000,0,0,0,0,0,0,0,0,0,0,0,17,0,210,217.42725882353733,203.27720000022964,248.37699999989127,178.8235294117647
1788770951,50,,Aggregated,49.900000,0.000000,7,8,10,10,13,17,19,21,23,23,23,4192,0,6,7.844860639307932,1.7465000000811415,248.37699999989127,23952.64074427481
1788770952,50,GET,GET /articles (anon),32.800000,0.000000,7,9,10,10,13,16,19,21,23,23,23,2845,0,6,7.030428119505238,1.7465000000811415,43.72869999951945,26731.0
1788770952,50,GET,GET /articles (list),11.700000,0.000000,7,8,10,11,12,14,17,18,19,19,19,954,0,6,6.884551048205973,1.8394000007901923,33.71580000020913,25503.223270440252
1788770952,50,GET,GET /articles/{id} (detail),5.300000,0.000000,7,10,11,11,18,21,22,22,22,22,22,425,0,6,7.163525882340978,2.208000000791799,68.13049999982468,2717.0635294117646
1788770952,50,POST,[setup] POST /auth/login,0.000000,0.000000,0,0,0,0,0,0,0,0,0,0,0,17,0,210,217.42725882353733,203.27720000022964,248.37699999989127,178.8235294117647
1788770952,50,,Aggregated,49.800000,0.000000,7,9,10,11,13,17,19,21,23,23,23,4241,0,6,7.8543248290440815,1.7465000000811415,248.37699999989127,23941.891535015326
1788770953,50,GET,GET /articles (anon),33.000000,0.000000,7,9,10,10,13,15,19,19,23,23,23,2883,0,6,7.039242490460163,1.7465000000811415,43.72869999951945,26731.0
1788770953,50,GET,GET /articles (list),11.300000,0.000000,7,8,10,10,12,12,17,18,19,19,19,965,0,6,6.907240207241218,1.8394000007901923,33.71580000020913,25503.681865284972
1788770953,50,GET,GET /articles/{id} (detail),5.600000,0.000000,7,8,11,11,16,21,22,22,22,22,22,430,0,6,7.14728441859501,2.208000000791799,68.13049999982468,2708.3883720930235
1788770953,50,POST,[setup] POST /auth/login,0.000000,0.000000,0,0,0,0,0,0,0,0,0,0,0,17,0,210,217.42725882353733,203.27720000022964,248.37699999989127,178.8235294117647
1788770953,50,,Aggregated,49.900000,0.000000,7,9,10,11,12,16,19,21,23,23,23,4295,0,6,7.8531358789244265,1.7465000000811415,248.37699999989127,23945.09266589057
1788770954,50,GET,GET /articles (anon),32.900000,0.000000,7,9,10,11,13,17,19,19,23,23,23,2915,0,6,7.0608677873064325,1.7465000000811415,43.72869999951945,26731.0
1788770954,50,GET,GET /articles (list),11.500000,0.000000,7,8,10,10,12,14,17,18,19,19,19,979,0,6,6.902274974450695,1.8394000007901923,33.71580000020913,25498.612870275792
1788770954,50,GET,GET /articles/{id} (detail),5.300000,0.000000,7,8,11,11,18,21,22,22,22,22,22,438,0,6,7.177900913232668,2.208000000791799,68.13049999982468,2714.981735159817
1788770954,50,POST,[setup] POST /auth/login,0.000000,0.000000,0,0,0,0,0,0,0,0,0,0,0,17,0,210,217.42725882353733,203.27720000022964,248.37699999989127,178.8235294117647
1788770954,50,,Aggregated,49.700000,0.000000,7,9,10,11,13,17,19,21,23,23,23,4349,0,6,7.859264382612445,1.7465000000811415,248.37699999989127,23931.06668199586
1788770955,50,GET,GET /articles (anon),32.600000,0.000000,7,9,10,11,13,15,18,19,23,23,23,2949,0,6,7.058736012206874,1.7465000000811415,43.72869999951945,26731.0
1788770955,50,GET,GET /articles (list),10.800000,0.000000,6,8,10,10,12,14,18,19,19,19,19,988,0,6,6.889236032376259,1.8394000007901923,33.71580000020913,25502.556680161942
1788770955,50,GET,GET /articles/{id} (detail),5.900000,0.000000,7,8,11,11,18,21,22,22,22,22,22,441,0,6,7.170236507926906,2.208000000791799,68.13049999982468,2712.514739229025
1788770955,50,POST,[setup] POST /auth/login,0.000000,0.000000,0,0,0,0,0,0,0,0,0,0,0,17,0,210,217.42725882353733,203.27720000022964,248.37699999989127,178.8235294117647
1788770955,50,,Aggregated,49.300000,0.000000,7,9,10,11,13,17,19,21,23,23,23,4395,0,6,7.845532514216545,1.7465000000811415,248.37699999989127,23942.094197952218
1788770956,50,GET,GET /articles (anon),32.800000,0.000000,7,9,10,11,13,16,18,19,23,23,23,2982,0,6,7.055544567403783,1.7465000000811415,43.72869999951945,26731.0
1788770956,50,GET,GET /articles (list),10.900000,0.000000,7,8,10,10,12,14,18,19,19,19,19,1000,0,6,6.880828399986967,1.8394000007901923,33.71580000020913,25508.776
1788770956,50,GET,GET /articles/{id} (detail),5.800000,0.000000,7,8,10,11,15,20,21,22,22,22,22,447,0,6,7.157950782988402,2.208000000791799,68.13049999982468,2698.510067114094
1788770956,50,POST,[setup] POST /auth/login,0.000000,0.000000,0,0,0,0,0,0,0,0,0,0,0,17,0,210,217.42725882353733,203.27720000022964,248.37699999989127,178.8235294117647
1788770956,50,,Aggregated,49.500000,0.000000,7,9,10,11,13,17,18,20,23,23,23,4446,0,6,7.830933355821187,1.7465000000811415,248.37699999989127,23938.34727845254
1788770957,50,GET,GET /articles (anon),32.200000,0.000000,7,9,10,11,13,17,19,20,23,23,23,3015,0,6,7.075108656714431,1.7465000000811415,43.72869999951945,26731.0
1788770957,50,GET,GET /articles (list),10.800000,0.000000,7,8,9,10,12,12,17,19,20,20,20,1011,0,6,6.8915727991969105,1.8394000007901923,33.71580000020913,25511.7784371909
1788770957,50,GET,GET /articles/{id} (detail),6.100000,0.000000,7,8,8,10,15,20,21,22,22,22,22,453,0,6,7.145941942595351,2.208000000791799,68.13049999982468,2704.1699779249448
1788770957,50,POST,[setup] POST /auth/login,0.000000,0.000000,0,0,0,0,0,0,0,0,0,0,0,17,0,210,217.42725882353733,203.27720000022964,248.37699999989127,178.8235294117647
1788770957,50,,Aggregated,49.100000,0.000000,7,9,9,10,13,17,19,21,23,23,23,4496,0,6,7.836345151240639,1.7465000000811415,248.37699999989127,23935.587633451956
1788770958,50,GET,GET /articles (anon),32.400000,0.000000,7,9,9,10,13,17,19,21,31,31,31,3044,0,6,7.085624934296294,1.7465000000811415,43.72869999951945,26731.0
1788770958,50,GET,GET /articles (list),11.200000,0.000000,7,8,9,10,12,14,17,20,37,37,37,1024,0,6,6.916520312488572,1.8394000007901923,36.67860000041401,25505.630859375
1788770958,50,GET,GET /articles/{id} (detail),5.900000,0.000000,7,7,8,9,15,20,21,22,22,22,22,459,0,6,7.114175381255035,2.208000000791799,68.13049999982468,2708.808278867102
1788770958,50,POST,[setup] POST /auth/login,0.000000,0.000000,0,0,0,0,0,0,0,0,0,0,0,17,0,210,217.42725882353733,203.27720000022964,248.37699999989127,178.8235294117647
1788770958,50,,Aggregated,49.500000,0.000000,7,8,9,10,13,16,20,22,37,37,37,4544,0,6,7.837330325700354,1.7465000000811415,248.37699999989127,23928.98613556338
1788770959,50,GET,GET /articles (anon),32.600000,0.000000,7,8,9,10,13,15,18,20,31,31,31,3081,0,6,7.084728951638265,1.7465000000811415,43.72869999951945,26731.0
1788770959,50,GET,GET /articles (list),10.500000,0.000000,7,8,9,10,12,14,17,20,37,37,37,1040,0,6,6.9243321153731605,1.8394000007901923,36.67860000041401,25508.83173076923
1788770959,50,GET,GET /articles/{id} (detail),5.900000,0.000000,6,7,8,8,11,12,20,20,20,20,20,462,0,6,7.113237662327844,2.208000000791799,68.13049999982468,2712.4025974025976
1788770959,50,POST,[setup] POST /auth/login,0.000000,0.000000,0,0,0,0,0,0,0,0,0,0,0,17,0,210,217.42725882353733,203.27720000022964,248.37699999989127,178.8235294117647
1788770959,50,,Aggregated,49.000000,0.000000,7,8,9,10,12,15,18,20,37,37,37,4600,0,6,7.828681413039387,1.7465000000811415,248.37699999989127,23944.25347826087
1788770960,50,GET,GET /articles (anon),33.000000,0.000000,7,8,9,10,13,17,21,23,31,31,31,3116,0,6,7.092950128367923,1.7465000000811415,43.72869999951945,26731.0
1788770960,50,GET,GET /articles (list),11.200000,0.000000,6,8,9,10,12,15,18,20,37,37,37,1054,0,6,6.928583017067504,1.8394000007901923,36.67860000041401,25514.462049335863
1788770960,50,GET,GET /articles/{id} (detail),5.600000,0.000000,6,7,7,8,10,12,20,20,20,20,20,465,0,6,7.103353978482608,2.208000000791799,68.13049999982468,2709.479569892473
1788770960,50,POST,[setup] POST /auth/login,0.000000,0.000000,0,0,0,0,0,0,0,0,0,0,0,17,0,210,217.42725882353733,203.27720000022964,248.37699999989127,178.8235294117647
1788770960,50,,Aggregated,49.800000,0.000000,7,8,9,10,12,16,20,23,37,37,37,4652,0,6,7.825383082540443,1.7465000000811415,248.37699999989127,23957.219905417023
1788770961,50,GET,GET /articles (anon),32.800000,0.000000,7,8,9,10,13,17,21,23,31,31,31,3153,0,6,7.092160355215277,1.7465000000811415,43.72869999951945,26731.0
1788770961,50,GET,GET /articles (list),11.500000,0.000000,6,8,9,10,14,17,18,20,37,37,37,1066,0,6,6.955365853649211,1.8394000007901923,36.67860000041401,25507.908067542216
1788770961,50,GET,GET /articles/{id} (detail),5.500000,0.000000,6,7,7,8,10,12,20,20,20,20,20,468,0,6,7.08796837605786,2.208000000791799,68.13049999982468,2709.8418803418804
1788770961,50,POST,[setup] POST /auth/login,0.000000,0.000000,0,0,0,0,0,0,0,0,0,0,0,17,0,210,217.42725882353733,203.27720000022964,248.37699999989127,178.8235294117647
1788770961,50,,Aggregated,49.800000,0.000000,7,8,9,10,13,16,20,23,37,37,37,4704,0,6,7.820883120743844,1.7465000000811415,248.37699999989127,23968.009991496598
1788770962,50,GET,GET /articles (anon),33.100000,0.000000,7,8,9,10,13,17,21,23,31,31,31,3187,0,6,7.100129651706764,1.7465000000811415,43.72869999951945,26731.0
1788770962,50,GET,GET /articles (list),11.500000,0.000000,6,8,9,10,14,17,18,20,37,37,37,1073,0,6,6.957608853671939,1.8394000007901923,36.67860000041401,25506.18639328984
1788770962,50,GET,GET /articles/{id} (detail),5.100000,0.000000,7,7,8,8,10,14,20,20,20,20,20,475,0,6,7.116809263145689,2.208000000791799,68.13049999982468,2693.724210526316
1788770962,50,POST,[setup] POST /auth/login,0.000000,0.000000,0,0,0,0,0,0,0,0,0,0,0,17,0,210,217.42725882353733,203.27720000022964,248.37699999989127,178.8235294117647
1788770962,50,,Aggregated,49.700000,0.000000,7,8,9,10,13,17,20,23,37,37,37,4752,0,6,7.822048674236908,1.7465000000811415,248.37699999989127,23956.732744107743
1788770963,50,GET,GET /articles (anon),33.300000,0.000000,7,8,9,10,12,16,21,23,31,31,31,3217,0,6,7.0922760646527045,1.7465000000811415,43.72869999951945,26731.0
1788770963,50,GET,GET /articles (list),12.200000,0.000000,6,7,8,9,14,15,18,20,37,37,37,1088,0,6,6.950992279403114,1.8394000007901923,36.67860000041401,25492.636948529413
1788770963,50,GET,GET /articles/{id} (detail),4.700000,0.000000,6,7,8,8,10,12,20,20,20,20,20,478,0,6,7.098106066933119,2.208000000791799,68.13049999982468,2694.648535564854
1788770963,50,POST,[setup] POST /auth/login,0.000000,0.000000,0,0,0,0,0,0,0,0,0,0,0,17,0,210,217.42725882353733,203.27720000022964,248.37699999989127,178.8235294117647
1788770963,50,,Aggregated,50.200000,0.000000,6,8,9,9,12,15,20,23,37,37,37,4800,0,6,7.805768708327605,1.7465000000811415,248.37699999989127,23962.645416666666
1788770964,50,GET,GET /articles (anon),33.300000,0.000000,6,8,9,10,12,15,21,23,31,31,31,3251,0,6,7.092378037522509,1.7465000000811415,43.72869999951945,26731.0
1788770964,50,GET,GET /articles (list),12.000000,0.000000,7,8,9,9,14,15,18,20,37,37,37,1097,0,6,6.950383318131371,1.8394000007901923,36.67860000041401,25485.029170464903
1788770964,50,GET,GET /articles/{id} (detail),5.200000,0.000000,6,7,8,8,10,12,14,14,14,14,14,483,0,6,7.099922360236781,2.208000000791799,68.13049999982468,2688.5072463768115
1788770964,50,POST,[setup] POST /auth/login,0.000000,0.000000,0,0,0,0,0,0,0,0,0,0,0,17,0,210,217.42725882353733,203.27720000022964,248.37699999989127,178.8235294117647
1788770964,50,,Aggregated,50.500000,0.000000,6,8,9,10,12,15,20,23,37,37,37,4848,0,6,7.798559694713344,1.7465000000811415,248.37699999989127,23960.632632013203
1788770965,50,GET,GET /articles (anon),33.200000,0.000000,6,8,9,10,12,15,21,23,31,31,31,3281,0,6,7.089355379452043,1.7465000000811415,43.72869999951945,26731.0
1788770965,50,GET,GET /articles (list),12.000000,0.000000,7,8,9,10,14,18,20,25,37,37,37,1112,0,6,6.981602248191743,1.8394000007901923,36.67860000041401,25490.08902877698
1788770965,50,GET,GET /articles/{id} (detail),4.800000,0.000000,6,7,8,8,12,13,14,14,14,14,14,483,0,6,7.099922360236781,2.208000000791799,68.13049999982468,2688.5072463768115
1788770965,50,POST,[setup] POST /auth/login,0.000000,0.000000,0,0,0,0,0,0,0,0,0,0,0,17,0,210,217.42725882353733,203.27720000022964,248.37699999989127,178.8235294117647
1788770965,50,,Aggregated,50.000000,0.000000,6,8,9,10,12,15,20,24,37,37,37,4893,0,6,7.7966978540702785,1.7465000000811415,248.37699999989127,23983.44144696505
1788770966,50,GET,GET /articles (anon),32.800000,0.000000,7,8,9,10,12,15,21,23,31,31,31,3313,0,6,7.099670027160243,1.7465000000811415,43.72869999951945,26731.0
1788770966,50,GET,GET /articles (list),12.200000,0.000000,7,8,9,10,14,18,20,25,37,37,37,1124,0,6,6.9837252668917875,1.8394000007901923,36.67860000041401,25490.03647686833
1788770966,50,GET,GET /articles/{id} (detail),4.700000,0.000000,5,7,8,9,12,13,14,14,14,14,14,487,0,6,7.08479753592183,2.208000000791799,68.13049999982468,2685.7679671457904
1788770966,50,POST,[setup] POST /auth/login,0.000000,0.000000,0,0,0,0,0,0,0,0,0,0,0,17,0,210,217.42725882353733,203.27720000022964,248.37699999989127,178.8235294117647
1788770966,50,,Aggregated,49.700000,0.000000,7,8,9,10,13,15,20,24,37,37,37,4941,0,6,7.795481440996219,1.7465000000811415,248.37699999989127,23987.37360858126
1788770967,50,GET,GET /articles (anon),33.300000,0.000000,6,8,9,10,12,14,16,22,24,24,24,3345,0,6,7.101104962625209,1.7465000000811415,43.72869999951945,26731.0
1788770967,50,GET,GET /articles (list),12.200000,0.000000,7,9,10,10,14,15,18,18,25,25,25,1137,0,6,6.987329815292677,1.8394000007901923,36.67860000041401,25480.754617414248
1788770967,50,GET,GET /articles/{id} (detail),4.300000,0.000000,6,8,9,10,13,14,16,16,16,16,16,491,0,6,7.119579633390662,2.208000000791799,68.13049999982468,2683.887983706721
1788770967,50,POST,[setup] POST /auth/login,0.000000,0.000000,0,0,0,0,0,0,0,0,0,0,0,17,0,210,217.42725882353733,203.27720000022964,248.37699999989127,178.8235294117647
1788770967,50,,Aggregated,49.800000,0.000000,6,8,9,10,12,14,17,22,25,25,25,4990,0,6,7.793540500994799,1.7465000000811415,248.37699999989127,23989.50741482966
1788770968,50,GET,GET /articles (anon),33.000000,0.000000,7,8,10,10,13,15,17,22,24,24,24,3377,0,6,7.120053301740431,1.7465000000811415,43.72869999951945,26731.0
1788770968,50,GET,GET /articles (list),11.700000,0.000000,7,9,10,10,13,15,18,18,25,25,25,1146,0,6,7.009926963341944,1.8394000007901923,36.67860000041401,25487.09947643979
1788770968,50,GET,GET /articles/{id} (detail),4.100000,0.000000,7,9,10,12,14,15,16,16,16,16,16,499,0,6,7.158366533056284,2.208000000791799,68.13049999982468,2686.3527054108217
1788770968,50,POST,[setup] POST /auth/login,0.000000,0.000000,0,0,0,0,0,0,0,0,0,0,0,17,0,210,217.42725882353733,203.27720000022964,248.37699999989127,178.8235294117647
1788770968,50,,Aggregated,48.800000,0.000000,7,8,10,10,13,15,17,22,25,25,25,5039,0,6,7.808312085723859,1.7465000000811415,248.37699999989127,23977.44254812463
1788770969,50,GET,GET /articles (anon),32.600000,0.000000,7,9,10,11,13,15,17,22,24,24,24,3409,0,6,7.126648225279903,1.7465000000811415,43.72869999951945,26731.0
1788770969,50,GET,GET /articles (list),12.700000,0.000000,7,9,10,10,13,15,18,18,25,25,25,1156,0,6,7.008065743936159,1.8394000007901923,36.67860000041401,25487.707612456747
1788770969,50,GET,GET /articles/{id} (detail),3.800000,0.000000,7,9,10,12,14,14,16,16,16,16,16,507,0,6,7.146002564094716,2.208000000791799,68.13049999982468,2690.895463510848
1788770969,50,POST,[setup] POST /auth/login,0.000000,0.000000,0,0,0,0,0,0,0,0,0,0,0,17,0,210,217.42725882353733,203.27720000022964,248.37699999989127,178.8235294117647
1788770969,50,,Aggregated,49.100000,0.000000,7,9,10,11,13,15,17,22,25,25,25,5089,0,6,7.80415690704766,1.7465000000811415,248.37699999989127,23964.844370210256
1788770970,50,GET,GET /articles (anon),32.700000,0.000000,7,9,10,11,13,14,16,17,19,19,19,3445,0,6,7.132759796800682,1.7465000000811415,43.72869999951945,26731.0
1788770970,50,GET,GET /articles (list),12.400000,0.000000,8,9,10,11,13,15,18,19,25,25,25,1164,0,6,7.041103522327411,1.8394000007901923,36.67860000041401,25491.211340206184
1788770970,50,GET,GET /articles/{id} (detail),3.800000,0.000000,7,9,10,12,14,16,17,18,18,18,18,517,0,6,7.160785299799801,1.6998000000967295,68.13049999982468,2694.4738878143135
1788770970,50,POST,[setup] POST /auth/login,0.000000,0.000000,0,0,0,0,0,0,0,0,0,0,0,17,0,210,217.42725882353733,203.27720000022964,248.37699999989127,178.8235294117647
1788770970,50,,Aggregated,48.900000,0.000000,7,9,10,11,13,15,17,18,25,25,25,5143,0,6,7.809953606837272,1.6998000000967295,248.37699999989127,23946.363601011082
1788770971,50,GET,GET /articles (anon),32.700000,0.000000,7,9,10,11,13,15,16,17,19,19,19,3480,0,6,7.140949798844534,1.7465000000811415,43.72869999951945,26731.0
1788770971,50,GET,GET /articles (list),12.000000,0.000000,7,9,10,10,12,15,18,19,25,25,25,1179,0,6,7.023511195920429,1.8394000007901923,36.67860000041401,25498.156064461407
1788770971,50,GET,GET /articles/{id} (detail),4.100000,0.000000,8,9,11,12,14,16,18,18,18,18,18,520,0,6,7.182023653841987,1.6998000000967295,68.13049999982468,2690.0807692307694
1788770971,50,POST,[setup] POST /auth/login,0.000000,0.000000,0,0,0,0,0,0,0,0,0,0,0,17,0,210,217.42725882353733,203.27720000022964,248.37699999989127,178.8235294117647
1788770971,50,,Aggregated,48.800000,0.000000,7,9,10,11,13,15,17,18,25,25,25,5196,0,6,7.80641660892362,1.6998000000967295,248.37699999989127,23958.44649730562
1788770972,50,GET,GET /articles (anon),33.000000,0.000000,7,9,10,10,13,15,16,17,19,19,19,3510,0,6,7.133417948711746,1.6746999999668333,43.72869999951945,26731.0
1788770972,50,GET,GET /articles (list),11.600000,0.000000,7,8,10,10,12,15,18,19,25,25,25,1187,0,6,7.009760488618586,1.8394000007901923,36.67860000041401,25501.52148272957
1788770972,50,GET,GET /articles/{id} (detail),4.800000,0.000000,8,9,11,12,14,17,17,18,18,18,18,529,0,6,7.178577315684317,1.6998000000967295,68.13049999982468,2686.4310018903593
1788770972,50,POST,[setup] POST /auth/login,0.000000,0.000000,0,0,0,0,0,0,0,0,0,0,0,17,0,210,217.42725882353733,203.27720000022964,248.37699999989127,178.8235294117647
1788770972,50,,Aggregated,49.400000,0.000000,7,9,10,10,13,15,17,18,25,25,25,5243,0,6,7.791839309549042,1.6746999999668333,248.37699999989127,23940.54510776273
1788770973,50,GET,GET /articles (anon),32.400000,0.000000,7,9,10,11,14,16,19,31,36,36,36,3541,0,6,7.164323524422713,1.6746999999668333,43.72869999951945,26731.0
1788770973,50,GET,GET /articles (list),10.900000,0.000000,7,9,10,10,13,17,25,29,29,29,29,1195,0,6,7.0256017573126,1.755799999955343,36.67860000041401,25498.82092050209
1788770973,50,GET,GET /articles/{id} (detail),5.200000,0.000000,8,9,11,12,15,17,18,20,20,20,20,537,0,6,7.198401117314171,1.6998000000967295,68.13049999982468,2683.366852886406
1788770973,50,POST,[setup] POST /auth/login,0.000000,0.000000,0,0,0,0,0,0,0,0,0,0,0,17,0,210,217.42725882353733,203.27720000022964,248.37699999989127,178.8235294117647
1788770973,50,,Aggregated,48.500000,0.000000,7,9,10,11,14,16,19,29,36,36,36,5290,0,6,7.8121490548142205,1.6746999999668333,248.37699999989127,23926.194706994327
1788770974,50,GET,GET /articles (anon),32.600000,0.000000,7,9,10,11,14,16,20,31,36,36,36,3575,0,6,7.169876727267155,1.6746999999668333,43.72869999951945,26731.0
1788770974,50,GET,GET /articles (list),11.200000,0.000000,7,9,10,10,12,15,17,19,29,29,29,1209,0,6,7.022152440023401,1.755799999955343,36.67860000041401,25502.28453267163
1788770974,50,GET,GET /articles/{id} (detail),5.100000,0.000000,7,9,10,11,15,17,18,20,20,20,20,542,0,6,7.179032472320755,1.6998000000967295,68.13049999982468,2673.850553505535
1788770974,50,POST,[setup] POST /auth/login,0.000000,0.000000,0,0,0,0,0,0,0,0,0,0,0,17,0,210,217.42725882353733,203.27720000022964,248.37699999989127,178.8235294117647
1788770974,50,,Aggregated,48.900000,0.000000,7,9,10,11,14,16,19,29,36,36,36,5343,0,6,7.806361706899936,1.6746999999668333,248.37699999989127,23928.102938424105
1788770975,50,GET,GET /articles (anon),32.400000,0.000000,7,9,10,11,14,17,20,31,36,36,36,3605,0,6,7.180940582519814,1.6746999999668333,43.72869999951945,26731.0
1788770975,50,GET,GET /articles (list),11.000000,0.000000,7,8,10,10,11,15,19,19,29,29,29,1220,0,6,7.0243317213017225,1.755799999955343,36.67860000041401,25502.655737704918
1788770975,50,GET,GET /articles/{id} (detail),5.500000,0.000000,7,9,10,11,14,17,18,20,20,20,20,547,0,6,7.164450639851951,1.6998000000967295,68.13049999982468,2677.215722120658
1788770975,50,POST,[setup] POST /auth/login,0.000000,0.000000,0,0,0,0,0,0,0,0,0,0,0,17,0,210,217.42725882353733,203.27720000022964,248.37699999989127,178.8235294117647
1788770975,50,,Aggregated,48.900000,0.000000,7,9,10,11,14,17,20,29,36,36,36,5389,0,6,7.807050176279678,1.6746999999668333,248.37699999989127,23927.625162367785
1788770976,50,GET,GET /articles (anon),32.600000,0.000000,7,9,10,11,14,17,20,31,36,36,36,3635,0,6,7.189170646488542,1.6746999999668333,43.72869999951945,26731.0
1788770976,50,GET,GET /articles (list),10.400000,0.000000,7,8,10,10,13,17,19,29,29,29,29,1230,0,6,7.030920731697149,1.755799999955343,36.67860000041401,25508.32682926829
1788770976,50,GET,GET /articles/{id} (detail),5.900000,0.000000,7,8,10,11,14,17,18,20,20,20,20,554,0,6,7.163987725630989,1.6998000000967295,68.13049999982468,2685.6841155234656
1788770976,50,POST,[setup] POST /auth/login,0.000000,0.000000,0,0,0,0,0,0,0,0,0,0,0,17,0,210,217.42725882353733,203.27720000022964,248.37699999989127,178.8235294117647
1788770976,50,,Aggregated,48.900000,0.000000,7,9,10,11,14,17,20,29,36,36,36,5436,0,6,7.808274540098059,1.6746999999668333,248.37699999989127,23920.77557027226
1788770977,50,GET,GET /articles (anon),32.400000,0.000000,7,9,10,11,14,17,20,31,36,36,36,3670,0,6,7.198574822884788,1.6746999999668333,43.72869999951945,26731.0
1788770977,50,GET,GET /articles (list),10.500000,0.000000,7,8,9,10,12,15,19,19,29,29,29,1243,0,6,7.046630410289269,1.755799999955343,36.67860000041401,25509.53740949316
1788770977,50,GET,GET /articles/{id} (detail),6.100000,0.000000,6,8,10,10,14,17,18,20,20,20,20,558,0,6,7.17406756272328,1.6998000000967295,68.13049999982468,2693.8924731182797
1788770977,50,POST,[setup] POST /auth/login,0.000000,0.000000,0,0,0,0,0,0,0,0,0,0,0,17,0,210,217.42725882353733,203.27720000022964,248.37699999989127,178.8235294117647
1788770977,50,,Aggregated,49.000000,0.000000,7,9,10,11,14,17,20,29,36,36,36,5488,0,6,7.8128870808995,1.6746999999668333,248.37699999989127,23928.089832361515
1788770978,50,GET,GET /articles (anon),32.400000,0.000000,7,9,10,11,14,18,23,32,36,36,36,3704,0,6,7.215823002155914,1.6746999999668333,43.72869999951945,26731.0
1788770978,50,GET,GET /articles (list),10.800000,0.000000,7,8,10,10,14,19,25,26,29,29,29,1260,0,6,7.1165074603067335,1.755799999955343,36.67860000041401,25514.152380952382
1788770978,50,GET,GET /articles/{id} (detail),6.700000,0.000000,6,8,10,10,16,17,18,20,20,20,20,561,0,6,7.180087344028628,1.6998000000967295,68.13049999982468,2692.8823529411766
1788770978,50,POST,[setup] POST /auth/login,0.000000,0.000000,0,0,0,0,0,0,0,0,0,0,0,17,0,210,217.42725882353733,203.27720000022964,248.37699999989127,178.8235294117647
1788770978,50,,Aggregated,49.900000,0.000000,7,9,10,11,14,18,24,31,36,36,36,5542,0,6,7.83444608444103,1.6746999999668333,248.37699999989127,23939.589137495488
1788770979,50,GET,GET /articles (anon),32.100000,0.000000,7,9,10,11,14,17,23,32,36,36,36,3735,0,6,7.2107966532756285,1.6746999999668333,43.72869999951945,26731.0
1788770979,50,GET,GET /articles (list),10.500000,0.000000,7,8,9,10,12,19,25,26,29,29,29,1272,0,6,7.107330345903141,1.755799999955343,36.67860000041401,25515.36242138365
1788770979,50,GET,GET /articles/{id} (detail),6.600000,0.000000,6,8,9,10,13,17,17,20,20,20,20,565,0,6,7.171043008850824,1.6998000000967295,68.13049999982468,2692.4265486725662
1788770979,50,POST,[setup] POST /auth/login,0.000000,0.000000,0,0,0,0,0,0,0,0,0,0,0,17,0,210,217.42725882353733,203.27720000022964,248.37699999989127,178.8235294117647
1788770979,50,,Aggregated,49.200000,0.000000,7,8,10,10,13,17,24,31,36,36,36,5589,0,6,7.82264312041047,1.6746999999668333,248.37699999989127,23943.47593487207
1788770980,50,GET,GET /articles (anon),32.500000,0.000000,7,9,10,11,14,18,23,32,36,36,36,3766,0,6,7.222437599570107,1.6746999999668333,43.72869999951945,26731.0
1788770980,50,GET,GET /articles (list),11.000000,0.000000,6,8,9,10,12,23,25,26,29,29,29,1286,0,6,7.106291835136875,1.755799999955343,36.67860000041401,25514.907465007775
1788770980,50,GET,GET /articles/{id} (detail),6.400000,0.000000,6,7,10,10,13,17,20,20,20,20,20,569,0,6,7.192390861161372,1.6998000000967295,68.13049999982468,2691.536028119508
1788770980,50,POST,[setup] POST /auth/login,0.000000,0.000000,0,0,0,0,0,0,0,0,0,0,0,17,0,210,217.42725882353733,203.27720000022964,248.37699999989127,178.8235294117647
1788770980,50,,Aggregated,49.900000,0.000000,7,8,10,10,14,19,24,31,36,36,36,5638,0,6,7.8267337885718335,1.6746999999668333,248.37699999989127,23947.435438098615
1788770981,50,GET,GET /articles (anon),32.800000,0.000000,7,8,10,11,13,18,23,32,36,36,36,3795,0,6,7.224963504605765,1.6746999999668333,43.72869999951945,26731.0
1788770981,50,GET,GET /articles (list),11.600000,0.000000,7,8,10,10,12,23,25,26,29,29,29,1295,0,6,7.117362934352417,1.755799999955343,36.67860000041401,25514.296525096524
1788770981,50,GET,GET /articles/{id} (detail),6.000000,0.000000,6,7,7,10,12,17,20,20,20,20,20,575,0,6,7.16486834783016,1.6998000000967295,68.13049999982468,2697.7060869565216
1788770981,50,POST,[setup] POST /auth/login,0.000000,0.000000,0,0,0,0,0,0,0,0,0,0,0,17,0,210,217.42725882353733,203.27720000022964,248.37699999989127,178.8235294117647
1788770981,50,,Aggregated,50.400000,0.000000,7,8,10,10,13,19,24,31,36,36,36,5682,0,6,7.823263674756729,1.6746999999668333,248.37699999989127,23942.16473072862
1788770982,50,GET,GET /articles (anon),32.100000,0.000000,7,9,10,11,14,17,19,22,32,32,32,3831,0,6,7.23848324196819,1.6746999999668333,43.72869999951945,26731.0
1788770982,50,GET,GET /articles (list),11.900000,0.000000,7,9,10,11,14,19,24,25,26,26,26,1309,0,6,7.1363591290965305,1.755799999955343,36.67860000041401,25513.433155080213
1788770982,50,GET,GET /articles/{id} (detail),5.500000,0.000000,6,7,7,9,10,16,20,20,20,20,20,577,0,6,7.169879722707037,1.6998000000967295,68.13049999982468,2702.746967071057
1788770982,50,POST,[setup] POST /auth/login,0.000000,0.000000,0,0,0,0,0,0,0,0,0,0,0,17,0,210,217.42725882353733,203.27720000022964,248.37699999989127,178.8235294117647
1788770982,50,,Aggregated,49.500000,0.000000,7,8,10,11,13,17,20,24,32,32,32,5734,0,6,7.831427868847156,1.6746999999668333,248.37699999989127,23956.412626438785
1788770983,50,GET,GET /articles (anon),32.000000,0.000000,8,9,10,11,13,15,19,20,32,32,32,3862,0,6,7.253099249088211,1.6746999999668333,43.72869999951945,26731.0
1788770983,50,GET,GET /articles (list),12.000000,0.000000,7,8,10,10,14,19,24,25,26,26,26,1322,0,6,7.140154765497913,1.755799999955343,36.67860000041401,25519.963691376703
1788770983,50,GET,GET /articles/{id} (detail),5.300000,0.000000,6,7,7,8,10,16,20,20,20,20,20,582,0,6,7.152253608251705,1.6998000000967295,68.13049999982468,2706.963917525773
1788770983,50,POST,[setup] POST /auth/login,0.000000,0.000000,0,0,0,0,0,0,0,0,0,0,0,17,0,210,217.42725882353733,203.27720000022964,248.37699999989127,178.8235294117647
1788770983,50,,Aggregated,49.300000,0.000000,7,9,10,11,13,17,20,24,32,32,32,5783,0,6,7.83496954867189,1.6746999999668333,248.37699999989127,23958.327338751515
1788770984,50,GET,GET /articles (anon),32.000000,0.000000,8,9,10,11,13,15,19,22,32,32,32,3893,0,6,7.2621330593321,1.6746999999668333,43.72869999951945,26731.0
1788770984,50,GET,GET /articles (list),11.800000,0.000000,7,8,10,10,14,18,24,25,26,26,26,1337,0,6,7.142648990267358,1.755799999955343,36.67860000041401,25510.194465220644
1788770984,50,GET,GET /articles/{id} (detail),5.500000,0.000000,6,7,7,9,13,17,20,20,20,20,20,583,0,6,7.151925214413096,1.6998000000967295,68.13049999982468,2709.1509433962265
1788770984,50,POST,[setup] POST /auth/login,0.000000,0.000000,0,0,0,0,0,0,0,0,0,0,0,17,0,210,217.42725882353733,203.27720000022964,248.37699999989127,178.8235294117647
1788770984,50,,Aggregated,49.300000,0.000000,7,9,10,11,13,15,20,24,32,32,32,5830,0,6,7.836542281298506,1.6746999999668333,248.37699999989127,23971.421612349914
1788770985,50,GET,GET /articles (anon),31.900000,0.000000,8,9,10,11,13,15,19,22,32,32,32,3930,0,6,7.255189363863086,1.6746999999668333,43.72869999951945,26731.0
1788770985,50,GET,GET /articles (list),12.400000,0.000000,7,8,10,11,14,18,24,25,26,26,26,1347,0,6,7.135694432062186,1.755799999955343,36.67860000041401,25518.272457312545
1788770985,50,GET,GET /articles/{id} (detail),4.600000,0.000000,6,7,8,9,14,17,20,20,20,20,20,588,0,6,7.158855442178899,1.6998000000967295,68.13049999982468,2708.58843537415
1788770985,50,POST,[setup] POST /auth/login,0.000000,0.000000,0,0,0,0,0,0,0,0,0,0,0,17,0,210,217.42725882353733,203.27720000022964,248.37699999989127,178.8235294117647
1788770985,50,,Aggregated,48.900000,0.000000,7,9,10,11,13,15,20,24,32,32,32,5882,0,6,7.825628187686335,1.6746999999668333,248.37699999989127,23975.11611696702
1788770986,50,GET,GET /articles (anon),32.200000,0.000000,7,9,10,11,13,15,19,22,32,32,32,3958,0,6,7.253300480035752,1.6746999999668333,43.72869999951945,26731.0
1788770986,50,GET,GET /articles (list),13.100000,0.000000,7,8,10,11,14,18,24,25,26,26,26,1363,0,6,7.145710785022796,1.755799999955343,36.67860000041401,25519.59280997799
1788770986,50,GET,GET /articles/{id} (detail),4.300000,0.000000,6,7,8,8,13,16,20,20,20,20,20,592,0,6,7.149332770271374,1.6998000000967295,68.13049999982468,2709.7888513513512
1788770986,50,POST,[setup] POST /auth/login,0.000000,0.000000,0,0,0,0,0,0,0,0,0,0,0,17,0,210,217.42725882353733,203.27720000022964,248.37699999989127,178.8235294117647
1788770986,50,,Aggregated,49.600000,0.000000,7,8,10,11,13,15,20,24,32,32,32,5930,0,6,7.82071424957308,1.6746999999668333,248.37699999989127,23978.37065767285
1788770987,50,GET,GET /articles (anon),32.000000,0.000000,7,9,10,11,13,15,19,22,32,32,32,3994,0,6,7.2667636454627695,1.6746999999668333,43.72869999951945,26731.0
1788770987,50,GET,GET /articles (list),13.000000,0.000000,6,8,9,10,14,18,24,25,26,26,26,1373,0,6,7.152430954104722,1.755799999955343,36.67860000041401,25524.142024763292
1788770987,50,GET,GET /articles/{id} (detail),4.200000,0.000000,6,7,8,9,14,17,20,20,20,20,20,597,0,6,7.157576046900391,1.6998000000967295,68.13049999982468,2710.534338358459
1788770987,50,POST,[setup] POST /auth/login,0.000000,0.000000,0,0,0,0,0,0,0,0,0,0,0,17,0,210,217.42725882353733,203.27720000022964,248.37699999989127,178.8235294117647
1788770987,50,,Aggregated,49.200000,0.000000,7,8,10,11,13,16,20,24,32,32,32,5981,0,6,7.82696505600464,1.6746999999668333,248.37699999989127,23980.854372178565
1788770988,50,GET,GET /articles (anon),31.700000,0.000000,7,9,10,11,13,14,18,19,22,22,22,4022,0,6,7.26766583788594,1.6746999999668333,43.72869999951945,26731.0
1788770988,50,GET,GET /articles (list),13.100000,0.000000,6,8,9,10,13,15,18,19,24,24,24,1392,0,6,7.155044827576493,1.755799999955343,36.67860000041401,25532.58620689655
1788770988,50,GET,GET /articles/{id} (detail),3.800000,0.000000,6,7,7,8,14,17,20,20,20,20,20,599,0,6,7.144830217027306,1.6998000000967295,68.13049999982468,2709.0651085141903
1788770988,50,POST,[setup] POST /auth/login,0.000000,0.000000,0,0,0,0,0,0,0,0,0,0,0,17,0,210,217.42725882353733,203.27720000022964,248.37699999989127,178.8235294117647
1788770988,50,,Aggregated,48.600000,0.000000,7,8,10,11,13,15,18,20,24,24,24,6030,0,6,7.821955406295725,1.6746999999668333,248.37699999989127,23993.235820895523
1788770989,50,GET,GET /articles (anon),32.100000,0.000000,8,9,10,11,14,16,19,20,22,22,22,4056,0,6,7.28556639545911,1.6746999999668333,43.72869999951945,26731.0
1788770989,50,GET,GET /articles (list),12.900000,0.000000,7,8,10,11,13,15,18,19,24,24,24,1401,0,6,7.162336402559402,1.755799999955343,36.67860000041401,25529.066381156317
1788770989,50,GET,GET /articles/{id} (detail),3.800000,0.000000,5,7,8,10,16,18,20,20,20,20,20,605,0,6,7.172472396692788,1.6998000000967295,68.13049999982468,2715.6595041322316
1788770989,50,POST,[setup] POST /auth/login,0.000000,0.000000,0,0,0,0,0,0,0,0,0,0,0,17,0,210,217.42725882353733,203.27720000022964,248.37699999989127,178.8235294117647
1788770989,50,,Aggregated,48.800000,0.000000,7,9,10,11,14,16,19,20,24,24,24,6079,0,6,7.833574568180151,1.6746999999668333,248.37699999989127,23989.664747491363
1788770990,50,GET,GET /articles (anon),31.300000,0.000000,7,9,10,11,14,16,19,19,22,22,22,4090,0,6,7.2814581662536435,1.6746999999668333,43.72869999951945,26731.0
1788770990,50,GET,GET /articles (list),12.900000,0.000000,7,8,10,11,13,15,16,18,19,19,19,1412,0,6,7.16551444758263,1.755799999955343,36.67860000041401,25531.997875354107
1788770990,50,GET,GET /articles/{id} (detail),4.000000,0.000000,6,7,8,9,15,17,18,18,18,18,18,608,0,6,7.1695322368411425,1.6998000000967295,68.13049999982468,2713.4802631578946
1788770990,50,POST,[setup] POST /auth/login,0.000000,0.000000,0,0,0,0,0,0,0,0,0,0,0,17,0,210,217.42725882353733,203.27720000022964,248.37699999989127,178.8235294117647
1788770990,50,,Aggregated,48.200000,0.000000,7,9,10,11,14,15,18,19,22,22,22,6127,0,6,7.826703003095091,1.6746999999668333,248.37699999989127,23997.683531907947
1788770991,50,GET,GET /articles (anon),31.500000,0.000000,7,9,10,11,13,15,18,19,22,22,22,4122,0,6,7.285540029106445,1.6746999999668333,43.72869999951945,26731.0
1788770991,50,GET,GET /articles (list),12.800000,0.000000,7,8,9,9,12,14,15,15,16,16,16,1422,0,6,7.159193952170343,1.755799999955343,36.67860000041401,25528.443741209565
1788770991,50,GET,GET /articles/{id} (detail),3.800000,0.000000,6,7,8,10,15,17,18,18,18,18,18,614,0,6,7.167799837131263,1.6998000000967295,68.13049999982468,2709.301302931596
1788770991,50,POST,[setup] POST /auth/login,0.000000,0.000000,0,0,0,0,0,0,0,0,0,0,0,17,0,210,217.42725882353733,203.27720000022964,248.37699999989127,178.8235294117647
1788770991,50,,Aggregated,48.100000,0.000000,7,9,10,10,13,15,17,19,22,22,22,6175,0,6,7.823265149791372,1.6746999999668333,248.37699999989127,23992.417813765183
1788770992,50,GET,GET /articles (anon),31.500000,0.000000,7,9,10,10,13,16,18,19,22,22,22,4153,0,6,7.28924878400557,1.6746999999668333,43.72869999951945,26731.0
1788770992,50,GET,GET /articles (list),12.500000,0.000000,7,8,9,10,12,14,15,15,16,16,16,1435,0,6,7.162373379780693,1.755799999955343,36.67860000041401,25527.99512195122
1788770992,50,GET,GET /articles/{id} (detail),3.900000,0.000000,6,7,9,10,15,17,18,18,18,18,18,618,0,6,7.17347961164829,1.6998000000967295,68.13049999982468,2706.266990291262
1788770992,50,POST,[setup] POST /auth/login,0.000000,0.000000,0,0,0,0,0,0,0,0,0,0,0,17,0,210,217.42725882353733,203.27720000022964,248.37699999989127,178.8235294117647
1788770992,50,,Aggregated,47.900000,0.000000,7,8,10,10,13,15,17,19,22,22,22,6223,0,6,7.8225501847917736,1.6746999999668333,248.37699999989127,23995.18383416359
1788770993,50,GET,GET /articles (anon),32.000000,0.000000,7,9,10,10,13,15,17,19,20,20,20,4184,0,6,7.290032767680785,1.6746999999668333,43.72869999951945,26731.0
1788770993,50,GET,GET /articles (list),12.900000,0.000000,7,8,9,10,12,14,14,15,16,16,16,1447,0,6,7.16941395990741,1.755799999955343,36.67860000041401,25521.363510711817
1788770993,50,GET,GET /articles/{id} (detail),3.900000,0.000000,6,8,9,10,14,16,18,18,18,18,18,624,0,6,7.174335576921865,1.6998000000967295,68.13049999982468,2702.584935897436
1788770993,50,POST,[setup] POST /auth/login,0.000000,0.000000,0,0,0,0,0,0,0,0,0,0,0,17,0,210,217.42725882353733,203.27720000022964,248.37699999989127,178.8235294117647
1788770993,50,,Aggregated,48.800000,0.000000,7,8,10,10,13,14,17,18,20,20,20,6272,0,6,7.820262739152073,1.6746999999668333,248.37699999989127,23989.376594387755
1788770994,50,GET,GET /articles (anon),31.700000,0.000000,7,8,10,10,13,16,17,19,20,20,20,4218,0,6,7.28074881459824,1.6746999999668333,43.72869999951945,26731.0
1788770994,50,GET,GET /articles (list),12.500000,0.000000,7,9,10,11,12,14,14,15,16,16,16,1456,0,6,7.181728777463906,1.755799999955343,36.67860000041401,25521.691620879123
1788770994,50,GET,GET /articles/{id} (detail),3.700000,0.000000,6,7,9,10,13,16,18,18,18,18,18,631,0,6,7.162603961963036,1.6998000000967295,68.13049999982468,2693.4580031695723
1788770994,50,POST,[setup] POST /auth/login,0.000000,0.000000,0,0,0,0,0,0,0,0,0,0,0,17,0,210,217.42725882353733,203.27720000022964,248.37699999989127,178.8235294117647
1788770994,50,,Aggregated,47.900000,0.000000,7,8,10,10,13,15,17,18,20,20,20,6322,0,6,7.811240446055304,1.6746999999668333,248.37699999989127,23981.897026257513
1788770995,50,GET,GET /articles (anon),31.700000,0.000000,7,9,10,10,13,15,17,19,20,20,20,4250,0,6,7.281230894111693,1.6746999999668333,43.72869999951945,26731.0
1788770995,50,GET,GET /articles (list),12.300000,0.000000,7,9,10,11,12,14,14,15,16,16,16,1466,0,6,7.1773961800742265,1.755799999955343,36.67860000041401,25521.030013642565
1788770995,50,GET,GET /articles/{id} (detail),4.200000,0.000000,6,7,9,10,12,15,18,18,18,18,18,638,0,6,7.158371159875456,1.6998000000967295,68.13049999982468,2688.1097178683385
1788770995,50,POST,[setup] POST /auth/login,0.000000,0.000000,0,0,0,0,0,0,0,0,0,0,0,17,0,210,217.42725882353733,203.27720000022964,248.37699999989127,178.8235294117647
1788770995,50,,Aggregated,48.200000,0.000000,7,9,10,10,12,14,17,18,20,20,20,6371,0,6,7.8057759064454855,1.6746999999668333,248.37699999989127,23974.04394914456
1788770996,50,GET,GET /articles (anon),31.600000,0.000000,7,9,10,10,13,16,18,19,20,20,20,4281,0,6,7.297245456662194,1.6746999999668333,43.72869999951945,26731.0
1788770996,50,GET,GET /articles (list),12.100000,0.000000,7,8,9,10,12,14,14,15,16,16,16,1478,0,6,7.166096008111041,1.755799999955343,36.67860000041401,25522.913396481734
1788770996,50,GET,GET /articles/{id} (detail),4.400000,0.000000,6,7,9,10,13,15,18,18,18,18,18,641,0,6,7.165752262091116,1.6998000000967295,68.13049999982468,2685.978159126365
1788770996,50,POST,[setup] POST /auth/login,0.000000,0.000000,0,0,0,0,0,0,0,0,0,0,0,17,0,210,217.42725882353733,203.27720000022964,248.37699999989127,178.8235294117647
1788770996,50,,Aggregated,48.100000,0.000000,7,9,10,10,12,15,17,18,20,20,20,6417,0,6,7.810582561938524,1.6746999999668333,248.37699999989127,23980.525011687703
1788770997,50,GET,GET /articles (anon),31.400000,0.000000,7,9,10,10,12,15,17,19,20,20,20,4316,0,6,7.303826830391521,1.6746999999668333,43.72869999951945,26731.0
1788770997,50,GET,GET /articles (list),12.000000,0.000000,7,8,9,10,12,13,14,14,16,16,16,1491,0,6,7.170281354786688,1.755799999955343,36.67860000041401,25522.52984574111
1788770997,50,GET,GET /articles/{id} (detail),4.600000,0.000000,6,8,9,10,13,15,18,18,18,18,18,647,0,6,7.179540958271959,1.6998000000967295,68.13049999982468,2686.2565687789797
1788770997,50,POST,[setup] POST /auth/login,0.000000,0.000000,0,0,0,0,0,0,0,0,0,0,0,17,0,210,217.42725882353733,203.27720000022964,248.37699999989127,178.8235294117647
1788770997,50,,Aggregated,48.000000,0.000000,7,9,10,10,12,14,17,18,20,20,20,6471,0,6,7.812646036154976,1.6746999999668333,248.37699999989127,23978.69510122083
1788770998,50,GET,GET /articles (anon),32.300000,0.000000,7,9,10,10,12,14,16,17,20,20,20,4348,0,6,7.306397309099948,1.6746999999668333,43.72869999951945,26731.0
1788770998,50,GET,GET /articles (list),11.300000,0.000000,7,8,9,10,12,12,14,14,16,16,16,1501,0,6,7.177840373077125,1.755799999955343,36.67860000041401,25523.64623584277
1788770998,50,GET,GET /articles/{id} (detail),4.900000,0.000000,6,8,10,10,12,15,15,18,18,18,18,651,0,6,7.1801955453159625,1.6998000000967295,68.13049999982468,2682.5130568356376
1788770998,50,POST,[setup] POST /auth/login,0.000000,0.000000,0,0,0,0,0,0,0,0,0,0,0,17,0,210,217.42725882353733,203.27720000022964,248.37699999989127,178.8235294117647
1788770998,50,,Aggregated,48.500000,0.000000,7,9,10,10,12,14,16,17,20,20,20,6517,0,6,7.812294706146411,1.6746999999668333,248.37699999989127,23981.39281878165
1788770999,50,GET,GET /articles (anon),32.100000,0.000000,7,9,9,10,12,14,16,17,18,18,18,4378,0,6,7.306795774318339,1.6746999999668333,43.72869999951945,26731.0
1788770999,50,GET,GET /articles (list),11.800000,0.000000,7,8,9,10,11,12,14,14,16,16,16,1517,0,6,7.168583124580955,1.755799999955343,36.67860000041401,25527.769281476598
1788770999,50,GET,GET /articles/{id} (detail),4.800000,0.000000,6,7,9,10,11,13,15,15,15,15,15,654,0,6,7.165165596331493,1.6998000000967295,68.13049999982468,2677.9113149847094
1788770999,50,POST,[setup] POST /auth/login,0.000000,0.000000,0,0,0,0,0,0,0,0,0,0,0,17,0,210,217.42725882353733,203.27720000022964,248.37699999989127,178.8235294117647
1788770999,50,,Aggregated,48.700000,0.000000,7,8,9,10,12,13,15,16,18,18,18,6566,0,6,7.80477828205238,1.6746999999668333,248.37699999989127,23988.47669814194
1788771000,50,GET,GET /articles (anon),32.400000,0.000000,7,9,10,10,12,14,16,16,18,18,18,4414,0,6,7.315268010866756,1.6746999999668333,43.72869999951945,26731.0
1788771000,50,GET,GET /articles (list),11.200000,0.000000,7,8,9,10,11,12,13,14,14,14,14,1526,0,6,7.17448591087047,1.755799999955343,36.67860000041401,25529.28112712975
1788771000,50,GET,GET /articles/{id} (detail),5.100000,0.000000,6,8,9,10,11,13,15,15,15,15,15,657,0,6,7.160780974125019,1.6998000000967295,68.13049999982468,2677.75799086758
1788771000,50,POST,[setup] POST /auth/login,0.000000,0.000000,0,0,0,0,0,0,0,0,0,0,0,17,0,210,217.42725882353733,203.27720000022964,248.37699999989127,178.8235294117647
1788771000,50,,Aggregated,48.700000,0.000000,7,8,9,10,12,13,15,16,18,18,18,6614,0,6,7.807492440271314,1.6746999999668333,248.37699999989127,23996.16631387965
1788771001,50,GET,GET /articles (anon),32.000000,0.000000,7,9,10,10,12,14,16,16,18,18,18,4443,0,6,7.314022777394742,1.6746999999668333,43.72869999951945,26731.0
1788771001,50,GET,GET /articles (list),11.500000,0.000000,7,8,9,10,11,12,13,14,14,14,14,1538,0,6,7.176218855649745,1.755799999955343,36.67860000041401,25528.07412223667
1788771001,50,GET,GET /articles/{id} (detail),5.200000,0.000000,6,7,8,9,11,13,15,15,15,15,15,661,0,6,7.148680030259515,1.6998000000967295,68.13049999982468,2679.712556732224
1788771001,50,POST,[setup] POST /auth/login,0.000000,0.000000,0,0,0,0,0,0,0,0,0,0,0,17,0,210,217.42725882353733,203.27720000022964,248.37699999989127,178.8235294117647
1788771001,50,,Aggregated,48.700000,0.000000,7,8,9,10,12,13,15,16,18,18,18,6659,0,6,7.802187820987509,1.6746999999668333,248.37699999989127,23997.948791109775
1788771002,50,GET,GET /articles (anon),32.500000,0.000000,7,9,10,10,12,13,15,17,22,22,22,4475,0,6,7.319757452506925,1.6746999999668333,43.72869999951945,26731.0
1788771002,50,GET,GET /articles (list),11.500000,0.000000,7,8,9,10,12,13,14,14,18,18,18,1554,0,6,7.200137258681808,1.755799999955343,36.67860000041401,25527.423423423425
1788771002,50,GET,GET /articles/{id} (detail),5.000000,0.000000,6,7,8,10,11,13,16,16,16,16,16,662,0,6,7.162155891241171,1.6998000000967295,68.13049999982468,2681.140483383686
1788771002,50,POST,[setup] POST /auth/login,0.000000,0.000000,0,0,0,0,0,0,0,0,0,0,0,17,0,210,217.42725882353733,203.27720000022964,248.37699999989127,178.8235294117647
1788771002,50,,Aggregated,49.000000,0.000000,7,9,9,10,12,13,15,17,22,22,22,6708,0,6,7.808965190811242,1.6746999999668333,248.37699999989127,24011.448419797256
1788771003,50,GET,GET /articles (anon),32.100000,0.000000,7,9,10,11,12,13,15,17,22,22,22,4511,0,6,7.320600576361833,1.6746999999668333,43.72869999951945,26731.0
1788771003,50,GET,GET /articles (list),11.200000,0.000000,7,8,9,10,11,13,14,14,18,18,18,1564,0,6,7.199756393856195,1.755799999955343,36.67860000041401,25529.670076726343
1788771003,50,GET,GET /articles/{id} (detail),5.000000,0.000000,6,7,8,9,11,13,16,16,16,16,16,668,0,6,7.153130988027731,1.6998000000967295,68.13049999982468,2675.645209580838
1788771003,50,POST,[setup] POST /auth/login,0.000000,0.000000,0,0,0,0,0,0,0,0,0,0,0,17,0,210,217.42725882353733,203.27720000022964,248.37699999989127,178.8235294117647
1788771003,50,,Aggregated,48.300000,0.000000,7,8,9,10,12,13,15,17,22,22,22,6760,0,6,7.804467914195558,1.6746999999668333,248.37699999989127,24009.218343195265
1788771004,50,GET,GET /articles (anon),32.100000,0.000000,7,9,10,11,12,13,15,17,22,22,22,4541,0,6,7.324565646325875,1.6746999999668333,43.72869999951945,26731.0
1788771004,50,GET,GET /articles (list),11.500000,0.000000,7,8,9,9,11,13,14,14,18,18,18,1578,0,6,7.20255836501423,1.755799999955343,36.67860000041401,25532.891001267428
1788771004,50,GET,GET /articles/{id} (detail),4.700000,0.000000,6,7,8,9,11,13,16,16,16,16,16,674,0,6,7.1335854599452615,1.6998000000967295,68.13049999982468,2675.353115727003
1788771004,50,POST,[setup] POST /auth/login,0.000000,0.000000,0,0,0,0,0,0,0,0,0,0,0,17,0,210,217.42725882353733,203.27720000022964,248.37699999989127,178.8235294117647
1788771004,50,,Aggregated,48.300000,0.000000,7,9,10,10,12,13,15,17,22,22,22,6810,0,6,7.801878076352643,1.6746999999668333,248.37699999989127,24006.255653450808
1788771005,50,GET,GET /articles (anon),32.300000,0.000000,7,9,10,11,12,13,15,16,22,22,22,4572,0,6,7.332787182845147,1.6746999999668333,43.72869999951945,26731.0
1788771005,50,GET,GET /articles (list),11.900000,0.000000,7,8,9,9,11,13,14,14,18,18,18,1588,0,6,7.199927770776293,1.755799999955343,36.67860000041401,25530.185768261963
1788771005,50,GET,GET /articles/{id} (detail),4.500000,0.000000,6,7,8,8,11,13,16,16,16,16,16,678,0,6,7.134717109149874,1.6998000000967295,68.13049999982468,2678.0781710914453
1788771005,50,POST,[setup] POST /auth/login,0.000000,0.000000,0,0,0,0,0,0,0,0,0,0,0,17,0,210,217.42725882353733,203.27720000022964,248.37699999989127,178.8235294117647
1788771005,50,,Aggregated,48.700000,0.000000,7,9,9,10,12,13,15,16,22,22,22,6855,0,6,7.803441269141432,1.6746999999668333,248.37699999989127,24008.00058351568
1788771006,50,GET,GET /articles (anon),32.500000,0.000000,7,9,10,11,12,13,16,16,22,22,22,4604,0,6,7.339561294519864,1.6746999999668333,43.72869999951945,26731.0
1788771006,50,GET,GET /articles (list),11.500000,0.000000,7,9,9,10,12,13,14,14,18,18,18,1601,0,6,7.213826608364311,1.755799999955343,36.67860000041401,25531.42723297939
1788771006,50,GET,GET /articles/{id} (detail),4.400000,0.000000,6,8,8,9,11,11,16,16,16,16,16,683,0,6,7.1486461200618905,1.6998000000967295,68.13049999982468,2676.4963396778917
1788771006,50,POST,[setup] POST /auth/login,0.000000,0.000000,0,0,0,0,0,0,0,0,0,0,0,17,0,210,217.42725882353733,203.27720000022964,248.37699999989127,178.8235294117647
1788771006,50,,Aggregated,48.400000,0.000000,7,9,10,10,12,13,15,16,22,22,22,6905,0,6,7.808756741486332,1.6746999999668333,248.37699999989127,24008.171759594497
1788771007,50,GET,GET /articles (anon),32.500000,0.000000,7,9,10,10,12,14,16,17,22,22,22,4638,0,6,7.340177943071746,1.6746999999668333,43.72869999951945,26731.0
1788771007,50,GET,GET /articles (list),11.900000,0.000000,7,9,9,10,12,13,14,14,18,18,18,1616,0,6,7.215640099004624,1.755799999955343,36.67860000041401,25540.09839108911
1788771007,50,GET,GET /articles/{id} (detail),4.200000,0.000000,6,7,8,10,11,14,16,16,16,16,16,688,0,6,7.153632994188261,1.6998000000967295,68.13049999982468,2678.4476744186045
1788771007,50,POST,[setup] POST /auth/login,0.000000,0.000000,0,0,0,0,0,0,0,0,0,0,0,17,0,210,217.42725882353733,203.27720000022964,248.37699999989127,178.8235294117647
1788771007,50,,Aggregated,48.600000,0.000000,7,9,10,10,12,14,16,17,22,22,22,6959,0,6,7.806032849541585,1.6746999999668333,248.37699999989127,24011.63802270441
1788771008,50,GET,GET /articles (anon),31.900000,0.000000,7,9,10,10,12,14,16,17,22,22,22,4674,0,6,7.346177727849373,1.6746999999668333,43.72869999951945,26731.0
1788771008,50,GET,GET /articles (list),12.200000,0.000000,7,9,9,10,12,13,14,14,18,18,18,1623,0,6,7.212488046821735,1.755799999955343,36.67860000041401,25538.00369685767
1788771008,50,GET,GET /articles/{id} (detail),4.000000,0.000000,6,7,8,9,11,11,16,16,16,16,16,694,0,6,7.1514112391950055,1.6998000000967295,68.13049999982468,2679.806916426513
1788771008,50,POST,[setup] POST /auth/login,0.000000,0.000000,0,0,0,0,0,0,0,0,0,0,0,17,0,210,217.42725882353733,203.27720000022964,248.37699999989127,178.8235294117647
1788771008,50,,Aggregated,48.100000,0.000000,7,9,10,10,12,13,16,17,22,22,22,7008,0,6,7.805543036524131,1.6746999999668333,248.37699999989127,24008.51883561644
1788771009,50,GET,GET /articles (anon),32.300000,0.000000,7,9,10,10,11,13,16,17,22,22,22,4705,0,6,7.3342601275171555,1.6746999999668333,43.72869999951945,26731.0
1788771009,50,GET,GET /articles (list),12.300000,0.000000,7,9,10,10,12,13,14,14,18,18,18,1634,0,6,7.199075336592477,1.755799999955343,36.67860000041401,25541.63157894737
1788771009,50,GET,GET /articles/{id} (detail),4.300000,0.000000,6,7,8,9,11,11,16,16,16,16,16,700,0,6,7.1269248571453705,1.6998000000967295,68.13049999982468,2683.5042857142857
1788771009,50,POST,[setup] POST /auth/login,0.000000,0.000000,0,0,0,0,0,0,0,0,0,0,0,17,0,210,217.42725882353733,203.27720000022964,248.37699999989127,178.8235294117647
1788771009,50,,Aggregated,48.900000,0.000000,7,9,9,10,11,13,16,17,22,22,22,7056,0,6,7.788562046479906,1.6746999999668333,248.37699999989127,24005.934523809523
1788771010,60,GET,GET /articles (anon),32.100000,0.000000,7,9,10,10,13,16,45,46,50,50,50,4746,0,6,7.404748946475142,1.6746999999668333,50.215299999763374,26731.0
1788771010,60,GET,GET /articles (list),12.500000,0.000000,7,9,9,10,13,14,19,20,27,27,27,1649,0,6,7.224041479679641,1.755799999955343,36.67860000041401,25543.38447543966
1788771010,60,GET,GET /articles/{id} (detail),4.200000,0.000000,7,7,9,10,11,13,16,16,16,16,16,704,0,6,7.136801420456735,1.6998000000967295,68.13049999982468,2684.8352272727275
1788771010,60,POST,[setup] POST /auth/login,0.000000,0.000000,0,0,0,0,0,0,0,0,0,0,0,20,0,210,220.81387499997618,203.27720000022964,248.37699999989127,179.0
1788771010,60,,Aggregated,48.800000,0.000000,7,9,10,10,13,16,45,50,250,250,250,7119,0,6,7.935941649102938,1.6746999999668333,248.37699999989127,24003.381233319287
1788771011,70,GET,GET /articles (anon),32.500000,0.000000,8,9,10,11,14,37,66,67,72,72,72,4790,0,6,7.51801048016125,1.6746999999668333,71.71230000039941,26731.0
1788771011,70,GET,GET /articles (list),11.900000,0.000000,7,9,10,11,13,15,23,27,49,49,49,1663,0,6,7.25758370414513,1.755799999955343,49.0351999997074,25543.59470835839
1788771011,70,GET,GET /articles/{id} (detail),4.300000,0.000000,5,7,9,9,11,13,14,16,16,16,16,712,0,6,7.091692415734245,1.6998000000967295,68.13049999982468,2681.7303370786517
1788771011,70,POST,[setup] POST /auth/login,0.000000,0.000000,250,250,250,250,250,250,250,250,250,250,250,23,0,220,224.7055086956765,203.27720000022964,252.8615000001082,178.8695652173913
1788771011,70,,Aggregated,48.700000,0.000000,7,9,10,11,14,27,67,230,250,250,250,7188,0,6,8.11048185864901,1.6746999999668333,252.8615000001082,23989.14774624374
1788771012,80,GET,GET /articles (anon),32.900000,0.000000,8,9,10,11,15,35,50,67,72,72,72,4841,0,6,7.540712270185835,1.6746999999668333,71.71230000039941,26731.0
1788771012,80,GET,GET /articles (list),11.800000,0.000000,7,9,10,11,13,19,23,27,49,49,49,1682,0,6,7.2718670630149775,1.755799999955343,49.0351999997074,25530.343043995243
1788771012,80,GET,GET /articles/{id} (detail),4.700000,0.000000,5,7,8,9,11,11,13,14,14,14,14,719,0,6,7.0755023643983055,1.6998000000967295,68.13049999982468,2681.7830319888735
1788771012,80,POST,[setup] POST /auth/login,0.000000,0.000000,250,250,250,270,270,270,270,270,270,270,270,27,0,220,228.5734444444474,203.27720000022964,269.6783999999752,178.74074074074073
1788771012,80,,Aggregated,49.400000,0.000000,7,9,10,11,15,37,72,250,270,270,270,7269,0,6,8.253492598701785,1.6746999999668333,269.6783999999752,23975.76502957766
1788771013,90,GET,GET /articles (anon),33.200000,0.000000,7,9,10,12,20,45,58,67,72,72,72,4903,0,6,7.615715582289435,1.6746999999668333,71.71230000039941,26731.0
1788771013,90,GET,GET /articles (list),12.100000,0.000000,7,9,10,11,14,21,27,49,50,50,50,1703,0,6,7.306084850259282,1.755799999955343,50.100100000236125,25526.812096300648
1788771013,90,GET,GET /articles/{id} (detail),4.800000,0.000000,5,7,9,9,11,14,19,38,38,38,38,728,0,6,7.119790109893504,1.6998000000967295,68.13049999982468,2670.894230769231
1788771013,90,POST,[setup] POST /auth/login,0.300000,0.000000,250,250,250,250,270,270,270,270,270,270,270,30,0,230,228.85195000001963,203.27720000022964,269.6783999999752,178.66666666666666
1788771013,90,,Aggregated,50.400000,0.000000,7,9,10,12,21,49,230,250,270,270,270,7364,0,6,8.396371768055367,1.6746999999668333,269.6783999999752,23965.782862574688
1788771014,100,GET,GET /articles (anon),35.400000,0.000000,8,9,11,13,24,47,55,67,72,72,72,4975,0,6,7.695718251249568,1.6746999999668333,71.71230000039941,26731.0
1788771014,100,GET,GET /articles (list),12.700000,0.000000,7,10,10,12,16,21,27,49,50,50,50,1726,0,6,7.3319619930429845,1.755799999955343,50.100100000236125,25533.308227114718
1788771014,100,GET,GET /articles/{id} (detail),5.100000,0.000000,7,8,9,9,11,14,24,38,38,38,38,736,0,6,7.13725611413328,1.6998000000967295,68.13049999982468,2661.9334239130435
1788771014,100,POST,[setup] POST /auth/login,0.600000,0.000000,240,250,250,250,270,270,270,270,270,270,270,33,0,230,229.90945151518233,203.27720000022964,269.6783999999752,178.78787878787878
1788771014,100,,Aggregated,53.800000,0.000000,7,9,11,13,24,50,230,250,270,270,270,7470,0,6,8.538312864787404,1.6746999999668333,269.6783999999752,23965.501740294512
1788771015,100,GET,GET /articles (anon),37.600000,0.000000,8,10,12,13,26,46,55,67,72,72,72,5037,0,6,7.740440401025574,1.6746999999668333,71.71230000039941,26731.0
1788771015,100,GET,GET /articles (list),13.000000,0.000000,8,10,11,13,19,23,26,49,50,50,50,1745,0,6,7.382166361024958,1.755799999955343,50.100100000236125,25540.383954154728
1788771015,100,GET,GET /articles/{id} (detail),5.800000,0.000000,7,9,10,10,13,24,29,38,38,38,38,750,0,6,7.219593200001934,1.6998000000967295,68.13049999982468,2659.3546666666666
1788771015,100,POST,[setup] POST /auth/login,1.000000,0.000000,240,250,250,250,270,270,270,270,270,270,270,33,0,230,229.90945151518233,203.27720000022964,269.6783999999752,178.78787878787878
1788771015,100,,Aggregated,57.400000,0.000000,8,10,12,13,25,49,230,250,270,270,270,7565,0,6,8.575305406471491,1.6746999999668333,269.6783999999752,23954.05591539987
1788771016,100,GET,GET /articles (anon),39.800000,0.000000,8,10,13,14,24,45,55,67,72,72,72,5102,0,6,7.775597491173179,1.6746999999668333,71.71230000039941,26731.0
1788771016,100,GET,GET /articles (list),14.100000,0.000000,7,10,11,13,19,23,26,49,50,50,50,1772,0,6,7.401854063199758,1.755799999955343,50.100100000236125,25541.651805869074
1788771016,100,GET,GET /articles/{id} (detail),6.000000,0.000000,7,9,9,10,13,24,29,38,38,38,38,756,0,6,7.23864761905119,1.6998000000967295,68.13049999982468,2664.1428571428573
1788771016,100,POST,[setup] POST /auth/login,1.300000,0.000000,240,250,250,250,270,270,270,270,270,270,270,33,0,230,229.90945151518233,203.27720000022964,269.6783999999752,178.78787878787878
1788771016,100,,Aggregated,61.200000,0.000000,8,10,13,14,24,47,230,240,270,270,270,7663,0,6,8.592798290481433,1.6746999999668333,269.6783999999752,23967.292313715254
1788771017,100,GET,GET /articles (anon),43.500000,0.000000,8,11,13,15,23,45,54,66,72,72,72,5172,0,6,7.814911175554145,1.6746999999668333,71.71230000039941,26731.0
1788771017,100,GET,GET /articles (list),15.100000,0.000000,8,10,13,14,19,23,27,49,50,50,50,1797,0,6,7.451171452414123,1.755799999955343,50.100100000236125,25543.65943238731
1788771017,100,GET,GET /articles/{id} (detail),6.400000,0.000000,7,9,11,12,18,24,29,38,38,38,38,769,0,6,7.300429648897095,1.6998000000967295,68.13049999982468,2665.3524057217164
1788771017,100,POST,[setup] POST /auth/login,1.600000,0.000000,240,250,250,250,270,270,270,270,270,270,270,33,0,230,229.90945151518233,203.27720000022964,269.6783999999752,178.78787878787878
1788771017,100,,Aggregated,66.600000,0.000000,8,11,13,15,23,47,230,240,270,270,270,7771,0,6,8.623023806454393,1.6746999999668333,269.6783999999752,23962.19843006048
1788771018,100,GET,GET /articles (anon),47.100000,0.000000,8,11,13,15,23,43,53,66,72,72,72,5244,0,6,7.827403127378135,1.6746999999668333,71.71230000039941,26731.0
1788771018,100,GET,GET /articles (list),16.000000,0.000000,8,11,13,14,19,23,27,49,50,50,50,1819,0,6,7.4764415612907555,1.755799999955343,50.100100000236125,25546.153380978558
1788771018,100,GET,GET /articles/{id} (detail),7.200000,0.000000,7,9,11,13,19,24,29,38,38,38,38,781,0,6,7.37584647887509,1.6998000000967295,68.13049999982468,2670.416133162612
1788771018,100,POST,[setup] POST /auth/login,1.600000,0.000000,240,250,250,250,270,270,270,270,270,270,270,33,0,230,229.90945151518233,203.27720000022964,269.6783999999752,178.78787878787878
1788771018,100,,Aggregated,71.900000,0.000000,8,11,13,15,23,45,71,240,270,270,270,7877,0,6,8.631978824420628,1.6746999999668333,269.6783999999752,23960.557572679954
1788771019,100,GET,GET /articles (anon),50.100000,0.000000,8,11,13,15,23,40,53,66,72,72,72,5313,0,6,7.849388142286422,1.5706999993199133,71.71230000039941,26731.0
1788771019,100,GET,GET /articles (list),16.900000,0.000000,8,11,13,14,19,24,27,30,50,50,50,1841,0,6,7.509328082556949,1.755799999955343,50.100100000236125,25539.137968495383
1788771019,100,GET,GET /articles/{id} (detail),7.600000,0.000000,8,11,13,14,21,24,29,38,38,38,38,788,0,6,7.4348468274111665,1.6998000000967295,68.13049999982468,2673.041878172589
1788771019,100,POST,[setup] POST /auth/login,1.600000,0.000000,240,250,250,250,270,270,270,270,270,270,270,33,0,230,229.90945151518233,203.27720000022964,269.6783999999752,178.78787878787878
1788771019,100,,Aggregated,76.200000,0.000000,8,11,13,16,24,45,71,240,270,270,270,7975,0,6,8.648795410652806,1.5706999993199133,269.6783999999752,23968.854294670848
1788771020,100,GET,GET /articles (anon),53.900000,0.000000,8,10,13,14,21,34,51,66,72,72,72,5378,0,6,7.844637523237152,1.5706999993199133,71.71230000039941,26731.0
1788771020,100,GET,GET /articles (list),18.500000,0.000000,8,11,13,13,18,23,26,30,50,50,50,1862,0,6,7.507305424267652,1.755799999955343,50.100100000236125,25539.261546723952
1788771020,100,GET,GET /articles/{id} (detail),8.000000,0.000000,7,10,13,14,21,24,29,38,38,38,38,802,0,6,7.4118125935172685,1.6998000000967295,68.13049999982468,2670.6857855361595
1788771020,100,POST,[setup] POST /auth/login,1.600000,0.000000,240,250,250,250,270,270,270,270,270,270,270,33,0,230,229.90945151518233,203.27720000022964,269.6783999999752,178.78787878787878
1788771020,100,,Aggregated,82.000000,0.000000,8,11,13,14,21,34,66,230,270,270,270,8075,0,6,8.631374476774935,1.5706999993199133,269.6783999999752,23958.044953560373
1788771021,100,GET,GET /articles (anon),57.800000,0.000000,8,10,12,13,19,25,45,50,58,58,58,5444,0,7,7.85212220793139,1.5706999993199133,71.71230000039941,26731.0
1788771021,100,GET,GET /articles (list),19.500000,0.000000,8,11,12,13,17,21,26,27,50,50,50,1890,0,6,7.535343756605216,1.755799999955343,50.100100000236125,25537.992063492064
1788771021,100,GET,GET /articles/{id} (detail),8.900000,0.000000,8,10,13,14,21,24,29,38,38,38,38,808,0,6,7.418512128714889,1.6998000000967295,68.13049999982468,2669.5408415841584
1788771021,100,POST,[setup] POST /auth/login,1.600000,0.000000,240,240,240,270,270,270,270,270,270,270,270,33,0,230,229.90945151518233,203.27720000022964,269.6783999999752,178.78787878787878
1788771021,100,,Aggregated,87.800000,0.000000,8,10,13,14,19,26,48,230,270,270,270,8175,0,6,8.63240644647889,1.5706999993199133,269.6783999999752,23969.81749235474
1788771022,100,GET,GET /articles (anon),61.000000,0.000000,8,10,12,13,18,24,44,50,58,58,58,5520,0,7,7.865884438401439,1.5706999993199133,71.71230000039941,26731.0
1788771022,100,GET,GET /articles (list),21.000000,0.000000,8,11,12,13,17,21,26,28,50,50,50,1912,0,6,7.571302092041223,1.755799999955343,50.100100000236125,25534.6929916318
1788771022,100,GET,GET /articles/{id} (detail),8.900000,0.000000,8,11,13,14,21,24,29,38,38,38,38,818,0,6,7.447595232276369,1.6998000000967295,68.13049999982468,2674.530562347188
1788771022,100,POST,[setup] POST /auth/login,1.600000,0.000000,240,240,240,240,240,240,240,240,240,240,240,33,0,230,229.90945151518233,203.27720000022964,269.6783999999752,178.78787878787878
1788771022,100,,Aggregated,92.500000,0.000000,8,10,12,13,18,24,45,54,240,240,240,8283,0,6,8.64121169865529,1.5706999993199133,269.6783999999752,23973.333212604128
1788771023,100,GET,GET /articles (anon),63.500000,0.000000,8,10,12,13,18,21,28,44,50,50,50,5585,0,7,7.879118979404453,1.5706999993199133,71.71230000039941,26731.0
1788771023,100,GET,GET /articles (list),21.400000,0.000000,8,11,13,14,17,20,25,27,30,30,30,1933,0,6,7.586607759950569,1.755799999955343,50.100100000236125,25535.836523538543
1788771023,100,GET,GET /articles/{id} (detail),9.500000,0.000000,8,11,13,14,19,24,27,29,29,29,29,827,0,6,7.436533615479775,1.6998000000967295,68.13049999982468,2673.210399032648
1788771023,100,POST,[setup] POST /auth/login,1.300000,0.000000,240,240,240,240,240,240,240,240,240,240,240,33,0,230,229.90945151518233,203.27720000022964,269.6783999999752,178.78787878787878
1788771023,100,,Aggregated,95.700000,0.000000,8,10,12,13,18,22,28,44,240,240,240,8378,0,6,8.642494330384464,1.5706999993199133,269.6783999999752,23975.895440439246
1788771024,100,GET,GET /articles (anon),65.400000,0.000000,8,10,11,12,16,19,23,26,39,39,39,5650,0,7,7.886571699109321,1.5706999993199133,71.71230000039941,26731.0
1788771024,100,GET,GET /articles (list),22.500000,0.000000,8,10,12,13,16,18,25,27,30,30,30,1959,0,6,7.57809229197846,1.755799999955343,50.100100000236125,25534.403777437466
1788771024,100,GET,GET /articles/{id} (detail),9.700000,0.000000,8,11,12,13,17,22,27,29,29,29,29,832,0,6,7.440295793271135,1.6998000000967295,68.13049999982468,2680.4014423076924
1788771024,100,POST,[setup] POST /auth/login,1.000000,0.000000,240,240,240,240,240,240,240,240,240,240,240,33,0,230,229.90945151518233,203.27720000022964,269.6783999999752,178.78787878787878
1788771024,100,,Aggregated,98.600000,0.000000,8,10,11,13,16,19,24,27,39,39,39,8474,0,7,8.636057458101975,1.5706999993199133,269.6783999999752,23989.620132168988
1788771025,100,GET,GET /articles (anon),66.700000,0.000000,8,10,11,12,15,18,23,25,38,38,38,5714,0,7,7.91225838291375,1.5706999993199133,71.71230000039941,26731.0
1788771025,100,GET,GET /articles (list),22.800000,0.000000,8,10,12,13,16,19,27,30,33,33,33,1984,0,7,7.635891330637843,1.755799999955343,50.100100000236125,25533.355846774193
1788771025,100,GET,GET /articles/{id} (detail),9.600000,0.000000,8,10,12,13,16,21,24,27,27,27,27,843,0,6,7.446632028473613,1.6998000000967295,68.13049999982468,2681.6986951364174
1788771025,100,POST,[setup] POST /auth/login,0.600000,0.000000,240,240,240,240,240,240,240,240,240,240,240,33,0,230,229.90945151518233,203.27720000022964,269.6783999999752,178.78787878787878
1788771025,100,,Aggregated,99.700000,0.000000,8,10,11,13,15,18,24,27,38,38,38,8574,0,7,8.656960053645788,1.5706999993199133,269.6783999999752,23987.13365990203
1788771026,100,GET,GET /articles (anon),67.300000,0.000000,8,10,11,12,15,19,26,32,38,38,38,5783,0,7,7.951839460482908,1.5706999993199133,71.71230000039941,26731.0
1788771026,100,GET,GET /articles (list),23.000000,0.000000,8,10,12,13,17,19,28,31,34,34,34,2009,0,7,7.67477466400591,1.755799999955343,50.100100000236125,25532.33399701344
1788771026,100,GET,GET /articles/{id} (detail),9.700000,0.000000,7,10,11,13,17,22,24,27,27,27,27,851,0,6,7.467279670977571,1.6998000000967295,68.13049999982468,2682.65687426557
1788771026,100,POST,[setup] POST /auth/login,0.300000,0.000000,240,240,240,240,240,240,240,240,240,240,240,33,0,230,229.90945151518233,203.27720000022964,269.6783999999752,178.78787878787878
1788771026,100,,Aggregated,100.300000,0.000000,8,10,11,12,16,19,26,31,38,38,38,8676,0,7,8.684391055781862,1.5706999993199133,269.6783999999752,23993.622982941448
1788771027,100,GET,GET /articles (anon),67.200000,0.000000,8,10,11,12,15,19,26,32,38,38,38,5846,0,7,7.962192131367506,1.5706999993199133,71.71230000039941,26731.0
1788771027,100,GET,GET /articles (list),23.300000,0.000000,8,10,12,13,16,19,28,31,34,34,34,2038,0,7,7.682527968590946,1.755799999955343,50.100100000236125,25528.584396467126
1788771027,100,GET,GET /articles/{id} (detail),9.500000,0.000000,7,9,11,13,17,22,24,27,27,27,27,856,0,6,7.467755257011619,1.6998000000967295,68.13049999982468,2679.7803738317757
1788771027,100,POST,[setup] POST /auth/login,0.000000,0.000000,240,240,240,240,240,240,240,240,240,240,240,33,0,230,229.90945151518233,203.27720000022964,269.6783999999752,178.78787878787878
1788771027,100,,Aggregated,100.000000,0.000000,8,10,11,12,15,19,26,31,38,38,38,8773,0,7,8.68384561723079,1.5706999993199133,269.6783999999752,24005.069303544966
1788771028,100,GET,GET /articles (anon),67.100000,0.000000,8,10,11,12,15,18,23,29,38,38,38,5919,0,7,7.973980503458606,1.5706999993199133,71.71230000039941,26731.0
1788771028,100,GET,GET /articles (list),23.800000,0.000000,8,10,12,13,16,19,28,31,34,34,34,2058,0,7,7.707329543239744,1.755799999955343,50.100100000236125,25532.36054421769
1788771028,100,GET,GET /articles/{id} (detail),9.300000,0.000000,7,9,10,11,14,16,21,24,24,24,24,871,0,6,7.498166245698952,1.6998000000967295,68.13049999982468,2674.2043628013776
1788771028,100,POST,[setup] POST /auth/login,0.000000,0.000000,240,240,240,240,240,240,240,240,240,240,240,33,0,230,229.90945151518233,203.27720000022964,269.6783999999752,178.78787878787878
1788771028,100,,Aggregated,100.200000,0.000000,8,10,11,12,15,18,23,29,38,38,38,8881,0,7,8.690191363581086,1.5706999993199133,269.6783999999752,23995.216642270014
1788771029,100,GET,GET /articles (anon),67.100000,0.000000,8,10,11,12,15,18,24,29,38,38,38,5983,0,7,7.9911333778995655,1.5706999993199133,71.71230000039941,26731.0
1788771029,100,GET,GET /articles (list),23.400000,0.000000,8,10,12,13,15,18,28,31,34,34,34,2079,0,7,7.718465704659936,1.755799999955343,50.100100000236125,25538.184704184703
1788771029,100,GET,GET /articles/{id} (detail),9.000000,0.000000,7,9,10,11,14,15,17,24,24,24,24,882,0,6,7.496667800458458,1.6998000000967295,68.13049999982468,2678.9761904761904
1788771029,100,POST,[setup] POST /auth/login,0.000000,0.000000,240,240,240,240,240,240,240,240,240,240,240,33,0,230,229.90945151518233,203.27720000022964,269.6783999999752,178.78787878787878
1788771029,100,,Aggregated,99.500000,0.000000,8,10,11,12,15,18,24,29,38,38,38,8977,0,7,8.69518927258175,1.5706999993199133,269.6783999999752,23994.00868887156
1788771030,100,GET,GET /articles (anon),67.100000,0.000000,8,10,11,12,16,19,24,29,38,38,38,6048,0,7,7.992851504625787,1.5706999993199133,71.71230000039941,26731.0
1788771030,100,GET,GET /articles (list),23.900000,0.000000,8,10,12,13,16,19,28,31,34,34,34,2101,0,7,7.721996477862569,1.755799999955343,50.100100000236125,25537.341742027606
1788771030,100,GET,GET /articles/{id} (detail),8.800000,0.000000,7,9,10,11,14,15,17,24,24,24,24,890,0,6,7.4798483146112,1.6998000000967295,68.13049999982468,2680.2921348314608
1788771030,100,POST,[setup] POST /auth/login,0.000000,0.000000,240,240,240,240,240,240,240,240,240,240,240,33,0,230,229.90945151518233,203.27720000022964,269.6783999999752,178.78787878787878
1788771030,100,,Aggregated,99.800000,0.000000,8,10,11,12,15,18,24,29,38,38,38,9072,0,7,8.687032341266628,1.5706999993199133,269.6783999999752,23998.501212522046
1788771031,100,GET,GET /articles (anon),66.600000,0.000000,8,9,11,12,15,18,24,29,38,38,38,6120,0,7,7.972500751630161,1.5706999993199133,71.71230000039941,26731.0
1788771031,100,GET,GET /articles (list),23.800000,0.000000,8,10,11,12,15,19,28,31,34,34,34,2122,0,7,7.71272342129609,1.755799999955343,50.100100000236125,25540.233270499528
1788771031,100,GET,GET /articles/{id} (detail),8.900000,0.000000,7,9,10,11,13,15,16,24,24,24,24,901,0,6,7.466683684797963,1.6998000000967295,68.13049999982468,2683.5782463928967
1788771031,100,POST,[setup] POST /auth/login,0.000000,0.000000,240,240,240,240,240,240,240,240,240,240,240,33,0,230,229.90945151518233,203.27720000022964,269.6783999999752,178.78787878787878
1788771031,100,,Aggregated,99.300000,0.000000,8,10,11,12,15,18,24,29,38,38,38,9176,0,7,8.660919529203436,1.5706999993199133,269.6783999999752,23998.899193548386
1788771032,100,GET,GET /articles (anon),66.200000,0.000000,8,10,11,12,16,19,24,29,38,38,38,6182,0,7,7.9869489000276745,1.5706999993199133,71.71230000039941,26731.0
1788771032,100,GET,GET /articles (list),23.500000,0.000000,8,10,11,12,15,19,25,31,34,34,34,2138,0,7,7.712982787647893,1.755799999955343,50.100100000236125,25541.531337698783
1788771032,100,GET,GET /articles/{id} (detail),9.200000,0.000000,7,9,11,12,15,17,19,24,24,24,24,914,0,6,7.5372184901544905,1.6998000000967295,68.13049999982468,2688.4617067833697
1788771032,100,POST,[setup] POST /auth/login,0.000000,0.000000,0,0,0,0,0,0,0,0,0,0,0,33,0,230,229.90945151518233,203.27720000022964,269.6783999999752,178.78787878787878
1788771032,100,,Aggregated,98.900000,0.000000,8,10,11,12,15,19,24,29,38,38,38,9267,0,7,8.66965629653225,1.5706999993199133,269.6783999999752,23990.718679184203
1788771033,100,GET,GET /articles (anon),66.900000,0.000000,8,10,11,12,16,19,24,29,38,38,38,6257,0,7,8.00244262425682,1.5706999993199133,71.71230000039941,26731.0
1788771033,100,GET,GET /articles (list),23.800000,0.000000,8,10,11,12,14,18,25,31,34,34,34,2164,0,7,7.715712014782968,1.755799999955343,50.100100000236125,25552.14325323475
1788771033,100,GET,GET /articles/{id} (detail),9.000000,0.000000,8,9,11,12,15,17,19,24,24,24,24,922,0,6,7.550067462039281,1.6998000000967295,68.13049999982468,2699.8080260303686
1788771033,100,POST,[setup] POST /auth/login,0.000000,0.000000,0,0,0,0,0,0,0,0,0,0,0,33,0,230,229.90945151518233,203.27720000022964,269.6783999999752,178.78787878787878
1788771033,100,,Aggregated,99.700000,0.000000,8,10,11,12,15,18,24,29,38,38,38,9376,0,7,8.672809129689243,1.5706999993199133,269.6783999999752,24002.328071672357
1788771034,100,GET,GET /articles (anon),66.600000,0.000000,8,10,11,12,16,20,27,32,38,38,38,6322,0,7,8.025965786140219,1.5706999993199133,71.71230000039941,26731.0
1788771034,100,GET,GET /articles (list),23.000000,0.000000,8,10,11,12,14,18,25,31,34,34,34,2191,0,7,7.715552350523481,1.755799999955343,50.100100000236125,25554.140575079873
1788771034,100,GET,GET /articles/{id} (detail),9.300000,0.000000,7,9,11,13,16,19,29,30,30,30,30,932,0,6,7.609110407727033,1.6998000000967295,68.13049999982468,2699.1148068669527
1788771034,100,POST,[setup] POST /auth/login,0.000000,0.000000,0,0,0,0,0,0,0,0,0,0,0,33,0,230,229.90945151518233,203.27720000022964,269.6783999999752,178.78787878787878
1788771034,100,,Aggregated,98.900000,0.000000,8,10,11,12,16,19,28,32,38,38,38,9478,0,7,8.685760044310813,1.5706999993199133,269.6783999999752,24003.37402405571
1788771035,100,GET,GET /articles (anon),66.100000,0.000000,8,10,11,12,16,19,26,32,34,34,34,6388,0,7,8.051708249840589,1.5706999993199133,71.71230000039941,26731.0
1788771035,100,GET,GET /articles (list),22.600000,0.000000,8,9,10,11,14,18,23,29,34,34,34,2209,0,7,7.752319148933999,1.755799999955343,50.100100000236125,25556.36170212766
1788771035,100,GET,GET /articles/{id} (detail),9.500000,0.000000,7,10,12,13,16,19,29,30,30,30,30,941,0,6,7.61216291179671,1.6998000000967295,68.13049999982468,2697.9872476089267
1788771035,100,POST,[setup] POST /auth/login,0.000000,0.000000,0,0,0,0,0,0,0,0,0,0,0,33,0,230,229.90945151518233,203.27720000022964,269.6783999999752,178.78787878787878
1788771035,100,,Aggregated,98.200000,0.000000,8,10,11,12,16,19,26,30,34,34,34,9571,0,7,8.704340455540535,1.5706999993199133,269.6783999999752,24005.468289624907
1788771036,100,GET,GET /articles (anon),67.000000,0.000000,8,10,11,12,16,19,24,32,34,34,34,6453,0,7,8.053375964664719,1.5706999993199133,71.71230000039941,26731.0
1788771036,100,GET,GET /articles (list),23.000000,0.000000,8,9,10,12,14,18,23,25,34,34,34,2237,0,7,7.773137058559211,1.755799999955343,50.100100000236125,25557.948591864104
1788771036,100,GET,GET /articles/{id} (detail),9.500000,0.000000,7,10,12,14,16,19,29,30,30,30,30,946,0,6,7.618951268499967,1.6998000000967295,68.13049999982468,2699.6723044397463
1788771036,100,POST,[setup] POST /auth/login,0.000000,0.000000,0,0,0,0,0,0,0,0,0,0,0,33,0,230,229.90945151518233,203.27720000022964,269.6783999999752,178.78787878787878
1788771036,100,,Aggregated,99.500000,0.000000,8,10,11,12,16,19,24,30,34,34,34,9669,0,7,8.703224997412368,1.5706999993199133,269.6783999999752,24017.795428689627
1788771037,100,GET,GET /articles (anon),67.000000,0.000000,8,10,11,12,17,20,25,32,34,34,34,6523,0,7,8.077677571666143,1.5706999993199133,71.71230000039941,26731.0
1788771037,100,GET,GET /articles (list),22.700000,0.000000,8,9,11,12,16,20,23,25,34,34,34,2259,0,7,7.802508676403297,1.755799999955343,50.100100000236125,25556.384683488268
1788771037,100,GET,GET /articles/{id} (detail),9.900000,0.000000,7,10,12,13,16,19,29,30,30,30,30,952,0,6,7.61383382352903,1.6998000000967295,68.13049999982468,2698.8707983193276
1788771037,100,POST,[setup] POST /auth/login,0.000000,0.000000,0,0,0,0,0,0,0,0,0,0,0,33,0,230,229.90945151518233,203.27720000022964,269.6783999999752,178.78787878787878
1788771037,100,,Aggregated,99.600000,0.000000,8,10,11,13,16,19,25,30,34,34,34,9767,0,7,8.718331074022094,1.5706999993199133,269.6783999999752,24027.174260264153
1788771038,100,GET,GET /articles (anon),67.200000,0.000000,8,9,11,12,17,19,25,32,34,34,34,6583,0,7,8.065614431106912,1.5706999993199133,71.71230000039941,26731.0
1788771038,100,GET,GET /articles (list),22.400000,0.000000,7,9,11,12,15,19,23,25,34,34,34,2284,0,7,7.806592294217841,1.755799999955343,50.100100000236125,25558.964973730297
1788771038,100,GET,GET /articles/{id} (detail),9.800000,0.000000,6,10,12,13,17,19,29,30,30,30,30,959,0,6,7.602053284669776,1.6998000000967295,68.13049999982468,2701.2627737226276
1788771038,100,POST,[setup] POST /auth/login,0.000000,0.000000,0,0,0,0,0,0,0,0,0,0,0,33,0,230,229.90945151518233,203.27720000022964,269.6783999999752,178.78787878787878
1788771038,100,,Aggregated,99.400000,0.000000,7,9,11,12,16,19,25,30,34,34,34,9859,0,7,8.70307106197074,1.5706999993199133,269.6783999999752,24033.19403590628
1788771039,100,GET,GET /articles (anon),66.900000,0.000000,7,9,10,12,16,19,24,32,34,34,34,6655,0,7,8.070872561979504,1.5706999993199133,71.71230000039941,26731.0
1788771039,100,GET,GET /articles (list),22.700000,0.000000,7,9,10,12,15,19,23,25,34,34,34,2302,0,7,7.814639748042042,1.755799999955343,50.100100000236125,25559.086012163338
1788771039,100,GET,GET /articles/{id} (detail),9.500000,0.000000,7,10,13,14,17,21,29,30,30,30,30,974,0,6,7.643640143736704,1.6998000000967295,68.13049999982468,2700.9856262833678
1788771039,100,POST,[setup] POST /auth/login,0.000000,0.000000,0,0,0,0,0,0,0,0,0,0,0,33,0,230,229.90945151518233,203.27720000022964,269.6783999999752,178.78787878787878
1788771039,100,,Aggregated,99.100000,0.000000,7,9,11,12,16,19,24,30,34,34,34,9964,0,7,8.704624146925603,1.5706999993199133,269.6783999999752,24023.33209554396
1788771040,100,GET,GET /articles (anon),67.200000,0.000000,8,9,11,12,16,19,24,32,34,34,34,6724,0,7,8.079041864957693,1.5706999993199133,71.71230000039941,26731.0
1788771040,100,GET,GET /articles (list),21.900000,0.000000,7,9,11,13,15,19,23,25,34,34,34,2322,0,7,7.81491692506098,1.755799999955343,50.100100000236125,25560.4556416882
1788771040,100,GET,GET /articles/{id} (detail),9.300000,0.000000,7,10,12,13,17,21,29,30,30,30,30,983,0,6,7.64423967446776,1.6998000000967295,68.13049999982468,2692.730417090539
1788771040,100,POST,[setup] POST /auth/login,0.000000,0.000000,0,0,0,0,0,0,0,0,0,0,0,33,0,230,229.90945151518233,203.27720000022964,269.6783999999752,178.78787878787878
1788771040,100,,Aggregated,98.400000,0.000000,7,9,11,13,16,19,24,30,34,34,34,10062,0,7,8.70314193003078,1.5706999993199133,269.6783999999752,24025.390180878552
1788771041,100,GET,GET /articles (anon),65.900000,0.000000,8,10,11,13,17,19,24,32,34,34,34,6791,0,7,8.081258606976666,1.5706999993199133,71.71230000039941,26731.0
1788771041,100,GET,GET /articles (list),22.400000,0.000000,7,9,10,12,15,19,23,25,34,34,34,2348,0,7,7.802250936963024,1.755799999955343,50.100100000236125,25566.15843270869
1788771041,100,GET,GET /articles/{id} (detail),8.700000,0.000000,9,12,14,15,18,21,29,30,30,30,30,995,0,6,7.698809145730405,1.6998000000967295,68.13049999982468,2689.211055276382
1788771041,100,POST,[setup] POST /auth/login,0.000000,0.000000,0,0,0,0,0,0,0,0,0,0,0,33,0,230,229.90945151518233,203.27720000022964,269.6783999999752,178.78787878787878
1788771041,100,,Aggregated,97.000000,0.000000,8,10,11,13,17,19,24,30,34,34,34,10167,0,7,8.699403894951349,1.5706999993199133,269.6783999999752,24022.939510179993
1788771042,100,GET,GET /articles (anon),66.600000,0.000000,8,10,11,12,16,19,24,32,34,34,34,6860,0,7,8.072806574341286,1.5706999993199133,71.71230000039941,26731.0
1788771042,100,GET,GET /articles (list),22.000000,0.000000,7,9,11,12,15,19,23,25,34,34,34,2369,0,7,7.80407002954398,1.755799999955343,50.100100000236125,25564.09919797383
1788771042,100,GET,GET /articles/{id} (detail),9.100000,0.000000,7,10,12,13,17,21,29,30,30,30,30,1008,0,6,7.681372123018026,1.6998000000967295,68.13049999982468,2690.5853174603176
1788771042,100,POST,[setup] POST /auth/login,0.000000,0.000000,0,0,0,0,0,0,0,0,0,0,0,33,0,230,229.90945151518233,203.27720000022964,269.6783999999752,178.78787878787878
1788771042,100,,Aggregated,97.700000,0.000000,7,10,11,13,16,19,24,30,34,34,34,10270,0,7,8.685212268741376,1.5706999993199133,269.6783999999752,24016.94459591042
1788771043,100,GET,GET /articles (anon),66.800000,0.000000,7,9,11,12,15,18,24,32,34,34,34,6930,0,7,8.060479711396946,1.5706999993199133,71.71230000039941,26731.0
1788771043,100,GET,GET /articles (list),21.900000,0.000000,7,9,11,12,15,20,23,28,34,34,34,2392,0,7,7.80461601170014,1.755799999955343,50.100100000236125,25561.943979933112
1788771043,100,GET,GET /articles/{id} (detail),9.100000,0.000000,7,10,12,13,17,21,29,30,30,30,30,1022,0,6,7.679854011741818,1.6998000000967295,68.13049999982468,2695.9383561643835
1788771043,100,POST,[setup] POST /auth/login,0.000000,0.000000,0,0,0,0,0,0,0,0,0,0,0,33,0,230,229.90945151518233,203.27720000022964,269.6783999999752,178.78787878787878
1788771043,100,,Aggregated,97.800000,0.000000,7,9,11,12,15,19,24,30,34,34,34,10377,0,7,8.669518030256189,1.5706999993199133,269.6783999999752,24009.940156114484
1788771044,100,GET,GET /articles (anon),66.800000,0.000000,7,9,10,11,15,17,22,24,34,34,34,6994,0,7,8.04836967400352,1.5706999993199133,71.71230000039941,26731.0
1788771044,100,GET,GET /articles (list),22.500000,0.000000,7,9,11,12,16,21,23,28,34,34,34,2410,0,7,7.804467219911396,1.755799999955343,50.100100000236125,25555.283402489626
1788771044,100,GET,GET /articles/{id} (detail),9.400000,0.000000,7,10,11,13,15,18,21,22,22,22,22,1031,0,6,7.657936469449119,1.6998000000967295,68.13049999982468,2698.35305528613
1788771044,100,POST,[setup] POST /auth/login,0.000000,0.000000,0,0,0,0,0,0,0,0,0,0,0,33,0,230,229.90945151518233,203.27720000022964,269.6783999999752,178.78787878787878
1788771044,100,,Aggregated,98.700000,0.000000,7,9,10,12,15,18,22,25,34,34,34,10468,0,7,8.653172325178636,1.5706999993199133,269.6783999999752,24009.624474589225
1788771045,100,GET,GET /articles (anon),67.100000,0.000000,7,9,10,11,14,17,21,23,32,32,32,7062,0,7,8.047536377794161,1.5706999993199133,71.71230000039941,26731.0
1788771045,100,GET,GET /articles (list),22.900000,0.000000,7,9,10,12,15,20,23,25,28,28,28,2432,0,7,7.8038045641399005,1.755799999955343,50.100100000236125,25556.267680921053
1788771045,100,GET,GET /articles/{id} (detail),9.400000,0.000000,7,9,11,12,15,18,21,21,22,22,22,1043,0,6,7.646676797699572,1.6998000000967295,68.13049999982468,2694.642377756472
1788771045,100,POST,[setup] POST /auth/login,0.000000,0.000000,0,0,0,0,0,0,0,0,0,0,0,33,0,230,229.90945151518233,203.27720000022964,269.6783999999752,178.78787878787878
1788771045,100,,Aggregated,99.400000,0.000000,7,9,10,11,15,17,22,23,32,32,32,10570,0,7,8.644564843895179,1.5706999993199133,269.6783999999752,24006.014853358563
1788771046,100,GET,GET /articles (anon),66.800000,0.000000,7,9,10,11,15,17,22,23,32,32,32,7131,0,7,8.057566666664478,1.5706999993199133,71.71230000039941,26731.0
1788771046,100,GET,GET /articles (list),22.500000,0.000000,7,9,11,12,16,21,25,26,28,28,28,2459,0,7,7.849144326958004,1.755799999955343,50.100100000236125,25555.92761285075
1788771046,100,GET,GET /articles/{id} (detail),9.900000,0.000000,6,9,11,12,15,17,21,21,22,22,22,1049,0,6,7.641476453766391,1.6998000000967295,68.13049999982468,2691.8617731172544
1788771046,100,POST,[setup] POST /auth/login,0.000000,0.000000,0,0,0,0,0,0,0,0,0,0,0,33,0,230,229.90945151518233,203.27720000022964,269.6783999999752,178.78787878787878
1788771046,100,,Aggregated,99.200000,0.000000,7,9,10,11,15,18,22,24,32,32,32,10672,0,7,8.654654657044206,1.5706999993199133,269.6783999999752,24015.22207646177
1788771047,100,GET,GET /articles (anon),66.900000,0.000000,7,9,10,11,14,16,19,22,32,32,32,7194,0,7,8.055678801776303,1.5706999993199133,71.71230000039941,26731.0
1788771047,100,GET,GET /articles (list),21.800000,0.000000,7,8,10,11,15,20,23,26,28,28,28,2482,0,7,7.8405569298912425,1.755799999955343,50.100100000236125,25556.064867042707
1788771047,100,GET,GET /articles/{id} (detail),9.900000,0.000000,6,9,10,11,15,17,21,21,22,22,22,1058,0,6,7.635041398867416,1.6998000000967295,68.13049999982468,2687.58034026465
1788771047,100,POST,[setup] POST /auth/login,0.000000,0.000000,0,0,0,0,0,0,0,0,0,0,0,33,0,230,229.90945151518233,203.27720000022964,269.6783999999752,178.78787878787878
1788771047,100,,Aggregated,98.600000,0.000000,7,9,10,11,14,17,21,23,32,32,32,10767,0,7,8.644720098446284,1.5706999993199133,269.6783999999752,24016.190860964056
1788771048,100,GET,GET /articles (anon),66.700000,0.000000,7,9,10,11,14,17,20,23,32,32,32,7260,0,7,8.05751084021772,1.5706999993199133,71.71230000039941,26731.0
1788771048,100,GET,GET /articles (list),21.900000,0.000000,7,9,10,11,15,20,23,26,28,28,28,2510,0,7,7.8344667729058175,1.755799999955343,50.100100000236125,25564.190438247013
1788771048,100,GET,GET /articles/{id} (detail),10.100000,0.000000,7,9,10,11,15,17,21,21,22,22,22,1071,0,6,7.637323529413095,1.6998000000967295,68.13049999982468,2693.6153127917833
1788771048,100,POST,[setup] POST /auth/login,0.000000,0.000000,0,0,0,0,0,0,0,0,0,0,0,33,0,230,229.90945151518233,203.27720000022964,269.6783999999752,178.78787878787878
1788771048,100,,Aggregated,98.700000,0.000000,7,9,10,11,14,17,21,23,28,32,32,10874,0,7,8.637909297404477,1.5706999993199133,269.6783999999752,24013.604929188892
1788771049,100,GET,GET /articles (anon),67.600000,0.000000,7,9,10,11,13,17,20,23,32,32,32,7324,0,7,8.053801379024456,1.5706999993199133,71.71230000039941,26731.0
1788771049,100,GET,GET /articles (list),22.400000,0.000000,6,8,10,11,15,20,23,26,28,28,28,2529,0,7,7.839075642543764,1.755799999955343,50.100100000236125,25567.79122182681
1788771049,100,GET,GET /articles/{id} (detail),10.300000,0.000000,6,8,9,11,14,16,19,19,21,21,21,1084,0,6,7.617250276755226,1.6998000000967295,68.13049999982468,2683.4261992619927
1788771049,100,POST,[setup] POST /auth/login,0.000000,0.000000,0,0,0,0,0,0,0,0,0,0,0,33,0,230,229.90945151518233,203.27720000022964,269.6783999999752,178.78787878787878
1788771049,100,,Aggregated,100.300000,0.000000,7,9,10,11,14,17,21,23,28,32,32,10970,0,7,8.628548295348368,1.5706999993199133,269.6783999999752,24006.702096627167
1788771050,100,GET,GET /articles (anon),66.700000,0.000000,7,9,10,11,15,19,24,27,32,32,32,7397,0,7,8.103769501145948,1.5706999993199133,71.71230000039941,26731.0
1788771050,100,GET,GET /articles (list),22.200000,0.000000,7,9,10,11,16,21,25,27,28,28,28,2547,0,7,7.865366116997523,1.755799999955343,50.100100000236125,25571.404004711425
1788771050,100,GET,GET /articles/{id} (detail),10.700000,0.000000,7,8,11,12,16,21,26,31,33,33,33,1097,0,6,7.713352051048766,1.6998000000967295,68.13049999982468,2678.4175022789427
1788771050,100,POST,[setup] POST /auth/login,0.000000,0.000000,0,0,0,0,0,0,0,0,0,0,0,33,0,230,229.90945151518233,203.27720000022964,269.6783999999752,178.78787878787878
1788771050,100,,Aggregated,99.600000,0.000000,7,9,10,12,15,20,24,27,32,33,33,11074,0,7,8.671232580817268,1.5706999993199133,269.6783999999752,24002.50108361929
1788771051,100,GET,GET /articles (anon),67.600000,0.000000,7,9,10,11,15,19,23,27,32,32,32,7464,0,7,8.10409686494881,1.5706999993199133,71.71230000039941,26731.0
1788771051,100,GET,GET /articles (list),22.500000,0.000000,7,9,10,11,16,21,26,28,28,28,28,2572,0,7,7.870776788488997,1.6001999993022764,50.100100000236125,25565.237558320372
1788771051,100,GET,GET /articles/{id} (detail),11.200000,0.000000,6,8,9,11,14,21,26,31,33,33,33,1109,0,6,7.704396753834223,1.6998000000967295,68.13049999982468,2682.3976555455365
1788771051,100,POST,[setup] POST /auth/login,0.000000,0.000000,0,0,0,0,0,0,0,0,0,0,0,33,0,230,229.90945151518233,203.27720000022964,269.6783999999752,178.78787878787878
1788771051,100,,Aggregated,101.300000,0.000000,7,9,10,11,15,20,24,27,32,33,33,11178,0,7,8.66557566648545,1.5706999993199133,269.6783999999752,23998.448201825013
1788771052,100,GET,GET /articles (anon),66.700000,0.000000,7,9,11,12,16,20,25,27,32,32,32,7533,0,7,8.114155913976097,1.5706999993199133,71.71230000039941,26731.0
1788771052,100,GET,GET /articles (list),22.800000,0.000000,7,9,11,12,17,21,26,28,28,28,28,2593,0,7,7.885623524871342,1.6001999993022764,50.100100000236125,25566.866178172
1788771052,100,GET,GET /articles/{id} (detail),11.000000,0.000000,6,8,9,10,14,21,26,31,33,33,33,1119,0,6,7.703465683648529,1.6998000000967295,68.13049999982468,2680.266309204647
1788771052,100,POST,[setup] POST /auth/login,0.000000,0.000000,0,0,0,0,0,0,0,0,0,0,0,33,0,230,229.90945151518233,203.27720000022964,269.6783999999752,178.78787878787878
1788771052,100,,Aggregated,100.500000,0.000000,7,9,10,12,16,20,26,27,32,33,33,11278,0,7,8.669848226633853,1.5706999993199133,269.6783999999752,23999.34607199858
1788771053,100,GET,GET /articles (anon),67.400000,0.000000,7,10,11,12,17,21,26,27,32,32,32,7600,0,7,8.12511496052366,1.5706999993199133,71.71230000039941,26731.0
1788771053,100,GET,GET /articles (list),22.700000,0.000000,7,9,11,12,17,19,25,27,28,28,28,2612,0,7,7.891507810103532,1.6001999993022764,50.100100000236125,25565.117534456356
1788771053,100,GET,GET /articles/{id} (detail),11.600000,0.000000,6,8,9,10,15,21,31,33,33,33,33,1129,0,6,7.698085739594049,1.6998000000967295,68.13049999982468,2682.8042515500442
1788771053,100,POST,[setup] POST /auth/login,0.000000,0.000000,0,0,0,0,0,0,0,0,0,0,0,33,0,230,229.90945151518233,203.27720000022964,269.6783999999752,178.78787878787878
1788771053,100,,Aggregated,101.700000,0.000000,7,9,11,12,17,21,26,27,33,33,33,11374,0,7,8.672555196058774,1.5706999993199133,269.6783999999752,23999.162387902234
1788771055,100,GET,GET /articles (anon),67.200000,0.000000,8,10,11,12,17,20,26,27,32,32,32,7663,0,7,8.123486258642714,1.5706999993199133,71.71230000039941,26731.0
1788771055,100,GET,GET /articles (list),22.300000,0.000000,7,9,11,12,17,19,23,27,28,28,28,2638,0,7,7.894342077328257,1.6001999993022764,50.100100000236125,25569.644427596664
1788771055,100,GET,GET /articles/{id} (detail),11.100000,0.000000,7,8,9,10,15,21,31,33,33,33,33,1136,0,6,7.686044982396562,1.6998000000967295,68.13049999982468,2678.4639084507044
1788771055,100,POST,[setup] POST /auth/login,0.000000,0.000000,0,0,0,0,0,0,0,0,0,0,0,33,0,230,229.90945151518233,203.27720000022964,269.6783999999752,178.78787878787878
1788771055,100,,Aggregated,100.600000,0.000000,7,10,11,12,17,20,26,27,33,33,33,11470,0,7,8.665554367914044,1.5706999993199133,269.6783999999752,24005.319093286835
1788771056,100,GET,GET /articles (anon),67.200000,0.000000,8,10,12,13,17,21,26,27,32,32,32,7732,0,7,8.14632560786012,1.5706999993199133,71.71230000039941,26731.0
1788771056,100,GET,GET /articles (list),22.300000,0.000000,7,9,11,12,16,18,21,28,28,28,28,2652,0,7,7.904157805427432,1.6001999993022764,50.100100000236125,25567.925339366517
1788771056,100,GET,GET /articles/{id} (detail),11.100000,0.000000,7,8,9,10,15,19,26,31,33,33,33,1151,0,6,7.695852215468614,1.6998000000967295,68.13049999982468,2676.8392701998264
1788771056,100,POST,[setup] POST /auth/login,0.000000,0.000000,0,0,0,0,0,0,0,0,0,0,0,33,0,230,229.90945151518233,203.27720000022964,269.6783999999752,178.78787878787878
1788771056,100,,Aggregated,100.600000,0.000000,7,10,11,12,17,20,26,27,33,33,33,11568,0,7,8.678609431187148,1.5706999993199133,269.6783999999752,23995.260373443984
1788771057,100,GET,GET /articles (anon),66.600000,0.000000,8,10,12,13,18,21,26,27,32,32,32,7792,0,7,8.141111755643186,1.5706999993199133,71.71230000039941,26731.0
1788771057,100,GET,GET /articles (list),22.800000,0.000000,7,9,11,12,16,19,22,28,28,28,28,2675,0,7,7.907094878502104,1.6001999993022764,50.100100000236125,25571.76336448598
1788771057,100,GET,GET /articles/{id} (detail),10.500000,0.000000,7,9,9,10,15,21,26,31,33,33,33,1162,0,6,7.715405421689907,1.6998000000967295,68.13049999982468,2678.3760757314976
1788771057,100,POST,[setup] POST /auth/login,0.000000,0.000000,0,0,0,0,0,0,0,0,0,0,0,33,0,230,229.90945151518233,203.27720000022964,269.6783999999752,178.78787878787878
1788771057,100,,Aggregated,99.900000,0.000000,7,10,11,13,17,20,26,27,33,33,33,11662,0,7,8.67255484479241,1.5706999993199133,269.6783999999752,23993.36237352084
1788771058,100,GET,GET /articles (anon),66.600000,0.000000,7,10,11,13,17,21,26,27,32,32,32,7861,0,7,8.13545905100832,1.5706999993199133,71.71230000039941,26731.0
1788771058,100,GET,GET /articles (list),22.800000,0.000000,7,10,12,13,17,20,22,28,28,28,28,2697,0,7,7.907847237668776,1.6001999993022764,50.100100000236125,25568.657026325545
1788771058,100,GET,GET /articles/{id} (detail),10.500000,0.000000,7,8,10,10,15,21,26,31,33,33,33,1172,0,6,7.7062808873750255,1.6998000000967295,68.13049999982468,2677.8933447098975
1788771058,100,POST,[setup] POST /auth/login,0.000000,0.000000,0,0,0,0,0,0,0,0,0,0,0,33,0,230,229.90945151518233,203.27720000022964,269.6783999999752,178.78787878787878
1788771058,100,,Aggregated,99.900000,0.000000,7,10,11,13,17,21,26,27,33,33,33,11763,0,7,8.662677947800155,1.5706999993199133,269.6783999999752,23993.492306384425
1788771059,100,GET,GET /articles (anon),66.900000,0.000000,7,10,11,12,18,21,26,27,32,32,32,7924,0,7,8.120401034827728,1.5706999993199133,71.71230000039941,26731.0
1788771059,100,GET,GET /articles (list),22.000000,0.000000,7,9,11,12,16,20,22,28,28,28,28,2716,0,7,7.893336045652241,1.6001999993022764,50.100100000236125,25558.114506627393
1788771059,100,GET,GET /articles/{id} (detail),10.800000,0.000000,7,9,10,10,17,22,31,33,33,33,33,1184,0,6,7.689413091219882,1.666500000283122,68.13049999982468,2673.423141891892
1788771059,100,POST,[setup] POST /auth/login,0.000000,0.000000,0,0,0,0,0,0,0,0,0,0,0,33,0,230,229.90945151518233,203.27720000022964,269.6783999999752,178.78787878787878
1788771059,100,,Aggregated,99.700000,0.000000,7,9,11,12,17,21,26,27,33,33,33,11857,0,7,8.642627603944621,1.5706999993199133,269.6783999999752,23986.1276882854
1788771060,100,GET,GET /articles (anon),66.600000,0.000000,7,9,11,12,16,19,22,25,30,30,30,7995,0,7,8.129487854906264,1.5706999993199133,71.71230000039941,26731.0
1788771060,100,GET,GET /articles (list),21.400000,0.000000,7,9,11,12,14,20,23,26,28,28,28,2745,0,7,7.902174426226421,1.6001999993022764,50.100100000236125,25561.954826958106
1788771060,100,GET,GET /articles/{id} (detail),11.300000,0.000000,7,8,10,10,13,17,22,26,26,26,26,1191,0,6,7.714577078088185,1.666500000283122,68.13049999982468,2673.83879093199
1788771060,100,POST,[setup] POST /auth/login,0.000000,0.000000,0,0,0,0,0,0,0,0,0,0,0,33,0,230,229.90945151518233,203.27720000022964,269.6783999999752,178.78787878787878
1788771060,100,,Aggregated,99.300000,0.000000,7,9,11,12,15,19,22,25,30,30,30,11964,0,7,8.647759729185122,1.5706999993199133,269.6783999999752,23994.680123704446
1788771061,100,GET,GET /articles (anon),66.400000,0.000000,7,9,11,12,16,20,24,27,41,41,41,8063,0,7,8.146434974572209,1.5706999993199133,71.71230000039941,26731.0
1788771061,100,GET,GET /articles (list),20.600000,0.000000,7,9,11,12,16,20,23,26,36,36,36,2767,0,7,7.90565287314493,1.6001999993022764,50.100100000236125,25560.16660643296
1788771061,100,GET,GET /articles/{id} (detail),11.300000,0.000000,7,9,10,10,17,19,26,35,35,35,35,1205,0,6,7.762872946060342,1.666500000283122,68.13049999982468,2680.261410788382
1788771061,100,POST,[setup] POST /auth/login,0.000000,0.000000,0,0,0,0,0,0,0,0,0,0,0,33,0,230,229.90945151518233,203.27720000022964,269.6783999999752,178.78787878787878
1788771061,100,,Aggregated,98.300000,0.000000,7,9,11,12,16,20,23,26,41,41,41,12068,0,7,8.659340445804697,1.5706999993199133,269.6783999999752,23988.452850513757
1788771062,100,GET,GET /articles (anon),66.600000,0.000000,7,9,11,12,16,19,22,26,41,41,41,8130,0,7,8.146896223859443,1.5706999993199133,71.71230000039941,26731.0
1788771062,100,GET,GET /articles (list),21.400000,0.000000,7,9,10,12,14,17,22,25,36,36,36,2795,0,7,7.911121574236115,1.6001999993022764,50.100100000236125,25561.87334525939
1788771062,100,GET,GET /articles/{id} (detail),10.700000,0.000000,8,9,10,11,16,19,26,35,35,35,35,1213,0,6,7.765298598518178,1.666500000283122,68.13049999982468,2676.8557295960427
1788771062,100,POST,[setup] POST /auth/login,0.000000,0.000000,0,0,0,0,0,0,0,0,0,0,0,33,0,230,229.90945151518233,203.27720000022964,269.6783999999752,178.78787878787878
1788771062,100,,Aggregated,98.700000,0.000000,7,9,11,12,15,19,22,26,41,41,41,12171,0,7,8.655999523454966,1.5706999993199133,269.6783999999752,23993.212718757703
1788771063,100,GET,GET /articles (anon),65.900000,0.000000,7,9,11,12,16,20,23,28,41,41,41,8200,0,7,8.170275780485209,1.5706999993199133,71.71230000039941,26731.0
1788771063,100,GET,GET /articles (list),21.700000,0.000000,7,9,11,12,15,20,25,26,36,36,36,2819,0,7,7.939187264984706,1.6001999993022764,50.100100000236125,25557.726498758424
1788771063,100,GET,GET /articles/{id} (detail),10.600000,0.000000,8,9,10,11,16,19,26,35,35,35,35,1218,0,6,7.769121018065027,1.666500000283122,68.13049999982468,2675.6494252873563
1788771063,100,POST,[setup] POST /auth/login,0.000000,0.000000,0,0,0,0,0,0,0,0,0,0,0,33,0,230,229.90945151518233,203.27720000022964,269.6783999999752,178.78787878787878
1788771063,100,,Aggregated,98.200000,0.000000,7,9,11,12,16,20,23,28,41,41,41,12270,0,7,8.673727106762387,1.5706999993199133,269.6783999999752,24002.141157294212
1788771064,100,GET,GET /articles (anon),66.200000,0.000000,7,9,11,12,16,20,23,26,41,41,41,8263,0,7,8.174899600626327,1.5706999993199133,71.71230000039941,26731.0
1788771064,100,GET,GET /articles (list),22.100000,0.000000,7,9,10,12,16,19,25,26,36,36,36,2842,0,7,7.9411864531999,1.6001999993022764,50.100100000236125,25562.625263898663
1788771064,100,GET,GET /articles/{id} (detail),10.300000,0.000000,8,10,10,11,15,19,26,35,35,35,35,1233,0,6,7.76255782644351,1.666500000283122,68.13049999982468,2670.080291970803
1788771064,100,POST,[setup] POST /auth/login,0.000000,0.000000,0,0,0,0,0,0,0,0,0,0,0,33,0,230,229.90945151518233,203.27720000022964,269.6783999999752,178.78787878787878
1788771064,100,,Aggregated,98.600000,0.000000,7,9,11,12,16,20,23,26,41,41,41,12371,0,7,8.671594293102817,1.5706999993199133,269.6783999999752,23993.641823619757
1788771065,100,GET,GET /articles (anon),66.500000,0.000000,7,9,11,12,15,19,22,28,41,41,41,8332,0,7,8.17976553048233,1.5706999993199133,71.71230000039941,26731.0
1788771065,100,GET,GET /articles (list),22.500000,0.000000,7,9,11,12,15,18,25,26,36,36,36,2873,0,7,7.958149425684216,1.6001999993022764,50.100100000236125,25562.97737556561
1788771065,100,GET,GET /articles/{id} (detail),9.900000,0.000000,8,10,11,11,15,19,26,35,35,35,35,1239,0,6,7.76092292171502,1.666500000283122,68.13049999982468,2670.5246166263114
1788771065,100,POST,[setup] POST /auth/login,0.000000,0.000000,0,0,0,0,0,0,0,0,0,0,0,33,0,230,229.90945151518233,203.27720000022964,269.6783999999752,178.78787878787878
1788771065,100,,Aggregated,98.900000,0.000000,7,9,11,12,15,19,23,26,41,41,41,12477,0,7,8.673588611042325,1.5706999993199133,269.6783999999752,24002.54917047367
1788771066,100,GET,GET /articles (anon),66.100000,0.000000,7,9,11,12,16,19,24,30,41,41,41,8404,0,7,8.189628831506086,1.5706999993199133,71.71230000039941,26731.0
1788771066,100,GET,GET /articles (list),22.900000,0.000000,8,10,11,12,16,19,25,26,36,36,36,2892,0,7,7.979397372057372,1.6001999993022764,50.100100000236125,25564.56396957123
1788771066,100,GET,GET /articles/{id} (detail),10.400000,0.000000,8,10,11,11,16,21,26,35,35,35,35,1251,0,6,7.778481774584653,1.666500000283122,68.13049999982468,2666.5459632294164
1788771066,100,POST,[setup] POST /auth/login,0.000000,0.000000,0,0,0,0,0,0,0,0,0,0,0,33,0,230,229.90945151518233,203.27720000022964,269.6783999999752,178.78787878787878
1788771066,100,,Aggregated,99.400000,0.000000,7,9,11,12,16,19,25,28,41,41,41,12580,0,7,8.682031041333317,1.5706999993199133,269.6783999999752,24000.142448330684
1788771067,100,GET,GET /articles (anon),67.000000,0.000000,7,9,11,12,15,19,24,30,41,41,41,8470,0,7,8.186883199525003,1.5706999993199133,71.71230000039941,26731.0
1788771067,100,GET,GET /articles (list),23.400000,0.000000,8,10,11,13,16,18,25,26,36,36,36,2917,0,7,7.989210284535865,1.6001999993022764,50.100100000236125,25560.287281453548
1788771067,100,GET,GET /articles/{id} (detail),10.300000,0.000000,8,10,11,11,16,21,26,35,35,35,35,1260,0,6,7.791518174607273,1.666500000283122,68.13049999982468,2659.4142857142856
1788771067,100,POST,[setup] POST /auth/login,0.000000,0.000000,0,0,0,0,0,0,0,0,0,0,0,33,0,230,229.90945151518233,203.27720000022964,269.6783999999752,178.78787878787878
1788771067,100,,Aggregated,100.700000,0.000000,7,9,11,12,16,19,25,28,41,41,41,12680,0,7,8.679160244477423,1.5706999993199133,269.6783999999752,24000.606466876972
1788771068,100,GET,GET /articles (anon),66.900000,0.000000,8,10,12,13,16,19,25,30,41,41,41,8534,0,7,8.206630103113444,1.5706999993199133,71.71230000039941,26731.0
1788771068,100,GET,GET /articles (list),23.800000,0.000000,8,10,12,13,16,18,25,26,36,36,36,2940,0,7,8.006915102038386,1.6001999993022764,50.100100000236125,25559.275850340135
1788771068,100,GET,GET /articles/{id} (detail),9.900000,0.000000,8,10,11,11,17,21,26,35,35,35,35,1271,0,6,7.8018504327358045,1.666500000283122,68.13049999982468,2661.6986624704955
1788771068,100,POST,[setup] POST /auth/login,0.000000,0.000000,0,0,0,0,0,0,0,0,0,0,0,33,0,230,229.90945151518233,203.27720000022964,269.6783999999752,178.78787878787878
1788771068,100,,Aggregated,100.600000,0.000000,8,10,12,13,16,19,25,28,41,41,41,12778,0,7,8.692978204724593,1.5706999993199133,269.6783999999752,23998.712161527626
1788771069,100,GET,GET /articles (anon),67.300000,0.000000,8,10,11,13,16,19,25,30,41,41,41,8599,0,7,8.207072008369316,1.5706999993199133,71.71230000039941,26731.0
1788771069,100,GET,GET /articles (list),24.000000,0.000000,8,10,12,13,16,18,19,25,36,36,36,2964,0,7,8.010563090416037,1.6001999993022764,50.100100000236125,25559.501349527665
1788771069,100,GET,GET /articles/{id} (detail),9.800000,0.000000,8,10,11,11,13,19,25,35,35,35,35,1284,0,6,7.796196183805599,1.666500000283122,68.13049999982468,2658.5342679127725
1788771069,100,POST,[setup] POST /auth/login,0.000000,0.000000,0,0,0,0,0,0,0,0,0,0,0,33,0,230,229.90945151518233,203.27720000022964,269.6783999999752,178.78787878787878
1788771069,100,,Aggregated,101.100000,0.000000,8,10,11,13,16,19,24,28,41,41,41,12880,0,7,8.688916847823604,1.5706999993199133,269.6783999999752,23993.609394409938
1788771070,100,GET,GET /articles (anon),66.900000,0.000000,8,10,11,13,16,18,23,27,33,33,33,8665,0,7,8.21182608193545,1.5706999993199133,71.71230000039941,26731.0
1788771070,100,GET,GET /articles (list),24.300000,0.000000,9,11,13,14,16,18,19,22,28,28,28,2984,0,7,8.021038136726824,1.6001999993022764,50.100100000236125,25560.56434316354
1788771070,100,GET,GET /articles/{id} (detail),9.900000,0.000000,8,9,10,11,12,15,21,25,25,25,25,1296,0,6,7.772440046302181,1.5726999999969848,68.13049999982468,2657.0038580246915
1788771070,100,POST,[setup] POST /auth/login,0.000000,0.000000,0,0,0,0,0,0,0,0,0,0,0,33,0,230,229.90945151518233,203.27720000022964,269.6783999999752,178.78787878787878
1788771070,100,,Aggregated,101.100000,0.000000,8,10,11,13,16,18,23,25,33,33,33,12978,0,7,8.687805902294027,1.5706999993199133,269.6783999999752,23990.307905686546
1788771071,100,GET,GET /articles (anon),67.400000,0.000000,8,10,12,13,16,18,23,27,33,33,33,8735,0,7,8.213738065251711,1.5706999993199133,71.71230000039941,26731.0
1788771071,100,GET,GET /articles (list),24.400000,0.000000,8,11,12,13,16,18,19,22,28,28,28,3010,0,7,8.014099867105745,1.6001999993022764,50.100100000236125,25562.435548172758
1788771071,100,GET,GET /articles/{id} (detail),9.900000,0.000000,7,9,10,11,13,15,21,25,25,25,25,1299,0,6,7.767475673600733,1.5726999999969848,68.13049999982468,2654.0662047729024
1788771071,100,POST,[setup] POST /auth/login,0.000000,0.000000,0,0,0,0,0,0,0,0,0,0,0,33,0,230,229.90945151518233,203.27720000022964,269.6783999999752,178.78787878787878
1788771071,100,,Aggregated,101.700000,0.000000,8,10,12,13,16,18,23,25,33,33,33,13077,0,7,8.682909337001613,1.5706999993199133,269.6783999999752,24003.345415615204
1788771072,100,GET,GET /articles (anon),66.900000,0.000000,8,10,11,12,15,18,20,25,30,30,30,8803,0,7,8.216295308414793,1.5706999993199133,71.71230000039941,26731.0
1788771072,100,GET,GET /articles (list),23.900000,0.000000,8,10,12,13,16,18,19,20,22,22,22,3029,0,7,8.018455496859003,1.6001999993022764,50.100100000236125,25563.077583360846
1788771072,100,GET,GET /articles/{id} (detail),10.200000,0.000000,7,8,10,10,13,15,21,25,25,25,25,1310,0,6,7.758955419852704,1.5726999999969848,68.13049999982468,2658.954961832061
1788771072,100,POST,[setup] POST /auth/login,0.000000,0.000000,0,0,0,0,0,0,0,0,0,0,0,33,0,230,229.90945151518233,203.27720000022964,269.6783999999752,178.78787878787878
1788771072,100,,Aggregated,101.000000,0.000000,8,10,11,12,15,18,20,24,30,30,30,13175,0,7,8.680621844399937,1.5706999993199133,269.6783999999752,24002.48091081594
1788771073,100,GET,GET /articles (anon),66.800000,0.000000,8,10,11,12,15,18,20,25,30,30,30,8869,0,7,8.216790878337157,1.5706999993199133,71.71230000039941,26731.0
1788771073,100,GET,GET /articles (list),24.000000,0.000000,8,10,12,13,16,18,19,20,22,22,22,3051,0,7,8.017803539818203,1.6001999993022764,50.100100000236125,25562.317600786628
1788771073,100,GET,GET /articles/{id} (detail),9.300000,0.000000,7,9,10,10,13,15,21,25,25,25,25,1318,0,6,7.755974886196356,1.5726999999969848,68.13049999982468,2662.6843702579667
1788771073,100,POST,[setup] POST /auth/login,0.000000,0.000000,0,0,0,0,0,0,0,0,0,0,0,33,0,230,229.90945151518233,203.27720000022964,269.6783999999752,178.78787878787878
1788771073,100,,Aggregated,100.100000,0.000000,8,10,11,12,15,18,20,24,30,30,30,13271,0,7,8.67654462361278,1.5706999993199133,269.6783999999752,24005.96699570492
1788771074,100,GET,GET /articles (anon),66.600000,0.000000,8,10,11,12,15,18,23,26,30,30,30,8932,0,7,8.223064755930745,1.5706999993199133,71.71230000039941,26731.0
1788771074,100,GET,GET /articles (list),23.500000,0.000000,8,10,12,13,16,18,19,19,22,22,22,3079,0,7,8.025929555045217,1.6001999993022764,50.100100000236125,25563.167262098083
1788771074,100,GET,GET /articles/{id} (detail),9.800000,0.000000,6,8,10,10,13,15,21,25,25,25,25,1329,0,6,7.747318585407271,1.5726999999969848,68.13049999982468,2663.1361926260347
1788771074,100,POST,[setup] POST /auth/login,0.000000,0.000000,0,0,0,0,0,0,0,0,0,0,0,33,0,230,229.90945151518233,203.27720000022964,269.6783999999752,178.78787878787878
1788771074,100,,Aggregated,99.900000,0.000000,8,10,11,12,15,18,21,25,30,30,30,13373,0,7,8.67744334105771,1.5706999993199133,269.6783999999752,24004.74777536828
1788771075,100,GET,GET /articles (anon),66.600000,0.000000,7,10,11,12,15,18,22,25,31,31,31,9002,0,7,8.225685192176318,1.5706999993199133,71.71230000039941,26731.0
1788771075,100,GET,GET /articles (list),23.200000,0.000000,8,10,12,13,15,18,19,20,22,22,22,3101,0,7,8.025906062555213,1.6001999993022764,50.100100000236125,25562.171557562076
1788771075,100,GET,GET /articles/{id} (detail),10.000000,0.000000,6,8,10,11,12,14,17,22,22,22,22,1340,0,6,7.7511049253786695,1.5726999999969848,68.13049999982468,2658.4268656716417
1788771075,100,POST,[setup] POST /auth/login,0.000000,0.000000,0,0,0,0,0,0,0,0,0,0,0,33,0,230,229.90945151518233,203.27720000022964,269.6783999999752,178.78787878787878
1788771075,100,,Aggregated,99.800000,0.000000,7,10,11,12,15,18,21,23,31,31,31,13476,0,7,8.675381812107693,1.5706999993199133,269.6783999999752,24003.335411101216
1788771076,100,GET,GET /articles (anon),66.700000,0.000000,7,9,11,12,15,18,23,25,31,31,31,9065,0,7,8.213961114172621,1.5706999993199133,71.71230000039941,26731.0
1788771076,100,GET,GET /articles (list),23.600000,0.000000,7,10,12,12,15,18,19,22,24,24,24,3123,0,7,8.020068587890096,1.6001999993022764,50.100100000236125,25559.131604226706
1788771076,100,GET,GET /articles/{id} (detail),9.600000,0.000000,6,8,9,10,12,14,17,22,22,22,22,1352,0,6,7.728564349118244,1.5726999999969848,68.13049999982468,2653.8683431952663
1788771076,100,POST,[setup] POST /auth/login,0.000000,0.000000,0,0,0,0,0,0,0,0,0,0,0,33,0,230,229.90945151518233,203.27720000022964,269.6783999999752,178.78787878787878
1788771076,100,,Aggregated,99.900000,0.000000,7,9,11,12,15,18,22,24,31,31,31,13573,0,7,8.660006085608515,1.5706999993199133,269.6783999999752,23998.49797391881
1788771077,100,GET,GET /articles (anon),66.100000,0.000000,7,9,10,11,14,17,21,24,31,31,31,9129,0,7,8.18162884214776,1.5706999993199133,71.71230000039941,26731.0
1788771077,100,GET,GET /articles (list),22.900000,0.000000,6,9,10,12,14,16,19,22,24,24,24,3147,0,7,7.986870193829421,1.6001999993022764,50.100100000236125,25563.07435653003
1788771077,100,GET,GET /articles/{id} (detail),10.000000,0.000000,5,7,8,9,12,12,17,22,22,22,22,1359,0,6,7.702984105965833,1.5726999999969848,68.13049999982468,2652.3863134657836
1788771077,100,POST,[setup] POST /auth/login,0.000000,0.000000,0,0,0,0,0,0,0,0,0,0,0,33,0,230,229.90945151518233,203.27720000022964,269.6783999999752,178.78787878787878
1788771077,100,,Aggregated,99.000000,0.000000,6,9,10,11,14,16,20,23,31,31,31,13668,0,7,8.624534496631291,1.5706999993199133,269.6783999999752,24003.862086625693
1788771078,100,GET,GET /articles (anon),66.000000,0.000000,6,8,10,10,14,17,21,24,31,31,31,9195,0,7,8.157975671557002,1.5706999993199133,71.71230000039941,26731.0
1788771078,100,GET,GET /articles (list),23.000000,0.000000,6,8,10,11,14,16,19,22,24,24,24,3165,0,7,7.97095358609255,1.6001999993022764,50.100100000236125,25567.862559241705
1788771078,100,GET,GET /articles/{id} (detail),10.000000,0.000000,5,6,8,8,12,12,17,22,22,22,22,1372,0,6,7.679333600589504,1.5726999999969848,68.13049999982468,2653.1282798833818
1788771078,100,POST,[setup] POST /auth/login,0.000000,0.000000,0,0,0,0,0,0,0,0,0,0,0,33,0,230,229.90945151518233,203.27720000022964,269.6783999999752,178.78787878787878
1788771078,100,,Aggregated,99.000000,0.000000,6,8,10,10,13,16,20,23,31,31,31,13765,0,7,8.598889357062061,1.5706999993199133,269.6783999999752,23999.98706865238
1788771079,100,GET,GET /articles (anon),65.400000,0.000000,6,8,9,10,13,16,20,23,31,31,31,9260,0,7,8.143271846648815,1.5706999993199133,71.71230000039941,26731.0
1788771079,100,GET,GET /articles (list),22.900000,0.000000,6,8,9,10,13,15,19,20,24,24,24,3190,0,7,7.960333354227048,1.6001999993022764,50.100100000236125,25568.196551724137
1788771079,100,GET,GET /articles/{id} (detail),9.900000,0.000000,5,7,8,8,11,12,17,22,22,22,22,1384,0,6,7.647378468214479,1.5726999999969848,68.13049999982468,2647.906069364162
1788771079,100,POST,[setup] POST /auth/login,0.000000,0.000000,0,0,0,0,0,0,0,0,0,0,0,33,0,230,229.90945151518233,203.27720000022964,269.6783999999752,178.78787878787878
1788771079,100,,Aggregated,98.200000,0.000000,6,8,9,10,13,16,19,22,31,31,31,13867,0,7,8.579443599910729,1.5706999993199133,269.6783999999752,23996.69784380183
1788771080,100,GET,GET /articles (anon),65.900000,0.000000,6,7,9,10,13,16,19,22,31,31,31,9335,0,7,8.124692115690756,1.5706999993199133,71.71230000039941,26731.0
1788771080,100,GET,GET /articles (list),22.300000,0.000000,6,8,9,10,13,15,19,22,24,24,24,3206,0,7,7.952418995628295,1.6001999993022764,50.100100000236125,25566.678415470993
1788771080,100,GET,GET /articles/{id} (detail),9.900000,0.000000,5,7,8,8,11,12,14,22,22,22,22,1397,0,6,7.631539656411388,1.5306999994209036,68.13049999982468,2650.8289191123836
1788771080,100,POST,[setup] POST /auth/login,0.000000,0.000000,0,0,0,0,0,0,0,0,0,0,0,33,0,230,229.90945151518233,203.27720000022964,269.6783999999752,178.78787878787878
1788771080,100,,Aggregated,98.100000,0.000000,6,7,9,10,12,15,19,22,31,31,31,13971,0,7,8.559711473764597,1.5306999994209036,269.6783999999752,23993.254885119175
1788771081,100,GET,GET /articles (anon),65.200000,0.000000,6,7,8,9,11,15,18,22,31,31,31,9396,0,7,8.112839868026805,1.5706999993199133,71.71230000039941,26731.0
1788771081,100,GET,GET /articles (list),22.800000,0.000000,6,7,9,9,12,14,19,22,24,24,24,3228,0,7,7.940568246587641,1.6001999993022764,50.100100000236125,25567.16883519207
1788771081,100,GET,GET /articles/{id} (detail),9.900000,0.000000,5,6,7,8,10,12,12,13,22,22,22,1411,0,6,7.605039759040662,1.5306999994209036,68.13049999982468,2647.9787384833453
1788771081,100,POST,[setup] POST /auth/login,0.000000,0.000000,0,0,0,0,0,0,0,0,0,0,0,33,0,230,229.90945151518233,203.27720000022964,269.6783999999752,178.78787878787878
1788771081,100,,Aggregated,97.900000,0.000000,6,7,8,9,11,14,18,22,31,31,31,14068,0,7,8.542658565536827,1.5306999994209036,269.6783999999752,23986.173940858687
1788771082,100,GET,GET /articles (anon),66.000000,0.000000,5,7,8,9,11,14,20,23,31,31,31,9464,0,7,8.105387066777656,1.5706999993199133,71.71230000039941,26731.0
1788771082,100,GET,GET /articles (list),22.100000,0.000000,6,7,9,9,12,14,19,22,24,24,24,3250,0,7,7.9307560923024045,1.6001999993022764,50.100100000236125,25568.813846153847
1788771082,100,GET,GET /articles/{id} (detail),10.400000,0.000000,5,6,7,8,10,12,12,13,22,22,22,1424,0,6,7.588203721914096,1.5306999994209036,68.13049999982468,2647.4648876404494
1788771082,100,POST,[setup] POST /auth/login,0.000000,0.000000,0,0,0,0,0,0,0,0,0,0,0,33,0,230,229.90945151518233,203.27720000022964,269.6783999999752,178.78787878787878
1788771082,100,,Aggregated,98.500000,0.000000,5,7,8,9,11,14,18,22,31,31,31,14171,0,7,8.529881765575691,1.5306999994209036,269.6783999999752,23982.55020817162
1788771083,100,GET,GET /articles (anon),66.100000,0.000000,5,7,8,8,10,13,16,20,31,31,31,9529,0,7,8.092621681182136,1.5706999993199133,71.71230000039941,26731.0
1788771083,100,GET,GET /articles (list),22.000000,0.000000,6,7,8,9,10,12,18,22,24,24,24,3267,0,7,7.923070890720473,1.6001999993022764,50.100100000236125,25568.082950719316
1788771083,100,GET,GET /articles/{id} (detail),11.100000,0.000000,5,6,7,7,9,12,12,13,22,22,22,1438,0,6,7.560656328237473,1.5306999994209036,68.13049999982468,2651.2566063977747
1788771083,100,POST,[setup] POST /auth/login,0.000000,0.000000,0,0,0,0,0,0,0,0,0,0,0,33,0,230,229.90945151518233,203.27720000022964,269.6783999999752,178.78787878787878
1788771083,100,,Aggregated,99.200000,0.000000,5,7,8,8,10,12,16,20,31,31,31,14267,0,7,8.513247375059558,1.5306999994209036,269.6783999999752,23976.2411859536
1788771084,100,GET,GET /articles (anon),66.000000,0.000000,5,7,7,8,10,12,14,17,31,31,31,9597,0,7,8.07107818067969,1.5706999993199133,71.71230000039941,26731.0
1788771084,100,GET,GET /articles (list),21.500000,0.000000,5,7,8,8,10,11,13,19,24,24,24,3292,0,7,7.893228493312762,1.6001999993022764,50.100100000236125,25568.978128797084
1788771084,100,GET,GET /articles/{id} (detail),11.300000,0.000000,5,6,6,7,8,9,10,12,13,13,13,1451,0,6,7.539629772574403,1.5306999994209036,68.13049999982468,2653.5472088215024
1788771084,100,POST,[setup] POST /auth/login,0.000000,0.000000,0,0,0,0,0,0,0,0,0,0,0,33,0,230,229.90945151518233,203.27720000022964,269.6783999999752,178.78787878787878
1788771084,100,,Aggregated,98.800000,0.000000,5,6,7,8,10,11,14,16,31,31,31,14373,0,7,8.48602659152403,1.5306999994209036,269.6783999999752,23973.191400542684
1788771085,100,GET,GET /articles (anon),65.600000,0.000000,5,6,7,8,10,11,13,14,16,16,16,9670,0,7,8.052092740432842,1.5706999993199133,71.71230000039941,26731.0
1788771085,100,GET,GET /articles (list),21.500000,0.000000,5,6,7,8,9,10,11,12,13,13,13,3316,0,7,7.868208624845175,1.6001999993022764,50.100100000236125,25565.801568154402
1788771085,100,GET,GET /articles/{id} (detail),11.900000,0.000000,5,6,6,7,8,9,10,10,13,13,13,1458,0,6,7.524937517150703,1.5306999994209036,68.13049999982468,2653.1179698216733
1788771085,100,POST,[setup] POST /auth/login,0.000000,0.000000,0,0,0,0,0,0,0,0,0,0,0,33,0,230,229.90945151518233,203.27720000022964,269.6783999999752,178.78787878787878
1788771085,100,,Aggregated,99.000000,0.000000,5,6,7,8,9,11,13,13,16,16,16,14477,0,7,8.462601878840836,1.5306999994209036,269.6783999999752,23978.663673413
1788771086,100,GET,GET /articles (anon),66.000000,0.000000,5,6,7,8,10,11,13,14,16,16,16,9735,0,7,8.025284653311818,1.5706999993199133,71.71230000039941,26731.0
1788771086,100,GET,GET /articles (list),20.700000,0.000000,5,6,7,8,9,10,11,12,13,13,13,3339,0,7,7.844192842164456,1.6001999993022764,50.100100000236125,25568.158131177
1788771086,100,GET,GET /articles/{id} (detail),12.200000,0.000000,5,6,6,7,8,9,10,10,13,13,13,1466,0,6,7.506509549799713,1.5306999994209036,68.13049999982468,2652.4120054570258
1788771086,100,POST,[setup] POST /auth/login,0.000000,0.000000,0,0,0,0,0,0,0,0,0,0,0,33,0,230,229.90945151518233,203.27720000022964,269.6783999999752,178.78787878787878
1788771086,100,,Aggregated,98.900000,0.000000,5,6,7,8,9,11,13,13,16,16,16,14573,0,7,8.434053448156517,1.5306999994209036,269.6783999999752,23982.206889453097
1788771087,100,GET,GET /articles (anon),66.000000,0.000000,5,7,7,8,10,12,14,15,19,19,19,9794,0,7,8.013407167652378,1.5706999993199133,71.71230000039941,26731.0
1788771087,100,GET,GET /articles (list),21.400000,0.000000,5,7,7,8,9,11,12,13,16,16,16,3365,0,7,7.832802407129338,1.6001999993022764,50.100100000236125,25565.891233283804
1788771087,100,GET,GET /articles/{id} (detail),11.900000,0.000000,5,6,6,7,8,9,10,11,13,13,13,1476,0,6,7.492584552851083,1.5306999994209036,68.13049999982468,2649.472222222222
1788771087,100,POST,[setup] POST /auth/login,0.000000,0.000000,0,0,0,0,0,0,0,0,0,0,0,33,0,230,229.90945151518233,203.27720000022964,269.6783999999752,178.78787878787878
1788771087,100,,Aggregated,99.300000,0.000000,5,6,7,8,10,11,13,15,19,19,19,14668,0,7,8.418786242158896,1.5306999994209036,269.6783999999752,23980.717139350967
1788771088,100,GET,GET /articles (anon),66.300000,0.000000,5,6,7,8,10,12,13,15,19,19,19,9864,0,7,7.988062358068077,1.5706999993199133,71.71230000039941,26731.0
1788771088,100,GET,GET /articles (list),21.500000,0.000000,5,6,7,8,9,11,12,13,16,16,16,3389,0,7,7.809708911180324,1.6001999993022764,50.100100000236125,25565.876364709355
1788771088,100,GET,GET /articles/{id} (detail),11.500000,0.000000,5,6,7,7,8,9,10,11,13,13,13,1486,0,6,7.469210026923152,1.5306999994209036,68.13049999982468,2645.2880215343203
1788771088,100,POST,[setup] POST /auth/login,0.000000,0.000000,0,0,0,0,0,0,0,0,0,0,0,33,0,230,229.90945151518233,203.27720000022964,269.6783999999752,178.78787878787878
1788771088,100,,Aggregated,99.300000,0.000000,5,6,7,8,10,11,13,15,19,19,19,14772,0,7,8.390712740318328,1.5306999994209036,269.6783999999752,23981.460668832926
1788771089,100,GET,GET /articles (anon),66.400000,0.000000,5,6,8,8,11,13,15,16,19,19,19,9933,0,7,7.99075967985348,1.5706999993199133,71.71230000039941,26731.0
1788771089,100,GET,GET /articles (list),21.500000,0.000000,5,6,7,8,10,11,13,15,16,16,16,3411,0,7,7.804379800642076,1.6001999993022764,50.100100000236125,25565.17854001759
1788771089,100,GET,GET /articles/{id} (detail),11.700000,0.000000,5,6,7,7,9,10,11,12,15,15,15,1500,0,6,7.463911200005289,1.5306999994209036,68.13049999982468,2644.2953333333335
1788771089,100,POST,[setup] POST /auth/login,0.000000,0.000000,0,0,0,0,0,0,0,0,0,0,0,33,0,230,229.90945151518233,203.27720000022964,269.6783999999752,178.78787878787878
1788771089,100,,Aggregated,99.600000,0.000000,5,6,7,8,10,12,15,16,19,19,19,14877,0,7,8.387163682192885,1.5306999994209036,269.6783999999752,23976.217651408213
1788771090,100,GET,GET /articles (anon),65.900000,0.000000,5,7,8,9,12,15,20,27,37,37,37,9996,0,7,8.013692517004959,1.5706999993199133,71.71230000039941,26731.0
1788771090,100,GET,GET /articles (list),22.000000,0.000000,5,6,7,8,10,13,18,24,30,30,30,3430,0,7,7.823430612242094,1.6001999993022764,50.100100000236125,25565.89358600583
1788771090,100,GET,GET /articles/{id} (detail),11.400000,0.000000,5,6,7,8,10,14,20,21,24,24,24,1512,0,6,7.498430687835829,1.5306999994209036,68.13049999982468,2638.5548941798943
1788771090,100,POST,[setup] POST /auth/login,0.000000,0.000000,0,0,0,0,0,0,0,0,0,0,0,33,0,230,229.90945151518233,203.27720000022964,269.6783999999752,178.78787878787878
1788771090,100,,Aggregated,99.300000,0.000000,5,6,8,9,11,14,20,27,37,37,37,14971,0,7,8.407178979358797,1.5306999994209036,269.6783999999752,23972.312203593614
1788771091,100,GET,GET /articles (anon),66.900000,0.000000,5,7,8,9,12,16,27,30,37,37,37,10062,0,7,8.025530769229231,1.5706999993199133,71.71230000039941,26731.0
1788771091,100,GET,GET /articles (list),21.900000,0.000000,5,6,8,9,12,18,27,30,30,30,30,3451,0,7,7.856179165456456,1.6001999993022764,50.100100000236125,25564.481599536368
1788771091,100,GET,GET /articles/{id} (detail),11.500000,0.000000,5,6,8,8,12,15,24,29,29,29,29,1522,0,6,7.5120722076265505,1.5306999994209036,68.13049999982468,2637.23061760841
1788771091,100,POST,[setup] POST /auth/login,0.000000,0.000000,0,0,0,0,0,0,0,0,0,0,0,33,0,230,229.90945151518233,203.27720000022964,269.6783999999752,178.78787878787878
1788771091,100,,Aggregated,100.300000,0.000000,5,7,8,9,12,16,27,30,37,37,37,15068,0,7,8.42082231882023,1.5306999994209036,269.6783999999752,23972.00112821874
1788771092,100,GET,GET /articles (anon),65.700000,0.000000,5,7,9,10,13,19,27,30,39,39,39,10132,0,7,8.043258330041386,1.5706999993199133,71.71230000039941,26731.0
1788771092,100,GET,GET /articles (list),22.000000,0.000000,5,7,9,10,15,20,27,30,30,30,30,3474,0,7,7.874122049507994,1.6001999993022764,50.100100000236125,25565.609383995394
1788771092,100,GET,GET /articles/{id} (detail),11.200000,0.000000,5,8,9,10,14,21,34,35,35,35,35,1531,0,6,7.5505199216252725,1.5306999994209036,68.13049999982468,2637.3265839320707
1788771092,100,POST,[setup] POST /auth/login,0.000000,0.000000,0,0,0,0,0,0,0,0,0,0,0,33,0,230,229.90945151518233,203.27720000022964,269.6783999999752,178.78787878787878
1788771092,100,,Aggregated,98.900000,0.000000,5,7,9,10,14,20,28,30,39,39,39,15170,0,7,8.437432518126515,1.5306999994209036,269.6783999999752,23974.757152274226
1788771093,100,GET,GET /articles (anon),66.400000,0.000000,6,8,10,11,14,19,28,30,39,39,39,10204,0,7,8.051370423361682,1.5706999993199133,71.71230000039941,26731.0
1788771093,100,GET,GET /articles (list),22.200000,0.000000,6,9,10,11,15,20,27,30,30,30,30,3502,0,7,7.896335436889951,1.6001999993022764,50.100100000236125,25561.36236436322
1788771093,100,GET,GET /articles/{id} (detail),11.000000,0.000000,5,9,10,11,15,21,34,35,35,35,35,1536,0,6,7.566302018234457,1.5306999994209036,68.13049999982468,2639.0130208333335
1788771093,100,POST,[setup] POST /auth/login,0.000000,0.000000,0,0,0,0,0,0,0,0,0,0,0,33,0,230,229.90945151518233,203.27720000022964,269.6783999999752,178.78787878787878
1788771093,100,,Aggregated,99.600000,0.000000,6,8,10,11,15,20,28,30,39,39,39,15275,0,7,8.446350396070722,1.5306999994209036,269.6783999999752,23982.876530278234
1788771094,100,GET,GET /articles (anon),66.400000,0.000000,6,8,10,11,15,20,28,31,39,39,39,10266,0,7,8.057551763099617,1.5706999993199133,71.71230000039941,26731.0
1788771094,100,GET,GET /articles (list),22.700000,0.000000,7,9,11,12,17,21,29,30,30,30,30,3528,0,7,7.917300566890063,1.6001999993022764,50.100100000236125,25562.73554421769
1788771094,100,GET,GET /articles/{id} (detail),10.500000,0.000000,6,9,10,11,15,21,34,35,35,35,35,1543,0,6,7.562973363582554,1.5306999994209036,68.13049999982468,2638.712896953986
1788771094,100,POST,[setup] POST /auth/login,0.000000,0.000000,0,0,0,0,0,0,0,0,0,0,0,33,0,230,229.90945151518233,203.27720000022964,269.6783999999752,178.78787878787878
1788771094,100,,Aggregated,99.600000,0.000000,6,9,10,11,15,21,29,30,39,39,39,15370,0,7,8.45203270006361,1.5306999994209036,269.6783999999752,23987.196551724137
1788771095,100,GET,GET /articles (anon),67.400000,0.000000,7,9,11,12,15,21,28,31,39,39,39,10328,0,7,8.060829947713264,1.5706999993199133,71.71230000039941,26731.0
1788771095,100,GET,GET /articles (list),23.300000,0.000000,7,10,11,13,18,21,29,30,30,30,30,3549,0,7,7.922402535922429,1.6001999993022764,50.100100000236125,25561.381234150464
1788771095,100,GET,GET /articles/{id} (detail),9.800000,0.000000,6,9,10,11,15,21,34,35,35,35,35,1556,0,6,7.552808804631289,1.5306999994209036,68.13049999982468,2641.5584832904883
1788771095,100,POST,[setup] POST /auth/login,0.000000,0.000000,0,0,0,0,0,0,0,0,0,0,0,33,0,230,229.90945151518233,203.27720000022964,269.6783999999752,178.78787878787878
1788771095,100,,Aggregated,100.500000,0.000000,7,9,11,12,16,21,29,30,39,39,39,15466,0,7,8.451315188153277,1.5306999994209036,269.6783999999752,23982.36615802405
1788771096,100,GET,GET /articles (anon),66.200000,0.000000,7,10,11,12,16,24,29,31,39,39,39,10399,0,7,8.071736965090796,1.5706999993199133,71.71230000039941,26731.0
1788771096,100,GET,GET /articles (list),24.200000,0.000000,7,10,12,13,18,23,30,30,36,36,36,3571,0,7,7.932031699800044,1.6001999993022764,50.100100000236125,25561.64239708765
1788771096,100,GET,GET /articles/{id} (detail),9.200000,0.000000,6,8,10,11,15,21,34,35,35,35,35,1563,0,6,7.541606078058559,1.5306999994209036,68.13049999982468,2643.7901471529112
1788771096,100,POST,[setup] POST /auth/login,0.000000,0.000000,0,0,0,0,0,0,0,0,0,0,0,33,0,230,229.90945151518233,203.27720000022964,269.6783999999752,178.78787878787878
1788771096,100,,Aggregated,99.600000,0.000000,7,10,11,12,17,23,29,31,39,39,39,15566,0,7,8.456753186430149,1.5306999994209036,269.6783999999752,23987.82204805345
1788771097,100,GET,GET /articles (anon),66.400000,0.000000,8,10,12,13,17,24,29,31,39,39,39,10461,0,7,8.074722493066744,1.5706999993199133,71.71230000039941,26731.0
1788771097,100,GET,GET /articles (list),23.100000,0.000000,8,10,13,14,20,24,30,30,36,36,36,3594,0,7,7.938873594876001,1.6001999993022764,50.100100000236125,25565.491096271562
1788771097,100,GET,GET /articles/{id} (detail),9.500000,0.000000,6,9,10,12,15,21,34,35,35,35,35,1574,0,6,7.544067534946307,1.5306999994209036,68.13049999982468,2643.062261753494
1788771097,100,POST,[setup] POST /auth/login,0.000000,0.000000,0,0,0,0,0,0,0,0,0,0,0,33,0,230,229.90945151518233,203.27720000022964,269.6783999999752,178.78787878787878
1788771097,100,,Aggregated,99.000000,0.000000,8,10,12,13,18,24,29,31,39,39,39,15662,0,7,8.457627244283115,1.5306999994209036,269.6783999999752,23986.81177371983
1788771098,100,GET,GET /articles (anon),65.600000,0.000000,8,10,12,13,17,24,29,31,39,39,39,10532,0,7,8.074443334596427,1.5706999993199133,71.71230000039941,26731.0
1788771098,100,GET,GET /articles (list),23.100000,0.000000,9,10,13,14,20,24,30,30,36,36,36,3619,0,7,7.950613512015413,1.6001999993022764,50.100100000236125,25565.068527217463
1788771098,100,GET,GET /articles/{id} (detail),9.700000,0.000000,7,9,11,11,15,21,34,35,35,35,35,1582,0,6,7.543361820484389,1.5306999994209036,68.13049999982468,2646.2117572692796
1788771098,100,POST,[setup] POST /auth/login,0.000000,0.000000,0,0,0,0,0,0,0,0,0,0,0,33,0,230,229.90945151518233,203.27720000022964,269.6783999999752,178.78787878787878
1788771098,100,,Aggregated,98.400000,0.000000,8,10,12,13,18,24,29,31,39,39,39,15766,0,7,8.457054281362486,1.5306999994209036,269.6783999999752,23991.061905365976
1788771099,100,GET,GET /articles (anon),66.500000,0.000000,8,10,12,13,18,27,30,32,39,39,39,10592,0,7,8.087975075526058,1.5706999993199133,71.71230000039941,26731.0
1788771099,100,GET,GET /articles (list),22.900000,0.000000,9,12,13,15,20,24,30,30,36,36,36,3644,0,7,7.961038940720505,1.6001999993022764,50.100100000236125,25565.38007683864
1788771099,100,GET,GET /articles/{id} (detail),9.400000,0.000000,7,9,10,11,15,21,34,35,35,35,35,1590,0,6,7.540777421389112,1.5306999994209036,68.13049999982468,2646.9389937106916
1788771099,100,POST,[setup] POST /auth/login,0.000000,0.000000,0,0,0,0,0,0,0,0,0,0,0,33,0,230,229.90945151518233,203.27720000022964,269.6783999999752,178.78787878787878
1788771099,100,,Aggregated,98.800000,0.000000,8,10,12,13,19,24,30,32,39,39,39,15859,0,7,8.465521527206473,1.5306999994209036,269.6783999999752,23993.2864619459
1788771100,100,GET,GET /articles (anon),66.300000,0.000000,8,10,11,12,15,21,28,30,39,39,39,10664,0,7,8.089787471865323,1.5706999993199133,71.71230000039941,26731.0
1788771100,100,GET,GET /articles (list),23.100000,0.000000,9,10,13,13,18,21,24,30,36,36,36,3666,0,7,7.9559327332204175,1.6001999993022764,50.100100000236125,25568.449809056194
1788771100,100,GET,GET /articles/{id} (detail),9.700000,0.000000,7,8,10,11,14,21,34,35,35,35,35,1603,0,6,7.555813599507871,1.5306999994209036,68.13049999982468,2647.2264504054897
1788771100,100,POST,[setup] POST /auth/login,0.000000,0.000000,0,0,0,0,0,0,0,0,0,0,0,33,0,230,229.90945151518233,203.27720000022964,269.6783999999752,178.78787878787878
1788771100,100,,Aggregated,99.100000,0.000000,8,10,11,13,16,21,28,30,39,39,39,15966,0,7,8.46391858323751,1.5306999994209036,269.6783999999752,23991.1515094576
1788771101,100,GET,GET /articles (anon),66.400000,0.000000,8,10,12,12,15,19,28,30,39,39,39,10730,0,7,8.104776104377793,1.5706999993199133,71.71230000039941,26731.0
1788771101,100,GET,GET /articles (list),23.400000,0.000000,8,10,12,13,17,20,24,31,36,36,36,3691,0,7,7.966877160657201,1.6001999993022764,50.100100000236125,25571.195069086967
1788771101,100,GET,GET /articles/{id} (detail),9.200000,0.000000,7,8,10,11,15,21,34,35,35,35,35,1611,0,6,7.560299317202046,1.5306999994209036,68.13049999982468,2643.9534450651768
1788771101,100,POST,[setup] POST /auth/login,0.000000,0.000000,0,0,0,0,0,0,0,0,0,0,0,33,0,230,229.90945151518233,203.27720000022964,269.6783999999752,178.78787878787878
1788771101,100,,Aggregated,99.000000,0.000000,8,10,12,13,16,20,28,32,39,39,39,16065,0,7,8.474114242139628,1.5306999994209036,269.6783999999752,23994.53594771242
1788771102,100,GET,GET /articles (anon),67.100000,0.000000,8,10,12,12,15,19,28,30,35,35,35,10797,0,7,8.109095313510881,1.5706999993199133,71.71230000039941,26731.0
1788771102,100,GET,GET /articles (list),24.000000,0.000000,8,9,12,13,16,20,24,31,36,36,36,3716,0,7,7.968709660921214,1.6001999993022764,50.100100000236125,25572.324273412272
1788771102,100,GET,GET /articles/{id} (detail),9.000000,0.000000,7,8,9,9,13,16,21,21,21,21,21,1621,0,6,7.564190746460088,1.5306999994209036,68.13049999982468,2644.2196175200493
1788771102,100,POST,[setup] POST /auth/login,0.000000,0.000000,0,0,0,0,0,0,0,0,0,0,0,33,0,230,229.90945151518233,203.27720000022964,269.6783999999752,178.78787878787878
1788771102,100,,Aggregated,100.100000,0.000000,8,10,11,12,16,19,26,30,36,36,36,16167,0,7,8.474929937525403,1.5306999994209036,269.6783999999752,23995.39456918414
1788771103,100,GET,GET /articles (anon),66.100000,0.000000,8,10,11,12,15,19,26,29,33,33,33,10865,0,7,8.112348936951264,1.5706999993199133,71.71230000039941,26731.0
1788771103,100,GET,GET /articles (list),23.900000,0.000000,8,10,12,13,16,19,24,32,36,36,36,3738,0,7,7.9855203049717955,1.6001999993022764,50.100100000236125,25572.00454788657
1788771103,100,GET,GET /articles/{id} (detail),9.000000,0.000000,7,8,9,9,13,16,21,21,21,21,21,1632,0,6,7.565284926476923,1.5306999994209036,68.13049999982468,2642.267156862745
1788771103,100,POST,[setup] POST /auth/login,0.000000,0.000000,0,0,0,0,0,0,0,0,0,0,0,33,0,230,229.90945151518233,203.27720000022964,269.6783999999752,178.78787878787878
1788771103,100,,Aggregated,99.000000,0.000000,8,10,11,12,15,19,24,29,36,36,36,16268,0,7,8.47824582001301,1.5306999994209036,269.6783999999752,23994.255470863045
1788771104,100,GET,GET /articles (anon),66.400000,0.000000,8,10,11,12,15,19,26,29,33,33,33,10932,0,7,8.111074487740154,1.5706999993199133,71.71230000039941,26731.0
1788771104,100,GET,GET /articles (list),24.400000,0.000000,7,9,12,13,16,19,24,32,36,36,36,3762,0,7,7.98783958000681,1.6001999993022764,50.100100000236125,25571.74827219564
1788771104,100,GET,GET /articles/{id} (detail),9.100000,0.000000,7,8,9,10,13,16,21,21,21,21,21,1640,0,6,7.563208536591846,1.5306999994209036,68.13049999982468,2642.3128048780486
1788771104,100,POST,[setup] POST /auth/login,0.000000,0.000000,0,0,0,0,0,0,0,0,0,0,0,33,0,230,229.90945151518233,203.27720000022964,269.6783999999752,178.78787878787878
1788771104,100,,Aggregated,99.900000,0.000000,7,10,11,12,15,19,24,29,36,36,36,16367,0,7,8.475053015211882,1.5306999994209036,269.6783999999752,23997.28123663469
1788771105,100,GET,GET /articles (anon),65.600000,0.000000,7,10,11,12,15,19,26,29,33,33,33,10996,0,7,8.107065014548578,1.5706999993199133,71.71230000039941,26731.0
1788771105,100,GET,GET /articles (list),23.000000,0.000000,7,9,11,13,16,19,24,32,36,36,36,3781,0,7,7.975411240408512,1.6001999993022764,50.100100000236125,25570.81195450939
1788771105,100,GET,GET /articles/{id} (detail),9.500000,0.000000,7,9,10,10,13,19,21,21,21,21,21,1653,0,6,7.564297943139573,1.5306999994209036,68.13049999982468,2643.0611010284333
1788771105,100,POST,[setup] POST /auth/login,0.000000,0.000000,0,0,0,0,0,0,0,0,0,0,0,33,0,230,229.90945151518233,203.27720000022964,269.6783999999752,178.78787878787878
1788771105,100,,Aggregated,98.100000,0.000000,7,9,11,12,15,19,24,29,36,36,36,16463,0,7,8.466932709710973,1.5306999994209036,269.6783999999752,23992.7228330195
1788771106,100,GET,GET /articles (anon),66.100000,0.000000,8,10,11,12,15,18,22,27,33,33,33,11065,0,7,8.111435481245064,1.5706999993199133,71.71230000039941,26731.0
1788771106,100,GET,GET /articles (list),22.800000,0.000000,8,9,11,13,15,19,23,31,34,34,34,3800,0,7,7.9792969999961745,1.6001999993022764,50.100100000236125,25566.005263157895
1788771106,100,GET,GET /articles/{id} (detail),9.600000,0.000000,7,9,10,11,13,19,21,21,21,21,21,1664,0,6,7.5579990985642755,1.5306999994209036,68.13049999982468,2644.217548076923
1788771106,100,POST,[setup] POST /auth/login,0.000000,0.000000,0,0,0,0,0,0,0,0,0,0,0,33,0,230,229.90945151518233,203.27720000022964,269.6783999999752,178.78787878787878
1788771106,100,,Aggregated,98.500000,0.000000,7,9,11,12,15,18,22,27,34,34,34,16562,0,7,8.467448653542712,1.5306999994209036,269.6783999999752,23990.774846033088
1788771107,100,GET,GET /articles (anon),66.000000,0.000000,8,10,12,12,16,19,24,30,42,42,42,11129,0,7,8.126457273787187,1.5706999993199133,71.71230000039941,26731.0
1788771107,100,GET,GET /articles (list),22.900000,0.000000,7,9,11,12,16,19,25,32,37,37,37,3827,0,7,7.992622968378313,1.6001999993022764,50.100100000236125,25567.74444734779
1788771107,100,GET,GET /articles/{id} (detail),9.500000,0.000000,7,9,10,11,13,20,21,22,22,22,22,1672,0,6,7.574250358857714,1.5306999994209036,68.13049999982468,2641.467105263158
1788771107,100,POST,[setup] POST /auth/login,0.000000,0.000000,0,0,0,0,0,0,0,0,0,0,0,33,0,230,229.90945151518233,203.27720000022964,269.6783999999752,178.78787878787878
1788771107,100,,Aggregated,98.400000,0.000000,8,10,11,12,15,19,24,30,42,42,42,16661,0,7,8.479579232937574,1.5306999994209036,269.6783999999752,23993.72726727087
1788771108,100,GET,GET /articles (anon),66.800000,0.000000,8,10,11,12,15,19,23,29,42,42,42,11198,0,7,8.131570289335798,1.5706999993199133,71.71230000039941,26731.0
1788771108,100,GET,GET /articles (list),22.900000,0.000000,7,9,11,12,15,20,28,32,37,37,37,3847,0,7,7.995592591625883,1.6001999993022764,50.100100000236125,25569.706524564597
1788771108,100,GET,GET /articles/{id} (detail),9.900000,0.000000,7,9,10,11,14,20,21,22,22,22,22,1684,0,6,7.570624940623418,1.5306999994209036,68.13049999982468,2642.3497624703086
1788771108,100,POST,[setup] POST /auth/login,0.000000,0.000000,0,0,0,0,0,0,0,0,0,0,0,33,0,230,229.90945151518233,203.27720000022964,269.6783999999752,178.78787878787878
1788771108,100,,Aggregated,99.600000,0.000000,7,9,11,12,15,19,24,30,42,42,42,16762,0,7,8.480629584773789,1.5306999994209036,269.6783999999752,23992.125999284093
1788771109,100,GET,GET /articles (anon),66.400000,0.000000,8,10,12,12,16,19,24,29,42,42,42,11269,0,7,8.135170689501066,1.5706999993199133,71.71230000039941,26731.0
1788771109,100,GET,GET /articles (list),23.000000,0.000000,7,9,12,13,17,21,28,32,37,37,37,3872,0,7,8.006826962805922,1.6001999993022764,50.100100000236125,25569.627066115703
1788771109,100,GET,GET /articles/{id} (detail),10.000000,0.000000,7,8,9,11,14,20,21,22,22,22,22,1693,0,6,7.560017601896715,1.5306999994209036,68.13049999982468,2644.0679267572355
1788771109,100,POST,[setup] POST /auth/login,0.000000,0.000000,0,0,0,0,0,0,0,0,0,0,0,33,0,230,229.90945151518233,203.27720000022964,269.6783999999752,178.78787878787878
1788771109,100,,Aggregated,99.400000,0.000000,7,9,11,12,16,20,24,30,42,42,42,16867,0,7,8.48187550838825,1.5306999994209036,269.6783999999752,23994.75555819055
1788771110,100,GET,GET /articles (anon),67.100000,0.000000,7,9,11,12,16,19,24,29,42,42,42,11333,0,7,8.134200900025467,1.5706999993199133,71.71230000039941,26731.0
1788771110,100,GET,GET /articles (list),22.700000,0.000000,7,9,11,13,17,21,30,32,37,37,37,3899,0,7,8.003366555522975,1.6001999993022764,50.100100000236125,25570.484739676842
1788771110,100,GET,GET /articles/{id} (detail),9.900000,0.000000,7,8,9,10,13,18,21,22,22,22,22,1698,0,6,7.565879740878808,1.5306999994209036,68.13049999982468,2644.683156654888
1788771110,100,POST,[setup] POST /auth/login,0.000000,0.000000,0,0,0,0,0,0,0,0,0,0,0,33,0,230,229.90945151518233,203.27720000022964,269.6783999999752,178.78787878787878
1788771110,100,,Aggregated,99.700000,0.000000,7,9,11,12,16,20,25,30,42,42,42,16963,0,7,8.478683057241422,1.5306999994209036,269.6783999999752,24001.551317573543
1788771111,100,GET,GET /articles (anon),66.400000,0.000000,7,9,11,12,15,19,24,28,42,42,42,11400,0,7,8.126765236841097,1.5706999993199133,71.71230000039941,26731.0
1788771111,100,GET,GET /articles (list),22.400000,0.000000,7,9,12,13,17,20,27,30,37,37,37,3919,0,7,8.00824501147807,1.6001999993022764,50.100100000236125,25568.100535850983
1788771111,100,GET,GET /articles/{id} (detail),10.000000,0.000000,7,8,10,10,12,18,20,22,22,22,22,1711,0,6,7.563904441854123,1.5306999994209036,68.13049999982468,2645.64699006429
1788771111,100,POST,[setup] POST /auth/login,0.000000,0.000000,0,0,0,0,0,0,0,0,0,0,0,33,0,230,229.90945151518233,203.27720000022964,269.6783999999752,178.78787878787878
1788771111,100,,Aggregated,98.800000,0.000000,7,9,11,12,15,20,24,28,42,42,42,17063,0,7,8.472032368281363,1.5306999994209036,269.6783999999752,23997.385453906114
1788771112,100,GET,GET /articles (anon),66.700000,0.000000,7,9,11,12,15,19,24,29,42,42,42,11473,0,7,8.122266286061663,1.5706999993199133,71.71230000039941,26731.0
1788771112,100,GET,GET /articles (list),22.500000,0.000000,7,9,12,13,17,21,28,32,37,37,37,3943,0,7,8.01566061374196,1.6001999993022764,50.100100000236125,25567.06467156987
1788771112,100,GET,GET /articles/{id} (detail),9.700000,0.000000,7,8,10,11,13,18,20,22,22,22,22,1720,0,6,7.558556046518958,1.5306999994209036,68.13049999982468,2647.7377906976744
1788771112,100,POST,[setup] POST /auth/login,0.000000,0.000000,0,0,0,0,0,0,0,0,0,0,0,33,0,230,229.90945151518233,203.27720000022964,269.6783999999752,178.78787878787878
1788771112,100,,Aggregated,98.900000,0.000000,7,9,11,12,15,20,25,30,42,42,42,17169,0,7,8.46760086201783,1.5306999994209036,269.6783999999752,23999.98299260295
1788771113,100,GET,GET /articles (anon),66.500000,0.000000,7,9,11,12,15,19,24,29,42,42,42,11531,0,7,8.128629849968172,1.5706999993199133,71.71230000039941,26731.0
1788771113,100,GET,GET /articles (list),22.500000,0.000000,7,9,11,13,17,20,28,30,37,37,37,3968,0,7,8.026124924391121,1.6001999993022764,50.100100000236125,25565.859375
1788771113,100,GET,GET /articles/{id} (detail),9.900000,0.000000,7,8,10,11,13,18,22,24,24,24,24,1729,0,6,7.571255292083218,1.5306999994209036,68.13049999982468,2647.160786581839
1788771113,100,POST,[setup] POST /auth/login,0.000000,0.000000,0,0,0,0,0,0,0,0,0,0,0,33,0,230,229.90945151518233,203.27720000022964,269.6783999999752,178.78787878787878
1788771113,100,,Aggregated,98.900000,0.000000,7,9,11,12,15,20,24,30,42,42,42,17261,0,7,8.473240646543102,1.5306999994209036,269.6783999999752,23999.961300040555
1788771114,100,GET,GET /articles (anon),66.100000,0.000000,7,10,12,13,15,20,24,29,42,42,42,11602,0,7,8.135828917426206,1.5706999993199133,71.71230000039941,26731.0
1788771114,100,GET,GET /articles (list),22.200000,0.000000,7,9,12,13,18,20,28,30,37,37,37,3988,0,7,8.039031494479525,1.6001999993022764,50.100100000236125,25567.428786359076
1788771114,100,GET,GET /articles/{id} (detail),9.900000,0.000000,7,9,10,11,14,18,22,24,24,24,24,1739,0,6,7.579274525595133,1.5306999994209036,68.13049999982468,2645.593444508338
1788771114,100,POST,[setup] POST /auth/login,0.000000,0.000000,0,0,0,0,0,0,0,0,0,0,0,33,0,230,229.90945151518233,203.27720000022964,269.6783999999752,178.78787878787878
1788771114,100,,Aggregated,98.200000,0.000000,7,9,11,13,16,20,24,30,42,42,42,17362,0,7,8.479375359980112,1.5306999994209036,269.6783999999752,24000.838325077755
1788771115,100,GET,GET /articles (anon),66.100000,0.000000,7,9,12,13,16,20,26,30,42,42,42,11669,0,7,8.14834420258614,1.5706999993199133,71.71230000039941,26731.0
1788771115,100,GET,GET /articles (list),23.100000,0.000000,8,10,12,14,19,24,31,33,37,37,37,4010,0,7,8.063436558599474,1.6001999993022764,50.100100000236125,25565.363341645887
1788771115,100,GET,GET /articles/{id} (detail),9.500000,0.000000,7,9,10,11,15,20,24,33,33,33,33,1747,0,6,7.601778133949094,1.5306999994209036,68.13049999982468,2646.356611333715
1788771115,100,POST,[setup] POST /auth/login,0.000000,0.000000,0,0,0,0,0,0,0,0,0,0,0,33,0,230,229.90945151518233,203.27720000022964,269.6783999999752,178.78787878787878
1788771115,100,,Aggregated,98.700000,0.000000,7,9,12,13,17,21,29,33,42,42,42,17459,0,7,8.49331161005625,1.5306999994209036,269.6783999999752,24003.106191649007
1788771116,100,GET,GET /articles (anon),67.000000,0.000000,7,10,11,12,15,19,24,30,42,42,42,11732,0,7,8.15162450562374,1.5706999993199133,71.71230000039941,26731.0
1788771116,100,GET,GET /articles (list),22.800000,0.000000,7,10,12,13,19,24,30,33,35,35,35,4035,0,7,8.059683172238614,1.6001999993022764,50.100100000236125,25564.188599752168
1788771116,100,GET,GET /articles/{id} (detail),9.700000,0.000000,7,9,10,11,13,16,24,33,33,33,33,1760,0,6,7.597780284096313,1.5306999994209036,68.13049999982468,2645.202840909091
1788771116,100,POST,[setup] POST /auth/login,0.000000,0.000000,0,0,0,0,0,0,0,0,0,0,0,33,0,230,229.90945151518233,203.27720000022964,269.6783999999752,178.78787878787878
1788771116,100,,Aggregated,99.500000,0.000000,7,9,11,12,16,20,26,31,42,42,42,17560,0,7,8.491730381547352,1.5306999994209036,269.6783999999752,23998.920842824602
1788771117,100,GET,GET /articles (anon),66.900000,0.000000,7,9,11,12,15,18,22,29,37,37,37,11795,0,7,8.152543526916677,1.5706999993199133,71.71230000039941,26731.0
1788771117,100,GET,GET /articles (list),22.900000,0.000000,8,10,12,15,20,24,30,33,35,35,35,4060,0,7,8.082779729059622,1.6001999993022764,50.100100000236125,25566.521674876847
1788771117,100,GET,GET /articles/{id} (detail),9.800000,0.000000,7,9,10,11,13,16,24,33,33,33,33,1772,0,6,7.597967720094912,1.5306999994209036,68.13049999982468,2648.4695259593677
1788771117,100,POST,[setup] POST /auth/login,0.000000,0.000000,0,0,0,0,0,0,0,0,0,0,0,33,0,230,229.90945151518233,203.27720000022964,269.6783999999752,178.78787878787878
1788771117,100,,Aggregated,99.600000,0.000000,7,10,11,12,16,20,25,30,37,37,37,17660,0,7,8.495240503962275,1.5306999994209036,269.6783999999752,23997.23731596829
1788771118,100,GET,GET /articles (anon),66.300000,0.000000,7,9,11,12,15,18,21,24,37,37,37,11861,0,7,8.158798280076308,1.5706999993199133,71.71230000039941,26731.0
1788771118,100,GET,GET /articles (list),23.000000,0.000000,8,10,12,15,20,22,30,33,35,35,35,4074,0,7,8.090708983794926,1.6001999993022764,50.100100000236125,25567.128620520372
1788771118,100,GET,GET /articles/{id} (detail),9.500000,0.000000,7,10,10,11,13,16,24,33,33,33,33,1784,0,6,7.6081465246671245,1.5306999994209036,68.13049999982468,2648.0526905829597
1788771118,100,POST,[setup] POST /auth/login,0.000000,0.000000,0,0,0,0,0,0,0,0,0,0,0,33,0,230,229.90945151518233,203.27720000022964,269.6783999999752,178.78787878787878
1788771118,100,,Aggregated,98.800000,0.000000,7,10,11,12,16,19,24,30,37,37,37,17752,0,7,8.500056337312587,1.5306999994209036,269.6783999999752,23994.304810725553
1788771119,100,GET,GET /articles (anon),66.200000,0.000000,8,10,11,12,15,18,21,24,37,37,37,11927,0,7,8.159398155444208,1.5706999993199133,71.71230000039941,26731.0
1788771119,100,GET,GET /articles (list),23.000000,0.000000,8,10,13,15,19,21,30,33,35,35,35,4100,0,7,8.100987219507415,1.6001999993022764,50.100100000236125,25566.245609756097
1788771119,100,GET,GET /articles/{id} (detail),9.500000,0.000000,7,10,10,11,15,17,24,33,33,33,33,1796,0,6,7.615933518936171,1.5306999994209036,68.13049999982468,2649.314031180401
1788771119,100,POST,[setup] POST /auth/login,0.000000,0.000000,0,0,0,0,0,0,0,0,0,0,0,33,0,230,229.90945151518233,203.27720000022964,269.6783999999752,178.78787878787878
1788771119,100,,Aggregated,98.700000,0.000000,8,10,11,12,16,19,23,30,37,37,37,17856,0,7,8.501143475580992,1.5306999994209036,269.6783999999752,23992.288978494624
1788771120,100,GET,GET /articles (anon),65.400000,0.000000,8,10,11,12,15,18,21,24,37,37,37,11993,0,7,8.163599841573046,1.5706999993199133,71.71230000039941,26731.0
1788771120,100,GET,GET /articles (list),22.900000,0.000000,8,10,12,14,19,21,30,33,35,35,35,4118,0,7,8.098319232632738,1.6001999993022764,50.100100000236125,25562.78703254007
1788771120,100,GET,GET /articles/{id} (detail),9.700000,0.000000,8,10,12,12,15,19,24,33,33,33,33,1806,0,6,7.639604152828903,1.5306999994209036,68.13049999982468,2648.8837209302324
1788771120,100,POST,[setup] POST /auth/login,0.000000,0.000000,0,0,0,0,0,0,0,0,0,0,0,33,0,230,229.90945151518233,203.27720000022964,269.6783999999752,178.78787878787878
1788771120,100,,Aggregated,98.000000,0.000000,8,10,11,13,16,19,23,30,37,37,37,17950,0,7,8.503569275764765,1.5306999994209036,269.6783999999752,23991.21025069638
1788771121,100,GET,GET /articles (anon),65.200000,0.000000,8,10,11,12,15,18,21,23,37,37,37,12055,0,7,8.165318763996995,1.5706999993199133,71.71230000039941,26731.0
1788771121,100,GET,GET /articles (list),22.500000,0.000000,8,10,11,13,19,21,26,31,35,35,35,4143,0,7,8.097241805450501,1.6001999993022764,50.100100000236125,25563.850591358918
1788771121,100,GET,GET /articles/{id} (detail),10.400000,0.000000,9,10,12,13,15,19,24,33,33,33,33,1812,0,6,7.639658664464544,1.5306999994209036,68.13049999982468,2648.7240618101546
1788771121,100,POST,[setup] POST /auth/login,0.000000,0.000000,0,0,0,0,0,0,0,0,0,0,0,33,0,230,229.90945151518233,203.27720000022964,269.6783999999752,178.78787878787878
1788771121,100,,Aggregated,98.100000,0.000000,8,10,11,13,16,19,22,26,37,37,37,18043,0,7,8.502458787340037,1.5306999994209036,269.6783999999752,23995.933381366736
1788771122,100,GET,GET /articles (anon),65.000000,0.000000,8,10,11,13,16,18,21,23,37,37,37,12126,0,7,8.1782750618494,1.5706999993199133,71.71230000039941,26731.0
1788771122,100,GET,GET /articles (list),22.100000,0.000000,8,10,13,15,20,22,24,31,35,35,35,4168,0,7,8.132127783104782,1.6001999993022764,50.100100000236125,25562.269673704413
1788771122,100,GET,GET /articles/{id} (detail),10.700000,0.000000,8,10,12,12,15,19,22,33,33,33,33,1822,0,6,7.647097145998948,1.5306999994209036,68.13049999982468,2646.0532381997805
1788771122,100,POST,[setup] POST /auth/login,0.000000,0.000000,0,0,0,0,0,0,0,0,0,0,0,33,0,230,229.90945151518233,203.27720000022964,269.6783999999752,178.78787878787878
1788771122,100,,Aggregated,97.800000,0.000000,8,10,11,13,16,19,22,24,37,37,37,18149,0,7,8.517521345527463,1.5306999994209036,269.6783999999752,23996.39952614469
1788771123,100,GET,GET /articles (anon),65.300000,0.000000,8,10,11,13,15,18,21,23,37,37,37,12193,0,7,8.182068834575935,1.5706999993199133,71.71230000039941,26731.0
1788771123,100,GET,GET /articles (list),22.500000,0.000000,8,10,13,14,20,22,24,31,35,35,35,4192,0,7,8.138795753812285,1.6001999993022764,50.100100000236125,25563.178673664122
1788771123,100,GET,GET /articles/{id} (detail),10.000000,0.000000,9,10,12,12,15,19,22,33,33,33,33,1833,0,6,7.655373540648379,1.5306999994209036,68.13049999982468,2647.306055646481
1788771123,100,POST,[setup] POST /auth/login,0.000000,0.000000,0,0,0,0,0,0,0,0,0,0,0,33,0,230,229.90945151518233,203.27720000022964,269.6783999999752,178.78787878787878
1788771123,100,,Aggregated,97.800000,0.000000,8,10,11,13,16,19,22,24,37,37,37,18251,0,7,8.520141838802,1.5306999994209036,269.6783999999752,23995.964056764013
1788771124,100,GET,GET /articles (anon),65.700000,0.000000,8,10,11,12,15,17,19,21,23,23,23,12256,0,7,8.18253843831474,1.5706999993199133,71.71230000039941,26731.0
1788771124,100,GET,GET /articles (list),22.100000,0.000000,8,10,12,13,17,20,22,23,26,26,26,4215,0,7,8.137385907469243,1.6001999993022764,50.100100000236125,25563.667615658364
1788771124,100,GET,GET /articles/{id} (detail),9.900000,0.000000,9,10,12,12,13,17,19,21,21,21,21,1841,0,6,7.659253231943634,1.5306999994209036,68.13049999982468,2645.536121673004
1788771124,100,POST,[setup] POST /auth/login,0.000000,0.000000,0,0,0,0,0,0,0,0,0,0,0,33,0,230,229.90945151518233,203.27720000022964,269.6783999999752,178.78787878787878
1788771124,100,,Aggregated,97.700000,0.000000,8,10,11,12,15,18,21,22,26,26,26,18345,0,7,8.51850475878865,1.5306999994209036,269.6783999999752,23997.946415917144
1788771125,100,GET,GET /articles (anon),65.300000,0.000000,8,10,11,12,15,17,19,21,23,23,23,12325,0,7,8.184971829612836,1.5706999993199133,71.71230000039941,26731.0
1788771125,100,GET,GET /articles (list),22.000000,0.000000,8,10,12,14,17,20,22,23,26,26,26,4237,0,7,8.141254920930436,1.6001999993022764,50.100100000236125,25560.973802218552
1788771125,100,GET,GET /articles/{id} (detail),10.700000,0.000000,7,10,12,12,13,17,19,21,21,21,21,1855,0,6,7.648671428577009,1.5306999994209036,68.13049999982468,2648.259299191375
1788771125,100,POST,[setup] POST /auth/login,0.000000,0.000000,0,0,0,0,0,0,0,0,0,0,0,33,0,230,229.90945151518233,203.27720000022964,269.6783999999752,178.78787878787878
1788771125,100,,Aggregated,98.000000,0.000000,8,10,11,12,15,18,21,22,26,26,26,18450,0,7,8.51759199457844,1.5306999994209036,269.6783999999752,23993.487371273714
1788771126,100,GET,GET /articles (anon),65.100000,0.000000,8,10,11,12,15,17,19,21,23,23,23,12391,0,7,8.184604721167316,1.5706999993199133,71.71230000039941,26731.0
1788771126,100,GET,GET /articles (list),22.600000,0.000000,9,10,12,14,17,20,22,23,26,26,26,4257,0,7,8.139006436453634,1.6001999993022764,50.100100000236125,25560.957011980267
1788771126,100,GET,GET /articles/{id} (detail),10.200000,0.000000,8,10,11,12,13,17,19,21,21,21,21,1865,0,6,7.648887238611744,1.5306999994209036,68.13049999982468,2647.90563002681
1788771126,100,POST,[setup] POST /auth/login,0.000000,0.000000,0,0,0,0,0,0,0,0,0,0,0,33,0,230,229.90945151518233,203.27720000022964,269.6783999999752,178.78787878787878
1788771126,100,,Aggregated,97.900000,0.000000,8,10,11,12,15,17,21,22,26,26,26,18546,0,7,8.514794246736747,1.5306999994209036,269.6783999999752,23993.371023401272
1788771127,100,GET,GET /articles (anon),65.000000,0.000000,8,10,11,12,15,17,21,22,25,25,25,12459,0,7,8.196623404766498,1.5706999993199133,71.71230000039941,26731.0
1788771127,100,GET,GET /articles (list),22.200000,0.000000,8,10,11,13,16,19,22,23,25,25,25,4286,0,7,8.13844960335646,1.6001999993022764,50.100100000236125,25564.147223518434
1788771127,100,GET,GET /articles/{id} (detail),10.300000,0.000000,8,10,11,12,14,17,19,22,22,22,22,1874,0,6,7.659495304167808,1.5306999994209036,68.13049999982468,2651.0763073639273
1788771127,100,POST,[setup] POST /auth/login,0.000000,0.000000,0,0,0,0,0,0,0,0,0,0,0,33,0,230,229.90945151518233,203.27720000022964,269.6783999999752,178.78787878787878
1788771127,100,,Aggregated,97.500000,0.000000,8,10,11,12,15,17,21,22,25,25,25,18652,0,7,8.521554369503724,1.5306999994209036,269.6783999999752,23996.540907141327
1788771128,100,GET,GET /articles (anon),65.500000,0.000000,8,10,11,12,15,17,21,22,28,28,28,12525,0,7,8.197664734529507,1.5706999993199133,71.71230000039941,26731.0
1788771128,100,GET,GET /articles (list),22.400000,0.000000,8,9,11,12,15,19,23,23,27,27,27,4312,0,7,8.13578566790048,1.6001999993022764,50.100100000236125,25562.094619666048
1788771128,100,GET,GET /articles/{id} (detail),10.700000,0.000000,8,10,11,12,14,17,22,22,22,22,22,1882,0,6,7.661423591929147,1.5306999994209036,68.13049999982468,2651.9936238044634
1788771128,100,POST,[setup] POST /auth/login,0.000000,0.000000,0,0,0,0,0,0,0,0,0,0,0,33,0,230,229.90945151518233,203.27720000022964,269.6783999999752,178.78787878787878
1788771128,100,,Aggregated,98.600000,0.000000,8,10,11,12,15,18,21,22,28,28,28,18752,0,7,8.51978827324984,1.5306999994209036,269.6783999999752,23998.852335750853
1788771129,100,GET,GET /articles (anon),66.200000,0.000000,8,10,12,12,15,18,21,22,28,28,28,12592,0,7,8.209487134687226,1.5706999993199133,71.71230000039941,26731.0
1788771129,100,GET,GET /articles (list),22.600000,0.000000,8,10,11,12,16,19,23,25,27,27,27,4333,0,7,8.152729402259368,1.6001999993022764,50.100100000236125,25562.03646434341
1788771129,100,GET,GET /articles/{id} (detail),10.500000,0.000000,8,9,10,11,13,15,22,22,22,22,22,1894,0,6,7.660998152065554,1.5306999994209036,68.13049999982468,2653.2492080253433
1788771129,100,POST,[setup] POST /auth/login,0.000000,0.000000,0,0,0,0,0,0,0,0,0,0,0,33,0,230,229.90945151518233,203.27720000022964,269.6783999999752,178.78787878787878
1788771129,100,,Aggregated,99.300000,0.000000,8,10,11,12,15,18,21,23,28,28,28,18852,0,7,8.529417616167244,1.5306999994209036,269.6783999999752,23996.82845321451
1788771130,100,GET,GET /articles (anon),66.700000,0.000000,8,10,12,13,16,18,21,22,28,28,28,12659,0,7,8.213368931193436,1.5706999993199133,71.71230000039941,26731.0
1788771130,100,GET,GET /articles (list),23.500000,0.000000,9,10,11,13,16,20,23,25,27,27,27,4355,0,7,8.157032055106876,1.6001999993022764,50.100100000236125,25563.59471871412
1788771130,100,GET,GET /articles/{id} (detail),9.900000,0.000000,8,9,10,11,13,17,22,23,23,23,23,1902,0,6,7.678490378555018,1.5306999994209036,68.13049999982468,2651.6756046267087
1788771130,100,POST,[setup] POST /auth/login,0.000000,0.000000,0,0,0,0,0,0,0,0,0,0,0,33,0,230,229.90945151518233,203.27720000022964,269.6783999999752,178.78787878787878
1788771130,100,,Aggregated,100.100000,0.000000,8,10,12,13,16,18,22,23,28,28,28,18949,0,7,8.532820333525835,1.5306999994209036,269.6783999999752,23999.50240118212
1788771131,110,GET,GET /articles (anon),66.600000,0.000000,8,10,12,13,16,21,31,56,78,78,78,12737,0,7,8.276440731724396,1.5706999993199133,77.97519999985525,26731.0
1788771131,110,GET,GET /articles (list),23.100000,0.000000,8,9,11,12,15,18,24,27,56,56,56,4381,0,7,8.16560995206381,1.6001999993022764,55.613200000152574,25562.61424332344
1788771131,110,GET,GET /articles/{id} (detail),9.500000,0.000000,8,9,11,11,13,17,23,38,38,38,38,1912,0,6,7.696929184106099,1.5306999994209036,68.13049999982468,2650.3232217573222
1788771131,110,POST,[setup] POST /auth/login,0.000000,0.000000,260,260,260,260,260,260,260,260,260,260,260,37,0,230,232.91339189194872,203.27720000022964,269.6783999999752,178.9189189189189
1788771131,110,,Aggregated,99.200000,0.000000,8,10,12,13,16,20,30,75,260,260,260,19067,0,7,8.628776781873304,1.5306999994209036,269.6783999999752,23996.25520532858
1788771132,120,GET,GET /articles (anon),66.000000,0.000000,8,10,12,13,17,23,56,64,78,78,78,12812,0,7,8.308878574771681,1.5706999993199133,77.97519999985525,26731.0
1788771132,120,GET,GET /articles (list),23.300000,0.000000,8,9,11,11,15,18,25,27,56,56,56,4411,0,7,8.169922579911997,1.6001999993022764,55.613200000152574,25565.065518023122
1788771132,120,GET,GET /articles/{id} (detail),9.700000,0.000000,7,9,10,11,13,17,23,38,38,38,38,1924,0,6,7.68897406445549,1.5306999994209036,68.13049999982468,2651.1013513513512
1788771132,120,POST,[setup] POST /auth/login,0.000000,0.000000,260,260,260,260,260,260,260,260,260,260,260,40,0,230,234.24064500006807,203.27720000022964,269.6783999999752,179.0
1788771132,120,,Aggregated,99.000000,0.000000,8,10,12,13,17,23,56,76,260,260,260,19187,0,7,8.685781659455976,1.5306999994209036,269.6783999999752,23992.96164069422
1788771133,130,GET,GET /articles (anon),67.100000,0.000000,8,11,12,14,18,31,61,65,78,78,78,12903,0,7,8.350082569942886,1.5706999993199133,77.97519999985525,26731.0
1788771133,130,GET,GET /articles (list),23.400000,0.000000,8,10,11,12,15,19,27,42,56,56,56,4441,0,7,8.203042310288,1.6001999993022764,55.613200000152574,25560.624859265932
1788771133,130,GET,GET /articles/{id} (detail),9.800000,0.000000,7,9,10,11,15,22,31,38,38,38,38,1937,0,6,7.710404439862263,1.5306999994209036,68.13049999982468,2655.882808466701
1788771133,130,POST,[setup] POST /auth/login,0.400000,0.000000,250,260,260,260,260,260,260,260,260,260,260,43,0,240,235.29538604655733,203.27720000022964,269.6783999999752,178.93023255813952
1788771133,130,,Aggregated,100.700000,0.000000,8,10,12,13,18,30,62,78,260,260,260,19324,0,7,8.757171460359004,1.5306999994209036,269.6783999999752,23989.700217346304
1788771134,140,GET,GET /articles (anon),68.100000,0.000000,8,11,13,14,20,41,61,65,78,78,78,12993,0,7,8.368779912258594,1.5706999993199133,77.97519999985525,26731.0
1788771134,140,GET,GET /articles (list),24.100000,0.000000,8,10,11,13,17,22,27,42,56,56,56,4472,0,7,8.21483184257437,1.6001999993022764,55.613200000152574,25558.834078711985
1788771134,140,GET,GET /articles/{id} (detail),9.900000,0.000000,7,9,11,12,17,21,23,31,38,38,38,1952,0,6,7.726743084024143,1.5306999994209036,68.13049999982468,2658.526639344262
1788771134,140,POST,[setup] POST /auth/login,0.700000,0.000000,250,250,260,260,260,260,260,260,260,260,260,47,0,240,235.47730212771484,203.27720000022964,269.6783999999752,178.85106382978722
1788771134,140,,Aggregated,102.800000,0.000000,8,11,12,14,20,41,65,250,260,260,260,19464,0,7,8.817422991162477,1.5306999994209036,269.6783999999752,23983.396989313605
1788771135,150,GET,GET /articles (anon),70.600000,0.000000,8,11,13,15,22,48,61,65,78,78,78,13095,0,7,8.410711515843868,1.5706999993199133,77.97519999985525,26731.0
1788771135,150,GET,GET /articles (list),24.200000,0.000000,8,10,12,14,18,25,41,47,56,56,56,4506,0,7,8.248577163779455,1.6001999993022764,55.613200000152574,25557.973812694185
1788771135,150,GET,GET /articles/{id} (detail),10.000000,0.000000,7,9,11,13,20,24,32,33,38,38,38,1971,0,6,7.754065854903367,1.5306999994209036,68.13049999982468,2660.583967529173
1788771135,150,POST,[setup] POST /auth/login,1.000000,0.000000,250,260,260,260,260,260,260,260,260,260,260,50,0,240,236.8954580000718,203.27720000022964,269.6783999999752,178.8
1788771135,150,,Aggregated,105.800000,0.000000,8,11,13,15,22,48,75,250,260,260,260,19622,0,7,8.88973563856814,1.5306999994209036,269.6783999999752,23976.130160024462
1788771136,150,GET,GET /articles (anon),72.000000,0.000000,8,11,13,15,21,44,60,65,78,78,78,13199,0,7,8.420065164025669,1.5706999993199133,77.97519999985525,26731.0
1788771136,150,GET,GET /articles (list),24.800000,0.000000,8,11,13,14,18,25,41,47,56,56,56,4534,0,7,8.265976929861393,1.6001999993022764,55.613200000152574,25559.748345831496
1788771136,150,GET,GET /articles/{id} (detail),10.600000,0.000000,7,9,11,13,21,29,32,33,38,38,38,1986,0,6,7.781854078558094,1.5306999994209036,68.13049999982468,2664.8605236656595
1788771136,150,POST,[setup] POST /auth/login,1.400000,0.000000,250,260,260,260,260,260,260,260,260,260,260,50,0,240,236.8954580000718,203.27720000022964,269.6783999999752,178.8
1788771136,150,,Aggregated,108.800000,0.000000,8,11,13,15,22,46,65,250,260,260,260,19769,0,7,8.898473094237769,1.5306999994209036,269.6783999999752,23977.526480853863
1788771137,150,GET,GET /articles (anon),75.900000,0.000000,8,11,13,15,21,43,60,65,78,78,78,13291,0,7,8.420951124819634,1.5706999993199133,77.97519999985525,26731.0
1788771137,150,GET,GET /articles (list),26.100000,0.000000,9,11,13,14,18,24,41,47,56,56,56,4567,0,7,8.272153623820012,1.6001999993022764,55.613200000152574,25561.2060433545
1788771137,150,GET,GET /articles/{id} (detail),11.200000,0.000000,7,10,12,14,21,24,32,33,38,38,38,2006,0,6,7.802875224334708,1.5306999994209036,68.13049999982468,2667.9332003988034
1788771137,150,POST,[setup] POST /auth/login,1.700000,0.000000,250,260,260,260,260,260,260,260,260,260,260,50,0,240,236.8954580000718,203.27720000022964,269.6783999999752,178.8
1788771137,150,,Aggregated,114.900000,0.000000,8,11,13,15,22,43,65,250,260,260,260,19914,0,7,8.898218720497278,1.5306999994209036,269.6783999999752,23972.1082153259
1788771138,150,GET,GET /articles (anon),78.500000,0.000000,8,10,12,14,21,43,58,64,78,78,78,13395,0,7,8.410682493465846,1.5706999993199133,77.97519999985525,26731.0
1788771138,150,GET,GET /articles (list),27.000000,0.000000,8,10,13,13,18,23,41,47,56,56,56,4598,0,7,8.267824554151206,1.6001999993022764,55.613200000152574,25561.724227925184
1788771138,150,GET,GET /articles/{id} (detail),11.500000,0.000000,7,11,13,14,20,24,32,33,38,38,38,2024,0,6,7.8219945652245935,1.5306999994209036,68.13049999982468,2667.0494071146245
1788771138,150,POST,[setup] POST /auth/login,1.700000,0.000000,250,260,260,260,260,260,260,260,260,260,260,50,0,240,236.8954580000718,203.27720000022964,269.6783999999752,178.8
1788771138,150,,Aggregated,118.700000,0.000000,8,11,13,14,21,42,64,250,260,260,260,20067,0,7,8.887877570139063,1.5306999994209036,269.6783999999752,23969.781282702945
1788771139,150,GET,GET /articles (anon),81.300000,0.000000,8,10,12,14,20,41,58,64,78,78,78,13491,0,7,8.418479756872467,1.5706999993199133,77.97519999985525,26731.0
1788771139,150,GET,GET /articles (list),27.700000,0.000000,8,11,13,13,18,23,41,47,56,56,56,4633,0,7,8.27834744225947,1.6001999993022764,55.613200000152574,25563.65184545651
1788771139,150,GET,GET /articles/{id} (detail),12.700000,0.000000,7,10,12,13,20,24,32,33,38,38,38,2043,0,6,7.824438472840325,1.5306999994209036,68.13049999982468,2666.9955947136564
1788771139,150,POST,[setup] POST /auth/login,1.700000,0.000000,250,260,260,260,260,260,260,260,260,260,260,50,0,240,236.8954580000718,203.27720000022964,269.6783999999752,178.8
1788771139,150,,Aggregated,123.400000,0.000000,8,10,13,14,21,41,63,250,260,260,260,20217,0,7,8.891398070928984,1.5306999994209036,269.6783999999752,23966.06479695306
1788771140,150,GET,GET /articles (anon),84.600000,0.000000,8,10,13,15,21,33,52,61,65,65,65,13595,0,7,8.46427975726144,1.5706999993199133,77.97519999985525,26731.0
1788771140,150,GET,GET /articles (list),27.700000,0.000000,9,11,13,14,19,24,42,45,48,48,48,4660,0,7,8.31670087982626,1.6001999993022764,55.613200000152574,25563.834549356223
1788771140,150,GET,GET /articles/{id} (detail),14.200000,0.000000,7,10,13,14,20,24,31,33,34,34,34,2059,0,6,7.851878339005664,1.5306999994209036,68.13049999982468,2666.7464788732395
1788771140,150,POST,[setup] POST /auth/login,1.700000,0.000000,250,250,260,260,260,260,260,260,260,260,260,50,0,240,236.8954580000718,203.27720000022964,269.6783999999752,178.8
1788771140,150,,Aggregated,128.200000,0.000000,8,11,13,15,21,33,55,65,260,260,260,20364,0,7,8.929458839126697,1.5306999994209036,269.6783999999752,23965.585592221567
1788771141,150,GET,GET /articles (anon),88.300000,0.000000,8,10,13,14,20,29,48,54,65,65,65,13693,0,7,8.478418483894693,1.5706999993199133,77.97519999985525,26731.0
1788771141,150,GET,GET /articles (list),29.700000,0.000000,9,11,13,15,19,24,41,45,48,48,48,4698,0,7,8.337389953168744,1.6001999993022764,55.613200000152574,25564.770327799062
1788771141,150,GET,GET /articles/{id} (detail),14.500000,0.000000,7,10,13,14,20,24,31,33,34,34,34,2071,0,6,7.852650507006569,1.5306999994209036,68.13049999982468,2669.4828585224527
1788771141,150,POST,[setup] POST /auth/login,1.700000,0.000000,250,250,260,260,260,260,260,260,260,260,260,50,0,240,236.8954580000718,203.27720000022964,269.6783999999752,178.8
1788771141,150,,Aggregated,134.200000,0.000000,8,11,13,14,20,29,48,62,260,260,260,20512,0,7,8.939725741028237,1.5306999994209036,269.6783999999752,23969.789050312014
1788771142,150,GET,GET /articles (anon),92.200000,0.000000,8,11,13,15,20,25,40,48,61,61,61,13796,0,7,8.505017519569009,1.5706999993199133,77.97519999985525,26731.0
1788771142,150,GET,GET /articles (list),30.400000,0.000000,9,11,13,14,18,23,31,41,48,48,48,4733,0,7,8.34397238537609,1.6001999993022764,55.613200000152574,25564.036763152333
1788771142,150,GET,GET /articles/{id} (detail),14.900000,0.000000,8,10,13,14,20,24,31,33,34,34,34,2085,0,6,7.875492565952788,1.5306999994209036,68.13049999982468,2670.3323741007193
1788771142,150,POST,[setup] POST /auth/login,1.700000,0.000000,250,260,260,260,260,260,260,260,260,260,260,50,0,240,236.8954580000718,203.27720000022964,269.6783999999752,178.8
1788771142,150,,Aggregated,139.200000,0.000000,8,11,13,15,20,25,41,51,260,260,260,20664,0,7,8.957240510064581,1.5306999994209036,269.6783999999752,23971.74046651181
1788771143,150,GET,GET /articles (anon),94.000000,0.000000,8,11,13,15,20,27,37,47,61,61,61,13904,0,7,8.545060263231887,1.5706999993199133,77.97519999985525,26731.0
1788771143,150,GET,GET /articles (list),30.600000,0.000000,9,12,14,15,20,24,34,41,48,48,48,4766,0,7,8.392226814935665,1.6001999993022764,55.613200000152574,25565.52140159463
1788771143,150,GET,GET /articles/{id} (detail),16.300000,0.000000,7,10,13,14,21,26,33,37,47,47,47,2105,0,6,7.898769643710987,1.5306999994209036,68.13049999982468,2669.827078384798
1788771143,150,POST,[setup] POST /auth/login,1.300000,0.000000,260,260,260,260,260,260,260,260,260,260,260,50,0,240,236.8954580000718,203.27720000022964,269.6783999999752,178.8
1788771143,150,,Aggregated,142.200000,0.000000,8,11,13,15,20,27,38,47,260,260,260,20825,0,7,8.993015793516209,1.5306999994209036,269.6783999999752,23968.40456182473
1788771144,150,GET,GET /articles (anon),96.700000,0.000000,8,11,13,15,20,25,32,36,47,47,47,14003,0,7,8.552060522743552,1.5706999993199133,77.97519999985525,26731.0
1788771144,150,GET,GET /articles (list),32.000000,0.000000,9,11,13,15,20,24,31,39,45,45,45,4796,0,7,8.407920621347929,1.6001999993022764,55.613200000152574,25565.07714762302
1788771144,150,GET,GET /articles/{id} (detail),16.300000,0.000000,8,10,12,14,17,26,33,37,47,47,47,2123,0,6,7.905181347154854,1.5306999994209036,68.13049999982468,2667.7932171455486
1788771144,150,POST,[setup] POST /auth/login,1.000000,0.000000,260,260,260,260,260,260,260,260,260,260,260,50,0,240,236.8954580000718,203.27720000022964,269.6783999999752,178.8
1788771144,150,,Aggregated,146.000000,0.000000,8,11,13,15,20,25,32,37,47,47,47,20972,0,7,8.998014671942409,1.5306999994209036,269.6783999999752,23965.142475681863
1788771145,150,GET,GET /articles (anon),97.300000,0.000000,8,11,13,15,20,25,32,36,47,47,47,14097,0,7,8.55773797261673,1.5706999993199133,77.97519999985525,26731.0
1788771145,150,GET,GET /articles (list),32.500000,0.000000,9,11,13,15,20,24,30,39,45,45,45,4831,0,7,8.429012171389944,1.6001999993022764,55.613200000152574,25566.510867315257
1788771145,150,GET,GET /articles/{id} (detail),16.200000,0.000000,8,10,12,13,16,22,28,37,47,47,47,2141,0,6,7.916440868758425,1.5306999994209036,68.13049999982468,2670.269500233536
1788771145,150,POST,[setup] POST /auth/login,0.700000,0.000000,260,260,260,260,260,260,260,260,260,260,260,50,0,240,236.8954580000718,203.27720000022964,269.6783999999752,178.8
1788771145,150,,Aggregated,146.700000,0.000000,8,11,13,15,19,24,31,37,47,47,47,21119,0,7,9.003876263079617,1.5306999994209036,269.6783999999752,23962.531748662343
1788771146,150,GET,GET /articles (anon),99.900000,0.000000,9,11,14,16,20,25,32,36,47,47,47,14194,0,7,8.577979160206901,1.5706999993199133,77.97519999985525,26731.0
1788771146,150,GET,GET /articles (list),32.300000,0.000000,9,12,14,15,20,24,30,39,45,45,45,4863,0,7,8.44744680238268,1.6001999993022764,55.613200000152574,25563.859346082663
1788771146,150,GET,GET /articles/{id} (detail),17.100000,0.000000,8,10,12,13,16,21,28,37,47,47,47,2156,0,6,7.923358859002992,1.5306999994209036,68.13049999982468,2669.477736549165
1788771146,150,POST,[setup] POST /auth/login,0.300000,0.000000,260,260,260,260,260,260,260,260,260,260,260,50,0,240,236.8954580000718,203.27720000022964,269.6783999999752,178.8
1788771146,150,,Aggregated,149.600000,0.000000,9,11,14,15,20,24,31,37,47,47,47,21263,0,7,9.018638226025391,1.5306999994209036,269.6783999999752,23961.867845553308
1788771147,150,GET,GET /articles (anon),98.900000,0.000000,9,12,15,16,21,25,33,36,47,47,47,14295,0,7,8.596856901012643,1.5706999993199133,77.97519999985525,26731.0
1788771147,150,GET,GET /articles (list),32.400000,0.000000,9,12,14,16,20,24,31,39,45,45,45,4898,0,7,8.466504328295343,1.6001999993022764,55.613200000152574,25562.50081665986
1788771147,150,GET,GET /articles/{id} (detail),16.800000,0.000000,8,10,12,14,20,26,30,37,47,47,47,2174,0,6,7.975611315551193,1.5306999994209036,68.13049999982468,2667.813707451702
1788771147,150,POST,[setup] POST /auth/login,0.000000,0.000000,260,260,260,260,260,260,260,260,260,260,260,50,0,240,236.8954580000718,203.27720000022964,269.6783999999752,178.8
1788771147,150,,Aggregated,148.100000,0.000000,9,12,14,16,21,25,32,37,47,47,47,21417,0,7,9.03696873978514,1.5306999994209036,269.6783999999752,23959.169865060467
1788771148,150,GET,GET /articles (anon),99.300000,0.000000,9,12,15,16,21,25,33,36,47,47,47,14398,0,7,8.592447159326179,1.5706999993199133,77.97519999985525,26731.0
1788771148,150,GET,GET /articles (list),32.900000,0.000000,9,12,15,17,22,24,31,39,45,45,45,4934,0,7,8.481055310091131,1.6001999993022764,55.613200000152574,25560.478313741387
1788771148,150,GET,GET /articles/{id} (detail),17.000000,0.000000,8,9,12,14,20,26,30,37,47,47,47,2186,0,6,7.9727442360513185,1.5306999994209036,68.13049999982468,2667.7122598353158
1788771148,150,POST,[setup] POST /auth/login,0.000000,0.000000,260,260,260,260,260,260,260,260,260,260,260,50,0,240,236.8954580000718,203.27720000022964,269.6783999999752,178.8
1788771148,150,,Aggregated,149.200000,0.000000,9,12,14,16,21,25,32,37,47,47,47,21568,0,7,9.03341862481361,1.5306999994209036,269.6783999999752,23962.764141320476
1788771149,150,GET,GET /articles (anon),99.200000,0.000000,9,11,14,15,20,24,29,34,45,45,45,14497,0,7,8.605282899908865,1.5706999993199133,77.97519999985525,26731.0
1788771149,150,GET,GET /articles (list),33.400000,0.000000,9,12,15,17,20,24,29,31,39,39,39,4971,0,7,8.493940736268424,1.6001999993022764,55.613200000152574,25560.014081673708
1788771149,150,GET,GET /articles/{id} (detail),16.400000,0.000000,7,9,11,14,19,24,30,37,47,47,47,2194,0,6,7.976910118509357,1.5306999994209036,68.13049999982468,2668.1923427529628
1788771149,150,POST,[setup] POST /auth/login,0.000000,0.000000,260,260,260,260,260,260,260,260,260,260,260,50,0,240,236.8954580000718,203.27720000022964,269.6783999999752,178.8
1788771149,150,,Aggregated,149.000000,0.000000,9,11,14,16,20,24,29,33,45,47,47,21712,0,7,9.042017285371342,1.5306999994209036,269.6783999999752,23970.2050018423
1788771150,150,GET,GET /articles (anon),98.700000,0.000000,9,12,15,16,21,25,30,35,45,45,45,14596,0,7,8.636056063303942,1.5706999993199133,77.97519999985525,26731.0
1788771150,150,GET,GET /articles (list),32.800000,0.000000,9,13,16,17,21,24,29,31,39,39,39,5010,0,7,8.518097824349196,1.6001999993022764,55.613200000152574,25563.273253493015
1788771150,150,GET,GET /articles/{id} (detail),16.200000,0.000000,8,10,12,15,20,26,30,37,47,47,47,2207,0,6,8.006765065704345,1.5306999994209036,68.13049999982468,2669.0376076121433
1788771150,150,POST,[setup] POST /auth/login,0.000000,0.000000,260,260,260,260,260,260,260,260,260,260,260,50,0,240,236.8954580000718,203.27720000022964,269.6783999999752,178.8
1788771150,150,,Aggregated,147.700000,0.000000,9,12,15,16,21,25,30,34,45,47,47,21863,0,7,9.067522654712853,1.5306999994209036,269.6783999999752,23973.708137035173
1788771151,150,GET,GET /articles (anon),98.800000,0.000000,9,11,14,16,20,24,29,35,45,45,45,14690,0,7,8.649601872020856,1.5706999993199133,77.97519999985525,26731.0
1788771151,150,GET,GET /articles (list),33.700000,0.000000,9,13,16,17,21,24,28,30,39,39,39,5040,0,7,8.532420654760534,1.6001999993022764,55.613200000152574,25562.448412698413
1788771151,150,GET,GET /articles/{id} (detail),15.800000,0.000000,8,10,13,15,21,25,30,37,47,47,47,2221,0,6,8.033562764524126,1.5306999994209036,68.13049999982468,2669.87798289059
1788771151,150,POST,[setup] POST /auth/login,0.000000,0.000000,260,260,260,260,260,260,260,260,260,260,260,50,0,240,236.8954580000718,203.27720000022964,269.6783999999752,178.8
1788771151,150,,Aggregated,148.300000,0.000000,9,12,14,16,20,24,29,34,45,47,47,22001,0,7,9.079285823371277,1.5306999994209036,269.6783999999752,23973.99522748966
1788771152,150,GET,GET /articles (anon),99.800000,0.000000,9,11,14,15,20,23,27,30,43,43,43,14801,0,7,8.664411330315017,1.5706999993199133,77.97519999985525,26731.0
1788771152,150,GET,GET /articles (list),34.300000,0.000000,9,13,16,17,21,23,28,29,35,35,35,5075,0,7,8.559433694580068,1.6001999993022764,55.613200000152574,25563.046896551725
1788771152,150,GET,GET /articles/{id} (detail),15.300000,0.000000,8,10,13,15,20,25,29,30,37,37,37,2241,0,7,8.04917813476476,1.5306999994209036,68.13049999982468,2669.95760821062
1788771152,150,POST,[setup] POST /auth/login,0.000000,0.000000,0,0,0,0,0,0,0,0,0,0,0,50,0,240,236.8954580000718,203.27720000022964,269.6783999999752,178.8
1788771152,150,,Aggregated,149.400000,0.000000,9,12,14,16,20,23,28,30,37,43,43,22167,0,7,9.092978716109446,1.5306999994209036,269.6783999999752,23971.232417557632
1788771153,150,GET,GET /articles (anon),100.000000,0.000000,9,11,14,15,19,23,26,29,36,36,36,14899,0,7,8.67480754413053,1.5706999993199133,77.97519999985525,26731.0
1788771153,150,GET,GET /articles (list),34.700000,0.000000,9,12,14,16,20,23,26,28,35,35,35,5105,0,7,8.56738703231972,1.6001999993022764,55.613200000152574,25562.384133202744
1788771153,150,GET,GET /articles/{id} (detail),14.500000,0.000000,8,11,13,16,21,25,29,29,30,30,30,2255,0,7,8.072551219515391,1.5306999994209036,68.13049999982468,2672.1476718403546
1788771153,150,POST,[setup] POST /auth/login,0.000000,0.000000,0,0,0,0,0,0,0,0,0,0,0,50,0,240,236.8954580000718,203.27720000022964,269.6783999999752,178.8
1788771153,150,,Aggregated,149.200000,0.000000,9,11,14,15,20,23,26,29,36,36,36,22309,0,7,9.100849177462187,1.5306999994209036,269.6783999999752,23972.198350441526
1788771154,150,GET,GET /articles (anon),99.200000,0.000000,9,12,14,15,20,23,26,29,36,36,36,14997,0,7,8.693038180969705,1.5706999993199133,77.97519999985525,26731.0
1788771154,150,GET,GET /articles (list),33.600000,0.000000,9,12,14,16,19,22,26,28,35,35,35,5135,0,7,8.572253184029464,1.6001999993022764,55.613200000152574,25562.613437195716
1788771154,150,GET,GET /articles/{id} (detail),14.900000,0.000000,9,11,13,16,22,25,29,29,30,30,30,2277,0,7,8.102838208171887,1.5306999994209036,68.13049999982468,2671.9222661396575
1788771154,150,POST,[setup] POST /auth/login,0.000000,0.000000,0,0,0,0,0,0,0,0,0,0,0,50,0,240,236.8954580000718,203.27720000022964,269.6783999999752,178.8
1788771154,150,,Aggregated,147.700000,0.000000,9,12,14,16,20,23,26,29,36,36,36,22459,0,7,9.113627018122141,1.5306999994209036,269.6783999999752,23965.52535731778
1788771155,150,GET,GET /articles (anon),99.600000,0.000000,9,12,14,15,20,23,26,29,39,39,39,15095,0,7,8.716910221927733,1.5706999993199133,77.97519999985525,26731.0
1788771155,150,GET,GET /articles (list),34.400000,0.000000,10,12,15,16,20,23,28,28,35,35,35,5174,0,7,8.607600792422472,1.6001999993022764,55.613200000152574,25563.22497100889
1788771155,150,GET,GET /articles/{id} (detail),15.100000,0.000000,9,12,15,18,23,26,29,30,36,36,36,2292,0,7,8.150136387436948,1.5306999994209036,68.13049999982468,2670.9057591623036
1788771155,150,POST,[setup] POST /auth/login,0.000000,0.000000,0,0,0,0,0,0,0,0,0,0,0,50,0,240,236.8954580000718,203.27720000022964,269.6783999999752,178.8
1788771155,150,,Aggregated,149.100000,0.000000,9,12,14,16,20,24,27,29,36,39,39,22611,0,7,9.139019583388714,1.5306999994209036,269.6783999999752,23966.176949272478
1788771156,150,GET,GET /articles (anon),98.800000,0.000000,10,12,15,17,22,25,30,37,50,50,50,15203,0,7,8.774159744787067,1.5706999993199133,77.97519999985525,26731.0
1788771156,150,GET,GET /articles (list),34.100000,0.000000,10,13,15,17,22,26,35,41,52,52,52,5206,0,7,8.673207376103788,1.6001999993022764,55.613200000152574,25564.51229350749
1788771156,150,GET,GET /articles/{id} (detail),14.800000,0.000000,10,13,15,19,23,27,29,30,36,36,36,2308,0,7,8.18346451473445,1.5306999994209036,68.13049999982468,2668.5736568457537
1788771156,150,POST,[setup] POST /auth/login,0.000000,0.000000,0,0,0,0,0,0,0,0,0,0,0,50,0,240,236.8954580000718,203.27720000022964,269.6783999999752,178.8
1788771156,150,,Aggregated,147.700000,0.000000,10,12,15,17,22,26,30,36,51,52,52,22767,0,7,9.192185057320014,1.5306999994209036,269.6783999999752,23966.629419774235
1788771157,150,GET,GET /articles (anon),100.200000,0.000000,10,12,15,17,22,26,32,37,50,50,50,15300,0,7,8.78963439215629,1.5706999993199133,77.97519999985525,26731.0
1788771157,150,GET,GET /articles (list),34.300000,0.000000,10,13,15,17,22,28,36,41,52,52,52,5244,0,7,8.696387433257435,1.6001999993022764,55.613200000152574,25563.653318077802
1788771157,150,GET,GET /articles/{id} (detail),15.400000,0.000000,10,13,14,17,22,27,32,34,36,36,36,2322,0,7,8.212226098193533,1.5306999994209036,68.13049999982468,2669.1838931955213
1788771157,150,POST,[setup] POST /auth/login,0.000000,0.000000,0,0,0,0,0,0,0,0,0,0,0,50,0,240,236.8954580000718,203.27720000022964,269.6783999999752,178.8
1788771157,150,,Aggregated,149.900000,0.000000,10,12,15,17,22,27,33,37,51,52,52,22916,0,7,9.207489256414828,1.5306999994209036,269.6783999999752,23967.833958806073
1788771158,150,GET,GET /articles (anon),99.900000,0.000000,10,12,15,17,22,26,32,37,50,50,50,15397,0,7,8.802073761121893,1.5706999993199133,77.97519999985525,26731.0
1788771158,150,GET,GET /articles (list),33.500000,0.000000,10,13,15,16,22,27,36,41,52,52,52,5274,0,7,8.707017311338767,1.6001999993022764,55.613200000152574,25563.114524080393
1788771158,150,GET,GET /articles/{id} (detail),14.700000,0.000000,10,13,14,16,22,27,29,34,36,36,36,2342,0,7,8.21290111016354,1.5306999994209036,68.13049999982468,2669.00853970965
1788771158,150,POST,[setup] POST /auth/login,0.000000,0.000000,0,0,0,0,0,0,0,0,0,0,0,50,0,240,236.8954580000718,203.27720000022964,269.6783999999752,178.8
1788771158,150,,Aggregated,148.100000,0.000000,10,13,15,17,22,27,33,37,51,52,52,23063,0,7,9.215007861076229,1.5306999994209036,269.6783999999752,23962.920305250835
1788771159,150,GET,GET /articles (anon),100.600000,0.000000,10,12,14,16,22,26,32,37,50,50,50,15498,0,7,8.807576048522112,1.5706999993199133,77.97519999985525,26731.0
1788771159,150,GET,GET /articles (list),33.700000,0.000000,10,13,14,16,22,27,36,41,52,52,52,5307,0,7,8.720072338421302,1.6001999993022764,55.613200000152574,25566.915017900887
1788771159,150,GET,GET /articles/{id} (detail),15.300000,0.000000,10,12,14,15,21,26,28,34,36,36,36,2356,0,7,8.229296010188502,1.5306999994209036,68.13049999982468,2669.1141765704583
1788771159,150,POST,[setup] POST /auth/login,0.000000,0.000000,0,0,0,0,0,0,0,0,0,0,0,50,0,240,236.8954580000718,203.27720000022964,269.6783999999752,178.8
1788771159,150,,Aggregated,149.600000,0.000000,10,12,14,16,22,26,33,37,51,52,52,23211,0,7,9.220207306880582,1.5306999994209036,269.6783999999752,23965.276334496575
1788771160,150,GET,GET /articles (anon),100.600000,0.000000,9,12,14,16,22,26,32,37,50,50,50,15604,0,7,8.814288534990544,1.5706999993199133,77.97519999985525,26731.0
1788771160,150,GET,GET /articles (list),34.700000,0.000000,10,13,14,16,22,27,36,41,52,52,52,5341,0,7,8.71640001872291,1.6001999993022764,55.613200000152574,25566.988017225238
1788771160,150,GET,GET /articles/{id} (detail),15.200000,0.000000,9,12,13,14,21,26,28,34,36,36,36,2368,0,7,8.228401942569244,1.5306999994209036,68.13049999982468,2670.246199324324
1788771160,150,POST,[setup] POST /auth/login,0.000000,0.000000,0,0,0,0,0,0,0,0,0,0,0,50,0,240,236.8954580000718,203.27720000022964,269.6783999999752,178.8
1788771160,150,,Aggregated,150.500000,0.000000,9,12,14,16,21,26,33,37,51,52,52,23363,0,7,9.220651436031286,1.5306999994209036,269.6783999999752,23969.348542567306
1788771161,150,GET,GET /articles (anon),100.000000,0.000000,9,12,14,16,21,25,32,37,50,50,50,15706,0,7,8.824497656945908,1.5706999993199133,77.97519999985525,26731.0
1788771161,150,GET,GET /articles (list),33.100000,0.000000,10,13,14,16,21,26,36,41,52,52,52,5377,0,7,8.73015597916982,1.6001999993022764,55.613200000152574,25564.114933978053
1788771161,150,GET,GET /articles/{id} (detail),15.800000,0.000000,9,12,13,14,20,25,28,34,36,36,36,2385,0,7,8.2335459538796,1.5306999994209036,68.13049999982468,2667.085115303983
1788771161,150,POST,[setup] POST /auth/login,0.000000,0.000000,0,0,0,0,0,0,0,0,0,0,0,50,0,240,236.8954580000718,203.27720000022964,269.6783999999752,178.8
1788771161,150,,Aggregated,148.900000,0.000000,10,12,14,16,21,25,33,37,51,52,52,23518,0,7,9.227884552257631,1.5306999994209036,269.6783999999752,23967.39816310911
1788771162,150,GET,GET /articles (anon),100.200000,0.000000,9,12,14,16,21,26,32,37,50,50,50,15798,0,7,8.829239340422394,1.5706999993199133,77.97519999985525,26731.0
1788771162,150,GET,GET /articles (list),33.300000,0.000000,10,12,14,15,20,26,36,41,52,52,52,5407,0,7,8.735701738486512,1.6001999993022764,55.613200000152574,25565.408359533936
1788771162,150,GET,GET /articles/{id} (detail),15.800000,0.000000,9,12,13,14,20,25,28,34,36,36,36,2401,0,7,8.234535776760335,1.5306999994209036,68.13049999982468,2666.3023740108288
1788771162,150,POST,[setup] POST /auth/login,0.000000,0.000000,0,0,0,0,0,0,0,0,0,0,0,50,0,240,236.8954580000718,203.27720000022964,269.6783999999752,178.8
1788771162,150,,Aggregated,149.300000,0.000000,9,12,14,16,21,26,33,37,51,52,52,23656,0,7,9.229546656239215,1.5306999994209036,269.6783999999752,23965.980427798444
1788771163,150,GET,GET /articles (anon),100.600000,0.000000,9,12,15,16,21,26,32,37,50,50,50,15904,0,7,8.850817178067805,1.5706999993199133,77.97519999985525,26731.0
1788771163,150,GET,GET /articles (list),33.400000,0.000000,10,13,14,16,21,26,36,41,52,52,52,5452,0,7,8.76086711298527,1.6001999993022764,55.613200000152574,25560.690939104916
1788771163,150,GET,GET /articles/{id} (detail),16.500000,0.000000,9,12,14,15,20,23,28,34,36,36,36,2414,0,7,8.265457456504764,1.5306999994209036,68.13049999982468,2666.1172328086163
1788771163,150,POST,[setup] POST /auth/login,0.000000,0.000000,0,0,0,0,0,0,0,0,0,0,0,50,0,240,236.8954580000718,203.27720000022964,269.6783999999752,178.8
1788771163,150,,Aggregated,150.500000,0.000000,10,12,14,16,21,25,33,37,51,52,52,23820,0,7,9.249589886649552,1.5306999994209036,269.6783999999752,23968.583459277917
1788771164,150,GET,GET /articles (anon),99.900000,0.000000,9,12,15,16,21,27,36,42,50,50,50,16011,0,7,8.885582074822974,1.5706999993199133,77.97519999985525,26731.0
1788771164,150,GET,GET /articles (list),33.500000,0.000000,10,13,15,17,23,35,41,46,52,52,52,5493,0,7,8.828128836701119,1.6001999993022764,55.613200000152574,25560.05334061533
1788771164,150,GET,GET /articles/{id} (detail),16.500000,0.000000,9,11,13,14,19,21,28,32,34,34,34,2423,0,7,8.26719719356329,1.5306999994209036,68.13049999982468,2665.7560874948413
1788771164,150,POST,[setup] POST /auth/login,0.000000,0.000000,0,0,0,0,0,0,0,0,0,0,0,50,0,240,236.8954580000718,203.27720000022964,269.6783999999752,178.8
1788771164,150,,Aggregated,149.900000,0.000000,9,12,14,16,21,27,37,41,51,52,52,23977,0,7,9.285405096550761,1.5306999994209036,269.6783999999752,23975.454852567043
1788771165,150,GET,GET /articles (anon),100.300000,0.000000,9,12,15,17,21,27,33,40,50,50,50,16106,0,7,8.906327350055564,1.5706999993199133,77.97519999985525,26731.0
1788771165,150,GET,GET /articles (list),33.500000,0.000000,10,13,16,17,23,30,40,41,52,52,52,5531,0,7,8.848459464834345,1.6001999993022764,55.613200000152574,25563.85445669861
1788771165,150,GET,GET /articles/{id} (detail),16.100000,0.000000,9,11,13,14,19,21,26,32,34,34,34,2436,0,7,8.288730213466291,1.5306999994209036,68.13049999982468,2667.925697865353
1788771165,150,POST,[setup] POST /auth/login,0.000000,0.000000,0,0,0,0,0,0,0,0,0,0,0,50,0,240,236.8954580000718,203.27720000022964,269.6783999999752,178.8
1788771165,150,,Aggregated,149.900000,0.000000,9,12,15,16,21,27,36,41,51,52,52,24123,0,7,9.303248240268688,1.5306999994209036,269.6783999999752,23978.40948472412
1788771166,150,GET,GET /articles (anon),100.600000,0.000000,9,12,14,15,20,23,29,32,50,50,50,16211,0,7,8.91257744741217,1.5706999993199133,77.97519999985525,26731.0
1788771166,150,GET,GET /articles (list),33.900000,0.000000,9,12,14,16,20,24,36,40,46,46,46,5563,0,7,8.853121894660982,1.6001999993022764,55.613200000152574,25564.477799748336
1788771166,150,GET,GET /articles/{id} (detail),15.500000,0.000000,8,10,12,13,19,21,24,26,28,28,28,2449,0,7,8.294936790528483,1.5306999994209036,68.13049999982468,2667.75541037158
1788771166,150,POST,[setup] POST /auth/login,0.000000,0.000000,0,0,0,0,0,0,0,0,0,0,0,50,0,240,236.8954580000718,203.27720000022964,269.6783999999752,178.8
1788771166,150,,Aggregated,150.000000,0.000000,9,12,14,15,20,23,29,36,46,50,50,24273,0,7,9.30625728999324,1.5306999994209036,269.6783999999752,23981.119103530673
1788771167,150,GET,GET /articles (anon),99.600000,0.000000,9,12,14,16,20,23,29,32,50,50,50,16308,0,7,8.921785608290397,1.5706999993199133,77.97519999985525,26731.0
1788771167,150,GET,GET /articles (list),35.100000,0.000000,9,13,14,16,20,24,36,40,46,46,46,5606,0,7,8.863707224401912,1.6001999993022764,55.613200000152574,25563.294684266857
1788771167,150,GET,GET /articles/{id} (detail),14.300000,0.000000,8,10,12,13,19,21,24,26,28,28,28,2464,0,7,8.296654180196658,1.5306999994209036,68.13049999982468,2669.3425324675327
1788771167,150,POST,[setup] POST /auth/login,0.000000,0.000000,0,0,0,0,0,0,0,0,0,0,0,50,0,240,236.8954580000718,203.27720000022964,269.6783999999752,178.8
1788771167,150,,Aggregated,149.000000,0.000000,9,12,14,15,20,23,29,36,46,50,50,24428,0,7,9.312025184215056,1.5306999994209036,269.6783999999752,23981.62673980678
1788771168,150,GET,GET /articles (anon),100.500000,0.000000,9,12,14,15,20,23,29,32,50,50,50,16406,0,7,8.92225590028043,1.5706999993199133,77.97519999985525,26731.0
1788771168,150,GET,GET /articles (list),36.100000,0.000000,9,12,14,16,20,24,35,40,46,46,46,5640,0,7,8.864250939715788,1.6001999993022764,55.613200000152574,25567.312056737588
1788771168,150,GET,GET /articles/{id} (detail),14.700000,0.000000,8,10,12,13,19,21,24,26,28,28,28,2478,0,7,8.291990839388026,1.5306999994209036,68.13049999982468,2670.7203389830506
1788771168,150,POST,[setup] POST /auth/login,0.000000,0.000000,0,0,0,0,0,0,0,0,0,0,0,50,0,240,236.8954580000718,203.27720000022964,269.6783999999752,178.8
1788771168,150,,Aggregated,151.300000,0.000000,9,12,14,15,20,23,29,36,46,50,50,24574,0,7,9.309238699438646,1.5306999994209036,269.6783999999752,23983.69866525596
1788771169,150,GET,GET /articles (anon),100.400000,0.000000,9,12,14,16,21,24,30,32,50,50,50,16515,0,7,8.93303556161071,1.5706999993199133,77.97519999985525,26731.0
1788771169,150,GET,GET /articles (list),35.500000,0.000000,9,12,14,16,20,24,35,40,46,46,46,5676,0,7,8.86952077166905,1.6001999993022764,55.613200000152574,25566.988372093023
1788771169,150,GET,GET /articles/{id} (detail),14.100000,0.000000,8,10,12,13,19,21,24,26,28,28,28,2495,0,7,8.310546813627953,1.5306999994209036,68.13049999982468,2672.7206412825653
1788771169,150,POST,[setup] POST /auth/login,0.000000,0.000000,0,0,0,0,0,0,0,0,0,0,0,50,0,240,236.8954580000718,203.27720000022964,269.6783999999752,178.8
1788771169,150,,Aggregated,150.000000,0.000000,9,12,14,15,20,24,30,36,46,50,50,24736,0,7,9.31646464262614,1.5306999994209036,269.6783999999752,23983.589464747736
1788771170,150,GET,GET /articles (anon),100.800000,0.000000,9,12,14,16,21,25,31,36,50,50,50,16616,0,7,8.947498898651679,1.5706999993199133,77.97519999985525,26731.0
1788771170,150,GET,GET /articles (list),36.400000,0.000000,9,13,15,16,21,29,39,41,46,46,46,5715,0,7,8.905376342956446,1.6001999993022764,55.613200000152574,25568.538932633423
1788771170,150,GET,GET /articles/{id} (detail),13.500000,0.000000,9,11,13,14,19,21,26,28,32,32,32,2507,0,7,8.333981970481712,1.5306999994209036,68.13049999982468,2671.579178300758
1788771170,150,POST,[setup] POST /auth/login,0.000000,0.000000,0,0,0,0,0,0,0,0,0,0,0,50,0,240,236.8954580000718,203.27720000022964,269.6783999999752,178.8
1788771170,150,,Aggregated,150.700000,0.000000,9,12,14,16,21,25,32,39,46,50,50,24888,0,7,9.333973529411528,1.5306999994209036,269.6783999999752,23987.185993249757
1788771171,150,GET,GET /articles (anon),101.800000,0.000000,9,12,14,16,21,25,31,36,50,50,50,16716,0,7,8.950869358698021,1.5706999993199133,77.97519999985525,26731.0
1788771171,150,GET,GET /articles (list),36.800000,0.000000,9,13,15,16,21,29,39,41,46,46,46,5750,0,7,8.912523739130215,1.6001999993022764,55.613200000152574,25568.56852173913
1788771171,150,GET,GET /articles/{id} (detail),13.800000,0.000000,9,11,13,14,19,21,26,28,32,32,32,2521,0,7,8.330483498610885,1.5306999994209036,68.13049999982468,2672.4478381594604
1788771171,150,POST,[setup] POST /auth/login,0.000000,0.000000,0,0,0,0,0,0,0,0,0,0,0,50,0,240,236.8954580000718,203.27720000022964,269.6783999999752,178.8
1788771171,150,,Aggregated,152.400000,0.000000,9,12,14,16,21,25,32,39,46,50,50,25037,0,7,9.334811099572509,1.5306999994209036,269.6783999999752,23988.530814394697
1788771172,150,GET,GET /articles (anon),100.400000,0.000000,9,12,14,16,21,26,31,36,50,50,50,16816,0,7,8.978020058277842,1.5706999993199133,77.97519999985525,26731.0
1788771172,150,GET,GET /articles (list),36.500000,0.000000,10,13,15,17,22,29,39,41,46,46,46,5788,0,7,8.937911834830283,1.6001999993022764,55.613200000152574,25566.062024879062
1788771172,150,GET,GET /articles/{id} (detail),13.800000,0.000000,9,11,12,13,19,21,28,30,32,32,32,2532,0,7,8.344404462873552,1.5306999994209036,68.13049999982468,2671.920616113744
1788771172,150,POST,[setup] POST /auth/login,0.000000,0.000000,0,0,0,0,0,0,0,0,0,0,0,50,0,240,236.8954580000718,203.27720000022964,269.6783999999752,178.8
1788771172,150,,Aggregated,150.700000,0.000000,9,12,14,16,21,26,33,39,46,50,50,25186,0,7,9.35757261970928,1.5306999994209036,269.6783999999752,23991.86476613992
1788771173,150,GET,GET /articles (anon),100.600000,0.000000,9,12,14,16,21,26,31,36,50,50,50,16916,0,7,8.99238619058898,1.5706999993199133,77.97519999985525,26731.0
1788771173,150,GET,GET /articles (list),37.000000,0.000000,10,13,15,16,21,29,39,41,46,46,46,5820,0,7,8.94722881443302,1.6001999993022764,55.613200000152574,25566.873711340206
1788771173,150,GET,GET /articles/{id} (detail),13.100000,0.000000,9,11,13,14,19,21,28,30,32,32,32,2543,0,7,8.361126504127764,1.5306999994209036,68.13049999982468,2671.8281557215887
1788771173,150,POST,[setup] POST /auth/login,0.000000,0.000000,0,0,0,0,0,0,0,0,0,0,0,50,0,240,236.8954580000718,203.27720000022964,269.6783999999752,178.8
1788771173,150,,Aggregated,150.700000,0.000000,9,12,14,16,21,26,33,39,46,50,50,25329,0,7,9.368518066248352,1.5306999994209036,269.6783999999752,23995.586087093845
1788771174,150,GET,GET /articles (anon),100.900000,0.000000,9,12,14,16,21,25,29,31,40,40,40,17021,0,7,9.007909153398929,1.5706999993199133,77.97519999985525,26731.0
1788771174,150,GET,GET /articles (list),37.700000,0.000000,10,12,14,15,20,24,30,36,44,44,44,5854,0,7,8.95960553467723,1.6001999993022764,55.613200000152574,25569.172019132217
1788771174,150,GET,GET /articles/{id} (detail),12.900000,0.000000,9,11,13,14,19,21,28,30,32,32,32,2559,0,7,8.37479843688898,1.5306999994209036,68.13049999982468,2671.8257131692067
1788771174,150,POST,[setup] POST /auth/login,0.000000,0.000000,0,0,0,0,0,0,0,0,0,0,0,50,0,240,236.8954580000718,203.27720000022964,269.6783999999752,178.8
1788771174,150,,Aggregated,151.500000,0.000000,9,12,14,16,20,24,29,32,42,44,44,25484,0,7,9.380357659708315,1.5306999994209036,269.6783999999752,23996.092685606654
1788771175,150,GET,GET /articles (anon),100.900000,0.000000,9,12,14,16,21,24,30,32,40,40,40,17120,0,7,9.034323498832203,1.5706999993199133,77.97519999985525,26731.0
1788771175,150,GET,GET /articles (list),37.800000,0.000000,9,12,14,15,21,24,31,36,44,44,44,5891,0,7,8.982649889662726,1.6001999993022764,55.613200000152574,25571.038193855034
1788771175,150,GET,GET /articles/{id} (detail),13.200000,0.000000,9,12,13,14,18,20,26,30,32,32,32,2581,0,7,8.407952111583981,1.5306999994209036,68.13049999982468,2669.3638124757845
1788771175,150,POST,[setup] POST /auth/login,0.000000,0.000000,0,0,0,0,0,0,0,0,0,0,0,50,0,240,236.8954580000718,203.27720000022964,269.6783999999752,178.8
1788771175,150,,Aggregated,151.900000,0.000000,9,12,14,16,20,24,30,33,42,44,44,25642,0,7,9.40371679666223,1.5306999994209036,269.6783999999752,23990.80703533266
1788771176,150,GET,GET /articles (anon),100.400000,0.000000,9,12,15,16,21,25,30,32,40,40,40,17216,0,7,9.044163539730983,1.5706999993199133,77.97519999985525,26731.0
1788771176,150,GET,GET /articles (list),37.500000,0.000000,9,12,14,16,21,25,33,36,44,44,44,5926,0,7,8.99539498818852,1.6001999993022764,55.613200000152574,25573.161997975025
1788771176,150,GET,GET /articles/{id} (detail),13.400000,0.000000,9,12,14,15,18,21,26,30,32,32,32,2593,0,7,8.416417894330316,1.5306999994209036,68.13049999982468,2671.1338218279984
1788771176,150,POST,[setup] POST /auth/login,0.000000,0.000000,0,0,0,0,0,0,0,0,0,0,0,50,0,240,236.8954580000718,203.27720000022964,269.6783999999752,178.8
1788771176,150,,Aggregated,151.300000,0.000000,9,12,14,16,20,24,30,33,42,44,44,25785,0,7,9.411656959473211,1.5306999994209036,269.6783999999752,23993.897382198953
1788771177,150,GET,GET /articles (anon),100.900000,0.000000,10,13,15,17,21,25,31,33,40,40,40,17317,0,7,9.055871935092886,1.5706999993199133,77.97519999985525,26731.0
1788771177,150,GET,GET /articles (list),36.200000,0.000000,10,12,14,16,21,26,33,36,44,44,44,5958,0,7,9.002706864720983,1.6001999993022764,55.613200000152574,25575.089627391742
1788771177,150,GET,GET /articles/{id} (detail),13.900000,0.000000,9,12,14,15,18,21,26,30,32,32,32,2607,0,7,8.4141172228608,1.5306999994209036,68.13049999982468,2672.528576908324
1788771177,150,POST,[setup] POST /auth/login,0.000000,0.000000,0,0,0,0,0,0,0,0,0,0,0,50,0,240,236.8954580000718,203.27720000022964,269.6783999999752,178.8
1788771177,150,,Aggregated,151.000000,0.000000,10,12,15,16,21,25,31,33,42,44,44,25932,0,7,9.418442013728743,1.5306999994209036,269.6783999999752,23995.578165972544
1788771178,150,GET,GET /articles (anon),99.800000,0.000000,10,13,15,17,21,25,30,33,40,40,40,17415,0,7,9.069938007464858,1.5706999993199133,77.97519999985525,26731.0
1788771178,150,GET,GET /articles (list),35.500000,0.000000,10,12,14,16,21,26,33,36,44,44,44,5997,0,7,9.021628247458565,1.6001999993022764,55.613200000152574,25575.093546773387
1788771178,150,GET,GET /articles/{id} (detail),14.200000,0.000000,9,12,15,15,18,22,26,30,32,32,32,2619,0,7,8.433680068728204,1.5306999994209036,68.13049999982468,2673.969835815197
1788771178,150,POST,[setup] POST /auth/login,0.000000,0.000000,0,0,0,0,0,0,0,0,0,0,0,50,0,240,236.8954580000718,203.27720000022964,269.6783999999752,178.8
1788771178,150,,Aggregated,149.500000,0.000000,10,13,15,16,21,25,30,34,42,44,44,26081,0,7,9.431703385606886,1.5306999994209036,269.6783999999752,23998.55327633143
1788771179,150,GET,GET /articles (anon),100.200000,0.000000,10,13,15,17,20,24,30,33,40,40,40,17516,0,7,9.074312297328355,1.5706999993199133,77.97519999985525,26731.0
1788771179,150,GET,GET /articles (list),35.700000,0.000000,10,13,15,16,21,25,33,36,44,44,44,6029,0,7,9.029512108145136,1.6001999993022764,55.613200000152574,25574.948747719358
1788771179,150,GET,GET /articles/{id} (detail),14.300000,0.000000,9,12,14,15,18,21,25,26,30,30,30,2628,0,7,8.434598858446938,1.5306999994209036,68.13049999982468,2673.012937595129
1788771179,150,POST,[setup] POST /auth/login,0.000000,0.000000,0,0,0,0,0,0,0,0,0,0,0,50,0,240,236.8954580000718,203.27720000022964,269.6783999999752,178.8
1788771179,150,,Aggregated,150.200000,0.000000,10,13,15,16,20,24,30,34,42,44,44,26223,0,7,9.43429361247811,1.5306999994209036,269.6783999999752,24003.553369179728
1788771180,150,GET,GET /articles (anon),100.300000,0.000000,10,13,16,17,21,25,28,32,38,38,38,17619,0,7,9.10005605880014,1.5706999993199133,77.97519999985525,26731.0
1788771180,150,GET,GET /articles (list),35.100000,0.000000,10,13,15,16,21,25,29,32,45,45,45,6070,0,7,9.061896902801642,1.6001999993022764,55.613200000152574,25576.83064250412
1788771180,150,GET,GET /articles/{id} (detail),14.300000,0.000000,9,12,15,15,18,22,26,27,30,30,30,2642,0,7,8.457015442845321,1.5306999994209036,68.13049999982468,2667.576078728236
1788771180,150,POST,[setup] POST /auth/login,0.000000,0.000000,0,0,0,0,0,0,0,0,0,0,0,50,0,240,236.8954580000718,203.27720000022964,269.6783999999752,178.8
1788771180,150,,Aggregated,149.700000,0.000000,10,13,15,17,21,25,28,32,38,45,45,26381,0,7,9.458618308631493,1.5306999994209036,269.6783999999752,24005.21310791858
1788771181,150,GET,GET /articles (anon),99.700000,0.000000,10,13,16,17,21,24,28,31,38,38,38,17712,0,7,9.104681718609019,1.5706999993199133,77.97519999985525,26731.0
1788771181,150,GET,GET /articles (list),35.600000,0.000000,10,13,15,16,21,25,29,32,45,45,45,6104,0,7,9.072979800131717,1.6001999993022764,55.613200000152574,25575.78620576671
1788771181,150,GET,GET /articles/{id} (detail),13.400000,0.000000,9,13,15,15,19,22,26,27,30,30,30,2651,0,7,8.448302451904095,1.5306999994209036,68.13049999982468,2667.984156921916
1788771181,150,POST,[setup] POST /auth/login,0.000000,0.000000,0,0,0,0,0,0,0,0,0,0,0,50,0,240,236.8954580000718,203.27720000022964,269.6783999999752,178.8
1788771181,150,,Aggregated,148.700000,0.000000,10,13,15,17,21,25,28,31,38,45,45,26517,0,7,9.461281970057293,1.5306999994209036,269.6783999999752,24009.346343854886
1788771182,150,GET,GET /articles (anon),99.300000,0.000000,10,13,15,17,20,24,28,32,38,38,38,17815,0,7,9.112848099915816,1.5706999993199133,77.97519999985525,26731.0
1788771182,150,GET,GET /articles (list),34.800000,0.000000,10,13,14,16,21,25,29,32,45,45,45,6140,0,7,9.083260586319602,1.6001999993022764,55.613200000152574,25576.825244299675
1788771182,150,GET,GET /articles/{id} (detail),13.500000,0.000000,9,12,15,15,19,21,24,25,27,27,27,2666,0,7,8.460097974492914,1.5306999994209036,68.13049999982468,2667.350337584396
1788771182,150,POST,[setup] POST /auth/login,0.000000,0.000000,0,0,0,0,0,0,0,0,0,0,0,50,0,240,236.8954580000718,203.27720000022964,269.6783999999752,178.8
1788771182,150,,Aggregated,147.600000,0.000000,10,13,15,16,20,24,28,31,38,45,45,26671,0,7,9.467811593116318,1.5306999994209036,269.6783999999752,24010.14465149413
1788771183,150,GET,GET /articles (anon),98.400000,0.000000,10,13,15,17,20,24,28,32,38,38,38,17910,0,7,9.120535315466183,1.5706999993199133,77.97519999985525,26731.0
1788771183,150,GET,GET /articles (list),34.600000,0.000000,10,13,14,16,21,25,29,32,45,45,45,6176,0,8,9.08944820272037,1.6001999993022764,55.613200000152574,25574.142325129535
1788771183,150,GET,GET /articles/{id} (detail),13.400000,0.000000,9,12,14,15,18,21,24,25,27,27,27,2679,0,7,8.464326539754001,1.5306999994209036,68.13049999982468,2666.2937663307202
1788771183,150,POST,[setup] POST /auth/login,0.000000,0.000000,0,0,0,0,0,0,0,0,0,0,0,50,0,240,236.8954580000718,203.27720000022964,269.6783999999752,178.8
1788771183,150,,Aggregated,146.400000,0.000000,10,13,15,16,20,24,28,31,38,45,45,26815,0,7,9.472531169121977,1.5306999994209036,269.6783999999752,24010.81685623718
1788771184,150,GET,GET /articles (anon),99.000000,0.000000,10,13,15,16,20,24,27,30,38,38,38,18012,0,7,9.13120946591158,1.5706999993199133,77.97519999985525,26731.0
1788771184,150,GET,GET /articles (list),35.000000,0.000000,9,13,14,16,20,25,29,32,45,45,45,6213,0,8,9.092554740061288,1.6001999993022764,55.613200000152574,25572.86850152905
1788771184,150,GET,GET /articles/{id} (detail),13.200000,0.000000,8,12,14,15,18,21,24,25,27,27,27,2690,0,7,8.473367992565663,1.5306999994209036,68.13049999982468,2666.113011152416
1788771184,150,POST,[setup] POST /auth/login,0.000000,0.000000,0,0,0,0,0,0,0,0,0,0,0,50,0,240,236.8954580000718,203.27720000022964,269.6783999999752,178.8
1788771184,150,,Aggregated,147.200000,0.000000,9,13,15,16,20,24,28,30,38,45,45,26965,0,7,9.47901058038221,1.5306999994209036,269.6783999999752,24014.23282032264
1788771185,150,GET,GET /articles (anon),98.900000,0.000000,10,13,15,17,20,24,29,32,42,42,42,18115,0,7,9.156244648081943,1.5706999993199133,77.97519999985525,26731.0
1788771185,150,GET,GET /articles (list),34.700000,0.000000,10,13,15,17,22,28,32,34,45,45,45,6251,0,8,9.139851895697289,1.6001999993022764,55.613200000152574,25572.398976163815
1788771185,150,GET,GET /articles/{id} (detail),13.300000,0.000000,8,12,15,16,20,22,25,27,33,33,33,2703,0,7,8.503205660378367,1.5306999994209036,68.13049999982468,2666.455789863115
1788771185,150,POST,[setup] POST /auth/login,0.000000,0.000000,0,0,0,0,0,0,0,0,0,0,0,50,0,240,236.8954580000718,203.27720000022964,269.6783999999752,178.8
1788771185,150,,Aggregated,146.900000,0.000000,10,13,15,16,21,25,30,33,42,45,45,27119,0,7,9.507265157270378,1.5306999994209036,269.6783999999752,24016.42763376231
1788771186,150,GET,GET /articles (anon),99.400000,0.000000,10,13,15,17,22,25,30,33,50,50,50,18209,0,7,9.178149003240472,1.5706999993199133,77.97519999985525,26731.0
1788771186,150,GET,GET /articles (list),34.900000,0.000000,10,13,15,17,22,28,33,36,49,49,49,6286,0,8,9.163653086224002,1.6001999993022764,55.613200000152574,25570.870664969774
1788771186,150,GET,GET /articles/{id} (detail),13.000000,0.000000,9,12,15,16,20,22,26,27,33,33,33,2719,0,7,8.520989113645651,1.5306999994209036,68.13049999982468,2663.742552408974
1788771186,150,POST,[setup] POST /auth/login,0.000000,0.000000,0,0,0,0,0,0,0,0,0,0,0,50,0,240,236.8954580000718,203.27720000022964,269.6783999999752,178.8
1788771186,150,,Aggregated,147.300000,0.000000,10,13,15,17,21,25,31,34,50,50,50,27264,0,7,9.526884565728322,1.5306999994209036,269.6783999999752,24014.63204225352
1788771187,150,GET,GET /articles (anon),99.200000,0.000000,10,13,15,17,21,25,31,33,50,50,50,18312,0,7,9.191697335081257,1.5706999993199133,77.97519999985525,26731.0
1788771187,150,GET,GET /articles (list),36.100000,0.000000,10,14,15,17,22,28,33,36,49,49,49,6317,0,8,9.186060044325373,1.6001999993022764,55.613200000152574,25570.271489631155
1788771187,150,GET,GET /articles/{id} (detail),13.000000,0.000000,10,13,15,16,20,21,27,28,33,33,33,2736,0,7,8.552564144737483,1.5306999994209036,68.13049999982468,2663.903874269006
1788771187,150,POST,[setup] POST /auth/login,0.000000,0.000000,0,0,0,0,0,0,0,0,0,0,0,50,0,240,236.8954580000718,203.27720000022964,269.6783999999752,178.8
1788771187,150,,Aggregated,148.300000,0.000000,10,13,15,17,21,26,31,34,50,50,50,27415,0,7,9.541903749772665,1.5306999994209036,269.6783999999752,24013.235746853912
1788771188,150,GET,GET /articles (anon),98.900000,0.000000,10,13,15,17,21,25,31,33,50,50,50,18412,0,7,9.200543743211103,1.5706999993199133,77.97519999985525,26731.0
1788771188,150,GET,GET /articles (list),36.700000,0.000000,10,14,15,17,22,28,33,36,49,49,49,6347,0,8,9.188759476918817,1.6001999993022764,55.613200000152574,25570.92610682212
1788771188,150,GET,GET /articles/{id} (detail),12.100000,0.000000,10,13,15,16,20,22,27,28,33,33,33,2751,0,7,8.561139440204478,1.5306999994209036,68.13049999982468,2665.0250817884407
1788771188,150,POST,[setup] POST /auth/login,0.000000,0.000000,0,0,0,0,0,0,0,0,0,0,0,50,0,240,236.8954580000718,203.27720000022964,269.6783999999752,178.8
1788771188,150,,Aggregated,147.700000,0.000000,10,13,15,17,21,25,31,33,50,50,50,27560,0,7,9.547094894775524,1.5306999994209036,269.6783999999752,24013.434833091436
1788771189,150,GET,GET /articles (anon),98.700000,0.000000,10,13,15,17,21,25,31,33,50,50,50,18503,0,7,9.20704177160446,1.5706999993199133,77.97519999985525,26731.0
1788771189,150,GET,GET /articles (list),35.800000,0.000000,11,14,15,17,22,28,33,36,49,49,49,6384,0,8,9.207394533208564,1.6001999993022764,55.613200000152574,25568.25
1788771189,150,GET,GET /articles/{id} (detail),12.600000,0.000000,10,13,15,16,20,22,27,28,33,33,33,2767,0,7,8.563624250089749,1.5306999994209036,68.13049999982468,2664.693892302132
1788771189,150,POST,[setup] POST /auth/login,0.000000,0.000000,0,0,0,0,0,0,0,0,0,0,0,50,0,240,236.8954580000718,203.27720000022964,269.6783999999752,178.8
1788771189,150,,Aggregated,147.100000,0.000000,10,13,15,17,21,25,31,33,50,50,50,27704,0,7,9.553790853306502,1.5306999994209036,269.6783999999752,24011.46220762345
1788771190,150,GET,GET /articles (anon),97.700000,0.000000,9,12,15,16,20,23,31,33,50,50,50,18606,0,7,9.205272723852222,1.5706999993199133,77.97519999985525,26731.0
1788771190,150,GET,GET /articles (list),35.300000,0.000000,10,14,15,17,21,26,32,34,49,49,49,6423,0,8,9.20547152421041,1.6001999993022764,55.613200000152574,25569.415382220148
1788771190,150,GET,GET /articles/{id} (detail),12.900000,0.000000,9,12,15,15,20,21,26,28,33,33,33,2783,0,7,8.577631764283517,1.5306999994209036,68.13049999982468,2666.5781530722243
1788771190,150,POST,[setup] POST /auth/login,0.000000,0.000000,0,0,0,0,0,0,0,0,0,0,0,50,0,240,236.8954580000718,203.27720000022964,269.6783999999752,178.8
1788771190,150,,Aggregated,145.900000,0.000000,10,13,15,16,20,23,30,33,50,50,50,27862,0,7,9.551229990668414,1.5306999994209036,269.6783999999752,24011.893187854424
1788771191,150,GET,GET /articles (anon),97.700000,0.000000,10,12,15,16,20,23,31,33,50,50,50,18697,0,7,9.213249970583423,1.5706999993199133,77.97519999985525,26731.0
1788771191,150,GET,GET /articles (list),34.400000,0.000000,10,14,15,17,21,26,32,34,49,49,49,6453,0,8,9.218578692082083,1.6001999993022764,55.613200000152574,25569.35952270262
1788771191,150,GET,GET /articles/{id} (detail),13.600000,0.000000,10,12,15,15,20,21,25,28,33,33,33,2805,0,7,8.583870802139376,1.5306999994209036,68.13049999982468,2669.1475935828876
1788771191,150,POST,[setup] POST /auth/login,0.000000,0.000000,0,0,0,0,0,0,0,0,0,0,0,50,0,240,236.8954580000718,203.27720000022964,269.6783999999752,178.8
1788771191,150,,Aggregated,145.700000,0.000000,10,13,15,16,20,24,30,33,50,50,50,28005,0,7,9.557941564006754,1.5306999994209036,269.6783999999752,24005.873344045707
1788771192,150,GET,GET /articles (anon),98.800000,0.000000,10,12,14,16,20,23,30,32,50,50,50,18803,0,8,9.225489831409805,1.5706999993199133,77.97519999985525,26731.0
1788771192,150,GET,GET /articles (list),35.400000,0.000000,10,14,15,17,21,26,32,34,49,49,49,6483,0,8,9.230239426192641,1.6001999993022764,55.613200000152574,25567.4075273793
1788771192,150,GET,GET /articles/{id} (detail),13.800000,0.000000,10,12,15,15,20,22,26,28,33,33,33,2819,0,7,8.592511316069738,1.5306999994209036,68.13049999982468,2669.675771550195
1788771192,150,POST,[setup] POST /auth/login,0.000000,0.000000,0,0,0,0,0,0,0,0,0,0,0,50,0,240,236.8954580000718,203.27720000022964,269.6783999999752,178.8
1788771192,150,,Aggregated,148.000000,0.000000,10,13,15,16,20,24,30,33,50,50,50,28155,0,7,9.56752228023478,1.5306999994209036,269.6783999999752,24006.792825430653
1788771193,150,GET,GET /articles (anon),99.300000,0.000000,10,12,14,16,20,25,31,34,50,50,50,18905,0,8,9.23832953715937,1.5706999993199133,77.97519999985525,26731.0
1788771193,150,GET,GET /articles (list),35.900000,0.000000,10,14,15,18,22,28,33,36,49,49,49,6512,0,8,9.24057817874845,1.6001999993022764,55.613200000152574,25569.188728501227
1788771193,150,GET,GET /articles/{id} (detail),14.400000,0.000000,9,11,15,15,20,24,28,39,44,44,44,2842,0,7,8.609751759324494,1.5306999994209036,68.13049999982468,2666.722730471499
1788771193,150,POST,[setup] POST /auth/login,0.000000,0.000000,0,0,0,0,0,0,0,0,0,0,0,50,0,240,236.8954580000718,203.27720000022964,269.6783999999752,178.8
1788771193,150,,Aggregated,149.600000,0.000000,10,12,15,16,21,26,32,35,50,50,50,28309,0,7,9.577835755413899,1.5306999994209036,269.6783999999752,24000.984775159843
1788771194,150,GET,GET /articles (anon),98.000000,0.000000,10,12,14,16,20,25,31,33,50,50,50,19005,0,8,9.25641853196516,1.5706999993199133,77.97519999985525,26731.0
1788771194,150,GET,GET /articles (list),34.600000,0.000000,10,14,15,17,21,26,31,33,49,49,49,6544,0,8,9.258054462103898,1.6001999993022764,55.613200000152574,25570.386460880196
1788771194,150,GET,GET /articles/{id} (detail),15.300000,0.000000,9,11,14,15,20,24,28,39,44,44,44,2859,0,7,8.638717978314796,1.5306999994209036,68.13049999982468,2668.769150052466
1788771194,150,POST,[setup] POST /auth/login,0.000000,0.000000,0,0,0,0,0,0,0,0,0,0,0,50,0,240,236.8954580000718,203.27720000022964,269.6783999999752,178.8
1788771194,150,,Aggregated,147.900000,0.000000,10,12,15,16,20,25,31,33,50,50,50,28458,0,8,9.594694293344983,1.5306999994209036,269.6783999999752,24000.077834000986
1788771195,150,GET,GET /articles (anon),99.000000,0.000000,10,12,14,16,20,24,30,34,50,50,50,19104,0,8,9.260810296272917,1.5706999993199133,77.97519999985525,26731.0
1788771195,150,GET,GET /articles (list),34.500000,0.000000,10,14,15,17,21,25,31,33,49,49,49,6588,0,8,9.268114298725566,1.6001999993022764,55.613200000152574,25571.09729811779
1788771195,150,GET,GET /articles/{id} (detail),15.400000,0.000000,9,11,14,15,19,24,28,39,44,44,44,2872,0,7,8.63883934540426,1.5306999994209036,68.13049999982468,2667.2952646239555
1788771195,150,POST,[setup] POST /auth/login,0.000000,0.000000,0,0,0,0,0,0,0,0,0,0,0,50,0,240,236.8954580000718,203.27720000022964,269.6783999999752,178.8
1788771195,150,,Aggregated,148.900000,0.000000,10,12,14,16,20,25,30,34,50,50,50,28614,0,8,9.597832403718703,1.5306999994209036,269.6783999999752,24002.265499405887
1788771196,150,GET,GET /articles (anon),98.300000,0.000000,9,12,14,15,19,23,28,32,43,43,43,19201,0,8,9.268542419665396,1.5706999993199133,77.97519999985525,26731.0
1788771196,150,GET,GET /articles (list),33.400000,0.000000,10,13,15,17,21,25,29,32,43,43,43,6619,0,8,9.276228372866479,1.6001999993022764,55.613200000152574,25569.83834416075
1788771196,150,GET,GET /articles/{id} (detail),16.400000,0.000000,9,11,13,15,19,22,25,39,44,44,44,2888,0,7,8.651253497231012,1.5306999994209036,68.13049999982468,2666.832409972299
1788771196,150,POST,[setup] POST /auth/login,0.000000,0.000000,0,0,0,0,0,0,0,0,0,0,0,50,0,240,236.8954580000718,203.27720000022964,269.6783999999752,178.8
1788771196,150,,Aggregated,148.100000,0.000000,9,12,14,15,20,23,28,32,43,44,44,28758,0,8,9.604083441129628,1.5306999994209036,269.6783999999752,24000.954273593434
1788771197,150,GET,GET /articles (anon),98.300000,0.000000,9,12,14,15,20,24,32,40,51,51,51,19298,0,8,9.292418514872026,1.5706999993199133,77.97519999985525,26731.0
1788771197,150,GET,GET /articles (list),33.100000,0.000000,10,13,14,17,21,25,30,33,47,47,47,6650,0,8,9.285009804511388,1.6001999993022764,55.613200000152574,25571.606315789475
1788771197,150,GET,GET /articles/{id} (detail),16.600000,0.000000,9,10,12,14,19,23,25,39,44,44,44,2907,0,7,8.650470347439581,1.5306999994209036,68.13049999982468,2666.3384932920535
1788771197,150,POST,[setup] POST /auth/login,0.000000,0.000000,0,0,0,0,0,0,0,0,0,0,0,50,0,240,236.8954580000718,203.27720000022964,269.6783999999752,178.8
1788771197,150,,Aggregated,148.000000,0.000000,9,12,14,15,20,24,31,40,51,51,51,28905,0,8,9.619861542986067,1.5306999994209036,269.6783999999752,23998.13201868189
1788771198,150,GET,GET /articles (anon),98.900000,0.000000,9,12,14,16,20,26,35,40,51,51,51,19401,0,8,9.309330905623206,1.5706999993199133,77.97519999985525,26731.0
1788771198,150,GET,GET /articles (list),32.500000,0.000000,10,13,15,17,21,27,32,42,47,47,47,6688,0,8,9.30834373504725,1.6001999993022764,55.613200000152574,25570.89249401914
1788771198,150,GET,GET /articles/{id} (detail),17.300000,0.000000,8,11,13,15,19,23,25,39,44,44,44,2916,0,7,8.66125867627088,1.5306999994209036,68.13049999982468,2665.182098765432
1788771198,150,POST,[setup] POST /auth/login,0.000000,0.000000,0,0,0,0,0,0,0,0,0,0,0,50,0,240,236.8954580000718,203.27720000022964,269.6783999999752,178.8
1788771198,150,,Aggregated,148.700000,0.000000,9,12,14,16,21,25,33,41,51,51,51,29055,0,8,9.635709344347008,1.5306999994209036,269.6783999999752,24002.98988125968
1788771199,150,GET,GET /articles (anon),97.700000,0.000000,10,12,14,16,21,26,35,40,51,51,51,19496,0,8,9.318455534468429,1.5706999993199133,77.97519999985525,26731.0
1788771199,150,GET,GET /articles (list),33.300000,0.000000,9,12,14,17,21,26,32,42,47,47,47,6728,0,8,9.314801887633779,1.6001999993022764,55.613200000152574,25571.570451843043
1788771199,150,GET,GET /articles/{id} (detail),16.700000,0.000000,9,11,13,15,21,24,27,39,44,44,44,2926,0,7,8.677341353384652,1.5306999994209036,68.13049999982468,2666.2057416267944
1788771199,150,POST,[setup] POST /auth/login,0.000000,0.000000,0,0,0,0,0,0,0,0,0,0,0,50,0,240,236.8954580000718,203.27720000022964,269.6783999999752,178.8
1788771199,150,,Aggregated,147.700000,0.000000,9,12,14,16,21,25,33,41,51,51,51,29200,0,8,9.643057188356313,1.5306999994209036,269.6783999999752,24006.964383561644
1788771200,150,GET,GET /articles (anon),98.500000,0.000000,10,12,14,16,21,26,35,40,51,51,51,19597,0,8,9.323881012399989,1.5706999993199133,77.97519999985525,26731.0
1788771200,150,GET,GET /articles (list),33.100000,0.000000,9,12,14,17,21,25,32,42,47,47,47,6762,0,8,9.319213280094756,1.6001999993022764,55.613200000152574,25568.443212067436
1788771200,150,GET,GET /articles/{id} (detail),16.900000,0.000000,8,11,13,15,21,23,33,39,44,44,44,2938,0,7,8.67944220558311,1.5306999994209036,68.13049999982468,2664.914227365555
1788771200,150,POST,[setup] POST /auth/login,0.000000,0.000000,0,0,0,0,0,0,0,0,0,0,0,50,0,240,236.8954580000718,203.27720000022964,269.6783999999752,178.8
1788771200,150,,Aggregated,148.500000,0.000000,9,12,14,16,21,25,34,41,51,51,51,29347,0,8,9.646014601152107,1.5306999994209036,269.6783999999752,24008.57593621154
1788771201,150,GET,GET /articles (anon),99.000000,0.000000,10,13,15,17,22,26,35,40,51,51,51,19701,0,8,9.342449682757168,1.5706999993199133,77.97519999985525,26731.0
1788771201,150,GET,GET /articles (list),33.900000,0.000000,10,12,15,17,22,27,33,42,47,47,47,6799,0,8,9.341017884983344,1.6001999993022764,55.613200000152574,25566.52948963083
1788771201,150,GET,GET /articles/{id} (detail),16.100000,0.000000,8,11,13,16,21,24,33,39,44,44,44,2956,0,7,8.690695162383502,1.5306999994209036,68.13049999982468,2663.32848443843
1788771201,150,POST,[setup] POST /auth/login,0.000000,0.000000,0,0,0,0,0,0,0,0,0,0,0,50,0,240,236.8954580000718,203.27720000022964,269.6783999999752,178.8
1788771201,150,,Aggregated,149.000000,0.000000,9,12,15,17,22,26,34,41,51,51,51,29506,0,8,9.662429661764069,1.5306999994209036,269.6783999999752,24006.507286653563
1788771202,150,GET,GET /articles (anon),98.000000,0.000000,10,13,15,17,23,28,35,40,51,51,51,19793,0,8,9.355304152983193,1.5706999993199133,77.97519999985525,26731.0
1788771202,150,GET,GET /articles (list),34.400000,0.000000,10,12,15,17,22,27,33,42,47,47,47,6829,0,8,9.352712402987281,1.6001999993022764,55.613200000152574,25565.35378532728
1788771202,150,GET,GET /articles/{id} (detail),15.800000,0.000000,9,11,13,15,21,24,27,39,44,44,44,2977,0,7,8.70683177695891,1.5306999994209036,68.13049999982468,2660.2364796775278
1788771202,150,POST,[setup] POST /auth/login,0.000000,0.000000,0,0,0,0,0,0,0,0,0,0,0,50,0,240,236.8954580000718,203.27720000022964,269.6783999999752,178.8
1788771202,150,,Aggregated,148.200000,0.000000,10,12,15,17,22,27,35,41,51,51,51,29649,0,8,9.673318466053065,1.5306999994209036,269.6783999999752,24000.841444905393
1788771203,150,GET,GET /articles (anon),98.600000,0.000000,10,13,15,17,22,27,34,40,51,51,51,19904,0,8,9.379851763464352,1.5706999993199133,77.97519999985525,26731.0
1788771203,150,GET,GET /articles (list),33.500000,0.000000,10,12,15,17,22,26,33,41,47,47,47,6860,0,8,9.372557565597873,1.6001999993022764,55.613200000152574,25566.039067055393
1788771203,150,GET,GET /articles/{id} (detail),15.300000,0.000000,9,12,13,16,21,23,26,27,33,33,33,2994,0,7,8.726544488979508,1.5306999994209036,68.13049999982468,2659.799933199733
1788771203,150,POST,[setup] POST /auth/login,0.000000,0.000000,0,0,0,0,0,0,0,0,0,0,0,50,0,240,236.8954580000718,203.27720000022964,269.6783999999752,178.8
1788771203,150,,Aggregated,147.400000,0.000000,10,13,15,17,22,26,33,40,51,51,51,29808,0,8,9.694188187734987,1.5306999994209036,269.6783999999752,24000.57813338701
1788771204,150,GET,GET /articles (anon),99.300000,0.000000,10,13,15,17,22,27,34,40,51,51,51,20000,0,8,9.384395579999827,1.5706999993199133,77.97519999985525,26731.0
1788771204,150,GET,GET /articles (list),33.900000,0.000000,10,12,15,16,22,26,31,41,47,47,47,6893,0,8,9.387549426954877,1.6001999993022764,55.613200000152574,25566.12345858117
1788771204,150,GET,GET /articles/{id} (detail),15.000000,0.000000,9,11,13,14,18,22,26,27,31,31,31,3007,0,7,8.736411439975498,1.5306999994209036,68.13049999982468,2662.6548054539408
1788771204,150,POST,[setup] POST /auth/login,0.000000,0.000000,0,0,0,0,0,0,0,0,0,0,0,50,0,240,236.8954580000718,203.27720000022964,269.6783999999752,178.8
1788771204,150,,Aggregated,148.200000,0.000000,10,12,14,16,22,26,33,40,51,51,51,29950,0,8,9.699881532554476,1.5306999994209036,269.6783999999752,24002.097896494157
1788771205,150,GET,GET /articles (anon),97.900000,0.000000,10,13,15,17,22,27,34,40,51,51,51,20093,0,8,9.394041392524526,1.5706999993199133,77.97519999985525,26731.0
1788771205,150,GET,GET /articles (list),34.000000,0.000000,10,12,15,17,23,27,33,41,47,47,47,6933,0,8,9.416537501802798,1.6001999993022764,55.613200000152574,25567.574498773978
1788771205,150,GET,GET /articles/{id} (detail),15.400000,0.000000,9,11,13,14,18,22,26,27,31,31,31,3019,0,7,8.734060814841602,1.5306999994209036,68.13049999982468,2663.2285525008283
1788771205,150,POST,[setup] POST /auth/login,0.000000,0.000000,0,0,0,0,0,0,0,0,0,0,0,50,0,240,236.8954580000718,203.27720000022964,269.6783999999752,178.8
1788771205,150,,Aggregated,147.300000,0.000000,10,13,15,17,22,26,33,40,51,51,51,30095,0,8,9.71098955640487,1.5306999994209036,269.6783999999752,24004.492573517196
1788771206,150,GET,GET /articles (anon),99.200000,0.000000,10,13,15,17,22,27,34,40,51,51,51,20196,0,8,9.400220459496484,1.5706999993199133,77.97519999985525,26731.0
1788771206,150,GET,GET /articles (list),34.900000,0.000000,10,13,16,18,24,28,33,41,47,47,47,6965,0,8,9.424315908111716,1.6001999993022764,55.613200000152574,25567.67422828428
1788771206,150,GET,GET /articles/{id} (detail),15.000000,0.000000,9,12,14,16,19,23,26,27,31,31,31,3037,0,7,8.758177741194181,1.5306999994209036,68.13049999982468,2662.8221929535725
1788771206,150,POST,[setup] POST /auth/login,0.000000,0.000000,0,0,0,0,0,0,0,0,0,0,0,50,0,240,236.8954580000718,203.27720000022964,269.6783999999752,178.8
1788771206,150,,Aggregated,149.100000,0.000000,10,13,15,17,22,26,33,40,51,51,51,30248,0,8,9.71735557392221,1.5306999994209036,269.6783999999752,24002.712840518383
1788771207,150,GET,GET /articles (anon),98.300000,0.000000,10,13,15,17,22,26,31,34,41,41,41,20295,0,8,9.416215767429945,1.5706999993199133,77.97519999985525,26731.0
1788771207,150,GET,GET /articles (list),34.200000,0.000000,10,13,16,17,23,27,33,38,44,44,44,6998,0,8,9.434692555015383,1.6001999993022764,55.613200000152574,25564.96441840526
1788771207,150,GET,GET /articles/{id} (detail),14.600000,0.000000,9,13,14,16,19,23,26,27,31,31,31,3055,0,7,8.763918166941755,1.5306999994209036,68.13049999982468,2663.4716857610474
1788771207,150,POST,[setup] POST /auth/login,0.000000,0.000000,0,0,0,0,0,0,0,0,0,0,0,50,0,240,236.8954580000718,203.27720000022964,269.6783999999752,178.8
1788771207,150,,Aggregated,147.100000,0.000000,10,13,15,17,22,26,31,34,41,44,44,30398,0,8,9.729081531679668,1.5306999994209036,269.6783999999752,24000.10237515626
1788771208,150,GET,GET /articles (anon),98.600000,0.000000,10,13,15,17,22,26,31,33,41,41,41,20396,0,8,9.426294376347828,1.5706999993199133,77.97519999985525,26731.0
1788771208,150,GET,GET /articles (list),34.400000,0.000000,10,12,15,17,22,26,31,33,41,41,41,7031,0,8,9.43654511449288,1.6001999993022764,55.613200000152574,25564.406343336654
1788771208,150,GET,GET /articles/{id} (detail),14.500000,0.000000,9,12,14,16,19,22,25,27,31,31,31,3071,0,7,8.77853568870315,1.5306999994209036,68.13049999982468,2660.7342885053727
1788771208,150,POST,[setup] POST /auth/login,0.000000,0.000000,0,0,0,0,0,0,0,0,0,0,0,50,0,240,236.8954580000718,203.27720000022964,269.6783999999752,178.8
1788771208,150,,Aggregated,147.500000,0.000000,10,13,15,17,22,25,30,33,41,41,41,30548,0,8,9.735848657849939,1.5306999994209036,269.6783999999752,23999.242896425298
1788771209,150,GET,GET /articles (anon),99.500000,0.000000,10,13,15,17,22,26,31,33,41,41,41,20491,0,8,9.446940051729213,1.5706999993199133,77.97519999985525,26731.0
1788771209,150,GET,GET /articles (list),34.300000,0.000000,10,13,16,18,24,29,35,38,54,54,54,7074,0,8,9.463724144755556,1.6001999993022764,55.613200000152574,25565.77014418999
1788771209,150,GET,GET /articles/{id} (detail),14.800000,0.000000,9,13,14,16,19,22,25,27,31,31,31,3082,0,7,8.791421155096112,1.5306999994209036,68.13049999982468,2660.201817001947
1788771209,150,POST,[setup] POST /auth/login,0.000000,0.000000,0,0,0,0,0,0,0,0,0,0,0,50,0,240,236.8954580000718,203.27720000022964,269.6783999999752,178.8
1788771209,150,,Aggregated,148.600000,0.000000,10,13,15,17,22,26,31,34,41,54,54,30697,0,8,9.755466856695872,1.5306999994209036,269.6783999999752,24002.50386031208
1788771210,150,GET,GET /articles (anon),99.400000,0.000000,10,13,15,17,22,26,31,32,41,41,41,20592,0,8,9.455261334498058,1.5706999993199133,77.97519999985525,26731.0
1788771210,150,GET,GET /articles (list),34.400000,0.000000,10,13,16,17,23,28,33,35,54,54,54,7111,0,8,9.470645956968417,1.6001999993022764,55.613200000152574,25566.322036281817
1788771210,150,GET,GET /articles/{id} (detail),14.900000,0.000000,9,12,14,16,18,22,24,27,31,31,31,3096,0,7,8.797078003878058,1.5306999994209036,68.13049999982468,2659.9974160206716
1788771210,150,POST,[setup] POST /auth/login,0.000000,0.000000,0,0,0,0,0,0,0,0,0,0,0,50,0,240,236.8954580000718,203.27720000022964,269.6783999999752,178.8
1788771210,150,,Aggregated,148.700000,0.000000,10,13,15,17,22,26,31,33,41,54,54,30849,0,8,9.761387117896708,1.5306999994209036,269.6783999999752,24003.733022140103
1788771211,150,GET,GET /articles (anon),98.500000,0.000000,10,13,16,17,22,26,30,32,41,41,41,20683,0,8,9.466026674079073,1.5706999993199133,77.97519999985525,26731.0
1788771211,150,GET,GET /articles (list),34.500000,0.000000,10,13,16,18,23,27,33,35,54,54,54,7146,0,8,9.480026308424348,1.6001999993022764,55.613200000152574,25564.636020151134
1788771211,150,GET,GET /articles/{id} (detail),15.400000,0.000000,10,12,15,16,19,22,24,27,31,31,31,3112,0,7,8.807470983293198,1.5306999994209036,68.13049999982468,2658.835475578406
1788771211,150,POST,[setup] POST /auth/login,0.000000,0.000000,0,0,0,0,0,0,0,0,0,0,0,50,0,240,236.8954580000718,203.27720000022964,269.6783999999752,178.8
1788771211,150,,Aggregated,148.400000,0.000000,10,13,15,17,22,26,30,33,41,54,54,30991,0,8,9.770053250943468,1.5306999994209036,269.6783999999752,24001.98115581943
1788771212,150,GET,GET /articles (anon),99.000000,0.000000,10,13,16,17,22,26,31,33,47,47,47,20780,0,8,9.479648257939159,1.5706999993199133,77.97519999985525,26731.0
1788771212,150,GET,GET /articles (list),34.600000,0.000000,10,12,16,18,23,27,33,35,54,54,54,7177,0,8,9.490188797547784,1.6001999993022764,55.613200000152574,25564.320468162186
1788771212,150,GET,GET /articles/{id} (detail),15.500000,0.000000,10,12,15,17,20,22,27,31,32,32,32,3128,0,7,8.826993446294361,1.5306999994209036,68.13049999982468,2658.102621483376
1788771212,150,POST,[setup] POST /auth/login,0.000000,0.000000,0,0,0,0,0,0,0,0,0,0,0,50,0,240,236.8954580000718,203.27720000022964,269.6783999999752,178.8
1788771212,150,,Aggregated,149.100000,0.000000,10,13,16,17,22,26,31,34,47,54,54,31135,0,8,9.781717815962335,1.5306999994209036,269.6783999999752,24000.92477918741
1788771213,150,GET,GET /articles (anon),99.400000,0.000000,10,13,15,16,21,26,31,35,47,47,47,20885,0,8,9.495047076848204,1.5706999993199133,77.97519999985525,26731.0
1788771213,150,GET,GET /articles (list),34.900000,0.000000,10,13,16,18,22,27,33,35,54,54,54,7216,0,8,9.519660490576868,1.6001999993022764,55.613200000152574,25564.827328159645
1788771213,150,GET,GET /articles/{id} (detail),15.600000,0.000000,10,12,15,16,20,22,24,27,32,32,32,3143,0,7,8.840837798284797,1.5306999994209036,68.13049999982468,2657.629335030226
1788771213,150,POST,[setup] POST /auth/login,0.000000,0.000000,0,0,0,0,0,0,0,0,0,0,0,50,0,240,236.8954580000718,203.27720000022964,269.6783999999752,178.8
1788771213,150,,Aggregated,149.900000,0.000000,10,13,15,17,22,26,31,35,47,54,54,31294,0,8,9.798346468971333,1.5306999994209036,269.6783999999752,24001.872499520676
1788771214,150,GET,GET /articles (anon),98.700000,0.000000,10,13,15,16,21,26,31,35,47,47,47,20983,0,8,9.494166058236384,1.5706999993199133,77.97519999985525,26731.0
1788771214,150,GET,GET /articles (list),34.500000,0.000000,10,12,16,18,22,27,33,35,54,54,54,7249,0,8,9.50900324182708,1.6001999993022764,55.613200000152574,25564.730031728515
1788771214,150,GET,GET /articles/{id} (detail),15.600000,0.000000,9,12,14,16,20,22,24,27,32,32,32,3157,0,7,8.835056319292987,1.5306999994209036,68.13049999982468,2656.522964840038
1788771214,150,POST,[setup] POST /auth/login,0.000000,0.000000,0,0,0,0,0,0,0,0,0,0,0,50,0,240,236.8954580000718,203.27720000022964,269.6783999999752,178.8
1788771214,150,,Aggregated,148.800000,0.000000,10,12,15,17,22,26,31,35,47,54,54,31439,0,8,9.793056286777215,1.5306999994209036,269.6783999999752,24002.381882375394
1788771215,150,GET,GET /articles (anon),98.500000,0.000000,10,13,15,16,21,26,32,35,47,47,47,21078,0,8,9.501328849984672,1.5706999993199133,77.97519999985525,26731.0
1788771215,150,GET,GET /articles (list),34.800000,0.000000,9,12,15,17,22,25,31,35,54,54,54,7286,0,8,9.517419420806883,1.6001999993022764,55.613200000152574,25566.70258029097
1788771215,150,GET,GET /articles/{id} (detail),15.300000,0.000000,9,12,15,17,21,23,26,27,32,32,32,3169,0,7,8.844883496373424,1.5306999994209036,68.13049999982468,2657.887030609025
1788771215,150,POST,[setup] POST /auth/login,0.000000,0.000000,0,0,0,0,0,0,0,0,0,0,0,50,0,240,236.8954580000718,203.27720000022964,269.6783999999752,178.8
1788771215,150,,Aggregated,148.600000,0.000000,10,12,15,17,21,26,31,35,47,54,54,31583,0,8,9.79916841655274,1.5306999994209036,269.6783999999752,24004.901276002915
1788771216,150,GET,GET /articles (anon),97.600000,0.000000,10,13,15,17,22,27,32,35,47,47,47,21177,0,8,9.515669787976389,1.5706999993199133,77.97519999985525,26731.0
1788771216,150,GET,GET /articles (list),35.600000,0.000000,9,12,15,17,22,27,32,36,54,54,54,7326,0,8,9.530159159159444,1.6001999993022764,55.613200000152574,25566.470652470653
1788771216,150,GET,GET /articles/{id} (detail),14.800000,0.000000,9,12,14,17,21,24,26,27,32,32,32,3181,0,7,8.854445551714827,1.5306999994209036,68.13049999982468,2659.0713612071677
1788771216,150,POST,[setup] POST /auth/login,0.000000,0.000000,0,0,0,0,0,0,0,0,0,0,0,50,0,240,236.8954580000718,203.27720000022964,269.6783999999752,178.8
1788771216,150,,Aggregated,148.000000,0.000000,10,12,15,17,22,27,32,35,47,54,54,31734,0,8,9.810992919265917,1.5306999994209036,269.6783999999752,24007.367397743747
1788771217,150,GET,GET /articles (anon),98.600000,0.000000,10,13,15,17,21,27,32,35,47,47,47,21280,0,8,9.52202096334483,1.5706999993199133,77.97519999985525,26731.0
1788771217,150,GET,GET /articles (list),35.100000,0.000000,9,12,15,17,22,27,32,36,54,54,54,7364,0,8,9.529528802281703,1.6001999993022764,55.613200000152574,25566.72175448126
1788771217,150,GET,GET /articles/{id} (detail),15.200000,0.000000,9,12,15,17,21,24,26,27,32,32,32,3192,0,7,8.851907205515394,1.5306999994209036,68.13049999982468,2659.185463659148
1788771217,150,POST,[setup] POST /auth/login,0.000000,0.000000,0,0,0,0,0,0,0,0,0,0,0,50,0,240,236.8954580000718,203.27720000022964,269.6783999999752,178.8
1788771217,150,,Aggregated,148.900000,0.000000,10,12,15,17,21,26,32,35,47,54,54,31886,0,8,9.813213225239515,1.5306999994209036,269.6783999999752,24010.728187919463
1788771218,150,GET,GET /articles (anon),97.800000,0.000000,10,13,15,17,21,26,32,35,47,47,47,21381,0,8,9.532284271080847,1.5706999993199133,77.97519999985525,26731.0
1788771218,150,GET,GET /articles (list),35.900000,0.000000,9,12,15,17,22,27,32,36,54,54,54,7404,0,8,9.548701012966282,1.6001999993022764,55.613200000152574,25567.284710967044
1788771218,150,GET,GET /articles/{id} (detail),14.600000,0.000000,9,12,14,17,20,24,26,27,32,32,32,3203,0,7,8.856317233844875,1.5306999994209036,68.13049999982468,2661.1532937870747
1788771218,150,POST,[setup] POST /auth/login,0.000000,0.000000,0,0,0,0,0,0,0,0,0,0,0,50,0,240,236.8954580000718,203.27720000022964,269.6783999999752,178.8
1788771218,150,,Aggregated,148.300000,0.000000,10,13,15,17,21,26,32,35,47,54,54,32038,0,8,9.823331958923433,1.5306999994209036,269.6783999999752,24014.242493289217
1788771219,150,GET,GET /articles (anon),97.800000,0.000000,10,13,15,17,21,27,32,35,47,47,47,21478,0,8,9.546145665330998,1.5706999993199133,77.97519999985525,26731.0
1788771219,150,GET,GET /articles (list),36.500000,0.000000,10,12,15,17,22,26,31,35,43,43,43,7439,0,8,9.56422371286472,1.6001999993022764,55.613200000152574,25568.712730205672
1788771219,150,GET,GET /articles/{id} (detail),14.300000,0.000000,9,11,13,15,20,24,26,32,36,36,36,3217,0,7,8.863552564503074,1.5306999994209036,68.13049999982468,2661.6235623251478
1788771219,150,POST,[setup] POST /auth/login,0.000000,0.000000,0,0,0,0,0,0,0,0,0,0,0,50,0,240,236.8954580000718,203.27720000022964,269.6783999999752,178.8
1788771219,150,,Aggregated,148.600000,0.000000,10,12,15,17,21,26,31,35,45,47,47,32184,0,8,9.83529698918681,1.5306999994209036,269.6783999999752,24015.208022619936
1788771220,150,GET,GET /articles (anon),97.600000,0.000000,10,13,15,17,22,28,33,36,47,47,47,21571,0,8,9.559173227943772,1.5706999993199133,77.97519999985525,26731.0
1788771220,150,GET,GET /articles (list),36.900000,0.000000,10,12,15,17,22,27,31,35,43,43,43,7473,0,8,9.577654449350781,1.6001999993022764,55.613200000152574,25570.07466880771
1788771220,150,GET,GET /articles/{id} (detail),13.500000,0.000000,9,11,13,15,20,24,30,32,36,36,36,3229,0,7,8.86996729637802,1.5306999994209036,68.13049999982468,2661.0517187983896
1788771220,150,POST,[setup] POST /auth/login,0.000000,0.000000,0,0,0,0,0,0,0,0,0,0,0,50,0,240,236.8954580000718,203.27720000022964,269.6783999999752,178.8
1788771220,150,,Aggregated,148.000000,0.000000,9,12,15,17,22,28,33,36,45,47,47,32323,0,8,9.84625915601833,1.5306999994209036,269.6783999999752,24016.986201775824
1788771221,150,GET,GET /articles (anon),98.500000,0.000000,9,12,15,16,22,28,33,36,47,47,47,21668,0,8,9.558147881667926,1.5706999993199133,77.97519999985525,26731.0
1788771221,150,GET,GET /articles (list),37.000000,0.000000,9,12,15,16,22,27,31,35,43,43,43,7512,0,8,9.574311874334034,1.6001999993022764,55.613200000152574,25571.944888178914
1788771221,150,GET,GET /articles/{id} (detail),13.200000,0.000000,8,10,13,14,18,24,30,32,36,36,36,3245,0,7,8.860541479200839,1.5306999994209036,68.13049999982468,2661.6095531587057
1788771221,150,POST,[setup] POST /auth/login,0.000000,0.000000,0,0,0,0,0,0,0,0,0,0,0,50,0,240,236.8954580000718,203.27720000022964,269.6783999999752,178.8
1788771221,150,,Aggregated,148.700000,0.000000,9,12,15,16,22,27,33,36,45,47,47,32475,0,8,9.84219889453385,1.5306999994209036,269.6783999999752,24016.92443418014
1788771222,150,GET,GET /articles (anon),97.800000,0.000000,9,12,15,17,21,26,31,35,43,43,43,21765,0,8,9.565211821731118,1.5706999993199133,77.97519999985525,26731.0
1788771222,150,GET,GET /articles (list),36.200000,0.000000,9,13,15,17,21,26,31,35,43,43,43,7544,0,8,9.586290296924217,1.6001999993022764,55.613200000152574,25571.41648992577
1788771222,150,GET,GET /articles/{id} (detail),13.500000,0.000000,8,9,12,14,18,23,26,30,36,36,36,3259,0,7,8.8619181957679,1.5306999994209036,68.13049999982468,2662.059527462412
1788771222,150,POST,[setup] POST /auth/login,0.000000,0.000000,0,0,0,0,0,0,0,0,0,0,0,50,0,240,236.8954580000718,203.27720000022964,269.6783999999752,178.8
1788771222,150,,Aggregated,147.500000,0.000000,9,12,15,17,21,26,31,35,43,43,43,32618,0,8,9.848291544545464,1.5306999994209036,269.6783999999752,24017.277975351033
1788771223,150,GET,GET /articles (anon),96.900000,0.000000,9,12,15,17,21,26,30,34,43,43,43,21864,0,8,9.57050387394691,1.5706999993199133,77.97519999985525,26731.0
1788771223,150,GET,GET /articles (list),36.000000,0.000000,9,12,15,16,20,27,31,35,43,43,43,7578,0,8,9.596580047505281,1.6001999993022764,55.613200000152574,25572.498416468727
1788771223,150,GET,GET /articles/{id} (detail),13.500000,0.000000,8,9,12,13,18,21,26,30,36,36,36,3273,0,7,8.86368560953477,1.5306999994209036,68.13049999982468,2660.8689275893676
1788771223,150,POST,[setup] POST /auth/login,0.000000,0.000000,0,0,0,0,0,0,0,0,0,0,0,50,0,240,236.8954580000718,203.27720000022964,269.6783999999752,178.8
1788771223,150,,Aggregated,146.400000,0.000000,9,12,14,16,20,26,30,34,43,43,43,32765,0,8,9.852830648557296,1.5306999994209036,269.6783999999752,24018.096780100717
1788771224,150,GET,GET /articles (anon),97.700000,0.000000,9,12,14,17,21,26,30,34,43,43,43,21965,0,8,9.568460569086026,1.5706999993199133,77.97519999985525,26731.0
1788771224,150,GET,GET /articles (list),36.900000,0.000000,9,12,15,16,20,26,31,35,43,43,43,7613,0,8,9.592034099566316,1.6001999993022764,55.613200000152574,25574.392749244715
1788771224,150,GET,GET /articles/{id} (detail),13.200000,0.000000,8,9,12,14,18,23,26,30,36,36,36,3289,0,7,8.869735208272324,1.5306999994209036,68.13049999982468,2656.9875342049254
1788771224,150,POST,[setup] POST /auth/login,0.000000,0.000000,0,0,0,0,0,0,0,0,0,0,0,50,0,240,236.8954580000718,203.27720000022964,269.6783999999752,178.8
1788771224,150,,Aggregated,147.800000,0.000000,9,12,14,16,20,26,30,34,43,43,43,32917,0,8,9.849400735181902,1.5306999994209036,269.6783999999752,24017.74277728833
1788771225,150,GET,GET /articles (anon),97.600000,0.000000,9,12,15,17,22,27,34,36,47,47,47,22052,0,8,9.584645587700315,1.5706999993199133,77.97519999985525,26731.0
1788771225,150,GET,GET /articles (list),36.400000,0.000000,10,12,15,16,19,26,31,35,43,43,43,7646,0,8,9.596681075071634,1.6001999993022764,55.613200000152574,25572.751373267067
1788771225,150,GET,GET /articles/{id} (detail),12.800000,0.000000,8,10,13,14,18,25,34,36,46,46,46,3309,0,7,8.902039407678547,1.5306999994209036,68.13049999982468,2657.337564218797
1788771225,150,POST,[setup] POST /auth/login,0.000000,0.000000,0,0,0,0,0,0,0,0,0,0,0,50,0,240,236.8954580000718,203.27720000022964,269.6783999999752,178.8
1788771225,150,,Aggregated,146.800000,0.000000,9,12,14,16,20,27,33,36,46,47,47,33057,0,8,9.862917061438605,1.5306999994209036,269.6783999999752,24013.169343860605
1788771226,150,GET,GET /articles (anon),97.700000,0.000000,9,12,14,16,21,26,32,36,47,47,47,22153,0,8,9.588339150452322,1.5706999993199133,77.97519999985525,26731.0
1788771226,150,GET,GET /articles (list),35.800000,0.000000,9,12,15,16,19,26,31,35,43,43,43,7672,0,8,9.599371532846343,1.6001999993022764,55.613200000152574,25571.59554223149
1788771226,150,GET,GET /articles/{id} (detail),13.000000,0.000000,9,11,13,14,18,28,36,37,46,46,46,3328,0,7,8.928939212742977,1.5306999994209036,68.13049999982468,2657.56640625
1788771226,150,POST,[setup] POST /auth/login,0.000000,0.000000,0,0,0,0,0,0,0,0,0,0,0,50,0,240,236.8954580000718,203.27720000022964,269.6783999999752,178.8
1788771226,150,,Aggregated,146.500000,0.000000,9,12,14,16,20,26,33,36,46,47,47,33203,0,8,9.86709448543743,1.5306999994209036,269.6783999999752,24010.193205433243
1788771227,150,GET,GET /articles (anon),97.700000,0.000000,9,12,14,16,21,26,33,36,47,47,47,22253,0,8,9.592292023546163,1.5706999993199133,77.97519999985525,26731.0
1788771227,150,GET,GET /articles (list),36.200000,0.000000,10,13,15,16,19,25,31,35,43,43,43,7709,0,8,9.605156453496207,1.6001999993022764,55.613200000152574,25570.99805422234
1788771227,150,GET,GET /articles/{id} (detail),13.200000,0.000000,9,11,13,15,19,30,35,37,46,46,46,3346,0,7,8.948673161987214,1.5306999994209036,68.13049999982468,2657.585176329946
1788771227,150,POST,[setup] POST /auth/login,0.000000,0.000000,0,0,0,0,0,0,0,0,0,0,0,50,0,240,236.8954580000718,203.27720000022964,269.6783999999752,178.8
1788771227,150,,Aggregated,147.100000,0.000000,9,12,14,16,20,26,33,36,46,47,47,33358,0,8,9.871408921397782,1.5306999994209036,269.6783999999752,24008.42337670124
1788771228,150,GET,GET /articles (anon),96.800000,0.000000,9,12,14,15,20,26,33,36,47,47,47,22349,0,8,9.594187386458794,1.5706999993199133,77.97519999985525,26731.0
1788771228,150,GET,GET /articles (list),35.400000,0.000000,9,12,14,15,19,23,30,35,43,43,43,7737,0,8,9.61118439963842,1.6001999993022764,55.613200000152574,25571.133255783894
1788771228,150,GET,GET /articles/{id} (detail),14.100000,0.000000,9,11,13,15,23,30,35,37,46,46,46,3362,0,7,8.953788548485965,1.5306999994209036,68.13049999982468,2657.223676383105
1788771228,150,POST,[setup] POST /auth/login,0.000000,0.000000,0,0,0,0,0,0,0,0,0,0,0,50,0,240,236.8954580000718,203.27720000022964,269.6783999999752,178.8
1788771228,150,,Aggregated,146.300000,0.000000,9,12,14,15,20,26,34,36,46,47,47,33498,0,8,9.873115935279221,1.5306999994209036,269.6783999999752,24007.328885306586
1788771229,150,GET,GET /articles (anon),96.600000,0.000000,9,12,13,15,20,25,35,37,47,47,47,22454,0,8,9.603566495945623,1.5706999993199133,77.97519999985525,26731.0
1788771229,150,GET,GET /articles (list),34.200000,0.000000,9,12,14,15,18,22,29,30,35,35,35,7770,0,8,9.608999176319386,1.6001999993022764,55.613200000152574,25573.35341055341
1788771229,150,GET,GET /articles/{id} (detail),14.600000,0.000000,9,11,13,14,19,28,34,37,46,46,46,3380,0,7,8.954905325447204,1.5306999994209036,68.13049999982468,2657.7778106508877
1788771229,150,POST,[setup] POST /auth/login,0.000000,0.000000,0,0,0,0,0,0,0,0,0,0,0,50,0,240,236.8954580000718,203.27720000022964,269.6783999999752,178.8
1788771229,150,,Aggregated,145.400000,0.000000,9,11,14,15,19,25,32,36,46,47,47,33654,0,8,9.877362530456407,1.5306999994209036,269.6783999999752,24006.509151958162
1788771230,150,GET,GET /articles (anon),97.300000,0.000000,9,12,13,15,19,23,29,36,47,47,47,22552,0,8,9.608928316777442,1.5706999993199133,77.97519999985525,26731.0
1788771230,150,GET,GET /articles (list),34.300000,0.000000,9,11,14,15,18,21,28,30,35,35,35,7800,0,8,9.614767089743664,1.6001999993022764,55.613200000152574,25572.369615384614
1788771230,150,GET,GET /articles/{id} (detail),15.500000,0.000000,8,11,13,14,19,28,34,37,46,46,46,3396,0,7,8.952780182571223,1.5306999994209036,68.13049999982468,2657.4537691401647
1788771230,150,POST,[setup] POST /auth/login,0.000000,0.000000,0,0,0,0,0,0,0,0,0,0,0,50,0,240,236.8954580000718,203.27720000022964,269.6783999999752,178.8
1788771230,150,,Aggregated,147.100000,0.000000,9,12,13,15,19,23,29,35,46,47,47,33798,0,8,9.88058906148237,1.5306999994209036,269.6783999999752,24005.43369430144
1788771231,150,GET,GET /articles (anon),96.500000,0.000000,9,12,13,15,19,23,30,36,47,47,47,22654,0,8,9.60920542508861,1.5706999993199133,77.97519999985525,26731.0
1788771231,150,GET,GET /articles (list),33.000000,0.000000,9,11,14,15,18,21,29,30,35,35,35,7835,0,8,9.615369674537847,1.6001999993022764,55.613200000152574,25574.282322910018
1788771231,150,GET,GET /articles/{id} (detail),15.900000,0.000000,8,11,13,15,19,28,34,37,46,46,46,3408,0,7,8.955156807516106,1.5306999994209036,68.13049999982468,2657.8213028169016
1788771231,150,POST,[setup] POST /auth/login,0.000000,0.000000,0,0,0,0,0,0,0,0,0,0,0,50,0,240,236.8954580000718,203.27720000022964,269.6783999999752,178.8
1788771231,150,,Aggregated,145.400000,0.000000,9,11,13,15,19,23,30,35,46,47,47,33947,0,8,9.879733360826584,1.5306999994209036,269.6783999999752,24008.170707278994
1788771232,150,GET,GET /articles (anon),97.900000,0.000000,9,12,13,14,19,23,30,36,47,47,47,22756,0,8,9.614105110738102,1.5706999993199133,77.97519999985525,26731.0
1788771232,150,GET,GET /articles (list),33.000000,0.000000,9,11,13,14,18,22,29,30,35,35,35,7870,0,8,9.622546670902322,1.6001999993022764,55.613200000152574,25573.46162642948
1788771232,150,GET,GET /articles/{id} (detail),16.100000,0.000000,9,11,13,15,21,28,34,37,46,46,46,3425,0,7,8.95709293431039,1.5306999994209036,68.13049999982468,2658.014598540146
1788771232,150,POST,[setup] POST /auth/login,0.000000,0.000000,0,0,0,0,0,0,0,0,0,0,0,50,0,240,236.8954580000718,203.27720000022964,269.6783999999752,178.8
1788771232,150,,Aggregated,147.000000,0.000000,9,11,13,14,19,24,30,35,46,47,47,34101,0,8,9.88331234861072,1.5306999994209036,269.6783999999752,24007.10885311281
1788771233,150,GET,GET /articles (anon),97.900000,0.000000,9,12,14,15,19,24,30,37,47,47,47,22852,0,8,9.623475984594467,1.5706999993199133,77.97519999985525,26731.0
1788771233,150,GET,GET /articles (list),32.500000,0.000000,9,11,13,14,18,22,29,30,35,35,35,7903,0,8,9.634704820954477,1.6001999993022764,55.613200000152574,25570.896241933442
1788771233,150,GET,GET /articles/{id} (detail),16.600000,0.000000,9,11,13,15,21,28,34,37,46,46,46,3441,0,7,8.958619877945486,1.5306999994209036,68.13049999982468,2658.6524266201686
1788771233,150,POST,[setup] POST /auth/login,0.000000,0.000000,0,0,0,0,0,0,0,0,0,0,0,50,0,240,236.8954580000718,203.27720000022964,269.6783999999752,178.8
1788771233,150,,Aggregated,147.000000,0.000000,9,12,13,15,19,24,30,36,46,47,47,34246,0,8,9.891085945803026,1.5306999994209036,269.6783999999752,24005.751562226247
1788771234,150,GET,GET /articles (anon),97.900000,0.000000,9,12,14,15,19,24,30,37,47,47,47,22949,0,8,9.623052363935326,1.5706999993199133,77.97519999985525,26731.0
1788771234,150,GET,GET /articles (list),32.000000,0.000000,9,11,13,14,18,22,29,30,35,35,35,7941,0,8,9.629322931621212,1.6001999993022764,55.613200000152574,25568.248709230575
1788771234,150,GET,GET /articles/{id} (detail),16.300000,0.000000,9,11,13,15,18,28,34,37,46,46,46,3453,0,7,8.957846539243517,1.5306999994209036,68.13049999982468,2657.0891977990154
1788771234,150,POST,[setup] POST /auth/login,0.000000,0.000000,0,0,0,0,0,0,0,0,0,0,0,50,0,240,236.8954580000718,203.27720000022964,269.6783999999752,178.8
1788771234,150,,Aggregated,146.200000,0.000000,9,12,14,15,19,24,30,36,46,47,47,34393,0,8,9.888119649346315,1.5306999994209036,269.6783999999752,24006.95057133719
1788771235,150,GET,GET /articles (anon),98.800000,0.000000,9,12,14,15,19,23,29,36,47,47,47,23051,0,8,9.640870990410598,1.5706999993199133,77.97519999985525,26731.0
1788771235,150,GET,GET /articles (list),32.300000,0.000000,9,12,14,15,18,22,30,33,45,45,45,7974,0,8,9.641423263106113,1.6001999993022764,55.613200000152574,25569.547654878355
1788771235,150,GET,GET /articles/{id} (detail),16.500000,0.000000,9,11,13,14,18,25,32,35,37,37,37,3472,0,7,8.974440236177497,1.5306999994209036,68.13049999982468,2656.38133640553
1788771235,150,POST,[setup] POST /auth/login,0.000000,0.000000,0,0,0,0,0,0,0,0,0,0,0,50,0,240,236.8954580000718,203.27720000022964,269.6783999999752,178.8
1788771235,150,,Aggregated,147.600000,0.000000,9,12,14,15,19,23,30,35,46,47,47,34547,0,8,9.902928060322898,1.5306999994209036,269.6783999999752,24004.971488117637
1788771236,150,GET,GET /articles (anon),98.200000,0.000000,9,12,14,15,19,24,31,36,47,47,47,23150,0,8,9.64710704103477,1.5706999993199133,77.97519999985525,26731.0
1788771236,150,GET,GET /articles (list),32.700000,0.000000,9,12,14,15,19,22,32,34,45,45,45,8007,0,8,9.652788884727391,1.6001999993022764,55.613200000152574,25569.53590608218
1788771236,150,GET,GET /articles/{id} (detail),16.800000,0.000000,9,11,12,14,17,23,33,36,40,40,40,3491,0,7,8.98904385563081,1.5306999994209036,68.13049999982468,2656.509596104268
1788771236,150,POST,[setup] POST /auth/login,0.000000,0.000000,0,0,0,0,0,0,0,0,0,0,0,50,0,240,236.8954580000718,203.27720000022964,269.6783999999752,178.8
1788771236,150,,Aggregated,147.700000,0.000000,9,12,14,15,19,24,32,36,46,47,47,34698,0,8,9.909675877571566,1.5306999994209036,269.6783999999752,24002.55746728918
1788771237,150,GET,GET /articles (anon),98.000000,0.000000,9,12,14,15,20,24,32,37,47,47,47,23244,0,8,9.653153553603525,1.5706999993199133,77.97519999985525,26731.0
1788771237,150,GET,GET /articles (list),33.000000,0.000000,9,12,14,15,20,25,33,37,45,45,45,8039,0,8,9.662472409505396,1.6001999993022764,55.613200000152574,25567.52008956338
1788771237,150,GET,GET /articles/{id} (detail),16.200000,0.000000,8,11,12,14,17,23,28,36,40,40,40,3510,0,7,8.992844074076276,1.5306999994209036,68.13049999982468,2656.9834757834756
1788771237,150,POST,[setup] POST /auth/login,0.000000,0.000000,0,0,0,0,0,0,0,0,0,0,0,50,0,240,236.8954580000718,203.27720000022964,269.6783999999752,178.8
1788771237,150,,Aggregated,147.200000,0.000000,9,12,14,15,19,24,32,37,46,47,47,34843,0,8,9.914880248543067,1.5306999994209036,269.6783999999752,23999.300002870015
1788771238,150,GET,GET /articles (anon),99.500000,0.000000,10,12,14,15,20,25,34,38,47,47,47,23340,0,8,9.66268879177208,1.5706999993199133,77.97519999985525,26731.0
1788771238,150,GET,GET /articles (list),32.600000,0.000000,9,11,13,14,19,25,33,37,45,45,45,8071,0,8,9.66174602899442,1.6001999993022764,55.613200000152574,25567.93520009912
1788771238,150,GET,GET /articles/{id} (detail),16.200000,0.000000,8,11,12,14,19,23,33,36,40,40,40,3522,0,7,9.0003711243634,1.5306999994209036,68.13049999982468,2658.9193639977284
1788771238,150,POST,[setup] POST /auth/login,0.000000,0.000000,0,0,0,0,0,0,0,0,0,0,0,50,0,240,236.8954580000718,203.27720000022964,269.6783999999752,178.8
1788771238,150,,Aggregated,148.300000,0.000000,9,12,14,15,20,25,33,38,46,47,47,34983,0,8,9.920566806734309,1.5306999994209036,269.6783999999752,24001.20055455507
1788771240,150,GET,GET /articles (anon),98.600000,0.000000,9,12,14,16,20,25,33,38,47,47,47,23440,0,8,9.671212854094284,1.5706999993199133,77.97519999985525,26731.0
1788771240,150,GET,GET /articles (list),32.700000,0.000000,9,11,14,15,20,25,33,37,45,45,45,8106,0,8,9.66494072292282,1.6001999993022764,55.613200000152574,25565.812607944732
1788771240,150,GET,GET /articles/{id} (detail),16.300000,0.000000,9,11,13,15,20,24,33,36,40,40,40,3537,0,7,9.007343709360681,1.5306999994209036,68.13049999982468,2659.8266892847046
1788771240,150,POST,[setup] POST /auth/login,0.000000,0.000000,0,0,0,0,0,0,0,0,0,0,0,50,0,240,236.8954580000718,203.27720000022964,269.6783999999752,178.8
1788771240,150,,Aggregated,147.600000,0.000000,9,12,14,15,20,25,33,38,46,47,47,35133,0,8,9.926308211652726,1.5306999994209036,269.6783999999752,24001.02080664902
1788771241,150,GET,GET /articles (anon),98.600000,0.000000,9,12,14,16,20,24,33,38,47,47,47,23538,0,8,9.671172168407233,1.5706999993199133,77.97519999985525,26731.0
1788771241,150,GET,GET /articles (list),32.700000,0.000000,9,11,13,15,20,24,33,37,45,45,45,8137,0,8,9.662024493058269,1.6001999993022764,55.613200000152574,25567.204006390562
1788771241,150,GET,GET /articles/{id} (detail),16.300000,0.000000,8,11,13,15,20,24,33,36,40,40,40,3555,0,7,9.008456090016535,1.5306999994209036,68.13049999982468,2660.0168776371306
1788771241,150,POST,[setup] POST /auth/login,0.000000,0.000000,0,0,0,0,0,0,0,0,0,0,0,50,0,240,236.8954580000718,203.27720000022964,269.6783999999752,178.8
1788771241,150,,Aggregated,147.600000,0.000000,9,12,14,15,20,24,33,38,46,47,47,35280,0,8,9.924313438208525,1.5306999994209036,269.6783999999752,23999.430753968252
1788771242,150,GET,GET /articles (anon),98.000000,0.000000,10,12,15,16,21,25,34,38,47,47,47,23639,0,8,9.687116790049021,1.5706999993199133,77.97519999985525,26731.0
1788771242,150,GET,GET /articles (list),33.400000,0.000000,9,11,13,15,19,24,33,42,45,45,45,8168,0,8,9.660933398630855,1.6001999993022764,55.613200000152574,25565.24914299706
1788771242,150,GET,GET /articles/{id} (detail),15.700000,0.000000,8,11,14,15,21,25,36,37,40,40,40,3573,0,7,9.02890461797004,1.5306999994209036,68.13049999982468,2661.8676182479708
1788771242,150,POST,[setup] POST /auth/login,0.000000,0.000000,0,0,0,0,0,0,0,0,0,0,0,50,0,240,236.8954580000718,203.27720000022964,269.6783999999752,178.8
1788771242,150,,Aggregated,147.100000,0.000000,9,12,14,16,21,25,34,38,46,47,47,35430,0,8,9.935345946937515,1.5306999994209036,269.6783999999752,23997.483968388373
1788771243,150,GET,GET /articles (anon),97.900000,0.000000,10,12,14,16,20,25,34,38,47,47,47,23735,0,8,9.690502586895482,1.5706999993199133,77.97519999985525,26731.0
1788771243,150,GET,GET /articles (list),33.500000,0.000000,9,11,13,14,19,23,33,42,45,45,45,8201,0,8,9.663540897453464,1.6001999993022764,55.613200000152574,25566.52420436532
1788771243,150,GET,GET /articles/{id} (detail),15.700000,0.000000,8,11,14,16,22,25,36,37,40,40,40,3591,0,7,9.031727206908188,1.5306999994209036,68.13049999982468,2663.7822333611807
1788771243,150,POST,[setup] POST /auth/login,0.000000,0.000000,0,0,0,0,0,0,0,0,0,0,0,50,0,240,236.8954580000718,203.27720000022964,269.6783999999752,178.8
1788771243,150,,Aggregated,147.100000,0.000000,9,12,14,15,20,25,34,37,46,47,47,35577,0,8,9.937107769064026,1.5306999994209036,269.6783999999752,23996.00674593136
1788771244,150,GET,GET /articles (anon),98.300000,0.000000,10,12,15,16,21,25,34,38,47,47,47,23835,0,8,9.694997956784693,1.5706999993199133,77.97519999985525,26731.0
1788771244,150,GET,GET /articles (list),33.100000,0.000000,9,11,13,15,19,24,33,42,45,45,45,8237,0,8,9.669820140829794,1.6001999993022764,55.613200000152574,25567.568289425762
1788771244,150,GET,GET /articles/{id} (detail),16.500000,0.000000,8,12,15,16,22,25,34,37,40,40,40,3605,0,7,9.036829653261732,1.5306999994209036,68.13049999982468,2661.7803051317615
1788771244,150,POST,[setup] POST /auth/login,0.000000,0.000000,0,0,0,0,0,0,0,0,0,0,0,50,0,240,236.8954580000718,203.27720000022964,269.6783999999752,178.8
1788771244,150,,Aggregated,147.900000,0.000000,9,12,14,16,21,25,34,37,46,47,47,35727,0,8,9.94074869426457,1.5306999994209036,269.6783999999752,23996.923979063453
1788771245,150,GET,GET /articles (anon),98.300000,0.000000,10,12,15,16,20,24,32,35,42,42,42,23933,0,8,9.702061149874941,1.5706999993199133,77.97519999985525,26731.0
1788771245,150,GET,GET /articles (list),33.100000,0.000000,9,11,13,15,19,24,29,34,42,42,42,8272,0,8,9.67879031673245,1.6001999993022764,55.613200000152574,25569.7211073501
1788771245,150,GET,GET /articles/{id} (detail),16.500000,0.000000,8,12,14,16,22,24,36,37,40,40,40,3620,0,7,9.046334613262667,1.5306999994209036,68.13049999982468,2660.399447513812
1788771245,150,POST,[setup] POST /auth/login,0.000000,0.000000,0,0,0,0,0,0,0,0,0,0,0,50,0,240,236.8954580000718,203.27720000022964,269.6783999999752,178.8
1788771245,150,,Aggregated,147.900000,0.000000,9,12,14,16,20,24,32,35,42,42,42,35875,0,8,9.947174556097064,1.5306999994209036,269.6783999999752,23997.36144947735
1788771246,150,GET,GET /articles (anon),97.900000,0.000000,10,12,15,16,21,24,32,34,42,42,42,24038,0,8,9.713534258255878,1.5706999993199133,77.97519999985525,26731.0
1788771246,150,GET,GET /articles (list),32.800000,0.000000,9,12,14,15,20,23,26,29,37,37,37,8308,0,8,9.692912409726697,1.6001999993022764,55.613200000152574,25568.808136735675
1788771246,150,GET,GET /articles/{id} (detail),16.200000,0.000000,9,11,14,15,21,24,27,34,37,37,37,3634,0,7,9.048811722622533,1.5306999994209036,68.13049999982468,2658.3794716565767
1788771246,150,POST,[setup] POST /auth/login,0.000000,0.000000,0,0,0,0,0,0,0,0,0,0,0,50,0,240,236.8954580000718,203.27720000022964,269.6783999999752,178.8
1788771246,150,,Aggregated,146.900000,0.000000,9,12,15,16,21,24,30,34,41,42,42,36030,0,8,9.957002706077661,1.5306999994209036,269.6783999999752,23998.19392173189
1788771247,150,GET,GET /articles (anon),98.100000,0.000000,10,13,15,17,21,25,31,34,42,42,42,24143,0,8,9.727781323777302,1.5706999993199133,77.97519999985525,26731.0
1788771247,150,GET,GET /articles (list),32.800000,0.000000,9,12,14,16,20,24,28,29,34,34,34,8344,0,8,9.71523364094055,1.6001999993022764,55.613200000152574,25569.920901246405
1788771247,150,GET,GET /articles/{id} (detail),16.700000,0.000000,9,12,14,16,21,24,27,34,37,37,37,3649,0,7,9.060083529737154,1.5306999994209036,68.13049999982468,2660.751712798027
1788771247,150,POST,[setup] POST /auth/login,0.000000,0.000000,0,0,0,0,0,0,0,0,0,0,0,50,0,240,236.8954580000718,203.27720000022964,269.6783999999752,178.8
1788771247,150,,Aggregated,147.600000,0.000000,10,13,15,16,21,24,29,33,41,42,42,36186,0,8,9.97144618636982,1.5306999994209036,269.6783999999752,23999.33609683303
1788771248,150,GET,GET /articles (anon),98.600000,0.000000,10,13,15,17,21,25,31,33,37,37,37,24242,0,8,9.73714305337655,1.5706999993199133,77.97519999985525,26731.0
1788771248,150,GET,GET /articles (list),33.200000,0.000000,9,13,15,16,21,24,29,31,39,39,39,8378,0,8,9.719373418478037,1.6001999993022764,55.613200000152574,25570.65564573884
1788771248,150,GET,GET /articles/{id} (detail),16.200000,0.000000,9,12,14,16,20,25,28,34,37,37,37,3670,0,7,9.072737384198936,1.5306999994209036,68.13049999982468,2661.2220708446866
1788771248,150,POST,[setup] POST /auth/login,0.000000,0.000000,0,0,0,0,0,0,0,0,0,0,0,50,0,240,236.8954580000718,203.27720000022964,269.6783999999752,178.8
1788771248,150,,Aggregated,148.000000,0.000000,10,13,15,17,21,25,30,33,37,39,39,36340,0,8,9.978493436983413,1.5306999994209036,269.6783999999752,23996.13318657127
1788771249,150,GET,GET /articles (anon),98.400000,0.000000,10,13,16,18,22,27,32,34,39,39,39,24335,0,8,9.754912438872056,1.5706999993199133,77.97519999985525,26731.0
1788771249,150,GET,GET /articles (list),33.400000,0.000000,10,13,15,17,22,25,29,31,39,39,39,8407,0,8,9.737797014393776,1.6001999993022764,55.613200000152574,25573.32889258951
1788771249,150,GET,GET /articles/{id} (detail),15.700000,0.000000,9,12,14,16,20,25,28,34,37,37,37,3691,0,7,9.07731492820709,1.5306999994209036,68.13049999982468,2661.3793010024383
1788771249,150,POST,[setup] POST /auth/login,0.000000,0.000000,0,0,0,0,0,0,0,0,0,0,0,50,0,240,236.8954580000718,203.27720000022964,269.6783999999752,178.8
1788771249,150,,Aggregated,147.500000,0.000000,10,13,15,17,22,26,32,33,39,39,39,36483,0,8,9.99371203026002,1.5306999994209036,269.6783999999752,23992.70761724639
1788771250,150,GET,GET /articles (anon),99.000000,0.000000,10,13,15,17,22,27,32,34,39,39,39,24434,0,8,9.755028783660133,1.5706999993199133,77.97519999985525,26731.0
1788771250,150,GET,GET /articles (list),33.800000,0.000000,10,13,15,17,22,25,29,31,39,39,39,8441,0,8,9.736271057932456,1.6001999993022764,55.613200000152574,25573.506456580973
1788771250,150,GET,GET /articles/{id} (detail),15.700000,0.000000,9,12,13,14,20,25,28,34,37,37,37,3707,0,7,9.069562611279643,1.5306999994209036,68.13049999982468,2661.2214728891286
1788771250,150,POST,[setup] POST /auth/login,0.000000,0.000000,0,0,0,0,0,0,0,0,0,0,0,50,0,240,236.8954580000718,203.27720000022964,269.6783999999752,178.8
1788771250,150,,Aggregated,148.500000,0.000000,10,13,15,17,22,26,32,33,39,39,39,36632,0,8,9.991370353788412,1.5306999994209036,269.6783999999752,23992.282976632454
1788771251,160,GET,GET /articles (anon),99.200000,0.000000,10,13,15,17,22,28,33,39,63,63,63,24539,0,8,9.773775663228118,1.5706999993199133,77.97519999985525,26731.0
1788771251,160,GET,GET /articles (list),33.400000,0.000000,10,13,16,17,22,25,29,31,39,39,39,8474,0,8,9.734460608922493,1.6001999993022764,55.613200000152574,25571.023247580837
1788771251,160,GET,GET /articles/{id} (detail),16.700000,0.000000,9,11,13,14,19,21,26,28,28,28,28,3726,0,7,9.070039694045121,1.5306999994209036,68.13049999982468,2659.5356951154054
1788771251,160,POST,[setup] POST /auth/login,0.000000,0.000000,270,270,270,270,270,270,270,270,270,270,270,53,0,250,238.30109433969963,203.27720000022964,269.6783999999752,178.8679245283019
1788771251,160,,Aggregated,149.300000,0.000000,10,13,15,17,22,26,32,39,270,270,270,36792,0,8,10.022652372797904,1.5306999994209036,269.6783999999752,23987.817188519242
1788771252,170,GET,GET /articles (anon),99.000000,0.000000,10,13,16,18,24,30,36,57,63,63,63,24647,0,8,9.799012532963637,1.5706999993199133,77.97519999985525,26731.0
1788771252,170,GET,GET /articles (list),33.400000,0.000000,10,13,16,18,22,26,29,33,39,39,39,8516,0,8,9.740715875999387,1.6001999993022764,55.613200000152574,25571.387505871302
1788771252,170,GET,GET /articles/{id} (detail),17.000000,0.000000,9,11,13,14,19,21,27,28,28,28,28,3737,0,7,9.06583468022758,1.5306999994209036,68.13049999982468,2659.4297564891626
1788771252,170,POST,[setup] POST /auth/login,0.000000,0.000000,250,250,270,270,270,270,270,270,270,270,270,57,0,250,238.75338596499523,203.27720000022964,269.6783999999752,178.94736842105263
1788771252,170,,Aggregated,149.400000,0.000000,10,13,15,18,23,29,36,60,270,270,270,36957,0,8,10.06456599561602,1.5306999994209036,269.6783999999752,23988.781069892037
1788771253,180,GET,GET /articles (anon),99.300000,0.000000,10,13,16,18,25,32,55,61,68,68,68,24779,0,8,9.819944913029614,1.5706999993199133,77.97519999985525,26731.0
1788771253,180,GET,GET /articles (list),33.300000,0.000000,10,13,16,18,23,28,37,45,56,56,56,8565,0,8,9.764501541157133,1.6001999993022764,56.36809999941761,25571.766024518387
1788771253,180,GET,GET /articles/{id} (detail),17.100000,0.000000,9,12,13,14,19,21,28,28,37,37,37,3746,0,7,9.072975974375836,1.5306999994209036,68.13049999982468,2659.1433529097703
1788771253,180,POST,[setup] POST /auth/login,0.300000,0.000000,250,250,270,270,310,310,310,310,310,310,310,60,0,250,240.31944333341926,203.27720000022964,307.5724000000264,179.0
1788771253,180,,Aggregated,150.000000,0.000000,10,13,16,18,24,32,56,65,270,310,310,37150,0,8,10.104115889636326,1.5306999994209036,307.5724000000264,23993.58051144011
1788771254,190,GET,GET /articles (anon),100.400000,0.000000,10,13,16,18,26,34,56,61,68,68,68,24903,0,8,9.835378596954586,1.5706999993199133,77.97519999985525,26731.0
1788771254,190,GET,GET /articles (list),34.700000,0.000000,10,13,16,19,23,29,38,45,56,56,56,8608,0,8,9.7761563080865,1.6001999993022764,56.36809999941761,25571.42158457249
1788771254,190,GET,GET /articles/{id} (detail),16.300000,0.000000,9,11,13,14,18,20,28,28,37,37,37,3762,0,7,9.068168288147627,1.5306999994209036,68.13049999982468,2656.996278575226
1788771254,190,POST,[setup] POST /auth/login,0.700000,0.000000,250,260,260,270,270,310,310,310,310,310,310,63,0,250,241.27480793658688,203.27720000022964,307.5724000000264,178.95238095238096
1788771254,190,,Aggregated,152.100000,0.000000,10,13,16,18,25,34,57,67,270,310,310,37336,0,8,10.134946129740346,1.5306999994209036,307.5724000000264,23993.137561602744
1788771255,200,GET,GET /articles (anon),103.200000,0.000000,10,13,16,18,27,36,57,61,68,68,68,25032,0,8,9.859759112334368,1.5706999993199133,77.97519999985525,26731.0
1788771255,200,GET,GET /articles (list),36.100000,0.000000,9,13,15,18,23,28,38,45,56,56,56,8647,0,8,9.782988308084683,1.6001999993022764,56.36809999941761,25571.00439458772
1788771255,200,GET,GET /articles/{id} (detail),15.500000,0.000000,8,11,13,14,19,22,28,35,37,37,37,3785,0,7,9.076690726554789,1.5306999994209036,68.13049999982468,2658.3080581241743
1788771255,200,POST,[setup] POST /auth/login,1.000000,0.000000,260,260,260,270,270,310,310,310,310,310,310,67,0,250,242.24114179110956,203.27720000022964,307.5724000000264,178.8955223880597
1788771255,200,,Aggregated,155.800000,0.000000,10,13,16,18,26,36,60,240,270,310,310,37531,0,8,10.177944123523947,1.5306999994209036,307.5724000000264,23988.61072180331
1788771256,200,GET,GET /articles (anon),105.800000,0.000000,10,13,16,18,26,36,57,61,67,68,68,25162,0,8,9.870368480246416,1.5706999993199133,77.97519999985525,26731.0
1788771256,200,GET,GET /articles (list),36.700000,0.000000,9,13,15,18,23,28,38,45,56,56,56,8690,0,8,9.801696616801756,1.6001999993022764,56.36809999941761,25569.492980437284
1788771256,200,GET,GET /articles/{id} (detail),15.600000,0.000000,8,11,13,13,19,22,28,35,37,37,37,3801,0,7,9.083184188374245,1.5306999994209036,68.13049999982468,2657.6456195737965
1788771256,200,POST,[setup] POST /auth/login,1.300000,0.000000,260,260,260,270,270,310,310,310,310,310,310,67,0,250,242.24114179110956,203.27720000022964,307.5724000000264,178.8955223880597
1788771256,200,,Aggregated,159.400000,0.000000,10,13,16,18,26,36,60,240,270,310,310,37720,0,8,10.187971762990019,1.5306999994209036,307.5724000000264,23990.403313891835
1788771257,200,GET,GET /articles (anon),109.400000,0.000000,10,13,16,18,26,36,57,61,67,68,68,25293,0,8,9.881144502430386,1.5706999993199133,77.97519999985525,26731.0
1788771257,200,GET,GET /articles (list),37.000000,0.000000,10,13,16,19,24,30,37,45,56,56,56,8729,0,8,9.821689586437493,1.6001999993022764,56.36809999941761,25570.801008133807
1788771257,200,GET,GET /articles/{id} (detail),16.200000,0.000000,8,11,13,14,20,25,33,35,37,37,37,3826,0,7,9.10734545217236,1.5306999994209036,68.13049999982468,2655.985624673288
1788771257,200,POST,[setup] POST /auth/login,1.700000,0.000000,260,260,260,270,270,310,310,310,310,310,310,67,0,250,242.24114179110956,203.27720000022964,307.5724000000264,178.8955223880597
1788771257,200,,Aggregated,164.300000,0.000000,10,13,16,18,26,36,60,240,270,310,310,37915,0,8,10.199978280364004,1.5306999994209036,307.5724000000264,23987.56407754187
1788771258,200,GET,GET /articles (anon),111.600000,0.000000,10,13,16,18,25,35,57,61,67,68,68,25424,0,8,9.897844788387804,1.5706999993199133,77.97519999985525,26731.0
1788771258,200,GET,GET /articles (list),37.900000,0.000000,10,13,16,19,23,29,37,45,56,56,56,8785,0,8,9.845773079113815,1.6001999993022764,56.36809999941761,25570.483323847468
1788771258,200,GET,GET /articles/{id} (detail),16.600000,0.000000,8,11,13,15,20,24,33,35,37,37,37,3842,0,7,9.124178214474808,1.5306999994209036,68.13049999982468,2654.088755856325
1788771258,200,POST,[setup] POST /auth/login,1.700000,0.000000,260,260,260,270,270,310,310,310,310,310,310,67,0,250,242.24114179110956,203.27720000022964,307.5724000000264,178.8955223880597
1788771258,200,,Aggregated,167.800000,0.000000,10,13,16,18,25,35,59,240,270,310,310,38118,0,8,10.216254042709576,1.5306999994209036,307.5724000000264,23990.10008394984
1788771259,200,GET,GET /articles (anon),114.300000,0.000000,10,13,16,18,25,35,57,61,67,68,68,25561,0,8,9.907229142051142,1.5706999993199133,77.97519999985525,26731.0
1788771259,200,GET,GET /articles (list),38.400000,0.000000,10,14,17,19,23,29,37,45,56,56,56,8824,0,8,9.847735652767055,1.6001999993022764,56.36809999941761,25572.200589301905
1788771259,200,GET,GET /articles/{id} (detail),17.500000,0.000000,8,11,13,16,20,24,33,35,37,37,37,3866,0,7,9.126318908436073,1.5306999994209036,68.13049999982468,2652.7581479565442
1788771259,200,POST,[setup] POST /auth/login,1.700000,0.000000,260,260,260,270,270,310,310,310,310,310,310,67,0,250,242.24114179110956,203.27720000022964,307.5724000000264,178.8955223880597
1788771259,200,,Aggregated,171.900000,0.000000,10,13,16,19,25,35,59,240,270,310,310,38318,0,8,10.22098253823281,1.5306999994209036,307.5724000000264,23988.405918889293
1788771260,200,GET,GET /articles (anon),117.400000,0.000000,10,13,16,18,24,33,49,59,67,68,68,25694,0,8,9.914309325133326,1.5706999993199133,77.97519999985525,26731.0
1788771260,200,GET,GET /articles (list),40.300000,0.000000,10,14,17,19,23,29,37,45,56,56,56,8868,0,8,9.862103518269809,1.6001999993022764,56.36809999941761,25572.955796120885
1788771260,200,GET,GET /articles/{id} (detail),17.100000,0.000000,8,11,14,16,20,24,33,35,37,37,37,3892,0,7,9.134546839675119,1.5306999994209036,68.13049999982468,2648.850462487153
1788771260,200,POST,[setup] POST /auth/login,1.700000,0.000000,260,260,260,260,270,310,310,310,310,310,310,67,0,250,242.24114179110956,203.27720000022964,307.5724000000264,178.8955223880597
1788771260,200,,Aggregated,176.500000,0.000000,10,13,16,18,24,33,56,66,270,310,310,38521,0,8,10.227595612782979,1.5306999994209036,307.5724000000264,23985.062641156772
1788771261,200,GET,GET /articles (anon),121.100000,0.000000,10,13,16,17,24,30,49,57,67,68,68,25819,0,8,9.931190220379476,1.5706999993199133,77.97519999985525,26731.0
1788771261,200,GET,GET /articles (list),41.200000,0.000000,10,14,17,19,23,30,39,50,56,56,56,8908,0,8,9.87529707005143,1.6001999993022764,56.36809999941761,25574.203412662777
1788771261,200,GET,GET /articles/{id} (detail),17.700000,0.000000,9,12,14,17,20,29,35,47,47,47,47,3912,0,7,9.164363343561973,1.5306999994209036,68.13049999982468,2648.090235173824
1788771261,200,POST,[setup] POST /auth/login,1.700000,0.000000,260,260,260,270,310,310,310,310,310,310,310,67,0,250,242.24114179110956,203.27720000022964,307.5724000000264,178.8955223880597
1788771261,200,,Aggregated,181.700000,0.000000,10,13,16,18,24,31,49,61,270,310,310,38706,0,8,10.242951803338379,1.5306999994209036,307.5724000000264,23984.757091923733
1788771262,200,GET,GET /articles (anon),124.900000,0.000000,10,14,17,19,26,34,45,50,61,62,62,25958,0,8,9.985507088372724,1.5706999993199133,77.97519999985525,26731.0
1788771262,200,GET,GET /articles (list),42.300000,0.000000,11,15,19,20,27,32,38,42,50,50,50,8954,0,8,9.930709358948205,1.6001999993022764,56.36809999941761,25573.80355148537
1788771262,200,GET,GET /articles/{id} (detail),17.900000,0.000000,9,12,15,18,22,29,35,47,47,47,47,3935,0,7,9.191192350702524,1.5306999994209036,68.13049999982468,2651.1354510800506
1788771262,200,POST,[setup] POST /auth/login,1.700000,0.000000,260,260,260,260,270,270,270,270,270,270,270,67,0,250,242.24114179110956,203.27720000022964,307.5724000000264,178.8955223880597
1788771262,200,,Aggregated,186.800000,0.000000,10,14,18,19,26,34,43,51,260,270,270,38914,0,8,10.292461916020477,1.5306999994209036,307.5724000000264,23984.05044457008
1788771263,200,GET,GET /articles (anon),128.000000,0.000000,11,15,18,21,27,35,42,49,61,62,62,26094,0,8,10.028178619605304,1.5706999993199133,77.97519999985525,26731.0
1788771263,200,GET,GET /articles (list),43.300000,0.000000,12,16,19,22,29,33,39,42,50,50,50,9005,0,8,9.985284408664299,1.6001999993022764,56.36809999941761,25575.438978345363
1788771263,200,GET,GET /articles/{id} (detail),18.100000,0.000000,10,13,16,19,22,30,35,47,47,47,47,3949,0,7,9.20821714358392,1.5306999994209036,68.13049999982468,2650.1281337047353
1788771263,200,POST,[setup] POST /auth/login,1.400000,0.000000,260,260,270,270,270,270,270,270,270,270,270,67,0,250,242.24114179110956,203.27720000022964,307.5724000000264,178.8955223880597
1788771263,200,,Aggregated,190.800000,0.000000,11,15,18,21,28,34,42,49,260,270,270,39115,0,8,10.333278409817739,1.5306999994209036,307.5724000000264,23988.313537006263
1788771264,200,GET,GET /articles (anon),130.100000,0.000000,11,15,18,20,27,33,40,45,51,54,54,26214,0,8,10.041677187761474,1.5706999993199133,77.97519999985525,26731.0
1788771264,200,GET,GET /articles (list),43.500000,0.000000,12,17,19,22,29,33,39,42,50,50,50,9046,0,8,10.002325967281028,1.6001999993022764,56.36809999941761,25575.21644925934
1788771264,200,GET,GET /articles/{id} (detail),19.700000,0.000000,9,13,16,19,22,30,35,47,47,47,47,3967,0,7,9.213240912531406,1.5306999994209036,68.13049999982468,2649.353919838669
1788771264,200,POST,[setup] POST /auth/login,1.000000,0.000000,260,260,270,270,270,270,270,270,270,270,270,67,0,250,242.24114179110956,203.27720000022964,307.5724000000264,178.8955223880597
1788771264,200,,Aggregated,194.300000,0.000000,11,15,18,20,27,33,40,43,51,54,54,39294,0,8,10.344903794472966,1.5306999994209036,307.5724000000264,23988.441365093906
1788771265,200,GET,GET /articles (anon),131.700000,0.000000,11,15,18,20,26,33,40,45,51,54,54,26347,0,8,10.048236546854831,1.5706999993199133,77.97519999985525,26731.0
1788771265,200,GET,GET /articles (list),44.000000,0.000000,12,17,19,21,29,33,39,42,50,50,50,9090,0,8,10.0061473707397,1.6001999993022764,56.36809999941761,25575.00110011001
1788771265,200,GET,GET /articles/{id} (detail),20.000000,0.000000,9,12,15,18,24,31,35,47,47,47,47,3993,0,7,9.214984472829784,1.5306999994209036,68.13049999982468,2650.0025043826695
1788771265,200,POST,[setup] POST /auth/login,0.700000,0.000000,260,260,270,270,270,270,270,270,270,270,270,67,0,250,242.24114179110956,203.27720000022964,307.5724000000264,178.8955223880597
1788771265,200,,Aggregated,196.400000,0.000000,11,15,18,20,27,33,40,43,51,54,54,39497,0,8,10.34818739144804,1.5306999994209036,307.5724000000264,23985.413145302176
1788771266,200,GET,GET /articles (anon),130.700000,0.000000,11,15,18,20,26,32,40,43,51,54,54,26484,0,8,10.057717285907913,1.5706999993199133,77.97519999985525,26731.0
1788771266,200,GET,GET /articles (list),43.800000,0.000000,11,16,19,21,27,33,39,42,50,50,50,9140,0,8,10.019564485779169,1.6001999993022764,56.36809999941761,25574.262800875273
1788771266,200,GET,GET /articles/{id} (detail),20.700000,0.000000,9,11,16,17,23,29,35,47,47,47,47,4008,0,7,9.224241042916274,1.5306999994209036,68.13049999982468,2648.0229540918162
1788771266,200,POST,[setup] POST /auth/login,0.400000,0.000000,260,260,270,270,270,270,270,270,270,270,270,67,0,250,242.24114179110956,203.27720000022964,307.5724000000264,178.8955223880597
1788771266,200,,Aggregated,195.600000,0.000000,11,15,18,20,26,32,40,43,51,54,54,39699,0,8,10.356641693745956,1.5306999994209036,307.5724000000264,23988.45885286783
1788771267,200,GET,GET /articles (anon),130.500000,0.000000,11,15,19,21,27,33,40,43,51,54,54,26619,0,8,10.080715947255179,1.5706999993199133,77.97519999985525,26731.0
1788771267,200,GET,GET /articles (list),44.400000,0.000000,11,16,19,21,29,34,39,42,50,50,50,9194,0,8,10.051845605832076,1.6001999993022764,56.36809999941761,25574.119534479007
1788771267,200,GET,GET /articles/{id} (detail),20.500000,0.000000,9,11,16,18,24,30,35,47,47,47,47,4021,0,7,9.244720019897922,1.5306999994209036,68.13049999982468,2648.7229544889333
1788771267,200,POST,[setup] POST /auth/login,0.000000,0.000000,260,260,270,270,270,270,270,270,270,270,270,67,0,250,242.24114179110956,203.27720000022964,307.5724000000264,178.8955223880597
1788771267,200,,Aggregated,195.400000,0.000000,11,15,18,21,27,33,40,43,51,54,54,39901,0,8,10.379650184206426,1.5306999994209036,307.5724000000264,23992.968722588404
1788771268,200,GET,GET /articles (anon),131.800000,0.000000,12,16,19,22,28,33,41,45,51,54,54,26750,0,8,10.112685472896752,1.5706999993199133,77.97519999985525,26731.0
1788771268,200,GET,GET /articles (list),44.800000,0.000000,12,18,21,24,31,35,41,42,50,50,50,9243,0,8,10.105974910745564,1.6001999993022764,56.36809999941761,25574.886508709293
1788771268,200,GET,GET /articles/{id} (detail),20.700000,0.000000,9,14,17,21,27,31,36,47,47,47,47,4043,0,7,9.279014840467156,1.5306999994209036,68.13049999982468,2645.4466979965373
1788771268,200,POST,[setup] POST /auth/login,0.000000,0.000000,260,260,270,270,270,270,270,270,270,270,270,67,0,250,242.24114179110956,203.27720000022964,307.5724000000264,178.8955223880597
1788771268,200,,Aggregated,197.300000,0.000000,12,16,20,22,29,34,41,43,51,54,54,40103,0,8,10.414908510585821,1.5306999994209036,307.5724000000264,23991.981971423585
1788771269,200,GET,GET /articles (anon),132.600000,0.000000,12,17,21,23,29,34,41,45,51,54,54,26879,0,8,10.13642592730368,1.5706999993199133,77.97519999985525,26731.0
1788771269,200,GET,GET /articles (list),45.700000,0.000000,13,18,22,25,31,35,41,42,50,50,50,9293,0,8,10.13356259550448,1.6001999993022764,56.36809999941761,25574.04046056171
1788771269,200,GET,GET /articles/{id} (detail),19.500000,0.000000,10,14,18,21,27,31,36,47,47,47,47,4062,0,7,9.291052412606607,1.5306999994209036,68.13049999982468,2645.9643032988674
1788771269,200,POST,[setup] POST /auth/login,0.000000,0.000000,260,260,270,270,270,270,270,270,270,270,270,67,0,250,242.24114179110956,203.27720000022964,307.5724000000264,178.8955223880597
1788771269,200,,Aggregated,197.800000,0.000000,12,17,21,23,30,34,41,43,51,54,54,40301,0,8,10.436430885090495,1.5306999994209036,307.5724000000264,23992.506389419617
1788771270,200,GET,GET /articles (anon),132.000000,0.000000,12,17,21,23,29,33,40,42,49,49,49,27007,0,8,10.1499050727588,1.5706999993199133,77.97519999985525,26731.0
1788771270,200,GET,GET /articles (list),45.300000,0.000000,13,18,23,25,31,35,39,41,47,47,47,9332,0,8,10.14576346978331,1.6001999993022764,56.36809999941761,25573.927346763823
1788771270,200,GET,GET /articles/{id} (detail),19.900000,0.000000,9,14,18,21,26,30,35,36,43,43,43,4080,0,7,9.300273284315617,1.5306999994209036,68.13049999982468,2645.877450980392
1788771270,200,POST,[setup] POST /auth/login,0.000000,0.000000,260,260,270,270,270,270,270,270,270,270,270,67,0,250,242.24114179110956,203.27720000022964,307.5724000000264,178.8955223880597
1788771270,200,,Aggregated,197.200000,0.000000,12,17,21,23,29,33,39,42,49,49,49,40486,0,8,10.44741447660988,1.5306999994209036,307.5724000000264,23993.162401817914
1788771271,200,GET,GET /articles (anon),131.600000,0.000000,12,16,20,22,27,32,39,43,50,69,69,27151,0,8,10.18193929137026,1.5706999993199133,77.97519999985525,26731.0
1788771271,200,GET,GET /articles (list),46.500000,0.000000,13,17,21,24,30,35,40,41,58,58,58,9376,0,8,10.18344026237454,1.6001999993022764,57.89499999991676,25573.2402943686
1788771271,200,GET,GET /articles/{id} (detail),19.100000,0.000000,10,14,18,21,27,30,35,38,43,43,43,4102,0,8,9.331611969773068,1.5306999994209036,68.13049999982468,2647.00024378352
1788771271,200,POST,[setup] POST /auth/login,0.000000,0.000000,260,260,270,270,270,270,270,270,270,270,270,67,0,250,242.24114179110956,203.27720000022964,307.5724000000264,178.8955223880597
1788771271,200,,Aggregated,197.200000,0.000000,12,16,20,22,28,32,39,42,58,69,69,40696,0,8,10.47862685276272,1.5306999994209036,307.5724000000264,23992.97383035188
1788771272,200,GET,GET /articles (anon),131.300000,0.000000,12,16,20,22,27,32,38,42,50,69,69,27284,0,8,10.219174849728676,1.5706999993199133,77.97519999985525,26731.0
1788771272,200,GET,GET /articles (list),46.200000,0.000000,13,17,21,23,30,35,40,41,58,58,58,9425,0,8,10.22762079575848,1.6001999993022764,57.89499999991676,25572.29198938992
1788771272,200,GET,GET /articles/{id} (detail),19.200000,0.000000,10,15,18,21,27,30,31,36,38,38,38,4116,0,8,9.349514188534025,1.5306999994209036,68.13049999982468,2648.46768707483
1788771272,200,POST,[setup] POST /auth/login,0.000000,0.000000,0,0,0,0,0,0,0,0,0,0,0,67,0,250,242.24114179110956,203.27720000022964,307.5724000000264,178.8955223880597
1788771272,200,,Aggregated,196.700000,0.000000,12,16,20,22,28,32,38,41,58,69,69,40892,0,8,10.513744730021317,1.5306999994209036,307.5724000000264,23996.393793407024
1788771273,200,GET,GET /articles (anon),131.300000,0.000000,11,16,20,22,28,32,41,44,56,69,69,27423,0,8,10.232612128505094,1.5706999993199133,77.97519999985525,26731.0
1788771273,200,GET,GET /articles (list),46.600000,0.000000,12,17,21,23,30,36,41,43,58,58,58,9476,0,8,10.250384276068413,1.6001999993022764,57.89499999991676,25570.898058252427
1788771273,200,GET,GET /articles/{id} (detail),18.900000,0.000000,10,15,18,21,27,30,35,38,44,44,44,4136,0,8,9.361205029014197,1.5306999994209036,68.13049999982468,2645.4248065764023
1788771273,200,POST,[setup] POST /auth/login,0.000000,0.000000,0,0,0,0,0,0,0,0,0,0,0,67,0,250,242.24114179110956,203.27720000022964,307.5724000000264,178.8955223880597
1788771273,200,,Aggregated,196.800000,0.000000,11,16,20,22,28,33,41,43,58,69,69,41102,0,8,10.52721678507194,1.5306999994209036,307.5724000000264,23996.58182083597
1788771274,200,GET,GET /articles (anon),131.700000,0.000000,11,17,21,23,28,33,41,44,56,69,69,27549,0,8,10.250166633997432,1.5706999993199133,77.97519999985525,26731.0
1788771274,200,GET,GET /articles (list),46.900000,0.000000,13,18,21,25,31,37,41,43,58,58,58,9525,0,8,10.26955735433284,1.6001999993022764,57.89499999991676,25573.22845144357
1788771274,200,GET,GET /articles/{id} (detail),18.000000,0.000000,10,16,20,22,27,30,34,38,44,44,44,4152,0,8,9.381183670520823,1.5306999994209036,68.13049999982468,2644.5907996146434
1788771274,200,POST,[setup] POST /auth/login,0.000000,0.000000,0,0,0,0,0,0,0,0,0,0,0,67,0,250,242.24114179110956,203.27720000022964,307.5724000000264,178.8955223880597
1788771274,200,,Aggregated,196.600000,0.000000,12,17,21,23,29,33,41,43,58,69,69,41293,0,8,10.543680660160867,1.5306999994209036,307.5724000000264,23998.97432978955
1788771275,200,GET,GET /articles (anon),130.500000,0.000000,12,18,21,23,29,33,41,44,56,69,69,27694,0,8,10.282170531523121,1.5706999993199133,77.97519999985525,26731.0
1788771275,200,GET,GET /articles (list),46.800000,0.000000,13,18,23,25,31,37,41,43,58,58,58,9570,0,8,10.295102445142811,1.6001999993022764,57.89499999991676,25574.438871473354
1788771275,200,GET,GET /articles/{id} (detail),18.500000,0.000000,11,17,20,23,28,30,36,38,44,44,44,4172,0,8,9.417461337488406,1.5306999994209036,68.13049999982468,2643.3902205177374
1788771275,200,POST,[setup] POST /auth/login,0.000000,0.000000,0,0,0,0,0,0,0,0,0,0,0,67,0,250,242.24114179110956,203.27720000022964,307.5724000000264,178.8955223880597
1788771275,200,,Aggregated,195.800000,0.000000,12,18,21,23,30,34,41,43,58,69,69,41503,0,8,10.572690318772713,1.5306999994209036,307.5724000000264,24000.09406548924
1788771276,200,GET,GET /articles (anon),132.800000,0.000000,13,18,21,23,30,36,43,48,58,69,69,27834,0,8,10.316141323561308,1.5706999993199133,77.97519999985525,26731.0
1788771276,200,GET,GET /articles (list),47.000000,0.000000,13,18,23,26,32,38,42,46,58,58,58,9618,0,8,10.32216143689138,1.6001999993022764,57.89499999991676,25575.526200873363
1788771276,200,GET,GET /articles/{id} (detail),18.100000,0.000000,11,17,21,23,30,34,39,48,54,54,54,4188,0,8,9.455512488062002,1.5306999994209036,68.13049999982468,2642.995463228271
1788771276,200,POST,[setup] POST /auth/login,0.000000,0.000000,0,0,0,0,0,0,0,0,0,0,0,67,0,250,242.24114179110956,203.27720000022964,307.5724000000264,178.8955223880597
1788771276,200,,Aggregated,197.900000,0.000000,13,18,22,24,30,36,43,48,58,69,69,41707,0,8,10.603684491812759,1.5306999994209036,307.5724000000264,24003.09099191982
1788771277,200,GET,GET /articles (anon),132.500000,0.000000,12,17,21,22,29,34,43,47,58,69,69,27956,0,8,10.319173168550803,1.5706999993199133,77.97519999985525,26731.0
1788771277,200,GET,GET /articles (list),47.600000,0.000000,12,17,20,23,30,36,42,46,58,58,58,9661,0,8,10.325207597559585,1.6001999993022764,57.89499999991676,25574.183107338784
1788771277,200,GET,GET /articles/{id} (detail),18.200000,0.000000,11,15,19,23,30,34,39,48,54,54,54,4207,0,8,9.460464392680263,1.5306999994209036,68.13049999982468,2641.4093178036605
1788771277,200,POST,[setup] POST /auth/login,0.000000,0.000000,0,0,0,0,0,0,0,0,0,0,0,67,0,250,242.24114179110956,203.27720000022964,307.5724000000264,178.8955223880597
1788771277,200,,Aggregated,198.300000,0.000000,12,17,20,23,29,35,43,47,58,69,69,41891,0,8,10.60526045928814,1.5306999994209036,307.5724000000264,24002.49251629228
1788771278,200,GET,GET /articles (anon),133.500000,0.000000,12,17,20,22,29,34,43,47,58,69,69,28096,0,8,10.33677650911163,1.5706999993199133,77.97519999985525,26731.0
1788771278,200,GET,GET /articles (list),47.600000,0.000000,12,16,19,23,29,36,42,46,58,58,58,9702,0,8,10.33691305916575,1.6001999993022764,57.89499999991676,25574.448979591838
1788771278,200,GET,GET /articles/{id} (detail),17.900000,0.000000,11,15,19,22,29,34,39,48,54,54,54,4228,0,8,9.481120458847652,1.5306999994209036,68.13049999982468,2641.3675496688743
1788771278,200,POST,[setup] POST /auth/login,0.000000,0.000000,0,0,0,0,0,0,0,0,0,0,0,67,0,250,242.24114179110956,203.27720000022964,307.5724000000264,178.8955223880597
1788771278,200,,Aggregated,199.000000,0.000000,12,16,19,22,29,35,42,47,58,69,69,42093,0,8,10.619987577507862,1.5306999994209036,307.5724000000264,24002.49846767871
1788771279,200,GET,GET /articles (anon),132.500000,0.000000,13,17,20,22,29,35,43,47,58,69,69,28222,0,8,10.359513879243183,1.5706999993199133,77.97519999985525,26731.0
1788771279,200,GET,GET /articles (list),47.200000,0.000000,12,16,19,23,30,37,42,46,58,58,58,9742,0,8,10.35607547731751,1.6001999993022764,57.89499999991676,25573.91285157052
1788771279,200,GET,GET /articles/{id} (detail),18.300000,0.000000,11,17,20,22,29,36,41,48,54,54,54,4249,0,8,9.506788726760776,1.5306999994209036,68.13049999982468,2639.827488820899
1788771279,200,POST,[setup] POST /auth/login,0.000000,0.000000,0,0,0,0,0,0,0,0,0,0,0,67,0,250,242.24114179110956,203.27720000022964,307.5724000000264,178.8955223880597
1788771279,200,,Aggregated,198.000000,0.000000,12,17,20,23,29,36,43,47,58,69,69,42280,0,8,10.640482256386923,1.5306999994209036,307.5724000000264,24001.22880794702
1788771280,200,GET,GET /articles (anon),134.300000,0.000000,12,17,20,22,29,35,45,51,77,80,80,28358,0,8,10.398558664222117,1.5706999993199133,80.15479999994568,26731.0
1788771280,200,GET,GET /articles (list),45.700000,0.000000,12,16,19,22,29,36,40,44,76,76,76,9787,0,8,10.376232073160832,1.6001999993022764,75.81579999987298,25572.116583222643
1788771280,200,GET,GET /articles/{id} (detail),18.500000,0.000000,12,17,21,23,31,40,48,58,75,75,75,4274,0,8,9.58073130557007,1.5306999994209036,74.53960000020743,2639.782171268133
1788771280,200,POST,[setup] POST /auth/login,0.000000,0.000000,0,0,0,0,0,0,0,0,0,0,0,67,0,250,242.24114179110956,203.27720000022964,307.5724000000264,178.8955223880597
1788771280,200,,Aggregated,198.500000,0.000000,12,17,20,23,29,36,44,50,77,80,80,42486,0,8,10.676757331828052,1.5306999994209036,307.5724000000264,23998.644682954386
1788771281,200,GET,GET /articles (anon),134.000000,0.000000,12,16,20,22,28,35,45,51,77,80,80,28490,0,8,10.405282471042817,1.5706999993199133,80.15479999994568,26731.0
1788771281,200,GET,GET /articles (list),45.100000,0.000000,11,15,18,21,27,33,39,44,76,76,76,9824,0,8,10.377978155540031,1.6001999993022764,75.81579999987298,25571.837846091206
1788771281,200,GET,GET /articles/{id} (detail),18.300000,0.000000,12,17,22,23,34,40,48,58,75,75,75,4297,0,8,9.60119252967323,1.5306999994209036,74.53960000020743,2639.1566208983013
1788771281,200,POST,[setup] POST /auth/login,0.000000,0.000000,0,0,0,0,0,0,0,0,0,0,0,67,0,250,242.24114179110956,203.27720000022964,307.5724000000264,178.8955223880597
1788771281,200,,Aggregated,197.400000,0.000000,12,16,19,22,28,35,44,50,77,80,80,42678,0,8,10.68199624631064,1.5306999994209036,307.5724000000264,23996.821945733165
1788771282,200,GET,GET /articles (anon),134.200000,0.000000,12,16,19,21,27,33,43,50,77,80,80,28618,0,8,10.413433531344271,1.5706999993199133,80.15479999994568,26731.0
1788771282,200,GET,GET /articles (list),45.400000,0.000000,12,16,19,21,27,32,37,44,76,76,76,9870,0,8,10.397272016213561,1.6001999993022764,75.81579999987298,25573.998682877405
1788771282,200,GET,GET /articles/{id} (detail),19.000000,0.000000,12,18,22,23,31,39,48,58,75,75,75,4321,0,8,9.63218530432957,1.5306999994209036,74.53960000020743,2639.6218467947233
1788771282,200,POST,[setup] POST /auth/login,0.000000,0.000000,0,0,0,0,0,0,0,0,0,0,0,67,0,250,242.24114179110956,203.27720000022964,307.5724000000264,178.8955223880597
1788771282,200,,Aggregated,198.600000,0.000000,12,16,19,21,28,33,43,50,77,80,80,42876,0,8,10.693244351153346,1.5306999994209036,307.5724000000264,23995.263480735142
1788771283,200,GET,GET /articles (anon),132.500000,0.000000,12,16,20,22,28,34,43,50,77,80,80,28749,0,8,10.432479115795731,1.5706999993199133,80.15479999994568,26731.0
1788771283,200,GET,GET /articles (list),45.100000,0.000000,12,16,19,21,27,33,38,50,76,76,76,9910,0,8,10.41988518668283,1.6001999993022764,75.81579999987298,25574.52381432896
1788771283,200,GET,GET /articles/{id} (detail),19.500000,0.000000,12,18,21,23,31,39,48,58,75,75,75,4343,0,8,9.65563799217295,1.5306999994209036,74.53960000020743,2639.6647478701357
1788771283,200,POST,[setup] POST /auth/login,0.000000,0.000000,0,0,0,0,0,0,0,0,0,0,0,67,0,250,242.24114179110956,203.27720000022964,307.5724000000264,178.8955223880597
1788771283,200,,Aggregated,197.100000,0.000000,12,16,20,22,28,34,43,50,77,80,80,43069,0,8,10.711857637745249,1.5306999994209036,307.5724000000264,23994.267338456895
1788771284,200,GET,GET /articles (anon),133.900000,0.000000,12,16,19,21,28,33,43,50,77,80,80,28881,0,8,10.448096184343294,1.5706999993199133,80.15479999994568,26731.0
1788771284,200,GET,GET /articles (list),44.300000,0.000000,12,15,18,20,26,33,37,45,76,76,76,9965,0,8,10.436878073258882,1.6001999993022764,75.81579999987298,25574.429302558958
1788771284,200,GET,GET /articles/{id} (detail),20.100000,0.000000,11,18,21,22,31,39,48,58,75,75,75,4360,0,8,9.664213669726166,1.5306999994209036,74.53960000020743,2640.0327981651376
1788771284,200,POST,[setup] POST /auth/login,0.000000,0.000000,0,0,0,0,0,0,0,0,0,0,0,67,0,250,242.24114179110956,203.27720000022964,307.5724000000264,178.8955223880597
1788771284,200,,Aggregated,198.300000,0.000000,12,16,19,21,28,34,43,50,77,80,80,43273,0,8,10.725419638112776,1.5306999994209036,307.5724000000264,23996.250040440922
1788771285,200,GET,GET /articles (anon),132.400000,0.000000,12,16,20,22,28,35,43,46,77,80,80,29013,0,8,10.48704372867409,1.5706999993199133,80.15479999994568,26731.0
1788771285,200,GET,GET /articles (list),42.900000,0.000000,12,15,19,21,28,33,38,45,76,76,76,10005,0,8,10.463702248877873,1.6001999993022764,75.81579999987298,25574.417191404296
1788771285,200,GET,GET /articles/{id} (detail),20.600000,0.000000,11,17,20,22,30,38,44,58,75,75,75,4386,0,8,9.692913178295846,1.5306999994209036,74.53960000020743,2640.568855449156
1788771285,200,POST,[setup] POST /auth/login,0.000000,0.000000,0,0,0,0,0,0,0,0,0,0,0,67,0,250,242.24114179110956,203.27720000022964,307.5724000000264,178.8955223880597
1788771285,200,,Aggregated,195.900000,0.000000,12,16,20,21,28,35,43,46,77,80,80,43471,0,8,10.758740640888284,1.5306999994209036,307.5724000000264,23993.2844425019
1788771286,200,GET,GET /articles (anon),132.700000,0.000000,12,16,19,21,28,35,43,46,77,80,80,29143,0,8,10.488688669663869,1.5706999993199133,80.15479999994568,26731.0
1788771286,200,GET,GET /articles (list),44.700000,0.000000,12,15,18,21,28,33,36,39,76,76,76,10063,0,8,10.463646516945845,1.6001999993022764,75.81579999987298,25573.55838219219
1788771286,200,GET,GET /articles/{id} (detail),20.500000,0.000000,10,17,20,22,30,38,44,58,75,75,75,4399,0,8,9.690290770631451,1.5306999994209036,74.53960000020743,2640.879063423505
1788771286,200,POST,[setup] POST /auth/login,0.000000,0.000000,0,0,0,0,0,0,0,0,0,0,0,67,0,250,242.24114179110956,203.27720000022964,307.5724000000264,178.8955223880597
1788771286,200,,Aggregated,197.900000,0.000000,11,16,19,21,28,34,43,46,77,80,80,43672,0,8,10.758043469501116,1.5306999994209036,307.5724000000264,23997.010991023995
1788771287,200,GET,GET /articles (anon),132.600000,0.000000,12,16,19,22,28,35,43,47,77,80,80,29267,0,8,10.514644466464222,1.5706999993199133,80.15479999994568,26731.0
1788771287,200,GET,GET /articles (list),43.500000,0.000000,12,16,19,21,27,33,38,45,76,76,76,10108,0,8,10.492934517216739,1.6001999993022764,75.81579999987298,25572.774633953304
1788771287,200,GET,GET /articles/{id} (detail),20.900000,0.000000,11,17,20,22,30,38,44,58,75,75,75,4415,0,8,9.709025798416521,1.5306999994209036,74.53960000020743,2640.655945639864
1788771287,200,POST,[setup] POST /auth/login,0.000000,0.000000,0,0,0,0,0,0,0,0,0,0,0,67,0,250,242.24114179110956,203.27720000022964,307.5724000000264,178.8955223880597
1788771287,200,,Aggregated,197.000000,0.000000,12,16,19,22,28,35,43,46,77,80,80,43857,0,8,10.782547531752035,1.5306999994209036,307.5724000000264,23998.36434320633
1788771288,200,GET,GET /articles (anon),130.500000,0.000000,12,17,20,22,29,36,44,48,77,80,80,29399,0,8,10.541213888227762,1.5706999993199133,80.15479999994568,26731.0
1788771288,200,GET,GET /articles (list),43.900000,0.000000,12,16,20,21,28,32,38,45,76,76,76,10158,0,8,10.521686365429021,1.6001999993022764,75.81579999987298,25570.147371529827
1788771288,200,GET,GET /articles/{id} (detail),20.600000,0.000000,10,16,20,21,30,36,44,58,75,75,75,4434,0,8,9.71723274695728,1.5306999994209036,74.53960000020743,2639.5223274695536
1788771288,200,POST,[setup] POST /auth/login,0.000000,0.000000,0,0,0,0,0,0,0,0,0,0,0,67,0,250,242.24114179110956,203.27720000022964,307.5724000000264,178.8955223880597
1788771288,200,,Aggregated,195.000000,0.000000,12,16,20,22,29,35,43,46,77,80,80,44058,0,8,10.806137448364645,1.5306999994209036,307.5724000000264,23998.40787144219
1788771289,200,GET,GET /articles (anon),130.000000,0.000000,11,16,19,21,28,34,39,44,50,53,53,29533,0,8,10.55754726238489,1.5706999993199133,80.15479999994568,26731.0
1788771289,200,GET,GET /articles (list),44.400000,0.000000,12,16,20,22,28,32,36,45,52,52,52,10193,0,8,10.54151163543861,1.6001999993022764,75.81579999987298,25570.974296085547
1788771289,200,GET,GET /articles/{id} (detail),21.000000,0.000000,11,16,19,21,28,33,36,44,45,45,45,4458,0,8,9.747067743385042,1.5306999994209036,74.53960000020743,2639.102512337371
1788771289,200,POST,[setup] POST /auth/login,0.000000,0.000000,0,0,0,0,0,0,0,0,0,0,0,67,0,250,242.24114179110956,203.27720000022964,307.5724000000264,178.8955223880597
1788771289,200,,Aggregated,195.400000,0.000000,12,16,20,21,28,33,38,44,52,53,53,44251,0,8,10.822992834061472,1.5306999994209036,307.5724000000264,23996.48977424239
1788771290,200,GET,GET /articles (anon),128.500000,0.000000,12,17,20,22,29,35,41,45,54,54,54,29659,0,8,10.584038919046806,1.5706999993199133,80.15479999994568,26731.0
1788771290,200,GET,GET /articles (list),45.200000,0.000000,12,18,21,23,29,35,45,48,54,54,54,10240,0,8,10.58066267578354,1.6001999993022764,75.81579999987298,25570.43857421875
1788771290,200,GET,GET /articles/{id} (detail),20.800000,0.000000,11,15,18,21,28,31,41,42,45,45,45,4479,0,8,9.775142799734883,1.5306999994209036,74.53960000020743,2639.7061844161644
1788771290,200,POST,[setup] POST /auth/login,0.000000,0.000000,0,0,0,0,0,0,0,0,0,0,0,67,0,250,242.24114179110956,203.27720000022964,307.5724000000264,178.8955223880597
1788771290,200,,Aggregated,194.500000,0.000000,12,17,20,22,29,35,42,45,54,54,54,44445,0,8,10.850962249973,1.5306999994209036,307.5724000000264,23995.753178085273
1788771291,200,GET,GET /articles (anon),129.500000,0.000000,12,17,20,22,29,35,42,45,54,54,54,29776,0,8,10.588722031166133,1.5706999993199133,80.15479999994568,26731.0
1788771291,200,GET,GET /articles (list),45.200000,0.000000,12,17,21,23,29,35,45,48,54,54,54,10287,0,8,10.588614746770176,1.6001999993022764,75.81579999987298,25569.46631671041
1788771291,200,GET,GET /articles/{id} (detail),21.100000,0.000000,11,15,18,20,27,30,41,42,45,45,45,4496,0,8,9.77453563167517,1.5306999994209036,74.53960000020743,2639.0429270462632
1788771291,200,POST,[setup] POST /auth/login,0.000000,0.000000,0,0,0,0,0,0,0,0,0,0,0,67,0,250,242.24114179110956,203.27720000022964,307.5724000000264,178.8955223880597
1788771291,200,,Aggregated,195.800000,0.000000,12,17,20,22,29,35,42,45,54,54,54,44626,0,8,10.854464567741761,1.5306999994209036,307.5724000000264,23996.1564782862
1788771292,200,GET,GET /articles (anon),128.400000,0.000000,13,17,20,23,30,36,42,45,54,54,54,29923,0,8,10.613522016509014,1.5706999993199133,80.15479999994568,26731.0
1788771292,200,GET,GET /articles (list),44.300000,0.000000,12,17,21,23,29,35,45,48,54,54,54,10332,0,8,10.604988898570161,1.6001999993022764,75.81579999987298,25570.806523422376
1788771292,200,GET,GET /articles/{id} (detail),20.300000,0.000000,10,14,17,19,26,33,41,42,45,45,45,4518,0,8,9.790800376275794,1.5306999994209036,74.53960000020743,2638.681496237273
1788771292,200,POST,[setup] POST /auth/login,0.000000,0.000000,0,0,0,0,0,0,0,0,0,0,0,67,0,250,242.24114179110956,203.27720000022964,307.5724000000264,178.8955223880597
1788771292,200,,Aggregated,193.000000,0.000000,12,17,20,22,29,35,42,45,54,54,54,44840,0,8,10.874758189117859,1.5306999994209036,307.5724000000264,23996.494982158787
1788771293,200,GET,GET /articles (anon),130.100000,0.000000,12,17,20,22,29,35,40,45,54,54,54,30054,0,8,10.63287673853727,1.5706999993199133,80.15479999994568,26731.0
1788771293,200,GET,GET /articles (list),46.000000,0.000000,12,17,21,22,28,33,40,47,54,54,54,10380,0,8,10.623640587671096,1.6001999993022764,75.81579999987298,25568.45886319846
1788771293,200,GET,GET /articles/{id} (detail),19.800000,0.000000,10,14,17,20,26,33,41,42,45,45,45,4535,0,8,9.80590551268176,1.5306999994209036,74.53960000020743,2638.9627342888643
1788771293,200,POST,[setup] POST /auth/login,0.000000,0.000000,0,0,0,0,0,0,0,0,0,0,0,67,0,250,242.24114179110956,203.27720000022964,307.5724000000264,178.8955223880597
1788771293,200,,Aggregated,195.900000,0.000000,12,17,20,22,29,35,40,45,54,54,54,45036,0,8,10.892037587708538,1.5306999994209036,307.5724000000264,23997.55215827338
1788771294,200,GET,GET /articles (anon),129.100000,0.000000,12,16,19,21,28,33,38,43,54,54,54,30192,0,8,10.642707203895103,1.5706999993199133,80.15479999994568,26731.0
1788771294,200,GET,GET /articles (list),46.100000,0.000000,12,17,20,22,26,31,38,47,54,54,54,10429,0,9,10.636922897691631,1.6001999993022764,75.81579999987298,25565.86278646083
1788771294,200,GET,GET /articles/{id} (detail),20.100000,0.000000,11,14,16,18,26,30,36,42,42,42,42,4558,0,8,9.8088292891648,1.5306999994209036,74.53960000020743,2641.301228609039
1788771294,200,POST,[setup] POST /auth/login,0.000000,0.000000,0,0,0,0,0,0,0,0,0,0,0,67,0,250,242.24114179110956,203.27720000022964,307.5724000000264,178.8955223880597
1788771294,200,,Aggregated,195.300000,0.000000,12,16,19,21,27,33,38,43,54,54,54,45246,0,8,10.900320143218075,1.5306999994209036,307.5724000000264,23996.37033107899
1788771295,200,GET,GET /articles (anon),130.800000,0.000000,12,17,20,21,28,33,39,43,54,54,54,30316,0,8,10.654597397414117,1.5706999993199133,80.15479999994568,26731.0
1788771295,200,GET,GET /articles (list),46.600000,0.000000,13,18,21,22,27,32,38,47,54,54,54,10468,0,9,10.652376270541168,1.6001999993022764,75.81579999987298,25565.10508215514
1788771295,200,GET,GET /articles/{id} (detail),19.700000,0.000000,11,15,17,19,26,32,36,42,42,42,42,4583,0,8,9.84145954615142,1.5306999994209036,74.53960000020743,2641.5234562513638
1788771295,200,POST,[setup] POST /auth/login,0.000000,0.000000,0,0,0,0,0,0,0,0,0,0,0,67,0,250,242.24114179110956,203.27720000022964,307.5724000000264,178.8955223880597
1788771295,200,,Aggregated,197.100000,0.000000,12,17,20,21,28,33,39,44,54,54,54,45434,0,8,10.913576068584057,1.5306999994209036,307.5724000000264,23993.278249768897
1788771296,200,GET,GET /articles (anon),129.500000,0.000000,12,17,20,22,28,34,40,44,54,54,54,30446,0,8,10.673268718386927,1.5706999993199133,80.15479999994568,26731.0
1788771296,200,GET,GET /articles (list),45.700000,0.000000,12,17,20,22,26,31,38,46,54,54,54,10508,0,9,10.653212457177776,1.6001999993022764,75.81579999987298,25565.075751808145
1788771296,200,GET,GET /articles/{id} (detail),19.800000,0.000000,11,14,17,19,26,32,36,42,42,42,42,4610,0,8,9.858619956618606,1.5306999994209036,74.53960000020743,2640.3468546637746
1788771296,200,POST,[setup] POST /auth/login,0.000000,0.000000,0,0,0,0,0,0,0,0,0,0,0,67,0,250,242.24114179110956,203.27720000022964,307.5724000000264,178.8955223880597
1788771296,200,,Aggregated,195.000000,0.000000,12,17,20,22,28,33,39,44,54,54,54,45631,0,8,10.926359062918834,1.5306999994209036,307.5724000000264,23989.69619337731
1788771297,200,GET,GET /articles (anon),129.600000,0.000000,12,16,20,22,28,34,40,44,54,54,54,30574,0,8,10.689305050043052,1.5706999993199133,80.15479999994568,26731.0
1788771297,200,GET,GET /articles (list),46.000000,0.000000,12,17,20,21,26,31,38,46,54,54,54,10552,0,9,10.659998303641178,1.6001999993022764,75.81579999987298,25565.972043214555
1788771297,200,GET,GET /articles/{id} (detail),19.700000,0.000000,11,14,17,18,26,32,36,42,42,42,42,4626,0,8,9.867409295290143,1.5306999994209036,74.53960000020743,2640.0289667099005
1788771297,200,POST,[setup] POST /auth/login,0.000000,0.000000,0,0,0,0,0,0,0,0,0,0,0,67,0,250,242.24114179110956,203.27720000022964,307.5724000000264,178.8955223880597
1788771297,200,,Aggregated,195.300000,0.000000,12,16,19,21,27,33,40,44,54,54,54,45819,0,8,10.93816771645072,1.5306999994209036,307.5724000000264,23991.586263340534
1788771298,200,GET,GET /articles (anon),129.200000,0.000000,12,16,19,21,28,34,40,43,54,56,56,30702,0,8,10.710337567585782,1.5706999993199133,80.15479999994568,26731.0
1788771298,200,GET,GET /articles (list),44.400000,0.000000,11,15,19,20,26,31,40,47,54,54,54,10590,0,9,10.673365118037712,1.6001999993022764,75.81579999987298,25565.772521246457
1788771298,200,GET,GET /articles/{id} (detail),20.600000,0.000000,11,14,17,19,28,34,43,46,52,52,52,4657,0,8,9.91759132489039,1.5306999994209036,74.53960000020743,2640.004294610264
1788771298,200,POST,[setup] POST /auth/login,0.000000,0.000000,0,0,0,0,0,0,0,0,0,0,0,67,0,250,242.24114179110956,203.27720000022964,307.5724000000264,178.8955223880597
1788771298,200,,Aggregated,194.200000,0.000000,12,16,19,21,27,33,41,46,54,56,56,46016,0,8,10.958712184893477,1.5306999994209036,307.5724000000264,23986.07395253825
1788771299,200,GET,GET /articles (anon),131.400000,0.000000,12,17,20,22,29,35,42,47,56,59,59,30844,0,8,10.740387115809375,1.5706999993199133,80.15479999994568,26731.0
1788771299,200,GET,GET /articles (list),44.200000,0.000000,11,16,20,21,27,33,40,47,54,54,54,10639,0,9,10.701231055551787,1.6001999993022764,75.81579999987298,25566.227840962496
1788771299,200,GET,GET /articles/{id} (detail),20.900000,0.000000,11,15,18,21,30,35,43,46,52,52,52,4674,0,8,9.943100941380871,1.5306999994209036,74.53960000020743,2638.0680359435173
1788771299,200,POST,[setup] POST /auth/login,0.000000,0.000000,0,0,0,0,0,0,0,0,0,0,0,67,0,250,242.24114179110956,203.27720000022964,307.5724000000264,178.8955223880597
1788771299,200,,Aggregated,196.500000,0.000000,12,16,20,22,29,35,42,47,56,59,59,46224,0,8,10.986308145120715,1.5306999994209036,307.5724000000264,23988.239399446175
1788771300,200,GET,GET /articles (anon),131.500000,0.000000,12,17,20,22,29,34,40,44,56,59,59,30958,0,8,10.761009806835785,1.5706999993199133,80.15479999994568,26731.0
1788771300,200,GET,GET /articles (list),43.900000,0.000000,11,16,19,21,27,31,35,39,49,49,49,10690,0,9,10.722065575305772,1.6001999993022764,75.81579999987298,25567.393358278765
1788771300,200,GET,GET /articles/{id} (detail),21.400000,0.000000,11,15,18,21,30,34,46,50,52,52,52,4688,0,8,9.954204692835624,1.5306999994209036,74.53960000020743,2638.025170648464
1788771300,200,POST,[setup] POST /auth/login,0.000000,0.000000,0,0,0,0,0,0,0,0,0,0,0,67,0,250,242.24114179110956,203.27720000022964,307.5724000000264,178.8955223880597
1788771300,200,,Aggregated,196.800000,0.000000,12,16,20,22,29,34,39,44,56,59,59,46403,0,8,11.004755957590241,1.5306999994209036,307.5724000000264,23990.53468525742
1788771301,200,GET,GET /articles (anon),129.700000,0.000000,12,17,20,22,30,35,40,43,56,59,59,31091,0,8,10.784563561803228,1.5706999993199133,80.15479999994568,26731.0
1788771301,200,GET,GET /articles (list),44.000000,0.000000,11,16,20,22,28,33,39,42,49,49,49,10733,0,9,10.759700736049526,1.6001999993022764,75.81579999987298,25567.082455976895
1788771301,200,GET,GET /articles/{id} (detail),21.500000,0.000000,12,15,18,21,30,34,46,50,52,52,52,4710,0,8,9.988766730363041,1.5306999994209036,74.53960000020743,2638.9390658174098
1788771301,200,POST,[setup] POST /auth/login,0.000000,0.000000,0,0,0,0,0,0,0,0,0,0,0,67,0,250,242.24114179110956,203.27720000022964,307.5724000000264,178.8955223880597
1788771301,200,,Aggregated,195.200000,0.000000,12,16,20,22,29,34,41,45,56,59,59,46601,0,8,11.03117919143494,1.5306999994209036,307.5724000000264,23989.751421643312
1788771302,200,GET,GET /articles (anon),130.100000,0.000000,12,17,20,22,30,36,41,44,56,59,59,31225,0,9,10.808605745397262,1.5706999993199133,80.15479999994568,26731.0
1788771302,200,GET,GET /articles (list),45.400000,0.000000,12,17,20,22,29,33,39,45,49,49,49,10782,0,9,10.785998673717398,1.6001999993022764,75.81579999987298,25568.018085698386
1788771302,200,GET,GET /articles/{id} (detail),21.100000,0.000000,12,16,19,23,30,35,46,50,52,52,52,4729,0,8,10.022512560796793,1.5306999994209036,74.53960000020743,2638.1344893212095
1788771302,200,POST,[setup] POST /auth/login,0.000000,0.000000,0,0,0,0,0,0,0,0,0,0,0,67,0,250,242.24114179110956,203.27720000022964,307.5724000000264,178.8955223880597
1788771302,200,,Aggregated,196.600000,0.000000,12,17,20,22,30,35,42,45,56,59,59,46803,0,8,11.055273604257515,1.5306999994209036,307.5724000000264,23990.717902698543
1788771303,200,GET,GET /articles (anon),129.700000,0.000000,12,17,21,23,31,36,41,44,56,59,59,31355,0,9,10.819724085473906,1.5706999993199133,80.15479999994568,26731.0
1788771303,200,GET,GET /articles (list),43.600000,0.000000,12,17,21,22,29,33,39,45,49,49,49,10819,0,9,10.791616073575568,1.6001999993022764,75.81579999987298,25570.29734725945
1788771303,200,GET,GET /articles/{id} (detail),21.400000,0.000000,12,16,19,22,30,35,43,46,52,52,52,4753,0,8,10.020201514834124,1.5306999994209036,74.53960000020743,2637.7062907637282
1788771303,200,POST,[setup] POST /auth/login,0.000000,0.000000,0,0,0,0,0,0,0,0,0,0,0,67,0,250,242.24114179110956,203.27720000022964,307.5724000000264,178.8955223880597
1788771303,200,,Aggregated,194.700000,0.000000,12,17,21,23,30,35,42,45,56,59,59,46994,0,8,11.062329601652571,1.5306999994209036,307.5724000000264,23989.11682342427
1788771304,200,GET,GET /articles (anon),129.200000,0.000000,12,17,20,23,30,36,42,45,56,59,59,31495,0,9,10.81978322590987,1.5706999993199133,80.15479999994568,26731.0
1788771304,200,GET,GET /articles (list),44.100000,0.000000,11,16,21,23,30,34,41,45,49,49,49,10867,0,9,10.794823391921922,1.6001999993022764,75.81579999987298,25567.15082359437
1788771304,200,GET,GET /articles/{id} (detail),21.100000,0.000000,11,16,19,22,30,36,43,46,52,52,52,4776,0,8,10.03038976130813,1.5306999994209036,74.53960000020743,2637.1578726968173
1788771304,200,POST,[setup] POST /auth/login,0.000000,0.000000,0,0,0,0,0,0,0,0,0,0,0,67,0,250,242.24114179110956,203.27720000022964,307.5724000000264,178.8955223880597
1788771304,200,,Aggregated,194.400000,0.000000,12,16,20,23,30,35,42,46,56,59,59,47205,0,8,11.06263566359624,1.5306999994209036,307.5724000000264,23987.673445609576
1788771305,200,GET,GET /articles (anon),129.600000,0.000000,12,17,21,23,30,37,42,47,59,61,61,31617,0,9,10.836340067053674,1.5706999993199133,80.15479999994568,26731.0
1788771305,200,GET,GET /articles (list),44.100000,0.000000,11,15,21,23,29,34,41,45,49,49,49,10919,0,9,10.80395422657891,1.6001999993022764,75.81579999987298,25566.90347101383
1788771305,200,GET,GET /articles/{id} (detail),21.000000,0.000000,11,16,19,24,30,38,46,50,52,52,52,4798,0,8,10.049919674865361,1.5306999994209036,74.53960000020743,2637.8793247186327
1788771305,200,POST,[setup] POST /auth/login,0.000000,0.000000,0,0,0,0,0,0,0,0,0,0,0,67,0,250,242.24114179110956,203.27720000022964,307.5724000000264,178.8955223880597
1788771305,200,,Aggregated,194.700000,0.000000,11,16,20,23,30,36,42,46,59,61,61,47401,0,8,11.076361494484525,1.5306999994209036,307.5724000000264,23986.573637686968
1788771306,200,GET,GET /articles (anon),130.000000,0.000000,11,16,20,23,33,39,46,52,64,64,64,31748,0,9,10.867931614590866,1.5706999993199133,80.15479999994568,26731.0
1788771306,200,GET,GET /articles (list),43.500000,0.000000,11,16,20,22,30,35,42,46,52,52,52,10966,0,9,10.815066168157335,1.6001999993022764,75.81579999987298,25567.025715848988
1788771306,200,GET,GET /articles/{id} (detail),21.900000,0.000000,10,16,20,24,30,38,46,50,52,52,52,4812,0,8,10.048567206982892,1.5306999994209036,74.53960000020743,2637.877805486284
1788771306,200,POST,[setup] POST /auth/login,0.000000,0.000000,0,0,0,0,0,0,0,0,0,0,0,67,0,250,242.24114179110956,203.27720000022964,307.5724000000264,178.8955223880597
1788771306,200,,Aggregated,195.400000,0.000000,11,16,20,23,31,38,45,50,64,64,64,47593,0,8,11.09862732754926,1.5306999994209036,307.5724000000264,23989.436387704074
1788771307,200,GET,GET /articles (anon),129.500000,0.000000,12,17,20,23,31,38,45,52,64,64,64,31867,0,9,10.876924552045388,1.5706999993199133,80.15479999994568,26731.0
1788771307,200,GET,GET /articles (list),43.600000,0.000000,12,18,21,23,29,34,41,45,52,52,52,11013,0,9,10.843302787615848,1.6001999993022764,75.81579999987298,25566.785435394533
1788771307,200,GET,GET /articles/{id} (detail),21.200000,0.000000,10,16,20,24,30,34,38,41,43,43,43,4825,0,8,10.06222062176242,1.5306999994209036,74.53960000020743,2637.302590673575
1788771307,200,POST,[setup] POST /auth/login,0.000000,0.000000,0,0,0,0,0,0,0,0,0,0,0,67,0,250,242.24114179110956,203.27720000022964,307.5724000000264,178.8955223880597
1788771307,200,,Aggregated,194.300000,0.000000,12,17,21,23,31,37,43,50,64,64,64,47772,0,9,11.111375267940515,1.5306999994209036,307.5724000000264,23991.89391275224
1788771308,200,GET,GET /articles (anon),129.200000,0.000000,12,18,21,25,33,39,46,51,64,64,64,32006,0,9,10.911463381866923,1.5706999993199133,80.15479999994568,26731.0
1788771308,200,GET,GET /articles (list),45.400000,0.000000,12,19,23,26,31,36,42,46,58,58,58,11058,0,9,10.888417281607236,1.6001999993022764,75.81579999987298,25566.096581660335
1788771308,200,GET,GET /articles/{id} (detail),20.700000,0.000000,12,19,24,26,30,34,39,41,43,43,43,4849,0,8,10.104290946588307,1.5306999994209036,74.53960000020743,2637.1845741389975
1788771308,200,POST,[setup] POST /auth/login,0.000000,0.000000,0,0,0,0,0,0,0,0,0,0,0,67,0,250,242.24114179110956,203.27720000022964,307.5724000000264,178.8955223880597
1788771308,200,,Aggregated,195.300000,0.000000,12,18,22,25,32,38,44,50,64,64,64,47980,0,9,11.147608974573975,1.5306999994209036,307.5724000000264,23990.453855773238
1788771309,200,GET,GET /articles (anon),128.400000,0.000000,12,17,20,23,31,38,44,51,64,64,64,32135,0,9,10.92466693636332,1.5706999993199133,80.15479999994568,26731.0
1788771309,200,GET,GET /articles (list),45.600000,0.000000,12,19,22,24,30,36,42,46,58,58,58,11105,0,9,10.904984718596545,1.6001999993022764,75.81579999987298,25566.969473210265
1788771309,200,GET,GET /articles/{id} (detail),19.900000,0.000000,11,17,22,24,30,32,39,41,43,43,43,4863,0,8,10.115989923916853,1.5306999994209036,74.53960000020743,2638.502570429776
1788771309,200,POST,[setup] POST /auth/login,0.000000,0.000000,0,0,0,0,0,0,0,0,0,0,0,67,0,250,242.24114179110956,203.27720000022964,307.5724000000264,178.8955223880597
1788771309,200,,Aggregated,193.900000,0.000000,12,17,21,23,30,37,43,50,64,64,64,48170,0,9,11.160229246420256,1.5306999994209036,307.5724000000264,23993.45868798007
1788771310,200,GET,GET /articles (anon),128.400000,0.000000,12,16,20,22,30,38,45,51,64,64,64,32267,0,9,10.941306675552037,1.5706999993199133,80.15479999994568,26731.0
1788771310,200,GET,GET /articles (list),45.900000,0.000000,12,18,21,23,29,35,41,46,58,58,58,11154,0,9,10.918675766542517,1.6001999993022764,75.81579999987298,25565.36291913215
1788771310,200,GET,GET /articles/{id} (detail),19.300000,0.000000,11,17,22,24,30,33,39,41,43,43,43,4884,0,8,10.14720438165602,1.5306999994209036,74.53960000020743,2639.9529074529073
1788771310,200,POST,[setup] POST /auth/login,0.000000,0.000000,0,0,0,0,0,0,0,0,0,0,0,67,0,250,242.24114179110956,203.27720000022964,307.5724000000264,178.8955223880597
1788771310,200,,Aggregated,193.600000,0.000000,12,17,20,23,30,37,43,50,64,64,64,48372,0,9,11.176282864054949,1.5306999994209036,307.5724000000264,23993.0280120731
1788771311,200,GET,GET /articles (anon),130.200000,0.000000,12,16,20,23,30,39,46,52,64,64,64,32397,0,9,10.965964249777311,1.5706999993199133,80.15479999994568,26731.0
1788771311,200,GET,GET /articles (list),46.500000,0.000000,12,17,20,23,28,35,43,49,58,58,58,11202,0,9,10.947128459204997,1.6001999993022764,75.81579999987298,25565.237725406176
1788771311,200,GET,GET /articles/{id} (detail),19.100000,0.000000,10,15,22,24,31,36,40,41,52,52,52,4903,0,8,10.169352600450381,1.5306999994209036,74.53960000020743,2640.830919844993
1788771311,200,POST,[setup] POST /auth/login,0.000000,0.000000,0,0,0,0,0,0,0,0,0,0,0,67,0,250,242.24114179110956,203.27720000022964,307.5724000000264,178.8955223880597
1788771311,200,,Aggregated,195.800000,0.000000,12,16,20,23,30,37,45,51,64,64,64,48569,0,9,11.200242317117162,1.5306999994209036,307.5724000000264,23993.616916139923
1788771312,200,GET,GET /articles (anon),129.600000,0.000000,12,16,20,23,30,39,46,52,64,64,64,32538,0,9,10.981240524925758,1.5706999993199133,80.15479999994568,26731.0
1788771312,200,GET,GET /articles (list),46.200000,0.000000,12,17,20,23,28,34,43,49,58,58,58,11253,0,9,10.960794961345048,1.6001999993022764,75.81579999987298,25565.69163778548
1788771312,200,GET,GET /articles/{id} (detail),19.200000,0.000000,10,15,22,24,31,36,40,41,52,52,52,4917,0,8,10.16852418141319,1.5306999994209036,74.53960000020743,2642.384177343909
1788771312,200,POST,[setup] POST /auth/login,0.000000,0.000000,0,0,0,0,0,0,0,0,0,0,0,67,0,250,242.24114179110956,203.27720000022964,307.5724000000264,178.8955223880597
1788771312,200,,Aggregated,195.000000,0.000000,12,16,20,23,30,37,45,51,64,64,64,48775,0,9,11.212264885700943,1.5306999994209036,307.5724000000264,23997.305894413123
1788771313,200,GET,GET /articles (anon),129.600000,0.000000,12,17,20,23,30,38,45,52,64,64,64,32661,0,9,10.99285394507327,1.5706999993199133,80.15479999994568,26731.0
1788771313,200,GET,GET /articles (list),46.900000,0.000000,13,17,20,23,28,33,42,49,58,58,58,11303,0,9,10.971640396356396,1.6001999993022764,75.81579999987298,25566.22365743608
1788771313,200,GET,GET /articles/{id} (detail),19.100000,0.000000,11,16,22,24,30,33,40,41,52,52,52,4940,0,8,10.180478603241008,1.5306999994209036,74.53960000020743,2642.643117408907
1788771313,200,POST,[setup] POST /auth/login,0.000000,0.000000,0,0,0,0,0,0,0,0,0,0,0,67,0,250,242.24114179110956,203.27720000022964,307.5724000000264,178.8955223880597
1788771313,200,,Aggregated,195.600000,0.000000,12,17,20,23,30,36,44,51,64,64,64,48971,0,9,11.222392332198023,1.5306999994209036,307.5724000000264,23995.892671172736
1788771314,200,GET,GET /articles (anon),128.900000,0.000000,12,16,19,21,29,36,45,51,64,64,64,32794,0,9,10.98654090077564,1.5706999993199133,80.15479999994568,26731.0
1788771314,200,GET,GET /articles (list),47.000000,0.000000,12,16,19,22,28,33,42,49,58,58,58,11351,0,9,10.96282728394086,1.6001999993022764,75.81579999987298,25565.579508413357
1788771314,200,GET,GET /articles/{id} (detail),18.600000,0.000000,10,14,19,22,29,32,39,41,52,52,52,4957,0,8,10.174150494252803,1.5306999994209036,74.53960000020743,2643.3754286867056
1788771314,200,POST,[setup] POST /auth/login,0.000000,0.000000,0,0,0,0,0,0,0,0,0,0,0,67,0,250,242.24114179110956,203.27720000022964,307.5724000000264,178.8955223880597
1788771314,200,,Aggregated,194.500000,0.000000,12,16,19,22,29,35,43,50,64,64,64,49169,0,9,11.214283294353454,1.5306999994209036,307.5724000000264,23997.366328377637
1788771315,200,GET,GET /articles (anon),128.700000,0.000000,12,16,19,21,29,35,45,51,64,64,64,32929,0,9,10.989069668074869,1.5706999993199133,80.15479999994568,26731.0
1788771315,200,GET,GET /articles (list),47.500000,0.000000,13,16,19,22,28,34,42,49,58,58,58,11403,0,9,10.972136692099584,1.6001999993022764,75.81579999987298,25566.593615715163
1788771315,200,GET,GET /articles/{id} (detail),18.800000,0.000000,11,14,20,22,29,32,39,41,52,52,52,4971,0,8,10.175286642529324,1.5306999994209036,74.53960000020743,2643.5143834238584
1788771315,200,POST,[setup] POST /auth/login,0.000000,0.000000,0,0,0,0,0,0,0,0,0,0,0,67,0,250,242.24114179110956,203.27720000022964,307.5724000000264,178.8955223880597
1788771315,200,,Aggregated,195.000000,0.000000,12,16,19,22,29,35,43,50,64,64,64,49370,0,9,11.217051978935935,1.5306999994209036,307.5724000000264,24000.685882114645
1788771316,200,GET,GET /articles (anon),129.200000,0.000000,12,15,18,21,28,33,40,44,53,57,57,33050,0,9,10.994673425114774,1.5706999993199133,80.15479999994568,26731.0
1788771316,200,GET,GET /articles (list),47.900000,0.000000,13,16,19,22,28,33,40,49,58,58,58,11449,0,9,10.98569057559737,1.6001999993022764,75.81579999987298,25566.26255568172
1788771316,200,GET,GET /articles/{id} (detail),18.000000,0.000000,11,15,20,22,28,32,36,41,52,52,52,4991,0,8,10.185733500302756,1.5306999994209036,74.53960000020743,2643.1967541574836
1788771316,200,POST,[setup] POST /auth/login,0.000000,0.000000,0,0,0,0,0,0,0,0,0,0,0,67,0,250,242.24114179110956,203.27720000022964,307.5724000000264,178.8955223880597
1788771316,200,,Aggregated,195.100000,0.000000,12,15,19,21,28,33,40,44,58,58,58,49557,0,9,11.223768196219988,1.5306999994209036,307.5724000000264,24000.078112072966
1788771317,200,GET,GET /articles (anon),129.600000,0.000000,11,14,18,20,27,31,40,42,53,57,57,33176,0,9,10.998593073307449,1.5706999993199133,80.15479999994568,26731.0
1788771317,200,GET,GET /articles (list),49.200000,0.000000,12,15,18,20,27,32,38,43,58,58,58,11488,0,9,10.991675861769991,1.6001999993022764,75.81579999987298,25567.4316678273
1788771317,200,GET,GET /articles/{id} (detail),17.900000,0.000000,11,13,17,20,26,32,36,41,52,52,52,5019,0,8,10.201085654514559,1.5306999994209036,74.53960000020743,2642.9593544530785
1788771317,200,POST,[setup] POST /auth/login,0.000000,0.000000,0,0,0,0,0,0,0,0,0,0,0,67,0,250,242.24114179110956,203.27720000022964,307.5724000000264,178.8955223880597
1788771317,200,,Aggregated,196.700000,0.000000,11,15,18,20,27,31,38,42,57,58,58,49750,0,9,11.227961839197476,1.5306999994209036,307.5724000000264,23996.448442211054
1788771318,200,GET,GET /articles (anon),130.000000,0.000000,11,14,17,19,27,33,40,44,53,57,57,33310,0,9,11.020977292105707,1.5706999993199133,80.15479999994568,26731.0
1788771318,200,GET,GET /articles (list),48.300000,0.000000,11,15,17,19,27,34,42,43,58,58,58,11537,0,9,11.020038380862871,1.6001999993022764,75.81579999987298,25568.631706682845
1788771318,200,GET,GET /articles/{id} (detail),18.000000,0.000000,11,14,17,20,29,33,40,51,52,52,52,5044,0,8,10.241556998416176,1.5306999994209036,74.53960000020743,2640.415146708961
1788771318,200,POST,[setup] POST /auth/login,0.000000,0.000000,0,0,0,0,0,0,0,0,0,0,0,67,0,250,242.24114179110956,203.27720000022964,307.5724000000264,178.8955223880597
1788771318,200,,Aggregated,196.300000,0.000000,11,14,17,19,27,33,40,44,57,58,58,49958,0,9,11.25216194403442,1.5306999994209036,307.5724000000264,23994.658593218304
1788771319,200,GET,GET /articles (anon),130.200000,0.000000,11,14,17,19,27,33,40,44,53,57,57,33435,0,9,11.022520460596695,1.5706999993199133,80.15479999994568,26731.0
1788771319,200,GET,GET /articles (list),47.800000,0.000000,11,15,18,19,27,34,42,43,58,58,58,11578,0,9,11.026582769045763,1.6001999993022764,75.81579999987298,25569.429348764897
1788771319,200,GET,GET /articles/{id} (detail),18.800000,0.000000,11,13,17,18,29,33,40,51,52,52,52,5063,0,8,10.248606754890917,1.5306999994209036,74.53960000020743,2640.4860754493384
1788771319,200,POST,[setup] POST /auth/login,0.000000,0.000000,0,0,0,0,0,0,0,0,0,0,0,67,0,250,242.24114179110956,203.27720000022964,307.5724000000264,178.8955223880597
1788771319,200,,Aggregated,196.800000,0.000000,11,14,17,19,27,34,41,44,57,58,58,50143,0,9,11.25426479070018,1.5306999994209036,307.5724000000264,23994.866781006323
1788771320,200,GET,GET /articles (anon),130.100000,0.000000,11,14,16,18,24,29,35,39,45,49,49,33566,0,9,11.025381371031806,1.5706999993199133,80.15479999994568,26731.0
1788771320,200,GET,GET /articles (list),47.300000,0.000000,11,14,16,18,25,30,37,42,50,50,50,11625,0,9,11.021646193549433,1.6001999993022764,75.81579999987298,25569.907268817205
1788771320,200,GET,GET /articles/{id} (detail),19.800000,0.000000,11,13,16,17,24,30,36,40,51,51,51,5086,0,8,10.256693059380922,1.5306999994209036,74.53960000020743,2640.2721195438457
1788771320,200,POST,[setup] POST /auth/login,0.000000,0.000000,0,0,0,0,0,0,0,0,0,0,0,67,0,250,242.24114179110956,203.27720000022964,307.5724000000264,178.8955223880597
1788771320,200,,Aggregated,197.200000,0.000000,11,14,16,18,24,29,36,40,50,51,51,50344,0,9,11.254574239235689,1.5306999994209036,307.5724000000264,23993.789289686953
1788771321,200,GET,GET /articles (anon),129.600000,0.000000,11,14,17,18,24,31,41,49,63,66,66,33700,0,9,11.059508032642567,1.5706999993199133,80.15479999994568,26731.0
1788771321,200,GET,GET /articles (list),46.700000,0.000000,11,14,17,18,27,33,40,43,55,55,55,11664,0,9,11.042376603224836,1.6001999993022764,75.81579999987298,25568.776406035664
1788771321,200,GET,GET /articles/{id} (detail),19.800000,0.000000,11,14,17,18,27,33,45,50,51,51,51,5111,0,8,10.28566724711637,1.5306999994209036,74.53960000020743,2641.2600273918997
1788771321,200,POST,[setup] POST /auth/login,0.000000,0.000000,0,0,0,0,0,0,0,0,0,0,0,67,0,250,242.24114179110956,203.27720000022964,307.5724000000264,178.8955223880597
1788771321,200,,Aggregated,196.100000,0.000000,11,14,17,18,25,32,40,46,63,66,66,50542,0,9,11.283762083021745,1.5306999994209036,307.5724000000264,23991.539195124846
1788771322,200,GET,GET /articles (anon),130.700000,0.000000,11,14,16,18,24,32,41,49,63,66,66,33832,0,9,11.066460788603903,1.5706999993199133,80.15479999994568,26731.0
1788771322,200,GET,GET /articles (list),46.300000,0.000000,11,14,17,19,27,33,40,43,55,55,55,11708,0,9,11.055032439359202,1.6001999993022764,75.81579999987298,25568.955756747524
1788771322,200,GET,GET /articles/{id} (detail),20.100000,0.000000,11,14,17,18,24,32,40,46,51,51,51,5134,0,8,10.298293494353302,1.5306999994209036,74.53960000020743,2639.7195169458514
1788771322,200,POST,[setup] POST /auth/login,0.000000,0.000000,0,0,0,0,0,0,0,0,0,0,0,67,0,250,242.24114179110956,203.27720000022964,307.5724000000264,178.8955223880597
1788771322,200,,Aggregated,197.100000,0.000000,11,14,16,18,25,32,40,46,63,66,66,50741,0,9,11.29135051536389,1.5306999994209036,307.5724000000264,23990.241264460692
1788771323,200,GET,GET /articles (anon),130.500000,0.000000,11,14,16,19,24,31,41,49,63,66,66,33962,0,9,11.076001778459608,1.5706999993199133,80.15479999994568,26731.0
1788771323,200,GET,GET /articles (list),46.200000,0.000000,11,14,18,19,26,33,40,43,55,55,55,11749,0,9,11.06751781428338,1.6001999993022764,75.81579999987298,25568.74176525662
1788771323,200,GET,GET /articles/{id} (detail),20.600000,0.000000,11,14,17,18,27,33,40,46,51,51,51,5153,0,8,10.319752940036613,1.5306999994209036,74.53960000020743,2640.025810207646
1788771323,200,POST,[setup] POST /auth/login,0.000000,0.000000,0,0,0,0,0,0,0,0,0,0,0,67,0,250,242.24114179110956,203.27720000022964,307.5724000000264,178.8955223880597
1788771323,200,,Aggregated,197.300000,0.000000,11,14,17,19,25,32,41,46,63,66,66,50931,0,9,11.30162931417159,1.5306999994209036,307.5724000000264,23990.52459209519
1788771324,200,GET,GET /articles (anon),130.000000,0.000000,11,15,17,19,25,32,41,49,63,66,66,34089,0,9,11.084708427939816,1.5706999993199133,80.15479999994568,26731.0
1788771324,200,GET,GET /articles (list),46.100000,0.000000,11,15,18,21,27,33,40,43,55,55,55,11803,0,9,11.079713183090043,1.6001999993022764,75.81579999987298,25567.163941370836
1788771324,200,GET,GET /articles/{id} (detail),21.300000,0.000000,11,14,17,18,27,33,40,46,51,51,51,5167,0,8,10.319608631702382,1.5306999994209036,74.53960000020743,2639.8120766402167
1788771324,200,POST,[setup] POST /auth/login,0.000000,0.000000,0,0,0,0,0,0,0,0,0,0,0,67,0,250,242.24114179110956,203.27720000022964,307.5724000000264,178.8955223880597
1788771324,200,,Aggregated,197.400000,0.000000,11,15,18,20,26,33,41,47,63,66,66,51126,0,9,11.30915883503622,1.5306999994209036,307.5724000000264,23992.766694049995
1788771325,200,GET,GET /articles (anon),129.400000,0.000000,11,15,17,19,25,32,41,49,63,66,66,34228,0,9,11.089011376651928,1.5706999993199133,80.15479999994568,26731.0
1788771325,200,GET,GET /articles (list),45.100000,0.000000,12,15,18,21,27,33,40,43,55,55,55,11850,0,9,11.091193713080761,1.6001999993022764,75.81579999987298,25567.81848101266
1788771325,200,GET,GET /articles/{id} (detail),21.500000,0.000000,11,15,17,18,27,33,40,46,51,51,51,5190,0,8,10.318862389211235,1.5306999994209036,74.53960000020743,2639.552601156069
1788771325,200,POST,[setup] POST /auth/login,0.000000,0.000000,0,0,0,0,0,0,0,0,0,0,0,67,0,250,242.24114179110956,203.27720000022964,307.5724000000264,178.8955223880597
1788771325,200,,Aggregated,196.000000,0.000000,11,15,18,20,26,33,41,47,63,66,66,51335,0,9,11.313341369437211,1.5306999994209036,307.5724000000264,23992.180403233662
1788771326,200,GET,GET /articles (anon),129.300000,0.000000,11,15,18,19,25,32,41,47,63,66,66,34358,0,9,11.095136442750995,1.5706999993199133,80.15479999994568,26731.0
1788771326,200,GET,GET /articles (list),45.400000,0.000000,11,15,18,21,27,32,38,43,55,55,55,11906,0,9,11.10158470519099,1.6001999993022764,75.81579999987298,25567.69217201411
1788771326,200,GET,GET /articles/{id} (detail),20.900000,0.000000,11,15,17,18,26,34,45,50,51,51,51,5205,0,8,10.323215600385659,1.5306999994209036,74.53960000020743,2638.876657060519
1788771326,200,POST,[setup] POST /auth/login,0.000000,0.000000,0,0,0,0,0,0,0,0,0,0,0,67,0,250,242.24114179110956,203.27720000022964,307.5724000000264,178.8955223880597
1788771326,200,,Aggregated,195.600000,0.000000,11,15,18,20,26,32,40,45,63,66,66,51536,0,9,11.319168330876549,1.5306999994209036,307.5724000000264,23994.488900962435
1788771327,200,GET,GET /articles (anon),129.500000,0.000000,11,14,17,19,24,29,37,47,63,66,66,34492,0,9,11.09717207758449,1.5706999993199133,80.15479999994568,26731.0
1788771327,200,GET,GET /articles (list),43.900000,0.000000,11,15,18,21,26,30,35,37,55,55,55,11946,0,9,11.111568876611821,1.6001999993022764,75.81579999987298,25567.721915285452
1788771327,200,GET,GET /articles/{id} (detail),21.400000,0.000000,11,14,16,17,24,31,40,46,50,50,50,5221,0,8,10.32978017621322,1.5306999994209036,74.53960000020743,2640.0317946753494
1788771327,200,POST,[setup] POST /auth/login,0.000000,0.000000,0,0,0,0,0,0,0,0,0,0,0,67,0,250,242.24114179110956,203.27720000022964,307.5724000000264,178.8955223880597
1788771327,200,,Aggregated,194.800000,0.000000,11,14,17,19,25,30,36,45,63,66,66,51726,0,9,11.322437456986068,1.5306999994209036,307.5724000000264,23996.312299423887
1788771328,200,GET,GET /articles (anon),130.400000,0.000000,11,15,18,19,24,30,37,47,63,66,66,34623,0,9,11.107833633712968,1.5706999993199133,80.15479999994568,26731.0
1788771328,200,GET,GET /articles (list),44.800000,0.000000,11,15,18,21,26,29,35,37,55,55,55,11992,0,9,11.111171622748813,1.6001999993022764,75.81579999987298,25566.66144096064
1788771328,200,GET,GET /articles/{id} (detail),21.200000,0.000000,11,15,17,18,24,31,40,46,50,50,50,5243,0,8,10.341728609576158,1.5306999994209036,74.53960000020743,2640.7070379553693
1788771328,200,POST,[setup] POST /auth/login,0.000000,0.000000,0,0,0,0,0,0,0,0,0,0,0,67,0,250,242.24114179110956,203.27720000022964,307.5724000000264,178.8955223880597
1788771328,200,,Aggregated,196.400000,0.000000,11,15,17,19,25,30,36,45,63,66,66,51925,0,9,11.329485480983314,1.5306999994209036,307.5724000000264,23995.378526721233
1788771329,200,GET,GET /articles (anon),130.800000,0.000000,11,15,18,19,24,30,36,47,63,66,66,34757,0,9,11.106541692322214,1.5706999993199133,80.15479999994568,26731.0
1788771329,200,GET,GET /articles (list),45.700000,0.000000,12,15,18,21,26,29,33,37,55,55,55,12034,0,9,11.114815946485095,1.6001999993022764,75.81579999987298,25567.201512381587
1788771329,200,GET,GET /articles/{id} (detail),20.700000,0.000000,10,13,16,17,23,30,40,46,50,50,50,5271,0,8,10.337258660596795,1.5306999994209036,74.53960000020743,2639.349838740277
1788771329,200,POST,[setup] POST /auth/login,0.000000,0.000000,0,0,0,0,0,0,0,0,0,0,0,67,0,250,242.24114179110956,203.27720000022964,307.5724000000264,178.8955223880597
1788771329,200,,Aggregated,197.200000,0.000000,11,15,17,19,25,29,35,45,63,66,66,52129,0,9,11.327737182759181,1.5306999994209036,307.5724000000264,23992.193769303074
1788771330,200,GET,GET /articles (anon),131.100000,0.000000,11,15,17,19,24,28,33,35,47,54,54,34886,0,9,11.1171089950133,1.5706999993199133,80.15479999994568,26731.0
1788771330,200,GET,GET /articles (list),46.000000,0.000000,12,16,19,21,25,29,33,37,54,54,54,12087,0,9,11.130748614213834,1.6001999993022764,75.81579999987298,25567.29370397948
1788771330,200,GET,GET /articles/{id} (detail),19.700000,0.000000,10,14,16,17,21,26,34,40,46,46,46,5285,0,8,10.334350823084963,1.5306999994209036,74.53960000020743,2640.1793755912963
1788771330,200,POST,[setup] POST /auth/login,0.000000,0.000000,0,0,0,0,0,0,0,0,0,0,0,67,0,250,242.24114179110956,203.27720000022964,307.5724000000264,178.8955223880597
1788771330,200,,Aggregated,196.800000,0.000000,11,15,17,19,24,28,33,36,54,54,54,52325,0,9,11.33714330625977,1.5306999994209036,307.5724000000264,23994.93318681319
1788771331,200,GET,GET /articles (anon),129.600000,0.000000,11,15,17,19,23,28,33,35,41,47,47,35015,0,9,11.127324680852029,1.5706999993199133,80.15479999994568,26731.0
1788771331,200,GET,GET /articles (list),45.600000,0.000000,12,15,19,21,25,28,32,37,54,54,54,12132,0,9,11.140115306627424,1.6001999993022764,75.81579999987298,25569.393422354104
1788771331,200,GET,GET /articles/{id} (detail),20.200000,0.000000,10,13,15,17,21,26,32,38,40,40,40,5305,0,8,10.333274024505663,1.5306999994209036,74.53960000020743,2638.793025447691
1788771331,200,POST,[setup] POST /auth/login,0.000000,0.000000,0,0,0,0,0,0,0,0,0,0,0,67,0,250,242.24114179110956,203.27720000022964,307.5724000000264,178.8955223880597
1788771331,200,,Aggregated,195.400000,0.000000,11,15,17,19,24,28,32,35,47,54,54,52519,0,9,11.344909990670844,1.5306999994209036,307.5724000000264,23995.21371313239
1788771332,200,GET,GET /articles (anon),130.800000,0.000000,11,15,18,19,24,28,33,35,41,47,47,35154,0,9,11.138762559026912,1.5706999993199133,80.15479999994568,26731.0
1788771332,200,GET,GET /articles (list),45.800000,0.000000,12,15,19,21,24,28,30,35,54,54,54,12185,0,9,11.148810086171794,1.6001999993022764,75.81579999987298,25570.220681165367
1788771332,200,GET,GET /articles/{id} (detail),20.300000,0.000000,9,12,15,17,20,25,29,32,38,38,38,5323,0,8,10.339461055796411,1.5306999994209036,74.53960000020743,2638.165320308097
1788771332,200,POST,[setup] POST /auth/login,0.000000,0.000000,0,0,0,0,0,0,0,0,0,0,0,67,0,250,242.24114179110956,203.27720000022964,307.5724000000264,178.8955223880597
1788771332,200,,Aggregated,196.900000,0.000000,11,15,17,19,24,28,32,35,47,54,54,52729,0,9,11.354044597850166,1.5306999994209036,307.5724000000264,23996.845246448822
1788771333,200,GET,GET /articles (anon),130.500000,0.000000,11,15,18,19,24,28,34,37,50,51,51,35284,0,9,11.153888609569046,1.5706999993199133,80.15479999994568,26731.0
1788771333,200,GET,GET /articles (list),46.300000,0.000000,12,16,19,21,26,30,35,43,54,54,54,12234,0,9,11.18194019127017,1.6001999993022764,75.81579999987298,25570.97000163479
1788771333,200,GET,GET /articles/{id} (detail),19.600000,0.000000,10,13,16,17,22,28,34,40,45,45,45,5336,0,8,10.367948800600427,1.5306999994209036,74.53960000020743,2638.1636056971515
1788771333,200,POST,[setup] POST /auth/login,0.000000,0.000000,0,0,0,0,0,0,0,0,0,0,0,67,0,250,242.24114179110956,203.27720000022964,307.5724000000264,178.8955223880597
1788771333,200,,Aggregated,196.400000,0.000000,11,15,18,19,24,28,35,38,51,54,54,52921,0,9,11.373692736343585,1.5306999994209036,307.5724000000264,23999.944785623855
1788771334,200,GET,GET /articles (anon),131.000000,0.000000,11,15,18,20,25,32,37,45,52,56,56,35417,0,9,11.171024629416392,1.5706999993199133,80.15479999994568,26731.0
1788771334,200,GET,GET /articles (list),46.400000,0.000000,12,16,19,21,26,32,44,50,66,66,66,12285,0,9,11.201502287342073,1.6001999993022764,75.81579999987298,25571.96450956451
1788771334,200,GET,GET /articles/{id} (detail),18.900000,0.000000,10,13,16,17,23,29,40,45,45,45,45,5354,0,8,10.37794368696389,1.5306999994209036,74.53960000020743,2638.119350018678
1788771334,200,POST,[setup] POST /auth/login,0.000000,0.000000,0,0,0,0,0,0,0,0,0,0,0,67,0,250,242.24114179110956,203.27720000022964,307.5724000000264,178.8955223880597
1788771334,200,,Aggregated,196.300000,0.000000,11,15,18,20,25,32,40,46,64,66,66,53123,0,9,11.389573290289412,1.5306999994209036,307.5724000000264,24001.277939875385
1788771335,200,GET,GET /articles (anon),131.800000,0.000000,11,15,18,20,26,32,38,47,52,56,56,35547,0,9,11.172710127438132,1.5706999993199133,80.15479999994568,26731.0
1788771335,200,GET,GET /articles (list),47.300000,0.000000,11,15,19,21,26,35,44,50,66,66,66,12336,0,9,11.203214891374634,1.6001999993022764,75.81579999987298,25572.044828145266
1788771335,200,GET,GET /articles/{id} (detail),18.500000,0.000000,10,13,16,17,25,30,40,45,45,45,45,5375,0,8,10.378871255815008,1.5306999994209036,74.53960000020743,2638.7631627906976
1788771335,200,POST,[setup] POST /auth/login,0.000000,0.000000,0,0,0,0,0,0,0,0,0,0,0,67,0,250,242.24114179110956,203.27720000022964,307.5724000000264,178.8955223880597
1788771335,200,,Aggregated,197.600000,0.000000,11,15,18,20,26,33,40,47,64,66,66,53325,0,9,11.390075486170646,1.5306999994209036,307.5724000000264,24001.105297702765
1788771336,200,GET,GET /articles (anon),131.000000,0.000000,11,15,18,21,27,34,41,48,54,56,56,35672,0,9,11.200369797041049,1.5706999993199133,80.15479999994568,26731.0
1788771336,200,GET,GET /articles (list),47.900000,0.000000,12,16,19,21,26,35,44,47,66,66,66,12377,0,9,11.219136341601631,1.6001999993022764,75.81579999987298,25572.565241981094
1788771336,200,GET,GET /articles/{id} (detail),18.600000,0.000000,10,14,17,18,25,33,40,45,45,45,45,5397,0,8,10.41012182694125,1.5306999994209036,74.53960000020743,2639.125440059292
1788771336,200,POST,[setup] POST /auth/login,0.000000,0.000000,0,0,0,0,0,0,0,0,0,0,0,67,0,250,242.24114179110956,203.27720000022964,307.5724000000264,178.8955223880597
1788771336,200,,Aggregated,197.500000,0.000000,11,15,18,21,26,34,42,47,64,66,66,53513,0,9,11.414281126082582,1.5306999994209036,307.5724000000264,24000.060134920488
1788771337,200,GET,GET /articles (anon),130.600000,0.000000,11,16,19,22,27,34,41,48,54,56,56,35808,0,9,11.211368713696686,1.5706999993199133,80.15479999994568,26731.0
1788771337,200,GET,GET /articles (list),48.600000,0.000000,12,16,20,22,28,35,44,47,66,66,66,12433,0,9,11.24072124185672,1.6001999993022764,75.81579999987298,25573.383495536073
1788771337,200,GET,GET /articles/{id} (detail),18.100000,0.000000,9,13,17,20,26,33,40,45,45,45,45,5413,0,8,10.413542268612522,1.5306999994209036,74.53960000020743,2640.001847404397
1788771337,200,POST,[setup] POST /auth/login,0.000000,0.000000,0,0,0,0,0,0,0,0,0,0,0,67,0,250,242.24114179110956,203.27720000022964,307.5724000000264,178.8955223880597
1788771337,200,,Aggregated,197.300000,0.000000,11,16,19,21,27,34,42,47,64,66,66,53721,0,9,11.425908655833998,1.5306999994209036,307.5724000000264,24002.528638707394
1788771338,200,GET,GET /articles (anon),130.500000,0.000000,12,16,19,22,29,36,44,49,56,58,58,35931,0,9,11.22826063566417,1.5706999993199133,80.15479999994568,26731.0
1788771338,200,GET,GET /articles (list),47.900000,0.000000,12,17,21,23,29,38,46,53,66,66,66,12476,0,9,11.262403903495187,1.6001999993022764,75.81579999987298,25572.518675857646
1788771338,200,GET,GET /articles/{id} (detail),18.600000,0.000000,9,13,17,19,25,34,40,45,45,45,45,5431,0,8,10.41643349291096,1.5306999994209036,74.53960000020743,2640.917694715522
1788771338,200,POST,[setup] POST /auth/login,0.000000,0.000000,0,0,0,0,0,0,0,0,0,0,0,67,0,250,242.24114179110956,203.27720000022964,307.5724000000264,178.8955223880597
1788771338,200,,Aggregated,197.000000,0.000000,12,16,19,22,29,36,44,49,64,66,66,53905,0,9,11.441502472870011,1.5306999994209036,307.5724000000264,24002.766236898246
1788771339,200,GET,GET /articles (anon),129.700000,0.000000,12,16,20,22,29,36,44,49,56,58,58,36060,0,9,11.242207151970211,1.5706999993199133,80.15479999994568,26731.0
1788771339,200,GET,GET /articles (list),47.000000,0.000000,12,17,21,23,29,38,46,53,66,66,66,12520,0,9,11.268278282747792,1.6001999993022764,75.81579999987298,25572.734504792334
1788771339,200,GET,GET /articles/{id} (detail),19.100000,0.000000,10,14,18,20,29,34,40,45,45,45,45,5452,0,8,10.431705245781716,1.5306999994209036,74.53960000020743,2641.838774761555
1788771339,200,POST,[setup] POST /auth/login,0.000000,0.000000,0,0,0,0,0,0,0,0,0,0,0,67,0,250,242.24114179110956,203.27720000022964,307.5724000000264,178.8955223880597
1788771339,200,,Aggregated,195.800000,0.000000,12,16,20,22,29,36,44,49,64,66,66,54099,0,9,11.452645104346722,1.5306999994209036,307.5724000000264,24002.39906467772
1788771340,200,GET,GET /articles (anon),130.100000,0.000000,12,17,20,23,31,38,47,50,58,59,59,36177,0,9,11.264169179314118,1.5706999993199133,80.15479999994568,26731.0
1788771340,200,GET,GET /articles (list),47.600000,0.000000,12,17,21,23,30,40,49,54,66,66,66,12566,0,9,11.290272600668633,1.6001999993022764,75.81579999987298,25572.410393124304
1788771340,200,GET,GET /articles/{id} (detail),19.000000,0.000000,10,15,18,20,29,34,40,45,45,45,45,5474,0,8,10.44004855681402,1.5306999994209036,74.53960000020743,2641.5489587139205
1788771340,200,POST,[setup] POST /auth/login,0.000000,0.000000,0,0,0,0,0,0,0,0,0,0,0,67,0,250,242.24114179110956,203.27720000022964,307.5724000000264,178.8955223880597
1788771340,200,,Aggregated,196.700000,0.000000,12,17,20,23,31,38,46,51,64,66,66,54284,0,9,11.472190630757709,1.5306999994209036,307.5724000000264,24000.849624198658
1788771341,200,GET,GET /articles (anon),130.600000,0.000000,12,17,20,23,31,38,47,50,58,59,59,36313,0,9,11.272106733127329,1.5706999993199133,80.15479999994568,26731.0
1788771341,200,GET,GET /articles (list),48.600000,0.000000,12,17,21,22,30,40,49,54,66,66,66,12615,0,9,11.29952224336091,1.6001999993022764,75.81579999987298,25573.59373761395
1788771341,200,GET,GET /articles/{id} (detail),18.600000,0.000000,10,15,19,21,30,34,40,45,45,45,45,5491,0,8,10.449460553633278,1.5306999994209036,74.53960000020743,2641.9431797486795
1788771341,200,POST,[setup] POST /auth/login,0.000000,0.000000,0,0,0,0,0,0,0,0,0,0,0,67,0,250,242.24114179110956,203.27720000022964,307.5724000000264,178.8955223880597
1788771341,200,,Aggregated,197.800000,0.000000,12,17,20,22,31,38,46,51,64,66,66,54486,0,9,11.479565930698776,1.5306999994209036,307.5724000000264,24002.727012443564
1788771342,200,GET,GET /articles (anon),128.000000,0.000000,12,17,20,23,31,37,44,49,58,59,59,36450,0,9,11.29362130041287,1.5706999993199133,80.15479999994568,26731.0
1788771342,200,GET,GET /articles (list),48.100000,0.000000,12,17,21,22,28,37,49,54,66,66,66,12656,0,9,11.311254606510525,1.6001999993022764,75.81579999987298,25574.351611883692
1788771342,200,GET,GET /articles/{id} (detail),18.000000,0.000000,11,15,19,20,28,33,36,44,45,45,45,5509,0,8,10.465907496823693,1.5306999994209036,74.53960000020743,2640.93029587947
1788771342,200,POST,[setup] POST /auth/login,0.000000,0.000000,0,0,0,0,0,0,0,0,0,0,0,67,0,250,242.24114179110956,203.27720000022964,307.5724000000264,178.8955223880597
1788771342,200,,Aggregated,194.100000,0.000000,12,17,20,22,30,36,44,51,64,66,66,54682,0,9,11.497285680846538,1.5306999994209036,307.5724000000264,24003.78214037526
1788771343,200,GET,GET /articles (anon),129.400000,0.000000,13,17,20,23,31,37,44,49,58,59,59,36584,0,9,11.298787852614408,1.5706999993199133,80.15479999994568,26731.0
1788771343,200,GET,GET /articles (list),47.800000,0.000000,12,17,21,22,29,37,50,54,66,66,66,12706,0,9,11.312566275774852,1.6001999993022764,75.81579999987298,25575.7144656068
1788771343,200,GET,GET /articles/{id} (detail),18.300000,0.000000,11,15,19,20,27,33,36,44,45,45,45,5526,0,8,10.468151664857336,1.5306999994209036,74.53960000020743,2640.5510314875137
1788771343,200,POST,[setup] POST /auth/login,0.000000,0.000000,0,0,0,0,0,0,0,0,0,0,0,67,0,250,242.24114179110956,203.27720000022964,307.5724000000264,178.8955223880597
1788771343,200,,Aggregated,195.500000,0.000000,12,17,20,23,31,36,44,51,64,66,66,54883,0,9,11.500273026256654,1.5306999994209036,307.5724000000264,24005.53182224004
1788771344,200,GET,GET /articles (anon),130.200000,0.000000,13,17,20,22,29,35,42,47,58,59,59,36720,0,9,11.305837777778706,1.5706999993199133,80.15479999994568,26731.0
1788771344,200,GET,GET /articles (list),47.800000,0.000000,12,17,21,22,28,32,44,51,56,56,56,12759,0,9,11.329834814640487,1.6001999993022764,75.81579999987298,25575.706324947096
1788771344,200,GET,GET /articles/{id} (detail),18.400000,0.000000,12,16,19,20,26,31,34,36,37,37,37,5543,0,8,10.476554681580646,1.5306999994209036,74.53960000020743,2639.97636658849
1788771344,200,POST,[setup] POST /auth/login,0.000000,0.000000,0,0,0,0,0,0,0,0,0,0,0,67,0,250,242.24114179110956,203.27720000022964,307.5724000000264,178.8955223880597
1788771344,200,,Aggregated,196.400000,0.000000,13,17,20,22,29,34,41,47,58,59,59,55089,0,9,11.508820721015727,1.5306999994209036,307.5724000000264,24007.11815425947
1788771345,200,GET,GET /articles (anon),129.800000,0.000000,13,17,20,22,29,34,42,47,58,59,59,36847,0,9,11.308985233534148,1.5706999993199133,80.15479999994568,26731.0
1788771345,200,GET,GET /articles (list),47.900000,0.000000,13,18,21,23,28,32,44,51,56,56,56,12802,0,9,11.348546391188634,1.6001999993022764,75.81579999987298,25575.210435869394
1788771345,200,GET,GET /articles/{id} (detail),18.300000,0.000000,12,16,19,21,26,31,34,36,37,37,37,5569,0,8,10.486150080804286,1.5306999994209036,74.53960000020743,2638.678757407075
1788771345,200,POST,[setup] POST /auth/login,0.000000,0.000000,0,0,0,0,0,0,0,0,0,0,0,67,0,250,242.24114179110956,203.27720000022964,307.5724000000264,178.8955223880597
1788771345,200,,Aggregated,196.000000,0.000000,13,17,20,22,28,33,41,47,58,59,59,55285,0,9,11.515126998282186,1.5306999994209036,307.5724000000264,24004.30114859365
1788771346,200,GET,GET /articles (anon),129.300000,0.000000,12,16,19,21,28,33,40,44,58,59,59,36969,0,9,11.312874419108713,1.5706999993199133,80.15479999994568,26731.0
1788771346,200,GET,GET /articles (list),47.100000,0.000000,12,17,20,22,28,33,44,51,56,56,56,12837,0,9,11.344788875905843,1.6001999993022764,75.81579999987298,25576.473475111008
1788771346,200,GET,GET /articles/{id} (detail),18.600000,0.000000,12,14,18,19,26,30,34,35,37,37,37,5600,0,8,10.494607607142013,1.5306999994209036,74.53960000020743,2638.3173214285716
1788771346,200,POST,[setup] POST /auth/login,0.000000,0.000000,0,0,0,0,0,0,0,0,0,0,0,67,0,250,242.24114179110956,203.27720000022964,307.5724000000264,178.8955223880597
1788771346,200,,Aggregated,195.000000,0.000000,12,17,19,21,28,32,39,45,58,59,59,55473,0,9,11.516569651903264,1.5306999994209036,307.5724000000264,23999.605069132733
1788771347,200,GET,GET /articles (anon),130.300000,0.000000,13,16,19,21,28,33,40,44,58,59,59,37095,0,9,11.320389855776531,1.5706999993199133,80.15479999994568,26731.0
1788771347,200,GET,GET /articles (list),47.300000,0.000000,12,17,20,22,27,33,45,51,56,56,56,12888,0,9,11.353481471135938,1.6001999993022764,75.81579999987298,25576.180167597766
1788771347,200,GET,GET /articles/{id} (detail),19.300000,0.000000,12,15,18,20,26,30,34,35,37,37,37,5619,0,8,10.512585442248778,1.5306999994209036,74.53960000020743,2638.2584089695674
1788771347,200,POST,[setup] POST /auth/login,0.000000,0.000000,0,0,0,0,0,0,0,0,0,0,0,67,0,250,242.24114179110956,203.27720000022964,307.5724000000264,178.8955223880597
1788771347,200,,Aggregated,196.900000,0.000000,12,17,19,21,27,33,39,46,58,59,59,55669,0,9,11.524437388852462,1.5306999994209036,307.5724000000264,23999.8673408899
1788771348,200,GET,GET /articles (anon),130.100000,0.000000,13,17,19,21,28,34,48,57,68,71,71,37228,0,9,11.358093628452645,1.5706999993199133,80.15479999994568,26731.0
1788771348,200,GET,GET /articles (list),46.100000,0.000000,12,17,20,21,27,32,51,53,61,61,61,12933,0,9,11.381556862289877,1.6001999993022764,75.81579999987298,25575.4125879533
1788771348,200,GET,GET /articles/{id} (detail),19.800000,0.000000,12,16,18,21,27,33,53,60,60,60,60,5638,0,8,10.559687779353718,1.5306999994209036,74.53960000020743,2636.7566512947856
1788771348,200,POST,[setup] POST /auth/login,0.000000,0.000000,0,0,0,0,0,0,0,0,0,0,0,67,0,250,242.24114179110956,203.27720000022964,307.5724000000264,178.8955223880597
1788771348,200,,Aggregated,196.000000,0.000000,12,17,19,21,28,33,49,55,68,71,71,55866,0,9,11.559847862743494,1.5306999994209036,307.5724000000264,24000.044732037375
1788771349,200,GET,GET /articles (anon),129.500000,0.000000,12,16,19,20,27,33,46,57,68,71,71,37356,0,9,11.356227122819222,1.5706999993199133,80.15479999994568,26731.0
1788771349,200,GET,GET /articles (list),45.400000,0.000000,12,17,20,21,26,32,47,53,61,61,61,12985,0,9,11.384303311513015,1.6001999993022764,75.81579999987298,25576.876934924912
1788771349,200,GET,GET /articles/{id} (detail),20.500000,0.000000,12,15,18,20,26,31,53,60,60,60,60,5654,0,8,10.561590219313436,1.5306999994209036,74.53960000020743,2636.6195613724794
1788771349,200,POST,[setup] POST /auth/login,0.000000,0.000000,0,0,0,0,0,0,0,0,0,0,0,67,0,250,242.24114179110956,203.27720000022964,307.5724000000264,178.8955223880597
1788771349,200,,Aggregated,195.400000,0.000000,12,16,19,21,27,32,47,55,68,71,71,56062,0,9,11.558520682459262,1.5306999994209036,307.5724000000264,24001.969533730513
1788771350,200,GET,GET /articles (anon),128.800000,0.000000,12,16,18,20,25,31,39,54,68,71,71,37481,0,9,11.355799722526797,1.5706999993199133,80.15479999994568,26731.0
1788771350,200,GET,GET /articles (list),46.300000,0.000000,11,15,18,20,25,30,47,53,61,61,61,13029,0,9,11.379845851561768,1.6001999993022764,75.81579999987298,25578.013354823855
1788771350,200,GET,GET /articles/{id} (detail),20.400000,0.000000,12,15,18,20,26,31,53,60,60,60,60,5672,0,8,10.566433092383432,1.5306999994209036,74.53960000020743,2634.7725669957686
1788771350,200,POST,[setup] POST /auth/login,0.000000,0.000000,0,0,0,0,0,0,0,0,0,0,0,67,0,250,242.24114179110956,203.27720000022964,307.5724000000264,178.8955223880597
1788771350,200,,Aggregated,195.500000,0.000000,11,16,18,20,25,31,39,54,68,71,71,56249,0,9,11.55678689398968,1.5306999994209036,307.5724000000264,24002.50605344095
1788771351,200,GET,GET /articles (anon),129.200000,0.000000,12,16,18,20,26,31,43,54,68,71,71,37620,0,9,11.369720071770885,1.5706999993199133,80.15479999994568,26731.0
1788771351,200,GET,GET /articles (list),45.200000,0.000000,11,15,18,20,26,31,47,53,61,61,61,13081,0,9,11.383509188899728,1.6001999993022764,75.81579999987298,25578.618072012843
1788771351,200,GET,GET /articles/{id} (detail),20.400000,0.000000,11,14,17,20,25,31,53,60,60,60,60,5687,0,8,10.568500597854387,1.5306999994209036,74.53960000020743,2635.222437137331
1788771351,200,POST,[setup] POST /auth/login,0.000000,0.000000,0,0,0,0,0,0,0,0,0,0,0,67,0,250,242.24114179110956,203.27720000022964,307.5724000000264,178.8955223880597
1788771351,200,,Aggregated,194.800000,0.000000,11,16,18,20,26,31,44,54,68,71,71,56455,0,9,11.566199135595046,1.5306999994209036,307.5724000000264,24005.183225577894
1788771352,200,GET,GET /articles (anon),130.600000,0.000000,12,16,18,20,25,31,43,54,68,71,71,37739,0,9,11.380290497894078,1.5706999993199133,80.15479999994568,26731.0
1788771352,200,GET,GET /articles (list),46.300000,0.000000,11,16,18,20,25,30,47,53,61,61,61,13119,0,9,11.393162550498861,1.6001999993022764,75.81579999987298,25580.800670782835
1788771352,200,GET,GET /articles/{id} (detail),20.600000,0.000000,11,14,18,20,25,31,53,60,60,60,60,5710,0,8,10.57807760070049,1.5306999994209036,74.53960000020743,2635.3159369527143
1788771352,200,POST,[setup] POST /auth/login,0.000000,0.000000,0,0,0,0,0,0,0,0,0,0,0,67,0,250,242.24114179110956,203.27720000022964,307.5724000000264,178.8955223880597
1788771352,200,,Aggregated,197.500000,0.000000,11,15,18,20,25,31,44,54,68,71,71,56635,0,9,11.575503879227005,1.5306999994209036,307.5724000000264,24003.80282510815
1788771353,200,GET,GET /articles (anon),129.500000,0.000000,11,15,18,20,25,31,43,54,68,71,71,37878,0,9,11.379882528117303,1.5706999993199133,80.15479999994568,26731.0
1788771353,200,GET,GET /articles (list),46.500000,0.000000,11,15,18,20,26,31,47,53,61,61,61,13167,0,9,11.40306286169913,1.6001999993022764,75.81579999987298,25580.192222981696
1788771353,200,GET,GET /articles/{id} (detail),20.100000,0.000000,11,14,18,20,25,31,53,60,60,60,60,5730,0,8,10.577819232111661,1.5306999994209036,74.53960000020743,2635.7162303664923
1788771353,200,POST,[setup] POST /auth/login,0.000000,0.000000,0,0,0,0,0,0,0,0,0,0,0,67,0,250,242.24114179110956,203.27720000022964,307.5724000000264,178.8955223880597
1788771353,200,,Aggregated,196.100000,0.000000,11,15,18,20,25,31,44,54,68,71,71,56842,0,9,11.576517008550402,1.5306999994209036,307.5724000000264,24004.184388304424
1788771354,200,GET,GET /articles (anon),128.400000,0.000000,11,15,18,20,26,32,43,54,68,71,71,38006,0,9,11.381751502395016,1.5706999993199133,80.15479999994568,26731.0
1788771354,200,GET,GET /articles (list),45.600000,0.000000,10,15,17,19,25,31,48,53,61,61,61,13214,0,9,11.409025503253433,1.6001999993022764,75.81579999987298,25579.88708945058
1788771354,200,GET,GET /articles/{id} (detail),20.000000,0.000000,10,13,16,19,26,33,53,60,60,60,60,5751,0,8,10.580945783342086,1.5306999994209036,74.53960000020743,2636.8443748913232
1788771354,200,POST,[setup] POST /auth/login,0.000000,0.000000,0,0,0,0,0,0,0,0,0,0,0,67,0,250,242.24114179110956,203.27720000022964,307.5724000000264,178.8955223880597
1788771354,200,,Aggregated,194.000000,0.000000,11,15,17,19,26,32,44,54,68,71,71,57038,0,9,11.578507070725092,1.5306999994209036,307.5724000000264,24003.77804270837
1788771355,200,GET,GET /articles (anon),128.200000,0.000000,11,14,17,19,25,31,43,54,68,71,71,38140,0,9,11.372017456739016,1.5706999993199133,80.15479999994568,26731.0
1788771355,200,GET,GET /articles (list),45.600000,0.000000,10,14,17,19,24,30,48,53,61,61,61,13264,0,9,11.399451439987585,1.6001999993022764,75.81579999987298,25581.4718787696
1788771355,200,GET,GET /articles/{id} (detail),20.400000,0.000000,10,13,16,18,25,31,53,60,60,60,60,5771,0,8,10.569117241379036,1.5306999994209036,74.53960000020743,2638.6019753942123
1788771355,200,POST,[setup] POST /auth/login,0.000000,0.000000,0,0,0,0,0,0,0,0,0,0,0,67,0,250,242.24114179110956,203.27720000022964,307.5724000000264,178.8955223880597
1788771355,200,,Aggregated,194.200000,0.000000,10,14,17,19,25,31,44,54,68,71,71,57242,0,9,11.56765315327943,1.5306999994209036,307.5724000000264,24004.617955347472
1788771356,200,GET,GET /articles (anon),129.900000,0.000000,10,15,18,20,29,44,71,100,260,260,260,38290,0,9,11.461080906242627,1.5706999993199133,257.886000000326,26731.0
1788771356,200,GET,GET /articles (list),45.500000,0.000000,10,14,17,19,27,42,72,100,260,260,260,13318,0,9,11.489105481303172,1.6001999993022764,257.5148000005356,25581.186514491666
1788771356,200,GET,GET /articles/{id} (detail),20.700000,0.000000,10,13,16,19,27,52,81,93,94,94,94,5793,0,8,10.628747471085525,1.5306999994209036,93.52679999938118,2637.4650440186433
1788771356,200,POST,[setup] POST /auth/login,0.000000,0.000000,0,0,0,0,0,0,0,0,0,0,0,67,0,250,242.24114179110956,203.27720000022964,307.5724000000264,178.8955223880597
1788771356,200,,Aggregated,196.100000,0.000000,10,14,17,20,28,44,71,98,260,260,260,57468,0,9,11.65273169938098,1.5306999994209036,307.5724000000264,24004.85579800933
1788771357,200,GET,GET /articles (anon),128.300000,0.000000,10,14,17,19,26,34,71,100,260,260,260,38422,0,9,11.460956847640194,1.5706999993199133,257.886000000326,26731.0
1788771357,200,GET,GET /articles (list),45.100000,0.000000,10,13,16,19,25,32,78,100,260,260,260,13362,0,9,11.48473357281792,1.6001999993022764,257.5148000005356,25581.077757820687
1788771357,200,GET,GET /articles/{id} (detail),20.900000,0.000000,9,12,14,16,22,31,81,93,94,94,94,5817,0,8,10.621982241704945,1.5306999994209036,93.52679999938118,2637.8679731820525
1788771357,200,POST,[setup] POST /auth/login,0.000000,0.000000,0,0,0,0,0,0,0,0,0,0,0,67,0,250,242.24114179110956,203.27720000022964,307.5724000000264,178.8955223880597
1788771357,200,,Aggregated,194.300000,0.000000,10,14,17,19,25,33,71,98,260,260,260,57668,0,9,11.649963952278979,1.5306999994209036,307.5724000000264,24003.42142956232
1788771358,200,GET,GET /articles (anon),128.300000,0.000000,10,14,16,18,26,35,71,100,260,260,260,38553,0,9,11.458123946256395,1.5706999993199133,257.886000000326,26731.0
1788771358,200,GET,GET /articles (list),46.300000,0.000000,10,13,16,19,26,37,72,100,260,260,260,13408,0,9,11.487059009546051,1.6001999993022764,257.5148000005356,25581.479937350836
1788771358,200,GET,GET /articles/{id} (detail),19.500000,0.000000,9,11,13,15,21,31,81,93,94,94,94,5836,0,8,10.609988502398968,1.5306999994209036,93.52679999938118,2638.0478067169292
1788771358,200,POST,[setup] POST /auth/login,0.000000,0.000000,0,0,0,0,0,0,0,0,0,0,0,67,0,250,242.24114179110956,203.27720000022964,307.5724000000264,178.8955223880597
1788771358,200,,Aggregated,194.100000,0.000000,10,13,16,18,25,35,71,98,260,260,260,57864,0,9,11.64650886734444,1.5306999994209036,307.5724000000264,24003.94647794829
1788771359,200,GET,GET /articles (anon),128.400000,0.000000,10,13,16,18,26,35,71,100,260,260,260,38676,0,9,11.451603899059355,1.5706999993199133,257.886000000326,26731.0
1788771359,200,GET,GET /articles (list),47.100000,0.000000,9,13,16,18,26,37,78,100,260,260,260,13452,0,9,11.482012808503827,1.6001999993022764,257.5148000005356,25581.272301516503
1788771359,200,GET,GET /articles/{id} (detail),18.700000,0.000000,8,11,13,14,20,31,81,93,94,94,94,5860,0,8,10.609177218430288,1.5306999994209036,93.52679999938118,2639.445733788396
1788771359,200,POST,[setup] POST /auth/login,0.000000,0.000000,0,0,0,0,0,0,0,0,0,0,0,67,0,250,242.24114179110956,203.27720000022964,307.5724000000264,178.8955223880597
1788771359,200,,Aggregated,194.200000,0.000000,9,13,16,18,25,35,71,98,260,260,260,58055,0,9,11.639965613642527,1.5306999994209036,307.5724000000264,24002.180156747912
1788771360,200,GET,GET /articles (anon),128.400000,0.000000,10,14,16,18,27,36,71,100,260,260,260,38815,0,9,11.46565146979332,1.5706999993199133,257.886000000326,26731.0
1788771360,200,GET,GET /articles (list),45.600000,0.000000,10,13,16,19,27,38,78,100,260,260,260,13493,0,9,11.48952655450942,1.6001999993022764,257.5148000005356,25580.03890906396
1788771360,200,GET,GET /articles/{id} (detail),19.500000,0.000000,9,12,14,16,25,32,67,91,94,94,94,5883,0,8,10.638802464729311,1.5306999994209036,93.52679999938118,2638.832908380078
1788771360,200,POST,[setup] POST /auth/login,0.000000,0.000000,0,0,0,0,0,0,0,0,0,0,0,67,0,250,242.24114179110956,203.27720000022964,307.5724000000264,178.8955223880597
1788771360,200,,Aggregated,193.500000,0.000000,10,13,16,18,27,37,71,98,260,260,260,58258,0,9,11.653089275293157,1.5306999994209036,307.5724000000264,24001.02080400975
1788771361,200,GET,GET /articles (anon),129.700000,0.000000,10,14,17,19,27,34,71,100,260,260,260,38950,0,9,11.475269851092008,1.5706999993199133,257.886000000326,26731.0
1788771361,200,GET,GET /articles (list),46.400000,0.000000,10,14,17,19,26,37,72,100,260,260,260,13545,0,9,11.496389213731547,1.6001999993022764,257.5148000005356,25579.74868955334
1788771361,200,GET,GET /articles/{id} (detail),19.300000,0.000000,9,13,15,17,26,32,67,91,94,94,94,5905,0,8,10.649092802710486,1.5306999994209036,93.52679999938118,2639.21049957663
1788771361,200,POST,[setup] POST /auth/login,0.000000,0.000000,0,0,0,0,0,0,0,0,0,0,0,67,0,250,242.24114179110956,203.27720000022964,307.5724000000264,178.8955223880597
1788771361,200,,Aggregated,195.400000,0.000000,10,14,16,19,26,34,71,98,260,260,260,58467,0,9,11.661166163819527,1.5306999994209036,307.5724000000264,24000.66139873775
1788771362,200,GET,GET /articles (anon),128.600000,0.000000,10,13,16,18,25,34,71,100,260,260,260,39080,0,9,11.472159357728584,1.5706999993199133,257.886000000326,26731.0
1788771362,200,GET,GET /articles (list),45.600000,0.000000,9,13,16,18,24,36,72,100,260,260,260,13595,0,9,11.495652203015526,1.6001999993022764,257.5148000005356,25579.332475174695
1788771362,200,GET,GET /articles/{id} (detail),19.800000,0.000000,9,12,14,16,21,28,67,91,94,94,94,5921,0,8,10.64370292180445,1.5306999994209036,93.52679999938118,2639.431008275629
1788771362,200,POST,[setup] POST /auth/login,0.000000,0.000000,0,0,0,0,0,0,0,0,0,0,0,67,0,250,242.24114179110956,203.27720000022964,307.5724000000264,178.8955223880597
1788771362,200,,Aggregated,194.000000,0.000000,10,13,16,18,25,33,71,98,260,260,260,58663,0,9,11.657550771355659,1.5306999994209036,307.5724000000264,24002.157441658284
1788771363,200,GET,GET /articles (anon),129.600000,0.000000,10,13,15,17,25,33,71,100,260,260,260,39215,0,9,11.465881565728328,1.5706999993199133,257.886000000326,26731.0
1788771363,200,GET,GET /articles (list),44.900000,0.000000,9,13,16,18,23,36,72,100,260,260,260,13638,0,9,11.492870699515793,1.6001999993022764,257.5148000005356,25579.326880774308
1788771363,200,GET,GET /articles/{id} (detail),20.700000,0.000000,8,12,14,16,19,28,67,91,94,94,94,5943,0,8,10.630281945146617,1.5306999994209036,93.52679999938118,2640.221605249874
1788771363,200,POST,[setup] POST /auth/login,0.000000,0.000000,0,0,0,0,0,0,0,0,0,0,0,67,0,250,242.24114179110956,203.27720000022964,307.5724000000264,178.8955223880597
1788771363,200,,Aggregated,195.200000,0.000000,9,13,15,17,24,33,71,98,260,260,260,58863,0,9,11.650446601431163,1.5306999994209036,307.5724000000264,24001.6623005963
1788771364,200,GET,GET /articles (anon),129.700000,0.000000,9,13,16,17,25,34,71,100,260,260,260,39348,0,9,11.460944164888556,1.5706999993199133,257.886000000326,26731.0
1788771364,200,GET,GET /articles (list),45.800000,0.000000,9,13,16,18,24,34,78,100,260,260,260,13684,0,9,11.486500277696534,1.6001999993022764,257.5148000005356,25579.67078339667
1788771364,200,GET,GET /articles/{id} (detail),21.000000,0.000000,8,12,14,15,20,28,81,93,94,94,94,5960,0,8,10.621731694632004,1.5306999994209036,93.52679999938118,2640.131879194631
1788771364,200,POST,[setup] POST /auth/login,0.000000,0.000000,0,0,0,0,0,0,0,0,0,0,0,67,0,250,242.24114179110956,203.27720000022964,307.5724000000264,178.8955223880597
1788771364,200,,Aggregated,196.500000,0.000000,9,13,15,17,24,34,71,98,260,260,260,59059,0,9,11.643986152830971,1.5306999994209036,307.5724000000264,24002.959328806788
1788771365,200,GET,GET /articles (anon),130.900000,0.000000,9,12,15,17,21,27,32,36,46,56,56,39482,0,9,11.454502231397507,1.5706999993199133,257.886000000326,26731.0
1788771365,200,GET,GET /articles (list),46.000000,0.000000,9,12,15,16,21,24,32,37,44,44,44,13726,0,9,11.477601355092508,1.6001999993022764,257.5148000005356,25579.38692991403
1788771365,200,GET,GET /articles/{id} (detail),20.400000,0.000000,8,12,13,14,19,25,28,32,51,51,51,5978,0,8,10.619404884577822,1.5306999994209036,93.52679999938118,2640.9041485446637
1788771365,200,POST,[setup] POST /auth/login,0.000000,0.000000,0,0,0,0,0,0,0,0,0,0,0,67,0,250,242.24114179110956,203.27720000022964,307.5724000000264,178.8955223880597
1788771365,200,,Aggregated,197.300000,0.000000,9,12,15,16,21,26,32,36,51,56,56,59253,0,9,11.636561392672872,1.5306999994209036,307.5724000000264,24003.768889338935
1788771366,200,GET,GET /articles (anon),130.600000,0.000000,9,12,15,17,21,27,32,37,46,56,56,39611,0,9,11.457426386610525,1.5706999993199133,257.886000000326,26731.0
1788771366,200,GET,GET /articles (list),45.600000,0.000000,9,13,16,18,22,25,34,37,44,44,44,13773,0,9,11.488783888767962,1.6001999993022764,257.5148000005356,25578.452552094677
1788771366,200,GET,GET /articles/{id} (detail),20.600000,0.000000,8,12,13,14,19,26,30,48,51,51,51,5997,0,8,10.622250158413403,1.5306999994209036,93.52679999938118,2640.2304485576124
1788771366,200,POST,[setup] POST /auth/login,0.000000,0.000000,0,0,0,0,0,0,0,0,0,0,0,67,0,250,242.24114179110956,203.27720000022964,307.5724000000264,178.8955223880597
1788771366,200,,Aggregated,196.800000,0.000000,9,12,15,17,21,26,32,37,51,56,56,59448,0,9,11.64054178105302,1.5306999994209036,307.5724000000264,24003.82041447988
1788771367,200,GET,GET /articles (anon),130.900000,0.000000,9,13,15,17,23,28,33,37,46,56,56,39742,0,9,11.463150983846651,1.5706999993199133,257.886000000326,26731.0
1788771367,200,GET,GET /articles (list),45.600000,0.000000,9,13,16,18,22,26,34,37,44,44,44,13818,0,9,11.48730977710216,1.6001999993022764,257.5148000005356,25578.247430887248
1788771367,200,GET,GET /articles/{id} (detail),19.900000,0.000000,9,12,14,17,21,26,30,48,51,51,51,6021,0,8,10.63157830925179,1.5306999994209036,93.52679999938118,2640.3512705530643
1788771367,200,POST,[setup] POST /auth/login,0.000000,0.000000,0,0,0,0,0,0,0,0,0,0,0,67,0,250,242.24114179110956,203.27720000022964,307.5724000000264,178.8955223880597
1788771367,200,,Aggregated,196.400000,0.000000,9,13,16,17,22,27,33,37,51,56,56,59648,0,9,11.64402968079468,1.5306999994209036,307.5724000000264,24002.366651019314
1788771368,200,GET,GET /articles (anon),130.900000,0.000000,10,13,16,18,23,28,34,37,46,56,56,39867,0,9,11.465754155066502,1.5706999993199133,257.886000000326,26731.0
1788771368,200,GET,GET /articles (list),45.100000,0.000000,9,13,16,18,22,25,31,34,42,42,42,13856,0,9,11.485068887124596,1.6001999993022764,257.5148000005356,25577.597358545034
1788771368,200,GET,GET /articles/{id} (detail),20.400000,0.000000,9,13,16,18,23,28,31,39,51,51,51,6051,0,8,10.639639976864066,1.5306999994209036,93.52679999938118,2641.17914394315
1788771368,200,POST,[setup] POST /auth/login,0.000000,0.000000,0,0,0,0,0,0,0,0,0,0,0,67,0,250,242.24114179110956,203.27720000022964,307.5724000000264,178.8955223880597
1788771368,200,,Aggregated,196.400000,0.000000,9,13,16,18,23,27,33,37,51,56,56,59841,0,9,11.645075339650818,1.5306999994209036,307.5724000000264,23998.290920940493
1788771369,200,GET,GET /articles (anon),132.000000,0.000000,9,13,16,18,23,29,34,37,46,56,56,39998,0,9,11.468967828392136,1.5706999993199133,257.886000000326,26731.0
1788771369,200,GET,GET /articles (list),45.100000,0.000000,9,13,16,18,22,26,32,35,42,42,42,13905,0,9,11.48575963322506,1.6001999993022764,257.5148000005356,25576.82891046386
1788771369,200,GET,GET /articles/{id} (detail),20.300000,0.000000,9,13,16,18,25,28,31,39,51,51,51,6075,0,8,10.646014518519253,1.5306999994209036,93.52679999938118,2641.1772839506175
1788771369,200,POST,[setup] POST /auth/login,0.000000,0.000000,0,0,0,0,0,0,0,0,0,0,0,67,0,250,242.24114179110956,203.27720000022964,307.5724000000264,178.8955223880597
1788771369,200,,Aggregated,197.400000,0.000000,9,13,16,18,23,28,34,37,51,56,56,60045,0,9,11.647097303689447,1.5306999994209036,307.5724000000264,23996.827079690232
1788771371,200,GET,GET /articles (anon),130.900000,0.000000,9,12,16,18,24,31,41,46,320,320,320,40138,0,9,11.506156193632764,1.5706999993199133,323.21029999911843,26731.0
1788771371,200,GET,GET /articles (list),44.900000,0.000000,9,12,16,18,24,27,34,39,54,54,54,13951,0,9,11.500898394379805,1.6001999993022764,257.5148000005356,25576.563615511433
1788771371,200,GET,GET /articles/{id} (detail),21.100000,0.000000,8,11,15,18,22,28,31,31,39,39,39,6093,0,8,10.653706925981592,1.5306999994209036,93.52679999938118,2640.0403741999016
1788771371,200,POST,[setup] POST /auth/login,0.000000,0.000000,0,0,0,0,0,0,0,0,0,0,0,67,0,250,242.24114179110956,203.27720000022964,307.5724000000264,178.8955223880597
1788771371,200,,Aggregated,196.900000,0.000000,9,12,16,18,24,30,38,45,320,320,320,60249,0,9,11.675319484141406,1.5306999994209036,323.21029999911843,23997.830154857344
